indice,estrellas,comentario,pos_tags,noun_phrases,entities,entity_density
2596,,love malecon constant attention street vendors tequila timeshare salesmen gets bit much days cruise ships avoid best day seem far vendors lots local mexican families enjoying malecon,"['PROPN', 'PROPN', 'ADJ', 'NOUN', 'NOUN', 'NOUN', 'PROPN', 'PROPN', 'NOUN', 'VERB', 'NOUN', 'ADJ', 'NOUN', 'NOUN', 'NOUN', 'VERB', 'ADJ', 'NOUN', 'VERB', 'ADV', 'NOUN', 'VERB', 'ADJ', 'ADJ', 'NOUN', 'VERB', 'NOUN']","['love malecon constant attention street vendors tequila timeshare salesmen', 'bit much days', 'cruise ships', 'best day', 'far vendors', 'local mexican families', 'malecon']","[{'text': 'mexican', 'label': 'NORP'}]",0.037037037037037035
5373,,richie temo excellent guide made experience fun canopy tour must try afraid heights families time blast recommended richie temo,"['PROPN', 'NOUN', 'ADJ', 'NOUN', 'VERB', 'NOUN', 'NOUN', 'NOUN', 'NOUN', 'AUX', 'VERB', 'ADJ', 'NOUN', 'NOUN', 'NOUN', 'NOUN', 'VERB', 'PROPN', 'NOUN']","['richie temo excellent guide', 'experience fun canopy tour', 'afraid heights families', 'time blast', 'richie temo']",[],0.0
15370,,beautiful area fantastic sculptures walk around see special separate lanes bikes cruise around see malecon,"['ADJ', 'NOUN', 'ADJ', 'NOUN', 'VERB', 'ADV', 'VERB', 'ADJ', 'ADJ', 'NOUN', 'NOUN', 'VERB', 'ADP', 'VERB', 'PROPN']","['beautiful area fantastic sculptures', 'special separate lanes bikes', 'malecon']",[],0.0
16207,,tomar ferry playa,"['PROPN', 'PROPN', 'PROPN']",['tomar ferry playa'],"[{'text': 'tomar ferry playa', 'label': 'ORG'}]",0.3333333333333333
16712,,love time resort rather pool love walking surf really like boogie boarding good kids deep,"['NOUN', 'NOUN', 'NOUN', 'ADV', 'NOUN', 'NOUN', 'VERB', 'NOUN', 'ADV', 'ADP', 'ADJ', 'VERB', 'ADJ', 'NOUN', 'ADJ']","['love time resort', 'pool love', 'surf', 'good kids']",[],0.0
20674,,avenida number times week lots touristy shops also unique boutiques restaurants lots people fun seeing seen,"['PROPN', 'NOUN', 'NOUN', 'NOUN', 'NOUN', 'ADJ', 'NOUN', 'ADV', 'ADJ', 'NOUN', 'VERB', 'NOUN', 'NOUN', 'VERB', 'NOUN', 'VERB']","['avenida number times week lots', 'touristy shops', 'boutiques', 'lots', 'people']","[{'text': 'avenida number times week', 'label': 'ORG'}]",0.0625
22719,,simply swim cenote miss amazing experience take snorkeling scuba excursion swim stalactites stalagmites cave bats beautiful unique experience,"['ADV', 'VERB', 'ADJ', 'VERB', 'ADJ', 'NOUN', 'VERB', 'NOUN', 'PROPN', 'NOUN', 'NOUN', 'NOUN', 'NOUN', 'VERB', 'NOUN', 'ADJ', 'ADJ', 'NOUN']","['amazing experience', 'snorkeling scuba excursion swim stalactites', 'stalagmites', 'bats', 'beautiful unique experience']",[],0.0
22996,,think visited cenote already coming playa carmen unique experience cannot missed place guide excellent every explanation us tour back,"['VERB', 'VERB', 'VERB', 'ADV', 'VERB', 'NOUN', 'NOUN', 'ADJ', 'NOUN', 'AUX', 'PART', 'VERB', 'NOUN', 'VERB', 'ADJ', 'DET', 'NOUN', 'PRON', 'NOUN', 'ADV']","['visited cenote already coming playa carmen', 'unique experience', 'place']",[],0.0
23085,,many advertised cenotes one certainly value actually years ago went looking time seems mostly cruise ship tell taxi driver find go center playa low key although water changing area plan spending hours like swim,"['ADJ', 'ADJ', 'NOUN', 'NUM', 'ADV', 'NOUN', 'ADV', 'NOUN', 'ADV', 'VERB', 'VERB', 'NOUN', 'VERB', 'ADV', 'NOUN', 'NOUN', 'VERB', 'NOUN', 'NOUN', 'VERB', 'VERB', 'NOUN', 'NOUN', 'PROPN', 'NOUN', 'SCONJ', 'NOUN', 'VERB', 'NOUN', 'NOUN', 'VERB', 'NOUN', 'ADP', 'NOUN']","['many advertised cenotes', 'one certainly value', 'looking time', 'cruise ship', 'taxi driver', 'center playa low key', 'hours', 'swim']","[{'text': 'one', 'label': 'CARDINAL'}, {'text': 'years ago', 'label': 'DATE'}, {'text': 'hours', 'label': 'TIME'}]",0.08823529411764706
25251,,much tour dark lit year old wondering like,"['ADJ', 'NOUN', 'ADJ', 'VERB', 'NOUN', 'ADJ', 'NOUN', 'ADP']",['much tour dark lit year old wondering'],"[{'text': 'year old', 'label': 'DATE'}]",0.125
28065,,family stayed pullman g pattaya last weekend stayed service provided arrival helpful always easy get way thank khun give us hand since arrived stay even drop mom breakfast restaurant kind long walk really impressed service thank much staffs pool restaurant lobby nice friendly right attitude provide service kids definitely come back stay pullman g pattaya best team,"['NOUN', 'VERB', 'NOUN', 'NOUN', 'NOUN', 'ADJ', 'NOUN', 'VERB', 'NOUN', 'VERB', 'NOUN', 'ADJ', 'ADV', 'ADV', 'VERB', 'NOUN', 'AUX', 'PROPN', 'VERB', 'PRON', 'NOUN', 'SCONJ', 'VERB', 'VERB', 'ADV', 'VERB', 'NOUN', 'NOUN', 'NOUN', 'NOUN', 'ADV', 'VERB', 'ADV', 'ADJ', 'NOUN', 'VERB', 'ADJ', 'NOUN', 'NOUN', 'NOUN', 'NOUN', 'ADJ', 'ADJ', 'ADJ', 'NOUN', 'VERB', 'NOUN', 'NOUN', 'ADV', 'VERB', 'ADV', 'VERB', 'NOUN', 'NOUN', 'VERB', 'ADJ', 'NOUN']","['family', 'service', 'arrival', 'khun', 'us', 'hand', 'really impressed service', 'much staffs pool restaurant lobby', 'nice friendly right attitude', 'service kids', 'pullman', 'g', 'best team']","[{'text': 'last weekend', 'label': 'DATE'}, {'text': 'khun', 'label': 'GPE'}, {'text': 'us', 'label': 'GPE'}]",0.05263157894736842
28585,,stayed night really enjoyed stay good location person want facing beach ocean view also nice swimming pool good beach club highly recommend,"['VERB', 'NOUN', 'ADV', 'VERB', 'VERB', 'ADJ', 'NOUN', 'NOUN', 'VERB', 'VERB', 'PROPN', 'NOUN', 'NOUN', 'ADV', 'ADJ', 'NOUN', 'NOUN', 'ADJ', 'PROPN', 'NOUN', 'ADV', 'ADJ']","['good location person', 'beach ocean view']",[],0.0
29099,,snorkeling hermoso muchos regresan,"['VERB', 'PROPN', 'PROPN', 'AUX']",['hermoso muchos'],"[{'text': 'hermoso muchos', 'label': 'FAC'}]",0.25
30786,,ano nuevo inversion nueva casa suenos mas cerca crees realty group placer ayudarte asesorarte encontrar propiedad suenos dudes mas contactanos hoy karina castellanos real estate agent realty group mobile phone with arrow casaspuertovallarta puertovallarta ventadeinmuebles realestatelife puertovallartajalisco ventadecasa departamentos inmueblesvallarta realestatepv casasenventa realestateagent inmueblesvallarta puertovallarta realestatetips puertovallartamexico venta casasmodernas realestate puertovallarta puertovallartamexico,"['PROPN', 'PROPN', 'NOUN', 'PROPN', 'PROPN', 'PROPN', 'PROPN', 'PROPN', 'PROPN', 'PROPN', 'PROPN', 'PROPN', 'PROPN', 'PROPN', 'PROPN', 'PROPN', 'PROPN', 'PROPN', 'PROPN', 'PROPN', 'PROPN', 'PROPN', 'PROPN', 'ADJ', 'NOUN', 'NOUN', 'PROPN', 'PROPN', 'PROPN', 'PROPN', 'ADP', 'PROPN', 'PROPN', 'PROPN', 'PROPN', 'PROPN', 'PROPN', 'PROPN', 'VERB', 'PROPN', 'PROPN', 'PROPN', 'PROPN', 'PROPN', 'PROPN', 'VERB', 'PROPN', 'PROPN', 'PROPN', 'ADJ', 'PROPN', 'PROPN']","['ano nuevo inversion nueva casa suenos mas cerca crees realty group placer ayudarte asesorarte encontrar propiedad suenos dudes mas contactanos hoy karina', 'real estate agent realty group mobile phone', 'inmueblesvallarta', 'realestatepv casasenventa', 'inmueblesvallarta', 'puertovallarta', 'puertovallartamexico venta casasmodernas realestate puertovallarta puertovallartamexico']","[{'text': 'ano nuevo inversion nueva', 'label': 'ORG'}, {'text': 'casa suenos mas cerca', 'label': 'FAC'}, {'text': 'crees realty group', 'label': 'ORG'}, {'text': 'mas contactanos', 'label': 'PERSON'}, {'text': 'hoy karina', 'label': 'PERSON'}, {'text': 'arrow casaspuertovallarta puertovallarta ventadeinmuebles', 'label': 'ORG'}, {'text': 'puertovallartajalisco ventadecasa', 'label': 'PERSON'}, {'text': 'inmueblesvallarta', 'label': 'ORG'}, {'text': 'casasenventa', 'label': 'GPE'}, {'text': 'puertovallarta', 'label': 'GPE'}, {'text': 'puertovallartamexico venta', 'label': 'PERSON'}, {'text': 'casasmodernas realestate puertovallarta puertovallartamexico', 'label': 'ORG'}]",0.23076923076923078
30795,,descubre blossom grand park da etapa desde mdp hab sqft estacionamiento glowing star acabados residenciales high end finishes locked aparta mxn reserve mxn bank aceptamos accept creditos bancarios cofinavit infonavit total pago contado sparkles amenidades amenities bbq area alberca zona kids gimnasio game room ping pong telephone receiver agenda cita conoce nuevo hogar schedule showing today karina castellanos real estate agent realty group mobile phone with arrow casaspuertovallarta puertovallarta ventadeinmuebles realestatelife puertovallartajalisco ventadecasa departamentos inmueblesvallarta realestatepv casasenventa realestateagent inmueblesvallarta puertovallarta realestatetips puertovallartamexico venta casasmodernas realestate puertovallarta puertovallartamexico,"['PROPN', 'PROPN', 'PROPN', 'PROPN', 'PROPN', 'VERB', 'PROPN', 'INTJ', 'PROPN', 'PROPN', 'PROPN', 'VERB', 'NOUN', 'NOUN', 'PROPN', 'ADJ', 'NOUN', 'NOUN', 'VERB', 'PROPN', 'PROPN', 'PROPN', 'PROPN', 'PROPN', 'PROPN', 'VERB', 'NOUN', 'NOUN', 'PROPN', 'PROPN', 'PROPN', 'PROPN', 'NOUN', 'VERB', 'VERB', 'NOUN', 'VERB', 'NOUN', 'PROPN', 'PROPN', 'PROPN', 'PROPN', 'NOUN', 'NOUN', 'PROPN', 'PROPN', 'NOUN', 'NOUN', 'PROPN', 'PROPN', 'PROPN', 'PROPN', 'NOUN', 'NOUN', 'VERB', 'NOUN', 'PROPN', 'PROPN', 'ADJ', 'NOUN', 'NOUN', 'PROPN', 'PROPN', 'PROPN', 'PROPN', 'ADP', 'PROPN', 'PROPN', 'PROPN', 'PROPN', 'PROPN', 'PROPN', 'PROPN', 'VERB', 'PROPN', 'PROPN', 'PROPN', 'PROPN', 'PROPN', 'PROPN', 'VERB', 'PROPN', 'PROPN', 'PROPN', 'ADJ', 'PROPN', 'PROPN']","['descubre blossom grand park da etapa desde', 'hab sqft', 'glowing star acabados', 'high end finishes', 'aparta mxn reserve mxn bank aceptamos', 'creditos bancarios', 'area alberca zona kids gimnasio game room ping pong telephone receiver agenda cita conoce nuevo hogar schedule', 'karina castellanos real estate agent realty group mobile phone', 'realestatepv casasenventa', 'realestateagent', 'inmueblesvallarta', 'puertovallarta', 'puertovallartamexico venta casasmodernas realestate puertovallarta puertovallartamexico']","[{'text': 'descubre blossom grand', 'label': 'PERSON'}, {'text': 'park da etapa desde mdp', 'label': 'PERSON'}, {'text': 'aparta mxn reserve mxn', 'label': 'ORG'}, {'text': 'cofinavit infonavit', 'label': 'PERSON'}, {'text': 'zona', 'label': 'GPE'}, {'text': 'nuevo hogar', 'label': 'PERSON'}, {'text': 'today', 'label': 'DATE'}, {'text': 'karina', 'label': 'PERSON'}, {'text': 'arrow casaspuertovallarta puertovallarta ventadeinmuebles', 'label': 'ORG'}, {'text': 'puertovallartajalisco ventadecasa', 'label': 'PERSON'}, {'text': 'inmueblesvallarta', 'label': 'ORG'}, {'text': 'casasenventa', 'label': 'GPE'}, {'text': 'puertovallarta', 'label': 'GPE'}, {'text': 'puertovallartamexico venta', 'label': 'PERSON'}, {'text': 'casasmodernas realestate puertovallarta puertovallartamexico', 'label': 'ORG'}]",0.1724137931034483
30799,,pastel deformito smiling face with sunglasses artemisreposteria pastelesdecumpleanos pastelespersonalizados pastelescreativos pastelescaseros puertovallartajalisco,"['ADJ', 'PROPN', 'NOUN', 'NOUN', 'ADP', 'NOUN', 'PROPN', 'PROPN', 'NOUN', 'PROPN', 'PROPN', 'PROPN']","['pastel deformito smiling face', 'sunglasses', 'artemisreposteria pastelesdecumpleanos pastelespersonalizados']","[{'text': 'pastel deformito', 'label': 'ORG'}]",0.08333333333333333
30855,,sparkles clinking glasses recibe ano nuevo experiencia magica frente mar water wave sparkles noche especial celebrar bonito crear recuerdos comenzar ano rodeado luz buena energia envelope with arrow informacion reservaciones mensaje round pushpin puerto vallarta hourglass not done cupo limitado puertovallartajalisco anonuevopv picnicenlaplaya puertovallarta experienciaspv,"['VERB', 'VERB', 'NOUN', 'VERB', 'PROPN', 'PROPN', 'PROPN', 'PROPN', 'PROPN', 'PROPN', 'PROPN', 'NOUN', 'VERB', 'PROPN', 'PROPN', 'PROPN', 'PROPN', 'PROPN', 'PROPN', 'PROPN', 'PROPN', 'PROPN', 'PROPN', 'PROPN', 'PROPN', 'PROPN', 'ADP', 'NOUN', 'NOUN', 'VERB', 'PROPN', 'PROPN', 'NOUN', 'PROPN', 'PROPN', 'PROPN', 'PART', 'VERB', 'NOUN', 'PROPN', 'PROPN', 'PROPN', 'PROPN', 'PROPN', 'PROPN']","['glasses', 'ano nuevo experiencia magica frente mar water wave', 'noche especial celebrar bonito crear recuerdos comenzar ano rodeado luz buena energia envelope', 'arrow informacion', 'mensaje round pushpin puerto vallarta hourglass', 'cupo limitado puertovallartajalisco anonuevopv picnicenlaplaya puertovallarta experienciaspv']","[{'text': 'nuevo experiencia magica frente mar water', 'label': 'PERSON'}, {'text': 'noche', 'label': 'GPE'}, {'text': 'celebrar bonito', 'label': 'PERSON'}, {'text': 'luz buena', 'label': 'PERSON'}, {'text': 'puertovallarta', 'label': 'GPE'}]",0.1111111111111111
30864,,visitamos oxxo bello mexico vistas playa mismaloya beach with umbrella woman and man holding hands oxxomismaloya puertovallartajalisco puertovallarta mismaloya travel,"['PROPN', 'ADV', 'PROPN', 'PROPN', 'PROPN', 'PROPN', 'PROPN', 'PROPN', 'ADP', 'NOUN', 'NOUN', 'CCONJ', 'NOUN', 'VERB', 'NOUN', 'VERB', 'PROPN', 'PROPN', 'PROPN', 'NOUN']","['visitamos', 'mexico vistas playa mismaloya beach', 'umbrella woman', 'man', 'hands', 'puertovallartajalisco puertovallarta mismaloya travel']","[{'text': 'visitamos', 'label': 'PERSON'}, {'text': 'mexico vistas playa', 'label': 'ORG'}, {'text': 'mismaloya beach', 'label': 'GPE'}, {'text': 'puertovallartajalisco puertovallarta', 'label': 'PERSON'}]",0.2
31013,,amor amistad celebran mar fondo febrero comparte experiencia unica bordo yate puerto vallarta pareja mejor amistad persona especial water wave sparkles hazlo inolvidable yates marr envelope with arrow reserva whatsapp yatesmarr puertovallartamexico amoryamistad luxury vallartaexperience,"['PROPN', 'PROPN', 'PROPN', 'PROPN', 'PROPN', 'PROPN', 'NOUN', 'PROPN', 'PROPN', 'PROPN', 'PROPN', 'PROPN', 'PROPN', 'PROPN', 'NOUN', 'NOUN', 'NOUN', 'NOUN', 'NOUN', 'NOUN', 'VERB', 'PROPN', 'ADJ', 'NOUN', 'AUX', 'NOUN', 'ADP', 'NOUN', 'PROPN', 'PROPN', 'PROPN', 'PROPN', 'PROPN', 'NOUN', 'NOUN']","['amor amistad celebran mar fondo febrero comparte experiencia unica bordo yate puerto vallarta', 'pareja', 'mejor amistad persona especial water wave', 'inolvidable yates marr envelope', 'arrow reserva whatsapp yatesmarr puertovallartamexico amoryamistad luxury vallartaexperience']","[{'text': 'amor amistad', 'label': 'ORG'}, {'text': 'mar fondo febrero comparte', 'label': 'PERSON'}, {'text': 'unica bordo yate', 'label': 'ORG'}, {'text': 'vallarta', 'label': 'ORG'}, {'text': 'marr envelope', 'label': 'PERSON'}, {'text': 'arrow reserva', 'label': 'ORG'}, {'text': 'yatesmarr puertovallartamexico amoryamistad', 'label': 'ORG'}]",0.2
31022,,informacion quedes oportunidad beach with umbrella playa puertovallartamexico vacaciones,"['NOUN', 'NOUN', 'PROPN', 'PROPN', 'ADP', 'PROPN', 'PROPN', 'NOUN', 'NOUN']","['informacion quedes', 'umbrella playa puertovallartamexico vacaciones']","[{'text': 'umbrella playa', 'label': 'ORG'}]",0.1111111111111111
31023,,etiqueta persona encantaria dar caminata malecon puerto vallarta atardecer sunrise sparkles brisa marina colores dorados buena compania plan perfecto yellow heart woman walking man walking camera with flash puertovallarta vamarvallarta puertovallartamexico visitpuertovallarta,"['PROPN', 'PROPN', 'PROPN', 'PROPN', 'PROPN', 'PROPN', 'PROPN', 'PROPN', 'NOUN', 'NOUN', 'VERB', 'NOUN', 'NOUN', 'VERB', 'NOUN', 'PROPN', 'PROPN', 'PROPN', 'NOUN', 'ADJ', 'NOUN', 'NOUN', 'VERB', 'NOUN', 'VERB', 'NOUN', 'ADP', 'PROPN', 'PROPN', 'PROPN', 'PROPN', 'PROPN']","['encantaria dar caminata malecon puerto vallarta atardecer sunrise', 'brisa marina', 'dorados buena compania plan perfecto yellow heart woman walking man', 'camera', 'flash puertovallarta vamarvallarta', 'puertovallartamexico visitpuertovallarta']","[{'text': 'encantaria dar', 'label': 'ORG'}, {'text': 'caminata malecon', 'label': 'PERSON'}, {'text': 'vallarta', 'label': 'ORG'}, {'text': 'buena compania', 'label': 'PERSON'}, {'text': 'puertovallarta', 'label': 'GPE'}]",0.15625
31034,,cityscape departamento venta terra fluvial vallarta round pushpin ubicacion premium corazon puerto vallarta sparkles recamara bano walk closet automobile estacionamiento elevator elevador porton electrico cerrojo inteligente sunset roof top vistas increibles office building lobby recepcion triangular ruler adicionales mobile phone with arrow asesor gabriela gomez telephone receiver realestateagency vivela bienesraices puertovallartamexico puertovallarta,"['NOUN', 'PROPN', 'ADJ', 'NOUN', 'ADJ', 'NOUN', 'ADJ', 'ADJ', 'NOUN', 'NOUN', 'PROPN', 'PROPN', 'PROPN', 'VERB', 'PROPN', 'PROPN', 'NOUN', 'NOUN', 'NOUN', 'PROPN', 'NOUN', 'PROPN', 'PROPN', 'PROPN', 'PROPN', 'NOUN', 'NOUN', 'NOUN', 'ADJ', 'NOUN', 'VERB', 'NOUN', 'NOUN', 'NOUN', 'NOUN', 'NOUN', 'NOUN', 'NOUN', 'ADJ', 'NOUN', 'ADP', 'NOUN', 'NOUN', 'PROPN', 'VERB', 'NOUN', 'NOUN', 'NOUN', 'PROPN', 'PROPN', 'PROPN', 'PROPN']","['cityscape', 'departamento venta terra fluvial vallarta', 'round pushpin ubicacion premium corazon puerto vallarta', 'recamara bano walk closet automobile estacionamiento elevator elevador porton electrico cerrojo inteligente sunset roof top vistas', 'office building lobby recepcion triangular ruler adicionales', 'mobile phone', 'telephone receiver realestateagency', 'vivela bienesraices puertovallartamexico']","[{'text': 'gabriela gomez', 'label': 'PERSON'}, {'text': 'vivela bienesraices', 'label': 'ORG'}, {'text': 'puertovallartamexico puertovallarta', 'label': 'PERSON'}]",0.057692307692307696
31077,,sparkles plan perfecto existe vive amigas sparkles mucha emocion presentamos flores amigas experiencia reir crear compartir vengan juntas disfrutar set floral armen propio bouquet cero capturen momentos increibles camera with flash cherry blossom musica mimosas flores risas tiempo casi nunca dan solo sesion recuerdo llevan juntas two hearts women with bunny ears ideal amigas celebraciones simplemente decir merecemos love letter escribenos reserva lugar tear off calendar solo cupos disponibles puertovallartamexico sesionesfotograficas setfloral entreflores sanvalentin,"['VERB', 'VERB', 'NOUN', 'NOUN', 'ADJ', 'PROPN', 'VERB', 'ADJ', 'NOUN', 'NOUN', 'VERB', 'PROPN', 'PROPN', 'PROPN', 'PROPN', 'PROPN', 'VERB', 'PROPN', 'PROPN', 'VERB', 'ADJ', 'NOUN', 'NOUN', 'NOUN', 'PROPN', 'PROPN', 'PROPN', 'VERB', 'NOUN', 'ADP', 'NOUN', 'PROPN', 'PROPN', 'PROPN', 'PROPN', 'PROPN', 'PROPN', 'PROPN', 'PROPN', 'PROPN', 'PROPN', 'PROPN', 'PROPN', 'PROPN', 'PROPN', 'VERB', 'NUM', 'NOUN', 'NOUN', 'ADP', 'NOUN', 'NOUN', 'VERB', 'PROPN', 'PROPN', 'VERB', 'ADP', 'ADJ', 'NOUN', 'NOUN', 'NOUN', 'ADJ', 'PROPN', 'VERB', 'ADP', 'NOUN', 'PROPN', 'PROPN', 'VERB', 'VERB', 'PROPN', 'ADJ', 'NOUN', 'VERB']","['perfecto existe vive amigas', 'mucha emocion presentamos flores amigas experiencia reir crear compartir', 'juntas disfrutar', 'camera', 'flash cherry blossom musica mimosas flores risas tiempo casi', 'nunca', 'dan solo sesion recuerdo llevan', 'two hearts women', 'bunny ears', 'merecemos love letter escribenos reserva lugar', 'sesionesfotograficas setfloral entreflores']","[{'text': 'amigas sparkles mucha emocion', 'label': 'PERSON'}, {'text': 'amigas experiencia reir crear', 'label': 'PERSON'}, {'text': 'juntas disfrutar', 'label': 'ORG'}, {'text': 'cero capturen', 'label': 'PERSON'}, {'text': 'cherry blossom musica mimosas', 'label': 'FAC'}, {'text': 'risas tiempo casi', 'label': 'PERSON'}, {'text': 'dan', 'label': 'PERSON'}, {'text': 'recuerdo llevan', 'label': 'PERSON'}, {'text': 'two', 'label': 'CARDINAL'}, {'text': 'decir merecemos', 'label': 'ORG'}, {'text': 'reserva lugar', 'label': 'PERSON'}]",0.14864864864864866
31099,,sparkles sientes infancia sigue influyendo vida adulta sparkles muchas veces repetimos patrones miedos bloqueos emocionales incluso problemas dinero entender respuesta suele experiencias ninez quedaron guardadas subconsciente brain growing heart regresion infancia terapia tecnica hipnosis permite check mark sanar heridas emocionales profundas check mark liberar creencias limitantes formadas ninez check mark comprender origen bloqueos autosabotaje baja autoestima check mark reconectar contigo lugar seguro amoroso terapia ideal si sparkles sientes dolor emocional logras soltar sparkles repites patrones relaciones dinero exito sparkles cuesta sentir merecimiento confianza sparkles quieres sanar raiz solo entenderlo round pushpin atencion puerto vallarta online laptop mobile phone with arrow reserva sesion regresion infancia money bag mxn backhand index pointing right escribeme directamente whatsapp cherry blossom carolina winkler hipnoterapeuta acompanandote sanar origen puertovallarta puertovallartamexico puertovallartamexico,"['NOUN', 'VERB', 'PROPN', 'PROPN', 'PROPN', 'PROPN', 'PROPN', 'VERB', 'ADJ', 'NOUN', 'ADJ', 'NOUN', 'VERB', 'PROPN', 'VERB', 'PROPN', 'PROPN', 'PROPN', 'NOUN', 'PROPN', 'PROPN', 'PROPN', 'PROPN', 'PROPN', 'PROPN', 'NOUN', 'NOUN', 'VERB', 'NOUN', 'NOUN', 'PROPN', 'PROPN', 'PROPN', 'PROPN', 'AUX', 'VERB', 'NOUN', 'NOUN', 'NOUN', 'NOUN', 'NOUN', 'VERB', 'PROPN', 'PROPN', 'PROPN', 'NOUN', 'VERB', 'PROPN', 'NOUN', 'PROPN', 'PROPN', 'PROPN', 'PROPN', 'PROPN', 'PROPN', 'PROPN', 'PROPN', 'PROPN', 'PROPN', 'PROPN', 'PROPN', 'PROPN', 'PROPN', 'PROPN', 'NOUN', 'NOUN', 'VERB', 'VERB', 'PROPN', 'PROPN', 'PROPN', 'VERB', 'NOUN', 'VERB', 'NOUN', 'NOUN', 'NOUN', 'PROPN', 'VERB', 'PROPN', 'ADJ', 'NOUN', 'NOUN', 'VERB', 'NOUN', 'VERB', 'ADJ', 'PROPN', 'PROPN', 'PROPN', 'PROPN', 'PROPN', 'PROPN', 'PROPN', 'PROPN', 'NOUN', 'ADJ', 'NOUN', 'ADP', 'NOUN', 'PROPN', 'NOUN', 'NOUN', 'NOUN', 'NOUN', 'PROPN', 'PROPN', 'PROPN', 'PROPN', 'VERB', 'ADJ', 'NOUN', 'NOUN', 'ADJ', 'PROPN', 'PROPN', 'PROPN', 'PROPN', 'PROPN', 'PROPN', 'PROPN', 'PROPN', 'PROPN', 'PROPN', 'PROPN']","['sparkles', 'infancia sigue influyendo vida adulta', 'veces', 'repetimos patrones', 'bloqueos', 'incluso problemas dinero entender respuesta suele experiencias ninez quedaron guardadas subconsciente brain growing heart regresion infancia terapia tecnica hipnosis', 'mark sanar heridas emocionales', 'profundas', 'mark liberar creencias limitantes', 'ninez check mark comprender origen bloqueos autosabotaje baja autoestima check mark reconectar contigo lugar seguro amoroso terapia ideal', 'dolor emocional logras', 'sparkles', 'patrones relaciones dinero exito', 'cuesta', 'merecimiento confianza', 'quieres', 'sanar raiz solo entenderlo round pushpin atencion puerto vallarta online laptop mobile phone', 'right escribeme directamente whatsapp cherry blossom carolina winkler hipnoterapeuta acompanandote sanar origen puertovallarta']","[{'text': 'infancia sigue', 'label': 'PERSON'}, {'text': 'respuesta suele', 'label': 'PERSON'}, {'text': 'ninez quedaron guardadas subconsciente brain', 'label': 'ORG'}, {'text': 'mark comprender', 'label': 'PERSON'}, {'text': 'mark reconectar', 'label': 'PERSON'}, {'text': 'contigo lugar', 'label': 'PERSON'}, {'text': 'cuesta', 'label': 'NORP'}, {'text': 'raiz', 'label': 'GPE'}, {'text': 'entenderlo', 'label': 'NORP'}, {'text': 'vallarta', 'label': 'ORG'}, {'text': 'arrow reserva sesion', 'label': 'ORG'}, {'text': 'puertovallarta', 'label': 'GPE'}]",0.096
31217,,pics yellow umbrella on ground vacasiones puertovallartamexico playa mar amigos,"['NOUN', 'VERB', 'NOUN', 'ADP', 'NOUN', 'NOUN', 'PROPN', 'NOUN', 'PROPN', 'NOUN']","['pics', 'umbrella', 'ground vacasiones puertovallartamexico playa mar amigos']","[{'text': 'mar amigos', 'label': 'PERSON'}]",0.1
31228,,accesorios san valentin heart with arrow quedes realizar pedido police car light obten compra aretes disponibles pedido info via speech balloon round pushpin entregas bahia banderas puerto vallarta kylove accesorios sanvalentin defebrero red heart puertovallartamexico,"['PROPN', 'PROPN', 'PROPN', 'NOUN', 'ADP', 'NOUN', 'NOUN', 'VERB', 'ADJ', 'NOUN', 'NOUN', 'NOUN', 'VERB', 'NOUN', 'NOUN', 'NOUN', 'VERB', 'NOUN', 'ADP', 'PROPN', 'PROPN', 'PROPN', 'NOUN', 'PROPN', 'NOUN', 'PROPN', 'PROPN', 'PROPN', 'PROPN', 'PROPN', 'PROPN', 'PROPN', 'ADJ', 'PROPN', 'NOUN']","['accesorios san valentin heart', 'arrow quedes', 'pedido police car light', 'obten compra aretes disponibles', 'info', 'speech balloon round pushpin entregas', 'bahia', 'banderas puerto vallarta kylove accesorios', 'sanvalentin defebrero red heart']","[{'text': 'san valentin', 'label': 'GPE'}, {'text': 'vallarta kylove', 'label': 'PERSON'}]",0.05714285714285714
31560,,amor ralarte lindo growing heart sparkles monederos artesanales guardes quieras ok hand backhand index pointing right disponibles tienda tiendalocal hechoamano regalosespeciales puertovallarta,"['PROPN', 'PROPN', 'NOUN', 'VERB', 'NOUN', 'VERB', 'NOUN', 'NOUN', 'VERB', 'PROPN', 'PROPN', 'PROPN', 'PROPN', 'NOUN', 'VERB', 'ADJ', 'NOUN', 'NOUN', 'ADJ', 'PROPN', 'VERB', 'PROPN']","['amor ralarte lindo growing heart', 'monederos artesanales', 'quieras', 'right disponibles', 'tienda tiendalocal hechoamano']","[{'text': 'monederos artesanales', 'label': 'PERSON'}, {'text': 'puertovallarta', 'label': 'GPE'}]",0.09090909090909091
31773,,sunrise water wave dolphin diversion calidez magia podras disfrutar sunscape puerto vallarta water wave dolphin sunrise sparkles del marzo sparkles office building estancia plan incluido airplane vuelo redondo saliendo morelia smiling face with sunglasses equipaje documentado beach with umbrella costo total personas calendar dias noches bullseye tarifas sujetas disponibilidad momento reserva backhand index pointing right contactanos consulta promociones disponibles tarjetas participantes whatsapp mobile phone with arrow ubicamos backhand index pointing down rio amatlan col cuauhtemoc morelia mich pushpin playa vacaciones sunscapepuertovallarta todoincluido funandtravel agenciadeviajes reservaconnosotros puertovallarta mesessinintereses viajes turismonacional vuelosmorelia vacaciones vallarta,"['NOUN', 'NOUN', 'NOUN', 'NOUN', 'NOUN', 'NOUN', 'PROPN', 'PROPN', 'PROPN', 'PROPN', 'PROPN', 'PROPN', 'NOUN', 'NOUN', 'NOUN', 'NOUN', 'VERB', 'PROPN', 'NOUN', 'VERB', 'NOUN', 'NOUN', 'NOUN', 'NOUN', 'VERB', 'NOUN', 'PROPN', 'PROPN', 'PROPN', 'PROPN', 'VERB', 'NOUN', 'ADP', 'NOUN', 'PROPN', 'PROPN', 'PROPN', 'ADP', 'PROPN', 'PROPN', 'PROPN', 'PROPN', 'NOUN', 'VERB', 'VERB', 'NOUN', 'NOUN', 'NOUN', 'NOUN', 'PROPN', 'PROPN', 'PROPN', 'NOUN', 'NOUN', 'ADJ', 'PROPN', 'PROPN', 'PROPN', 'VERB', 'VERB', 'NOUN', 'ADJ', 'ADJ', 'NOUN', 'ADP', 'PROPN', 'PROPN', 'PROPN', 'PROPN', 'VERB', 'ADP', 'PROPN', 'PROPN', 'PROPN', 'PROPN', 'PROPN', 'PROPN', 'PROPN', 'PROPN', 'VERB', 'PROPN', 'PROPN', 'NOUN', 'PROPN', 'PROPN', 'PROPN', 'VERB', 'PROPN', 'ADJ', 'PROPN', 'NOUN', 'PROPN']","['diversion calidez magia podras', 'sunscape puerto vallarta water wave', 'del marzo', 'office building estancia plan', 'airplane vuelo redondo saliendo morelia smiling face', 'sunglasses', 'equipaje documentado beach', 'umbrella costo total personas', 'bullseye tarifas sujetas', 'disponibilidad', 'tarjetas participantes', 'whatsapp mobile phone', 'sunscapepuertovallarta todoincluido funandtravel agenciadeviajes reservaconnosotros puertovallarta', 'viajes turismonacional vuelosmorelia vacaciones', 'vallarta']","[{'text': 'vuelo', 'label': 'PERSON'}, {'text': 'saliendo morelia', 'label': 'PERSON'}, {'text': 'umbrella costo', 'label': 'ORG'}, {'text': 'momento reserva backhand', 'label': 'ORG'}, {'text': 'arrow ubicamos backhand', 'label': 'ORG'}, {'text': 'morelia', 'label': 'GPE'}, {'text': 'puertovallarta', 'label': 'GPE'}]",0.07608695652173914
31796,,palm tree sparkles samba vallarta espera abril sparkles palm tree disfruta dias noches abril plan incluido beach with umbrella tropical drink family man woman girl boy menor anos woman and man holding hands adultos sol alberca playa atardeceres increibles sunrise momento escaparte vivir experiencia minibus pregunta opcion transporte incluido puede anadir facilmente paquete mobile phone with arrow reserva ahora cupos limitados fire vallarta sambavallarta viajaconnosotros todoincluido vacaciones viajandocontigo,"['NOUN', 'NOUN', 'VERB', 'ADJ', 'PROPN', 'NOUN', 'NOUN', 'VERB', 'NOUN', 'PROPN', 'ADJ', 'NOUN', 'VERB', 'NOUN', 'NOUN', 'ADJ', 'NOUN', 'ADP', 'PROPN', 'ADJ', 'NOUN', 'NOUN', 'NOUN', 'NOUN', 'NOUN', 'NOUN', 'PROPN', 'NOUN', 'NOUN', 'CCONJ', 'NOUN', 'VERB', 'NOUN', 'VERB', 'NOUN', 'NOUN', 'NOUN', 'NOUN', 'VERB', 'NOUN', 'ADJ', 'ADJ', 'PROPN', 'PROPN', 'PROPN', 'ADJ', 'NOUN', 'NOUN', 'NOUN', 'NOUN', 'PROPN', 'PROPN', 'PROPN', 'ADJ', 'NOUN', 'ADP', 'PROPN', 'PROPN', 'PROPN', 'PROPN', 'VERB', 'NOUN', 'PROPN', 'PROPN', 'PROPN', 'VERB', 'NOUN', 'NOUN']","['palm tree', 'samba vallarta espera abril', 'palm tree disfruta dias', 'abril plan incluido beach', 'umbrella tropical drink family man woman girl boy menor anos woman', 'man', 'hands', 'sol alberca playa atardeceres', 'sunrise momento escaparte vivir experiencia minibus pregunta opcion transporte incluido puede anadir facilmente', 'arrow reserva ahora cupos', 'viajandocontigo']","[{'text': 'umbrella tropical', 'label': 'ORG'}, {'text': 'experiencia minibus', 'label': 'PERSON'}, {'text': 'arrow reserva ahora cupos', 'label': 'ORG'}, {'text': 'vallarta sambavallarta', 'label': 'PERSON'}]",0.058823529411764705
32021,,fire sparkles atencion pisolovers sparkles fire llego six pack surtido hidromiel tercer piso solucion perfecta quieres sabores sola caja smiling face with sunglasses honey pot pura magia artesanal nayarita honeybee sparkles listo darle toque especial fresco diferente posadas christmas tree party popper prende mejor ambiente buen brindis hidromiel clinking beer mugs yellow heart wrapped gift six pack surtido delivery truck envios pais vallartaadventures vallarta vallartazo travelnotepic tepicnayarit tepicnayarit bebidaartesanal maridaje cocinamexicana lodemarcos elbar lodemarcosnayarit cortesdecarne plazabalagan plazabalagan sanblas autopisto autopisto lavinatta mariscosnayarit cervezanayarita crafbeerlover culturacervecera culturacervecera,"['NOUN', 'VERB', 'NOUN', 'NOUN', 'VERB', 'NOUN', 'NOUN', 'NUM', 'NOUN', 'NOUN', 'ADJ', 'NOUN', 'PROPN', 'NOUN', 'NOUN', 'NOUN', 'VERB', 'PROPN', 'PROPN', 'VERB', 'NOUN', 'ADP', 'NOUN', 'NOUN', 'NOUN', 'PROPN', 'PROPN', 'PROPN', 'PROPN', 'PROPN', 'VERB', 'PROPN', 'PROPN', 'PROPN', 'PROPN', 'PROPN', 'PROPN', 'PROPN', 'PROPN', 'PROPN', 'NOUN', 'NOUN', 'NOUN', 'NOUN', 'NOUN', 'NOUN', 'PROPN', 'PROPN', 'VERB', 'NOUN', 'NOUN', 'ADJ', 'NOUN', 'VERB', 'NOUN', 'NUM', 'NOUN', 'NOUN', 'NOUN', 'NOUN', 'NOUN', 'PROPN', 'NOUN', 'PROPN', 'PROPN', 'PROPN', 'PROPN', 'PROPN', 'PROPN', 'PROPN', 'PROPN', 'PROPN', 'PROPN', 'PROPN', 'PROPN', 'PROPN', 'PROPN', 'PROPN', 'PROPN', 'PROPN', 'PROPN', 'PROPN', 'PROPN', 'PROPN', 'NOUN', 'VERB']","['fire', 'atencion pisolovers', 'fire llego six pack surtido hidromiel tercer piso solucion perfecta quieres', 'sola caja', 'sunglasses honey pot', 'pura magia artesanal nayarita honeybee', 'listo darle toque especial fresco diferente', 'christmas tree party popper prende mejor ambiente buen brindis hidromiel', 'beer mugs yellow heart', 'gift', 'six pack surtido delivery truck envios pais vallartaadventures vallarta vallartazo travelnotepic tepicnayarit tepicnayarit bebidaartesanal maridaje cocinamexicana lodemarcos elbar lodemarcosnayarit cortesdecarne plazabalagan plazabalagan sanblas autopisto autopisto lavinatta mariscosnayarit cervezanayarita crafbeerlover culturacervecera']","[{'text': 'six', 'label': 'CARDINAL'}, {'text': 'hidromiel tercer piso solucion', 'label': 'ORG'}, {'text': 'posadas christmas', 'label': 'DATE'}, {'text': 'buen', 'label': 'GPE'}, {'text': 'hidromiel', 'label': 'GPE'}, {'text': 'six', 'label': 'CARDINAL'}, {'text': 'vallarta vallartazo', 'label': 'PERSON'}, {'text': 'lodemarcos', 'label': 'ORG'}, {'text': 'lodemarcosnayarit cortesdecarne', 'label': 'PERSON'}, {'text': 'plazabalagan sanblas autopisto autopisto lavinatta mariscosnayarit cervezanayarita', 'label': 'ORG'}]",0.11627906976744186
32133,,want jewelry lasts discoverpermanent jewelryinpuerto vallarta atforeva jewelry k gold fill sterling silver aquiles serdan zona romantica engravedjewelry laseredengraved laseredjewelry joyeriapermanentepuertovallarta zonaromantica puertovallartathingstodo vallartavibes permanentjewelry puertovallartawedding vallartaadventures,"['VERB', 'NOUN', 'VERB', 'NOUN', 'PROPN', 'PROPN', 'PROPN', 'PROPN', 'PROPN', 'PROPN', 'NOUN', 'NOUN', 'PROPN', 'NOUN', 'PROPN', 'PROPN', 'PROPN', 'NOUN', 'VERB', 'NOUN', 'PROPN', 'PROPN', 'PROPN', 'VERB', 'NOUN', 'VERB', 'NOUN']","['discoverpermanent jewelryinpuerto vallarta atforeva jewelry k gold fill sterling', 'silver aquiles']","[{'text': 'jewelryinpuerto vallarta atforeva', 'label': 'PERSON'}, {'text': 'serdan zona romantica', 'label': 'PERSON'}]",0.07407407407407407
32206,,yellow heart charla matrimonial empareja calendar sabado octubre four o clock round pushpin iglesia taber san julian invitamos fortalecer relacion herramientas practicas tiempo inspiracion finalizar disfrutaremos juntos deliciosa cena green salad shortcake backhand index pointing right entrada gratuita cupo limitado mobile phone with arrow reserva telefono whatsapp empareja matrimonios familiasenvictoria tabersanjulian cacaluta tabersomostodos taber sonsonate,"['ADJ', 'NOUN', 'NOUN', 'NOUN', 'ADJ', 'NOUN', 'NOUN', 'PROPN', 'NUM', 'NOUN', 'NOUN', 'ADJ', 'NOUN', 'PROPN', 'PROPN', 'PROPN', 'PROPN', 'PROPN', 'PROPN', 'NOUN', 'PROPN', 'PROPN', 'PROPN', 'NOUN', 'PROPN', 'PROPN', 'PROPN', 'VERB', 'PROPN', 'PROPN', 'PROPN', 'PROPN', 'PROPN', 'NOUN', 'NOUN', 'INTJ', 'PROPN', 'PROPN', 'PROPN', 'PROPN', 'PROPN', 'NOUN', 'ADP', 'NOUN', 'PROPN', 'NOUN', 'ADJ', 'ADJ', 'NOUN', 'PROPN', 'PROPN', 'PROPN', 'NOUN', 'PROPN', 'NOUN']","['yellow heart charla matrimonial', 'empareja calendar sabado octubre four o clock round pushpin iglesia taber san julian invitamos fortalecer relacion herramientas practicas tiempo inspiracion finalizar disfrutaremos juntos', 'backhand index pointing', 'arrow reserva telefono', 'whatsapp empareja matrimonios', 'familiasenvictoria tabersanjulian cacaluta tabersomostodos taber sonsonate']","[{'text': 'yellow heart charla', 'label': 'PERSON'}, {'text': 'four', 'label': 'CARDINAL'}, {'text': 'iglesia', 'label': 'NORP'}, {'text': 'san julian invitamos', 'label': 'ORG'}, {'text': 'finalizar', 'label': 'GPE'}, {'text': 'deliciosa cena green salad shortcake', 'label': 'ORG'}, {'text': 'arrow reserva', 'label': 'ORG'}]",0.12727272727272726
32258,,vamos parque nacional smiling face with open hands huatulco parquenacional cacaluta playa naruraleza dayoff caminata trail traveler mirador,"['PROPN', 'PROPN', 'ADJ', 'VERB', 'NOUN', 'ADP', 'ADJ', 'NOUN', 'NOUN', 'ADJ', 'NOUN', 'NOUN', 'PROPN', 'PROPN', 'PROPN', 'PROPN', 'PROPN', 'PROPN']","['vamos parque nacional smiling face', 'open hands', 'parquenacional cacaluta playa naruraleza dayoff caminata trail traveler mirador']",[],0.0
32364,,chachacual bahiachachacual beach playa ocean isla good instagram pacificocean pacifico oaxacaparatodos fresh awesome mexico visitmexico sunny sol hermoso beachvibes mar yourshootphotographer mdemexico snorkeling gopromx gopro mexico fotografos fotografosmx mexicoesfotografia oaxaca,"['ADJ', 'ADJ', 'PROPN', 'PROPN', 'PROPN', 'PROPN', 'PROPN', 'PROPN', 'NOUN', 'NOUN', 'NOUN', 'ADJ', 'PROPN', 'PROPN', 'PROPN', 'ADJ', 'NOUN', 'PROPN', 'PROPN', 'PROPN', 'PROPN', 'PROPN', 'PROPN', 'PROPN', 'PROPN', 'PROPN', 'PROPN', 'PROPN', 'PROPN', 'NOUN']","['chachacual bahiachachacual beach playa ocean isla good instagram pacificocean pacifico oaxacaparatodos', 'fresh awesome mexico', 'visitmexico sunny sol hermoso beachvibes mar yourshootphotographer mdemexico snorkeling gopromx gopro mexico', 'mexicoesfotografia oaxaca']","[{'text': 'mexico visitmexico sunny', 'label': 'FAC'}, {'text': 'mar yourshootphotographer', 'label': 'PERSON'}, {'text': 'gopromx', 'label': 'ORG'}, {'text': 'mexico', 'label': 'GPE'}]",0.13333333333333333
32393,,domingo oficina bahia chachacual chachacual huatulco oaxaca officetime,"['PROPN', 'PROPN', 'VERB', 'ADJ', 'ADJ', 'NOUN', 'PROPN', 'NOUN']","['domingo', 'oficina']","[{'text': 'domingo oficina bahia chachacual', 'label': 'PERSON'}]",0.125
32442,,herb fountain jardines chahue perspectiva smiling face with heart eyes deciduous tree respira aire fresco enamorate parques coloridos espacios publicos huatulco solo minutos parque ubica hotel chahue parquehundido huatulco hotelsophiehuatulco huatulcoteespera camera with flash vivohux,"['NOUN', 'PROPN', 'PROPN', 'PROPN', 'NOUN', 'VERB', 'NOUN', 'ADP', 'NOUN', 'NOUN', 'ADJ', 'NOUN', 'PROPN', 'PROPN', 'PROPN', 'ADJ', 'NOUN', 'VERB', 'NOUN', 'PROPN', 'PROPN', 'PROPN', 'PROPN', 'PROPN', 'PROPN', 'PROPN', 'PROPN', 'PROPN', 'PROPN', 'PROPN', 'NOUN', 'NOUN', 'ADP', 'NOUN', 'NOUN']","['herb fountain jardines', 'chahue perspectiva smiling face', 'heart eyes deciduous tree respira aire fresco enamorate parques', 'hotelsophiehuatulco huatulcoteespera camera', 'flash vivohux']",[],0.0
32461,,palm tree water wave respira tranquilidad huatulco cada susurro palmeras reserva ahora deja belleza huatulco enamore blue heart sun huatu lcoparadise beachescape oceanvibes beach with umbrella lugareshuatulco huatulco tipsviajeros vivehuatulco playasdeoaxaca beah playa centro crucecita vacaciones hotelom hoteles hotel hotelhuatulco hoteloaxaca hotelhuatulco hotelom huatulco huatulcooaxaca huatulcotravel viajeros hotel chahue tropical,"['PROPN', 'PROPN', 'NOUN', 'NOUN', 'PROPN', 'PROPN', 'PROPN', 'PROPN', 'PROPN', 'PROPN', 'PROPN', 'PROPN', 'PROPN', 'PROPN', 'PROPN', 'PROPN', 'ADJ', 'NOUN', 'NOUN', 'NOUN', 'PROPN', 'NOUN', 'NOUN', 'VERB', 'ADP', 'NOUN', 'PROPN', 'PROPN', 'PROPN', 'NOUN', 'PROPN', 'PROPN', 'PROPN', 'PROPN', 'PROPN', 'NOUN', 'PROPN', 'PROPN', 'PROPN', 'PROPN', 'PROPN', 'PROPN', 'PROPN', 'PROPN', 'PROPN', 'PROPN', 'PROPN', 'PROPN', 'PROPN', 'PROPN']","['palm tree water wave respira', 'umbrella lugareshuatulco huatulco tipsviajeros vivehuatulco playasdeoaxaca beah playa centro crucecita vacaciones']","[{'text': 'huatulco cada', 'label': 'ORG'}, {'text': 'palmeras reserva ahora deja', 'label': 'ORG'}, {'text': 'hoteloaxaca hotelhuatulco', 'label': 'PERSON'}]",0.06
32484,,tipviajero actividades realiza huatulco caminata lugar favorito locales turistas bahia chahue smiling face with heart eyes sun palm tree viaja huatulco disfrutes actividad acompanado hermoso amanecer tear off calendar proximo salida grupal febrero marzo camera yvan luna foto,"['NOUN', 'PROPN', 'ADJ', 'PROPN', 'PROPN', 'PROPN', 'PROPN', 'NOUN', 'PROPN', 'VERB', 'NOUN', 'VERB', 'NOUN', 'ADP', 'NOUN', 'NOUN', 'PROPN', 'PROPN', 'PROPN', 'PROPN', 'NOUN', 'VERB', 'PROPN', 'PROPN', 'PROPN', 'NOUN', 'VERB', 'ADP', 'NOUN', 'VERB', 'PROPN', 'PROPN', 'PROPN', 'NOUN', 'NOUN', 'ADJ', 'PROPN', 'NOUN']","['tipviajero actividades', 'realiza huatulco caminata lugar favorito locales', 'turistas', 'chahue smiling face', 'heart eyes sun palm tree viaja huatulco', 'actividad acompanado hermoso amanecer', 'calendar', 'salida grupal febrero marzo', 'camera yvan luna foto']","[{'text': 'salida', 'label': 'GPE'}, {'text': 'grupal febrero', 'label': 'PERSON'}, {'text': 'camera yvan', 'label': 'PERSON'}]",0.07894736842105263
32502,,water wave smiling face with heart eyes si vienes huatulco olvides visitar lugares beach with umbrella bahia chahue playa certificada playa limpia playa principal llama chahue varios clubs playa ofrecen servicio restaurante alberca desert island bahia santa cruz santa cruz encuentran muelle cruceros marina embarcaciones turisticas yates pesqueros restaurantes mercado artesanias teatro aire libre beach with umbrella playa entrega favoritas turistas conocida aguas tranquilas bancos coral cuevas invitan toda familia nadar snorkelear desert island bahia san agustin bahia grande huatulco excelente nadar snorkelear gustar mariscos ofrecen restaurantes camera with flash max,"['NOUN', 'NOUN', 'VERB', 'NOUN', 'ADP', 'NOUN', 'NOUN', 'PROPN', 'VERB', 'NOUN', 'VERB', 'PROPN', 'NOUN', 'PROPN', 'ADP', 'PROPN', 'PROPN', 'PROPN', 'PROPN', 'PROPN', 'PROPN', 'PROPN', 'PROPN', 'PROPN', 'PROPN', 'PROPN', 'PROPN', 'NOUN', 'NOUN', 'NOUN', 'PROPN', 'PROPN', 'PROPN', 'PROPN', 'PROPN', 'PROPN', 'PROPN', 'PROPN', 'PROPN', 'PROPN', 'PROPN', 'PROPN', 'PROPN', 'PROPN', 'VERB', 'PROPN', 'VERB', 'NOUN', 'NOUN', 'PROPN', 'PROPN', 'PROPN', 'PROPN', 'PROPN', 'PROPN', 'ADP', 'PROPN', 'PROPN', 'PROPN', 'PROPN', 'PROPN', 'PROPN', 'PROPN', 'PROPN', 'VERB', 'PROPN', 'PROPN', 'PROPN', 'PROPN', 'PROPN', 'PROPN', 'PROPN', 'PROPN', 'PROPN', 'PROPN', 'PROPN', 'PROPN', 'PROPN', 'ADJ', 'NOUN', 'NOUN', 'NOUN', 'VERB', 'PROPN', 'PROPN', 'PROPN', 'VERB', 'NOUN', 'ADP', 'NOUN', 'PROPN']","['water wave', 'face', 'heart eyes', 'umbrella bahia', 'chahue playa certificada playa limpia playa principal', 'llama chahue varios clubs', 'playa ofrecen servicio restaurante alberca desert island', 'turisticas', 'pesqueros restaurantes', 'mercado artesanias teatro aire libre beach', 'umbrella playa entrega favoritas turistas conocida aguas', 'tranquilas', 'coral cuevas invitan toda familia nadar snorkelear desert island bahia san agustin', 'grande huatulco excelente', 'nadar', 'camera', 'flash max']","[{'text': 'santa cruz', 'label': 'GPE'}, {'text': 'santa cruz', 'label': 'GPE'}, {'text': 'cruceros', 'label': 'GPE'}, {'text': 'marina', 'label': 'LOC'}, {'text': 'turisticas', 'label': 'CARDINAL'}, {'text': 'teatro', 'label': 'CARDINAL'}, {'text': 'umbrella playa entrega', 'label': 'ORG'}, {'text': 'turistas conocida aguas', 'label': 'ORG'}, {'text': 'invitan toda familia', 'label': 'ORG'}, {'text': 'san agustin', 'label': 'LOC'}, {'text': 'gustar mariscos', 'label': 'PERSON'}, {'text': 'max', 'label': 'PERSON'}]",0.13186813186813187
32536,,palm tree smiling face with heart eyes si vienes huatulco olvides visitar lugares beach with umbrella bahia chahue playa certificada playa limpia playa principal llama chahue varios clubs playa ofrecen servicio restaurante alberca beach with umbrella riscalillo encuentra formada arena blanca agua tonos verdes azules poca profundidad excelente nadar snorkelear beach with umbrella playa entrega favoritas turistas conocida aguas tranquilas bancos coral cuevas invitan toda familia nadar snorkelear beach with umbrella bahia santa cruz santa cruz encuentran muelle cruceros marina embarcaciones turisticas yates pesqueros restaurantes mercado artesanias teatro aire libre huatulcoteespera huatulcomexico oaxacalotienetodo huatulcomexico,"['NOUN', 'NOUN', 'VERB', 'NOUN', 'ADP', 'NOUN', 'NOUN', 'PROPN', 'VERB', 'NOUN', 'VERB', 'PROPN', 'NOUN', 'PROPN', 'ADP', 'PROPN', 'PROPN', 'PROPN', 'PROPN', 'PROPN', 'PROPN', 'PROPN', 'PROPN', 'PROPN', 'PROPN', 'PROPN', 'PROPN', 'NOUN', 'NOUN', 'NOUN', 'PROPN', 'PROPN', 'PROPN', 'PROPN', 'ADP', 'PROPN', 'PROPN', 'PROPN', 'PROPN', 'NOUN', 'PROPN', 'PROPN', 'PROPN', 'PROPN', 'PROPN', 'PROPN', 'PROPN', 'PROPN', 'NOUN', 'VERB', 'PROPN', 'ADP', 'PROPN', 'PROPN', 'PROPN', 'PROPN', 'PROPN', 'PROPN', 'PROPN', 'PROPN', 'VERB', 'PROPN', 'PROPN', 'PROPN', 'PROPN', 'PROPN', 'PROPN', 'PROPN', 'PROPN', 'ADP', 'PROPN', 'VERB', 'PROPN', 'PROPN', 'PROPN', 'PROPN', 'PROPN', 'PROPN', 'PROPN', 'PROPN', 'VERB', 'PROPN', 'VERB', 'NOUN', 'NOUN', 'PROPN', 'PROPN', 'PROPN', 'PROPN', 'PROPN', 'PROPN', 'PROPN', 'PROPN', 'PROPN']","['palm tree', 'face', 'heart eyes', 'umbrella bahia', 'llama chahue varios clubs', 'umbrella', 'agua tonos verdes azules poca', 'beach', 'umbrella playa entrega favoritas turistas conocida aguas', 'tranquilas', 'coral cuevas invitan toda familia nadar snorkelear beach', 'umbrella', 'santa cruz santa cruz encuentran muelle cruceros marina', 'turisticas', 'pesqueros restaurantes']","[{'text': 'alberca beach', 'label': 'GPE'}, {'text': 'formada arena', 'label': 'PERSON'}, {'text': 'umbrella playa entrega', 'label': 'ORG'}, {'text': 'turistas conocida aguas', 'label': 'ORG'}, {'text': 'invitan toda familia', 'label': 'ORG'}, {'text': 'santa cruz', 'label': 'GPE'}, {'text': 'santa cruz', 'label': 'GPE'}, {'text': 'cruceros', 'label': 'GPE'}, {'text': 'marina', 'label': 'LOC'}, {'text': 'turisticas', 'label': 'CARDINAL'}, {'text': 'teatro', 'label': 'CARDINAL'}, {'text': 'huatulcomexico oaxacalotienetodo huatulcomexico', 'label': 'PERSON'}]",0.1276595744680851
32678,,descubriste rincon tranquilo herb sparkles bosque binnigulaza espacio hotel tiempo detiene ideal relajarte respirar conectar naturaleza seedling reserva cotiza telephone receiver mobile phone with arrow whatsapp camera with flash bosquebinnigulaza binniguendahuatulco naturalezayconfort huatulco relax santacruzhuatulco,"['ADJ', 'NOUN', 'X', 'NOUN', 'VERB', 'PROPN', 'PROPN', 'PROPN', 'PROPN', 'PROPN', 'NOUN', 'NOUN', 'NOUN', 'NOUN', 'NOUN', 'ADV', 'VERB', 'PROPN', 'NOUN', 'NOUN', 'NOUN', 'ADJ', 'NOUN', 'ADP', 'NOUN', 'ADJ', 'NOUN', 'ADP', 'NOUN', 'PROPN', 'PROPN', 'PROPN', 'PROPN', 'VERB', 'NOUN']","['descubriste rincon tranquilo herb', 'bosque binnigulaza espacio hotel tiempo detiene ideal relajarte respirar conectar', 'reserva cotiza telephone receiver mobile phone', 'arrow whatsapp camera', 'flash bosquebinnigulaza binniguendahuatulco naturalezayconfort huatulco', 'santacruzhuatulco']","[{'text': 'descubriste rincon', 'label': 'ORG'}, {'text': 'respirar conectar', 'label': 'PERSON'}, {'text': 'bosquebinnigulaza', 'label': 'GPE'}]",0.08571428571428572
32689,,buenos dias sun disfruta deliciosos platillos omelette preparados ingredientes frescos fork and knife descubre nuevo favorito fruta face savoring food omelette desayuno comida cafeteria santacruzhuatulco,"['PROPN', 'PROPN', 'PROPN', 'PROPN', 'PROPN', 'PROPN', 'PROPN', 'NOUN', 'VERB', 'ADJ', 'NOUN', 'CCONJ', 'NOUN', 'PROPN', 'PROPN', 'PROPN', 'ADJ', 'NOUN', 'VERB', 'NOUN', 'PROPN', 'PROPN', 'PROPN', 'PROPN', 'PROPN']","['buenos dias sun disfruta deliciosos platillos omelette preparados', 'frescos fork']","[{'text': 'nuevo favorito', 'label': 'PERSON'}]",0.04
32713,,sparkles buscas lugar comodo disfrutar huatulco complicaciones sun hotel alikar ofrece ubicacion ideal alberca relajarte habitaciones acogedoras restaurante platillos encantan servicio amable hace estancia realmente placentera round pushpin boulevard chahue lote casi esquina blvd benito juarez santa cruz huatulco mexico telephone receiver envelope alikar com globe with meridians camera with flash facebook hotelalikar huatulco santacruzhuatulco hospedajeenhuatulco bahiasdehuatulco hotelconalberca oaxacaturistico travelmexico,"['VERB', 'PROPN', 'PROPN', 'PROPN', 'PROPN', 'PROPN', 'VERB', 'PROPN', 'PROPN', 'PROPN', 'PROPN', 'PROPN', 'NOUN', 'NOUN', 'NOUN', 'VERB', 'PROPN', 'PROPN', 'PROPN', 'PROPN', 'PROPN', 'ADJ', 'NOUN', 'PROPN', 'PROPN', 'NOUN', 'ADJ', 'NOUN', 'PROPN', 'PROPN', 'PROPN', 'PROPN', 'PROPN', 'PROPN', 'PROPN', 'PROPN', 'PROPN', 'PROPN', 'PROPN', 'PROPN', 'PROPN', 'PROPN', 'PROPN', 'PROPN', 'NOUN', 'PROPN', 'ADP', 'NOUN', 'NOUN', 'ADP', 'NOUN', 'NOUN', 'PROPN', 'PROPN', 'PROPN', 'PROPN', 'PROPN', 'PROPN', 'PROPN', 'PROPN']","['sun hotel alikar', 'ubicacion ideal alberca relajarte', 'acogedoras restaurante platillos encantan servicio amable hace estancia realmente placentera round pushpin boulevard chahue lote casi esquina blvd benito juarez santa cruz huatulco mexico telephone receiver envelope alikar com globe', 'meridians camera', 'flash facebook hotelalikar huatulco santacruzhuatulco hospedajeenhuatulco bahiasdehuatulco hotelconalberca oaxacaturistico travelmexico']","[{'text': 'sparkles buscas lugar comodo', 'label': 'PERSON'}, {'text': 'acogedoras restaurante', 'label': 'PERSON'}, {'text': 'benito', 'label': 'GPE'}, {'text': 'juarez santa', 'label': 'PERSON'}, {'text': 'huatulco mexico', 'label': 'FAC'}, {'text': 'hospedajeenhuatulco bahiasdehuatulco hotelconalberca', 'label': 'ORG'}, {'text': 'travelmexico', 'label': 'ORG'}]",0.11666666666666667
32729,,smiling face with heart eyes mira bajar calorsito huatulco bahia santa cruz makuka conoce dos sucursales centro metros entrada playa esperamos huatulco playa oaxacamexico huatulcooaxaca huatulcomexico santacruzhuatulco playas huatulco,"['VERB', 'NOUN', 'ADP', 'NOUN', 'NOUN', 'PROPN', 'PROPN', 'PROPN', 'PROPN', 'PROPN', 'PROPN', 'PROPN', 'PROPN', 'PROPN', 'PROPN', 'VERB', 'PROPN', 'PROPN', 'PROPN', 'PROPN', 'PROPN', 'PROPN', 'PROPN', 'PROPN', 'PROPN', 'PROPN', 'PROPN', 'PROPN', 'PROPN']","['smiling face', 'heart eyes mira bajar calorsito huatulco bahia', 'santa cruz makuka conoce dos', 'centro metros entrada playa esperamos huatulco playa oaxacamexico huatulcooaxaca huatulcomexico santacruzhuatulco playas huatulco']","[{'text': 'mira bajar', 'label': 'PERSON'}, {'text': 'huatulco', 'label': 'GPE'}, {'text': 'santa cruz', 'label': 'GPE'}, {'text': 'metros entrada playa esperamos', 'label': 'ORG'}, {'text': 'huatulco playa', 'label': 'ORG'}, {'text': 'oaxacamexico huatulcooaxaca huatulcomexico santacruzhuatulco', 'label': 'PERSON'}]",0.20689655172413793
32732,,smiling face with heart eyes tipo recuerditos vienes bahia santa cruz huatulco venir makuka esperamos playas huatulco santacruzhuatulco huatulcomexico huatulcooaxaca oaxacamexico,"['VERB', 'NOUN', 'ADP', 'NOUN', 'NOUN', 'NOUN', 'NOUN', 'NOUN', 'VERB', 'PROPN', 'PROPN', 'PROPN', 'PROPN', 'PROPN', 'PROPN', 'PROPN', 'PROPN', 'PROPN', 'PROPN', 'PROPN', 'PROPN']","['smiling face', 'heart eyes tipo recuerditos vienes', 'santa cruz huatulco venir makuka esperamos playas huatulco santacruzhuatulco huatulcomexico huatulcooaxaca oaxacamexico']","[{'text': 'santa cruz', 'label': 'GPE'}, {'text': 'huatulco venir makuka esperamos', 'label': 'WORK_OF_ART'}, {'text': 'huatulco santacruzhuatulco', 'label': 'PERSON'}, {'text': 'huatulcomexico huatulcooaxaca oaxacamexico', 'label': 'PERSON'}]",0.19047619047619047
32756,,dia esperamos llegado party popper noviembre enciende luz grieta aroma nuevo rincon cafe cultura santa cruz bahia huatulco round pushpin apertura puertas fork and knife with plate ven primeros probar lanzamiento menu completo partying face gran evento inauguracion fiesta sigue ambiente unico tendremos headphone tornamesa musica vinilos alma shopping bags venta merch oficial posters wrapped gift dando regalos especiales asistentes esperamos compartir primer sorbo nueva aventura grietayaroma huatulco santacruzhuatulco inauguracion cafeycultura nuevomenu merch vinilos,"['PROPN', 'PROPN', 'PROPN', 'NOUN', 'NOUN', 'NOUN', 'VERB', 'NOUN', 'PROPN', 'PROPN', 'PROPN', 'PROPN', 'PROPN', 'PROPN', 'PROPN', 'PROPN', 'PROPN', 'PROPN', 'ADJ', 'NOUN', 'NOUN', 'NOUN', 'NOUN', 'CCONJ', 'NOUN', 'ADP', 'NOUN', 'PROPN', 'PROPN', 'NOUN', 'PROPN', 'PROPN', 'PROPN', 'VERB', 'NOUN', 'VERB', 'ADP', 'NOUN', 'PROPN', 'PROPN', 'PROPN', 'PROPN', 'PROPN', 'PROPN', 'PROPN', 'PROPN', 'PROPN', 'PROPN', 'PROPN', 'NOUN', 'PROPN', 'NOUN', 'ADJ', 'NOUN', 'VERB', 'NOUN', 'NOUN', 'PROPN', 'PROPN', 'VERB', 'PROPN', 'PROPN', 'PROPN', 'PROPN', 'PROPN', 'PROPN', 'PROPN', 'PROPN', 'PROPN', 'PROPN', 'PROPN', 'PROPN', 'PROPN', 'NOUN']","['dia esperamos', 'llegado party popper', 'noviembre', 'plate ven primeros probar', 'inauguracion fiesta sigue ambiente unico tendremos', 'musica vinilos alma', 'gift dando regalos especiales', 'esperamos compartir primer sorbo nueva aventura grietayaroma huatulco santacruzhuatulco inauguracion cafeycultura nuevomenu merch vinilos']","[{'text': 'dia esperamos llegado party popper', 'label': 'ORG'}, {'text': 'nuevo rincon cafe cultura', 'label': 'ORG'}, {'text': 'santa cruz', 'label': 'GPE'}, {'text': 'primeros', 'label': 'GPE'}, {'text': 'musica vinilos alma', 'label': 'PERSON'}, {'text': 'asistentes esperamos', 'label': 'ORG'}]",0.08108108108108109
32793,,smiling face with heart eyes umbrella on ground iglesia jardin algun restaurante especial cuentanos playas huatulco calor huatulco playa amigos familia huatulcooaxaca oaxacamexico santacruzhuatulco huatulcomexico,"['VERB', 'NOUN', 'ADP', 'NOUN', 'NOUN', 'NOUN', 'ADP', 'PROPN', 'PROPN', 'PROPN', 'PROPN', 'NOUN', 'ADJ', 'NOUN', 'NOUN', 'PROPN', 'PROPN', 'PROPN', 'PROPN', 'NOUN', 'ADP', 'PROPN', 'PROPN', 'PROPN', 'PROPN']","['smiling face', 'heart eyes umbrella', 'ground iglesia jardin algun restaurante especial cuentanos playas huatulco calor huatulco playa amigos', 'huatulcooaxaca oaxacamexico santacruzhuatulco huatulcomexico']","[{'text': 'huatulco calor', 'label': 'PERSON'}, {'text': 'familia huatulcooaxaca oaxacamexico', 'label': 'PERSON'}, {'text': 'santacruzhuatulco huatulcomexico', 'label': 'PERSON'}]",0.12
32872,,feliz poder nuevamente familia despues dos anos tan caoticos pandemia face with medical mask siguen creciendo casos covid seguir cuidandonos gracias totales simplemente hermoso star struck bello lugar huatulco smiling face with heart eyes tangolundahuatulco familia two hearts,"['PROPN', 'NOUN', 'NOUN', 'ADP', 'NOUN', 'VERB', 'PROPN', 'PROPN', 'PROPN', 'NOUN', 'VERB', 'ADP', 'ADJ', 'NOUN', 'PROPN', 'PROPN', 'PROPN', 'PROPN', 'NOUN', 'VERB', 'NOUN', 'NOUN', 'VERB', 'PROPN', 'PROPN', 'VERB', 'PROPN', 'PROPN', 'NOUN', 'VERB', 'NOUN', 'ADP', 'NOUN', 'NOUN', 'VERB', 'ADP', 'NUM', 'NOUN']","['feliz poder nuevamente familia despues', 'medical mask siguen creciendo casos covid seguir', 'gracias totales', 'hermoso star', 'bello lugar huatulco smiling face', 'two hearts']","[{'text': 'anos tan caoticos', 'label': 'PERSON'}, {'text': 'casos covid seguir', 'label': 'PERSON'}, {'text': 'two', 'label': 'CARDINAL'}]",0.07894736842105263
33206,,poster advertising chocolate shop ad image marketing design canva advertisment marketing chiaoscuro canva carvagio definido chocolate sauce poster template canva marketing photo drawfolio rococco fanoos emulador advertising visualization,"['NOUN', 'NOUN', 'NOUN', 'NOUN', 'NOUN', 'NOUN', 'NOUN', 'PROPN', 'PROPN', 'NOUN', 'PROPN', 'PROPN', 'PROPN', 'PROPN', 'VERB', 'NOUN', 'NOUN', 'NOUN', 'NOUN', 'PROPN', 'NOUN', 'NOUN', 'NOUN', 'NOUN', 'PROPN', 'NOUN', 'NOUN', 'NOUN']","['poster advertising chocolate shop ad image marketing design canva advertisment marketing chiaoscuro canva carvagio', 'chocolate sauce poster template canva marketing photo drawfolio rococco fanoos emulador advertising visualization']","[{'text': 'chiaoscuro canva', 'label': 'ORG'}]",0.03571428571428571
33818,,kite flying body water alexstrasza dragons flying around spyro dragon flying dragon dragon flying saw huge dragon dragon flying background dragon flying sky flying dragons big red dragon flying them giant dragon flying sky colossal dragon background,"['NOUN', 'VERB', 'NOUN', 'NOUN', 'NOUN', 'NOUN', 'VERB', 'ADP', 'VERB', 'NOUN', 'VERB', 'NOUN', 'NOUN', 'NOUN', 'VERB', 'ADJ', 'NOUN', 'NOUN', 'VERB', 'NOUN', 'NOUN', 'VERB', 'NOUN', 'VERB', 'NOUN', 'ADJ', 'ADJ', 'NOUN', 'VERB', 'PRON', 'ADJ', 'NOUN', 'VERB', 'NOUN', 'VERB', 'NOUN', 'NOUN']","['kite flying body water alexstrasza dragons', 'dragon dragon', 'huge dragon dragon', 'big red dragon', 'them', 'giant dragon flying sky colossal dragon background']",[],0.0
34099,,woman long hair braids long braided hair top head white black fade braided hair elaborate braided hair braided hairstyle braided hair aztec hair long flowing braided hair long braided black hair complex braided hair long braided silver hair long black braided hair pigtail braids white braided hair long braided blue hair braids hair,"['NOUN', 'ADJ', 'NOUN', 'VERB', 'ADJ', 'VERB', 'NOUN', 'ADJ', 'NOUN', 'ADJ', 'ADJ', 'NOUN', 'VERB', 'NOUN', 'ADJ', 'VERB', 'NOUN', 'VERB', 'NOUN', 'VERB', 'NOUN', 'VERB', 'NOUN', 'ADV', 'VERB', 'VERB', 'NOUN', 'ADV', 'VERB', 'ADJ', 'NOUN', 'ADJ', 'VERB', 'NOUN', 'ADV', 'VERB', 'ADJ', 'NOUN', 'ADJ', 'ADJ', 'VERB', 'NOUN', 'NOUN', 'VERB', 'ADJ', 'VERB', 'NOUN', 'ADV', 'VERB', 'ADJ', 'NOUN', 'VERB', 'NOUN']","['woman', 'long hair', 'long braided hair top head white black fade', 'hair elaborate braided hair braided hairstyle braided hair', 'hair', 'silver hair', 'long black braided hair pigtail', 'white braided hair long braided blue hair', 'hair']",[],0.0
34509,,flyer hotel puerto travel ad hziulquoigmnzhah auril guanajuato digital banner hotel commercial banner ad image brochure contest promo vibrant tourism poster altichiero website banner promotional material yutja beutiful website travel guide holiday resort,"['PROPN', 'PROPN', 'PROPN', 'PROPN', 'PROPN', 'PROPN', 'PROPN', 'PROPN', 'PROPN', 'PROPN', 'PROPN', 'ADJ', 'NOUN', 'NOUN', 'NOUN', 'NOUN', 'NOUN', 'VERB', 'ADJ', 'NOUN', 'NOUN', 'NOUN', 'NOUN', 'NOUN', 'ADJ', 'NOUN', 'PROPN', 'ADJ', 'NOUN', 'NOUN', 'NOUN', 'NOUN', 'NOUN']","['flyer hotel puerto travel ad hziulquoigmnzhah auril guanajuato digital banner hotel commercial banner ad image brochure contest', 'vibrant tourism poster altichiero website banner promotional material yutja beutiful website travel guide holiday resort']","[{'text': 'flyer hotel', 'label': 'PERSON'}, {'text': 'altichiero', 'label': 'PERSON'}]",0.06060606060606061
34612,,diciembre cerca significa clima suave palm tree playas tranquilas beach with umbrella puestas sol epicas sunrise escape perfecto frio man running light skin tone snowflake vente disfrutar diciembre deberia ser bajo sol sun cactus bacoadventures bajalife cactus espiritusantoisland lapazmexico mexico visitmexico,"['PROPN', 'PROPN', 'PROPN', 'PROPN', 'PROPN', 'PROPN', 'PROPN', 'NOUN', 'PROPN', 'PROPN', 'ADP', 'NOUN', 'NOUN', 'NOUN', 'NOUN', 'NOUN', 'NOUN', 'PROPN', 'ADJ', 'NOUN', 'VERB', 'ADJ', 'NOUN', 'NOUN', 'NOUN', 'PROPN', 'PROPN', 'PROPN', 'PROPN', 'PROPN', 'PROPN', 'PROPN', 'PROPN', 'NOUN', 'NOUN', 'ADV', 'PROPN', 'PROPN', 'PROPN', 'PROPN', 'PROPN']","['diciembre cerca significa clima suave palm tree playas tranquilas beach', 'umbrella puestas', 'sol epicas sunrise', 'escape perfecto frio man', 'light skin tone snowflake vente disfrutar diciembre deberia ser bajo sol sun cactus bacoadventures', 'bajalife cactus espiritusantoisland lapazmexico mexico visitmexico']","[{'text': 'diciembre cerca', 'label': 'PERSON'}, {'text': 'significa clima', 'label': 'PERSON'}, {'text': 'lapazmexico mexico visitmexico', 'label': 'ORG'}]",0.07317073170731707
34693,,pedacito viaje camera with flash desert island primeraparte loscabosmexico balandra coromuel lapazmexico,"['PROPN', 'NOUN', 'NOUN', 'ADP', 'PROPN', 'PROPN', 'PROPN', 'PROPN', 'PROPN', 'PROPN', 'PROPN', 'PROPN']","['pedacito viaje camera', 'flash desert island primeraparte loscabosmexico balandra coromuel lapazmexico']","[{'text': 'loscabosmexico balandra coromuel lapazmexico', 'label': 'PERSON'}]",0.08333333333333333
34805,,escape perfecto pasion esperando smiling face with heart eyes smiling face with horns round pushpin san pedro martir octubre segunda seccion motel moteles lapaz moteleslapaz lapazmexico parejashot relacionesdepareja erotico sensual romantico placer mujeres hombres pasion bajacaliforniasur motelesmexico motelesbajacaliforniasur moteldelujo potrodelamor serviciobar roomservice frases,"['VERB', 'NOUN', 'NOUN', 'ADJ', 'VERB', 'NOUN', 'ADP', 'NOUN', 'NOUN', 'VERB', 'NOUN', 'ADP', 'NOUN', 'PROPN', 'NOUN', 'PROPN', 'PROPN', 'PROPN', 'PROPN', 'PROPN', 'NOUN', 'NOUN', 'NOUN', 'PROPN', 'PROPN', 'PROPN', 'PROPN', 'PROPN', 'PROPN', 'ADJ', 'NOUN', 'PROPN', 'NOUN', 'NOUN', 'NOUN', 'PROPN', 'PROPN', 'PROPN', 'PROPN', 'NOUN', 'NOUN', 'NOUN', 'NOUN']","['perfecto pasion esperando smiling face', 'heart eyes', 'face', 'horns', 'relacionesdepareja erotico', 'sensual romantico placer mujeres hombres pasion', 'bajacaliforniasur motelesmexico motelesbajacaliforniasur moteldelujo potrodelamor serviciobar roomservice frases']","[{'text': 'san pedro', 'label': 'ORG'}, {'text': 'relacionesdepareja erotico', 'label': 'PERSON'}]",0.046511627906976744
35011,,party popper julio promociones dias tooth collision consiente sonrisa descuentos especiales segun dia spiral calendar promociones dia check mark button lunes sparkles blanqueamientos descuento check mark button martes tooth resinas dentales descuento check mark button miercoles girl boy dia especial atencion infantil check mark button jueves syringe botox descuento check mark button viernes cross mark extracciones simples descuento soap dias limpiezas dentales descuento raising hands round pushpin consultorio dental centro bucerias mobile phone with arrow agenda cita whatsapp cupos limitados dia dejes pasar promociones exclusivas julio blue heart promocionesdentalesjulio dentistabucerias saludbucal botoxbucerias blanqueamientodental descuentostodojulio dentist dentistryworld dentistry buceriasnayaritmexico mexico puertovallarta bahiadebanderas dentalhealth dentalcleaning witheningteeth extracciondemuelas odontopediatras dentalfilling,"['PROPN', 'PROPN', 'PROPN', 'PROPN', 'PROPN', 'PROPN', 'NOUN', 'PROPN', 'NOUN', 'NOUN', 'NOUN', 'VERB', 'PROPN', 'PROPN', 'PROPN', 'PROPN', 'PROPN', 'PROPN', 'PROPN', 'NOUN', 'PROPN', 'VERB', 'NOUN', 'PROPN', 'NOUN', 'PROPN', 'NOUN', 'NOUN', 'NOUN', 'NOUN', 'NOUN', 'ADP', 'NOUN', 'PROPN', 'PROPN', 'PROPN', 'NOUN', 'NOUN', 'PROPN', 'NOUN', 'NOUN', 'PROPN', 'PROPN', 'PROPN', 'PROPN', 'NOUN', 'VERB', 'PROPN', 'NOUN', 'PROPN', 'PROPN', 'PROPN', 'PROPN', 'PROPN', 'NOUN', 'NOUN', 'NOUN', 'ADP', 'NOUN', 'NOUN', 'VERB', 'NOUN', 'ADP', 'VERB', 'NOUN', 'ADJ', 'NOUN', 'NOUN', 'PROPN', 'PROPN', 'PROPN', 'PROPN', 'NOUN', 'ADP', 'NOUN', 'PROPN', 'PROPN', 'PROPN', 'PROPN', 'PROPN', 'PROPN', 'PROPN', 'VERB', 'PROPN', 'PROPN', 'PROPN', 'PROPN', 'NOUN', 'NOUN', 'NOUN', 'ADJ', 'PROPN', 'PROPN', 'PROPN', 'NOUN', 'NOUN', 'NOUN', 'PROPN', 'PROPN', 'PROPN', 'PROPN', 'PROPN', 'PROPN', 'NOUN', 'PROPN', 'PROPN', 'VERB']","['party popper julio', 'dias tooth collision consiente sonrisa', 'descuentos especiales', 'dia spiral calendar promociones dia check mark button lunes', 'blanqueamientos', 'descuento check mark button martes tooth resinas dentales', 'check mark button miercoles girl boy dia especial atencion', 'check mark button jueves', 'botox descuento check mark button viernes cross mark extracciones simples', 'soap dias', 'dentales', 'hands', 'round pushpin consultorio dental centro bucerias', 'mobile phone', 'arrow agenda cita whatsapp cupos limitados dia dejes', 'promociones exclusivas julio blue heart promocionesdentalesjulio dentistabucerias', 'saludbucal botoxbucerias blanqueamientodental descuentostodojulio dentist dentistryworld dentistry buceriasnayaritmexico mexico puertovallarta bahiadebanderas dentalhealth dentalcleaning witheningteeth extracciondemuelas odontopediatras']","[{'text': 'dia', 'label': 'ORG'}, {'text': 'dia', 'label': 'ORG'}, {'text': 'mark button', 'label': 'PERSON'}, {'text': 'dia', 'label': 'ORG'}, {'text': 'mark button', 'label': 'PERSON'}, {'text': 'mark button', 'label': 'PERSON'}, {'text': 'arrow agenda cita', 'label': 'PERSON'}, {'text': 'cupos', 'label': 'ORG'}, {'text': 'dia dejes pasar', 'label': 'ORG'}, {'text': 'exclusivas julio', 'label': 'PERSON'}, {'text': 'mexico puertovallarta', 'label': 'ORG'}, {'text': 'witheningteeth', 'label': 'DATE'}]",0.11214953271028037
35206,,arquitectura autor define nuevo estandar frente mar tizate desarrollo disenado valoran diseno contemporaneo terrazas abiertas forma vivir conectada entorno departamentos mdp cruz huanacaxtle riviera nayarit mobile phone with arrow whatsapp telephone tel round pushpin tizate cruz huanacaxtle nay globe with meridians tizate peninsula tizate arquitecturadeautor rivieranayarit lacruzdehuanacaxtle vidafrentealmar,"['PROPN', 'NOUN', 'PROPN', 'PROPN', 'PROPN', 'PROPN', 'PROPN', 'PROPN', 'PROPN', 'PROPN', 'PROPN', 'PROPN', 'PROPN', 'PROPN', 'PROPN', 'PROPN', 'PROPN', 'PROPN', 'NOUN', 'VERB', 'PROPN', 'PROPN', 'PROPN', 'PROPN', 'PROPN', 'PROPN', 'PROPN', 'ADP', 'NOUN', 'ADJ', 'NOUN', 'NOUN', 'ADJ', 'ADJ', 'NOUN', 'PROPN', 'PROPN', 'PROPN', 'PROPN', 'ADP', 'NOUN', 'ADJ', 'NOUN', 'NOUN', 'NOUN', 'PROPN', 'PROPN', 'PROPN']","['arquitectura autor', 'mdp cruz huanacaxtle riviera nayarit mobile phone', 'arrow whatsapp telephone tel round pushpin tizate cruz huanacaxtle nay globe', 'meridians tizate peninsula tizate arquitecturadeautor rivieranayarit lacruzdehuanacaxtle vidafrentealmar']","[{'text': 'arquitectura', 'label': 'ORG'}, {'text': 'nuevo estandar frente mar tizate', 'label': 'PERSON'}, {'text': 'diseno contemporaneo', 'label': 'PERSON'}, {'text': 'terrazas', 'label': 'PERSON'}, {'text': 'forma vivir', 'label': 'PERSON'}, {'text': 'conectada entorno', 'label': 'PERSON'}, {'text': 'mdp cruz huanacaxtle riviera', 'label': 'ORG'}, {'text': 'nayarit mobile', 'label': 'ORG'}, {'text': 'cruz huanacaxtle', 'label': 'PERSON'}]",0.1875
35381,,colores sabores alegran alma sparkles avocado colors flavors brighten soul sparkles avocado disfruta autentica tradicion mexicana cada bocado acompanada frescura perfecta dia aqui felicidad sirve mesa enjoy authentic mexican tradition every bite accompanied perfect freshness day happiness served table ven vivir experiencia riviera come live riviera experience alarm clock lunes domingo round pushpin paseo cocoteros nuevo nayarit nay mobile phone with arrow reservaciones rivieragrill nuevonayarit restaurante food tequilaandmusic mexicantradition saborautentico freshfood,"['VERB', 'VERB', 'PROPN', 'NOUN', 'VERB', 'VERB', 'NOUN', 'NOUN', 'VERB', 'NOUN', 'VERB', 'VERB', 'PROPN', 'PROPN', 'PROPN', 'PROPN', 'PROPN', 'PROPN', 'PROPN', 'PROPN', 'NOUN', 'PROPN', 'PROPN', 'PROPN', 'VERB', 'PROPN', 'VERB', 'ADJ', 'ADJ', 'NOUN', 'DET', 'NOUN', 'VERB', 'ADJ', 'NOUN', 'NOUN', 'NOUN', 'VERB', 'NOUN', 'CCONJ', 'PROPN', 'PROPN', 'NOUN', 'VERB', 'ADJ', 'NOUN', 'NOUN', 'NOUN', 'NOUN', 'PROPN', 'PROPN', 'ADJ', 'NOUN', 'PROPN', 'VERB', 'PROPN', 'PROPN', 'PROPN', 'PROPN', 'NOUN', 'ADP', 'NOUN', 'NOUN', 'NOUN', 'PROPN', 'PROPN', 'NOUN', 'NOUN', 'NOUN', 'NOUN', 'NOUN']","['alegran alma', 'colors flavors', 'soul', 'disfruta autentica tradicion mexicana cada bocado acompanada frescura perfecta dia aqui felicidad', 'mesa', 'authentic mexican tradition', 'every bite', 'perfect freshness day happiness', 'ven vivir experiencia riviera', 'live riviera experience alarm clock lunes domingo round pushpin paseo', 'nuevo nayarit nay mobile phone', 'arrow reservaciones rivieragrill nuevonayarit restaurante food tequilaandmusic mexicantradition saborautentico freshfood']","[{'text': 'mexicana cada', 'label': 'ORG'}, {'text': 'bocado', 'label': 'GPE'}, {'text': 'acompanada', 'label': 'GPE'}, {'text': 'mexican', 'label': 'NORP'}, {'text': 'experiencia riviera', 'label': 'PERSON'}, {'text': 'nayarit', 'label': 'GPE'}, {'text': 'saborautentico', 'label': 'NORP'}]",0.09859154929577464
35403,,fork and knife with plate invitan cena causa sabor inclusion nuevo nayarit fundacion andrea anuncio segunda edicion evento gastronomico sabor inclusion llevara cabo jueves febrero horas tigre club golf costo mil pesos boleto cena cinco tiempos elaborada chefs region busca recaudar fondos atencion acompanamiento personas sindrome fernando castro rubio tesorero organizacion destaco evento vital cubrir necesidades operativas centro ascienden millones pesos anuales fundacionandrea inclusion nuevonayarit saborainclusion sindromededown blue heart,"['NOUN', 'CCONJ', 'NOUN', 'ADP', 'PROPN', 'PROPN', 'PROPN', 'PROPN', 'PROPN', 'PROPN', 'PROPN', 'PROPN', 'PROPN', 'PROPN', 'PROPN', 'PROPN', 'PROPN', 'ADP', 'NOUN', 'NOUN', 'PROPN', 'PROPN', 'PROPN', 'VERB', 'NOUN', 'NOUN', 'VERB', 'NOUN', 'NOUN', 'NOUN', 'PROPN', 'PROPN', 'PROPN', 'PROPN', 'PROPN', 'PROPN', 'PROPN', 'PROPN', 'PROPN', 'PROPN', 'PROPN', 'PROPN', 'PROPN', 'PROPN', 'PROPN', 'PROPN', 'PROPN', 'PROPN', 'PROPN', 'PROPN', 'PROPN', 'PROPN', 'ADP', 'ADJ', 'NOUN', 'NOUN', 'PROPN', 'PROPN', 'PROPN', 'PROPN', 'PROPN', 'VERB', 'PROPN', 'PROPN', 'PROPN', 'PROPN', 'ADP', 'ADJ', 'NOUN']","['fork', 'knife', 'plate invitan cena causa sabor inclusion nuevo nayarit fundacion andrea anuncio segunda edicion', 'gastronomico sabor inclusion llevara cabo', 'febrero horas', 'club golf costo mil pesos', 'cena cinco tiempos elaborada chefs region busca recaudar fondos atencion', 'acompanamiento personas sindrome fernando castro rubio tesorero organizacion destaco', 'vital cubrir', 'operativas centro ascienden millones pesos', 'fundacionandrea inclusion nuevonayarit saborainclusion', 'blue heart']","[{'text': 'invitan cena', 'label': 'PERSON'}, {'text': 'nayarit', 'label': 'GPE'}, {'text': 'cena', 'label': 'NORP'}, {'text': 'elaborada', 'label': 'DATE'}, {'text': 'fernando castro', 'label': 'PERSON'}, {'text': 'destaco', 'label': 'ORG'}]",0.08695652173913043
35411,,invertir bien solo comprar departamento elegir ubicacion momento proyeccion vaha preventa exclusiva nuevo nayarit pensada buscan inversion solida funcional alto potencial plusvalia check mark precios mxn check mark enganche check mark zona servicios alta demanda crecimiento constante check mark ideal vivir rentar opcion estrategica entienden valor construye decision correcta mobile phone with arrow solicita informacion recibe asesoria completa toppreventas inversioninmobiliaria preventa nuevonayarit,"['PROPN', 'PROPN', 'PROPN', 'PROPN', 'PROPN', 'PROPN', 'NOUN', 'PROPN', 'NOUN', 'NOUN', 'PROPN', 'PROPN', 'PROPN', 'PROPN', 'PROPN', 'PROPN', 'NOUN', 'PROPN', 'PROPN', 'PROPN', 'PROPN', 'PROPN', 'NOUN', 'NOUN', 'NOUN', 'PROPN', 'PROPN', 'PROPN', 'PROPN', 'PROPN', 'PROPN', 'PROPN', 'PROPN', 'PROPN', 'PROPN', 'PROPN', 'NOUN', 'NOUN', 'NOUN', 'ADJ', 'NOUN', 'NOUN', 'PROPN', 'PROPN', 'VERB', 'PROPN', 'PROPN', 'NOUN', 'PROPN', 'PROPN', 'NOUN', 'ADP', 'NOUN', 'NOUN', 'NOUN', 'NOUN', 'PROPN', 'PROPN', 'PROPN', 'PROPN', 'PROPN', 'PROPN']","['invertir bien solo comprar departamento elegir ubicacion', 'proyeccion vaha preventa exclusiva nuevo nayarit pensada buscan inversion solida funcional alto potencial plusvalia check', 'mark precios', 'opcion estrategica', 'valor construye decision correcta mobile phone', 'arrow solicita informacion recibe asesoria completa toppreventas inversioninmobiliaria preventa nuevonayarit']","[{'text': 'invertir bien solo comprar departamento', 'label': 'ORG'}, {'text': 'nayarit pensada buscan inversion', 'label': 'ORG'}, {'text': 'solida', 'label': 'GPE'}, {'text': 'mark zona servicios', 'label': 'PERSON'}, {'text': 'rentar', 'label': 'ORG'}, {'text': 'estrategica entienden valor construye', 'label': 'FAC'}]",0.0967741935483871
35428,,police car light palm tree puente marzo playa palm tree police car light party popper festeja natalicio benito juarez aprovechalo familia party popper family man woman girl boy atencion familias krystal grand nuevo vallarta water wave sparkles fire ninos gratis anos gratis gratis gratis raising hands collision hotel krystal grand nuevo vallarta round pushpin nuevo nayarit sparkles bloqueo fecha unica puente oficial spiral calendar marzo hourglass not done dias noches viernes lunes glowing star plan incluido cooking desayunos fork and knife with plate comidas spaghetti cenas tropical drink bebidas nacionales ilimitadas beach with umbrella playa hermosa person swimming albercas familiares bullseye actividades diarias person getting massage descanso relajacion total money bag precio especial bloqueo woman and man holding hands mxn adultos girl boy ninos gratis anos bed habitacion estandar family man woman girl boy capacidad maxima personas automobile transporte incluido palm tree sparkles vacaciones perfectas aprovechar puente viajar familia gastar ideal consentir hijos descansar temporada alta fire cupo super limitado fecha solicitada fire mobile phone with arrow reserva whatsapp backhand index pointing right puentedemarzo ninosgratis krystalgrandnuevovallarta nuevonayarit todoincluido viajeszolltour vacacionesenfamilia playamexico promofamiliar sun with face palm tree sparkles,"['NOUN', 'NOUN', 'NOUN', 'NOUN', 'NOUN', 'NOUN', 'NOUN', 'PROPN', 'PROPN', 'NOUN', 'NOUN', 'NOUN', 'NOUN', 'NOUN', 'NOUN', 'PROPN', 'NOUN', 'PROPN', 'PROPN', 'PROPN', 'PROPN', 'PROPN', 'NOUN', 'NOUN', 'NOUN', 'NOUN', 'NOUN', 'NOUN', 'PROPN', 'PROPN', 'PROPN', 'PROPN', 'PROPN', 'PROPN', 'NOUN', 'NOUN', 'VERB', 'NOUN', 'PROPN', 'PROPN', 'NOUN', 'NOUN', 'NOUN', 'NOUN', 'VERB', 'NOUN', 'NOUN', 'NOUN', 'PROPN', 'PROPN', 'PROPN', 'PROPN', 'PROPN', 'PROPN', 'PROPN', 'PROPN', 'VERB', 'VERB', 'PROPN', 'PROPN', 'PROPN', 'ADJ', 'ADJ', 'NOUN', 'NOUN', 'NOUN', 'PART', 'VERB', 'NOUN', 'NOUN', 'NOUN', 'NOUN', 'VERB', 'NOUN', 'NOUN', 'NOUN', 'NOUN', 'NOUN', 'NOUN', 'CCONJ', 'NOUN', 'ADP', 'NOUN', 'PROPN', 'PROPN', 'PROPN', 'ADJ', 'NOUN', 'NOUN', 'PROPN', 'VERB', 'NOUN', 'ADP', 'PROPN', 'PROPN', 'PROPN', 'NOUN', 'PROPN', 'PROPN', 'NOUN', 'NOUN', 'VERB', 'PROPN', 'NOUN', 'VERB', 'NOUN', 'NOUN', 'NOUN', 'ADJ', 'NOUN', 'PROPN', 'PROPN', 'NOUN', 'ADJ', 'NOUN', 'CCONJ', 'NOUN', 'VERB', 'NOUN', 'NOUN', 'VERB', 'NOUN', 'NOUN', 'PROPN', 'PROPN', 'PROPN', 'PROPN', 'PROPN', 'NOUN', 'NOUN', 'NOUN', 'NOUN', 'NOUN', 'NOUN', 'PROPN', 'PROPN', 'PROPN', 'PROPN', 'NOUN', 'ADJ', 'NOUN', 'NOUN', 'VERB', 'NOUN', 'VERB', 'NOUN', 'NOUN', 'NOUN', 'PROPN', 'NOUN', 'NOUN', 'PROPN', 'PROPN', 'AUX', 'PROPN', 'PROPN', 'PROPN', 'VERB', 'PROPN', 'PROPN', 'PROPN', 'PROPN', 'PROPN', 'ADJ', 'NOUN', 'ADP', 'NOUN', 'PROPN', 'PROPN', 'PROPN', 'NOUN', 'VERB', 'ADJ', 'NOUN', 'PROPN', 'PROPN', 'PROPN', 'PROPN', 'PROPN', 'PROPN', 'PROPN', 'PROPN', 'PROPN', 'ADP', 'NOUN', 'NOUN', 'NOUN', 'VERB']","['police car light palm tree puente marzo playa palm tree police car light party popper festeja natalicio benito juarez aprovechalo familia party popper family man woman girl boy atencion familias krystal grand nuevo vallarta water wave', 'fire ninos gratis anos gratis gratis gratis', 'round pushpin nuevo nayarit', 'bloqueo fecha unica puente oficial spiral calendar marzo hourglass', 'dias', 'viernes lunes', 'star plan incluido cooking desayunos fork', 'knife', 'plate', 'tropical drink bebidas nacionales', 'beach', 'umbrella playa hermosa person swimming albercas familiares bullseye', 'diarias person', 'massage descanso relajacion total money bag precio especial bloqueo woman', 'man', 'hands', 'mxn adultos girl boy ninos gratis anos bed habitacion estandar family man woman girl boy capacidad maxima personas automobile transporte incluido palm tree', 'vacaciones', 'perfectas aprovechar puente viajar familia gastar ideal consentir hijos', 'temporada alta fire', 'super limitado fecha solicitada fire mobile phone', 'right puentedemarzo', 'viajeszolltour vacacionesenfamilia playamexico promofamiliar sun', 'face palm tree']","[{'text': 'juarez aprovechalo', 'label': 'PERSON'}, {'text': 'familia party popper family', 'label': 'ORG'}, {'text': 'nuevo vallarta', 'label': 'PERSON'}, {'text': 'nuevo vallarta round', 'label': 'ORG'}, {'text': 'nayarit', 'label': 'GPE'}, {'text': 'unica', 'label': 'LOC'}, {'text': 'comidas', 'label': 'ORG'}, {'text': 'ilimitadas beach', 'label': 'GPE'}, {'text': 'umbrella playa hermosa', 'label': 'ORG'}, {'text': 'gratis anos bed', 'label': 'PERSON'}, {'text': 'maxima personas', 'label': 'PRODUCT'}, {'text': 'hijos descansar temporada', 'label': 'PERSON'}, {'text': 'arrow reserva whatsapp backhand', 'label': 'ORG'}]",0.06914893617021277
35477,,coconut water wave escapate nuevo nayarit vive unas vacaciones inolvidables fiesta americana resort incluido frente mar ideal descansar disfrutar grande water wave coconut money bag persona base habitacion doble spiral calendar mayo sun with face dias noches hospedaje bagel alimentos bebidas ilimitadas check mark button precio sujeto cambio previo aviso aplican restricciones round pushpin visitanos juarez green circle whatsapp telephone oficinas nuevonayarit rivieranayarit fiestaamericana fiestaamericananuevonayarit,"['PROPN', 'NOUN', 'NOUN', 'VERB', 'PROPN', 'PROPN', 'PROPN', 'PROPN', 'NOUN', 'NOUN', 'PROPN', 'PROPN', 'PROPN', 'PROPN', 'PROPN', 'PROPN', 'PROPN', 'VERB', 'PROPN', 'VERB', 'NOUN', 'NOUN', 'PROPN', 'PROPN', 'PROPN', 'PROPN', 'PROPN', 'PROPN', 'ADJ', 'ADJ', 'NOUN', 'PROPN', 'PROPN', 'ADP', 'NOUN', 'NOUN', 'VERB', 'PROPN', 'PROPN', 'PROPN', 'PROPN', 'PROPN', 'NOUN', 'PROPN', 'PROPN', 'PROPN', 'PROPN', 'PROPN', 'NOUN', 'NOUN', 'NOUN', 'VERB', 'ADJ', 'ADJ', 'NOUN', 'PROPN', 'PROPN', 'PROPN', 'PROPN', 'PROPN', 'PROPN', 'PROPN', 'PROPN', 'PROPN', 'PROPN']","['coconut water wave', 'nuevo nayarit vive unas vacaciones inolvidables', 'fiesta americana resort incluido frente mar ideal', 'descansar disfrutar grande water wave coconut money bag persona base habitacion doble spiral calendar mayo sun', 'face dias', 'hospedaje bagel alimentos', 'bebidas', 'ilimitadas check mark button precio sujeto cambio previo aviso aplican', 'juarez green circle']","[{'text': 'bebidas ilimitadas', 'label': 'PERSON'}, {'text': 'mark button precio', 'label': 'PERSON'}, {'text': 'aplican', 'label': 'NORP'}, {'text': 'green circle whatsapp telephone oficinas nuevonayarit', 'label': 'LOC'}]",0.06153846153846154
35626,,palm tree viaje rincon guayabitos minibus salida morelia autobus hotel hotel isla coral backhand index pointing right viaje marzo check mark button plan incluido incluye delivery truck transporte redondo morelia autobus locked seguro viajero bordo unidad hotel hospedaje noches dias green salad desayuno comida cena tipo bufet pizza snack tropical drink bebidas ilimitadas woman playing water polo actividades small blue diamond costo adultos mobile phone with arrow solicita reservacion contactanos visitanos backhand index pointing down round pushpin virrey mendoza col felix ireta mobile phone with arrow cz telephone envelope contacto com globe with meridians agenciadeviajessegura agenciadeviajes agenciadeviajesenmorelia viajesaguayabitos rincondeguayabitos hotelislacoral islacoralguayabitos viajesgrupales viajesenoferta viajesenpareja viajestodoincluido viajesalaplaya hoteltodoincluido guayabitosnayarit guayabitos viajesdesdemorelia viajesaliendodemorelia mrturista guayabitosdesdemorelia,"['PROPN', 'PROPN', 'PROPN', 'PROPN', 'PROPN', 'PROPN', 'PROPN', 'PROPN', 'PROPN', 'NOUN', 'NOUN', 'NOUN', 'PROPN', 'PROPN', 'PROPN', 'VERB', 'ADJ', 'NOUN', 'NOUN', 'NOUN', 'PROPN', 'NOUN', 'NOUN', 'VERB', 'PROPN', 'NOUN', 'NOUN', 'NOUN', 'PROPN', 'PROPN', 'PROPN', 'VERB', 'PROPN', 'NOUN', 'PROPN', 'PROPN', 'PROPN', 'PROPN', 'VERB', 'PROPN', 'ADJ', 'NOUN', 'PROPN', 'PROPN', 'PROPN', 'PROPN', 'PROPN', 'PROPN', 'NOUN', 'ADJ', 'NOUN', 'VERB', 'VERB', 'NOUN', 'VERB', 'NOUN', 'NOUN', 'NOUN', 'ADJ', 'ADJ', 'NOUN', 'PROPN', 'VERB', 'ADJ', 'NOUN', 'ADP', 'NOUN', 'NOUN', 'NOUN', 'NOUN', 'PROPN', 'PROPN', 'PROPN', 'VERB', 'ADP', 'ADJ', 'ADJ', 'NOUN', 'PROPN', 'PROPN', 'PROPN', 'PROPN', 'PROPN', 'NOUN', 'ADP', 'NOUN', 'NOUN', 'NOUN', 'NOUN', 'PROPN', 'NOUN', 'PROPN', 'ADP', 'NOUN', 'NOUN', 'PROPN', 'PROPN', 'PROPN', 'VERB', 'ADJ', 'NOUN', 'NOUN', 'PROPN', 'PROPN', 'PROPN', 'ADJ', 'ADP', 'PROPN', 'PROPN', 'PROPN', 'PROPN', 'NOUN', 'NOUN']","['incluye delivery truck transporte redondo morelia autobus', 'unidad hotel hospedaje', 'water polo', 'small blue diamond costo', 'mobile phone', 'arrow solicita reservacion contactanos visitanos backhand index', 'round pushpin virrey mendoza col felix ireta mobile phone', 'arrow cz telephone envelope contacto com globe', 'meridians', 'agenciadeviajessegura', 'agenciadeviajes agenciadeviajesenmorelia viajesaguayabitos', 'hotelislacoral islacoralguayabitos viajesgrupales viajesenoferta viajesenpareja viajestodoincluido', 'viajesalaplaya hoteltodoincluido guayabitosnayarit guayabitos', 'viajesaliendodemorelia mrturista guayabitosdesdemorelia']","[{'text': 'minibus salida', 'label': 'NORP'}, {'text': 'autobus hotel hotel', 'label': 'ORG'}, {'text': 'morelia autobus', 'label': 'ORG'}, {'text': 'viajero', 'label': 'PRODUCT'}, {'text': 'cena', 'label': 'NORP'}, {'text': 'ireta mobile', 'label': 'ORG'}, {'text': 'agenciadeviajesenmorelia', 'label': 'GPE'}, {'text': 'viajesdesdemorelia viajesaliendodemorelia mrturista guayabitosdesdemorelia', 'label': 'ORG'}]",0.07079646017699115
35660,,renta casa house with garden double exclamation mark hermosa casa renta ubicada fraccionamiento terralta bucerias nay mexico round pushpin double exclamation mark casa ubicada fraccionamiento privado cuenta casa club house with garden alberca seguridad identification card double exclamation mark casa house with garden pushpin habitaciones bed pushpin banos toilet pushpin sala couch and lamp pushpin cocina cooking pushpin comedor chair pushpin area servicio plunger check mark button casa totalmente amueblada couch and lamp television double exclamation mark money bag mxn money bag agenda cita tear off calendar mobile phone with arrow mobile phone with arrow venta mavikjs bienesraices bahiadebanderas puertovallarta vacations inmuebles aceptamostucredito ventas agendatucita realstatecompany mavikjs vallarta preguntasincompromiso bucerias bahiadebanderas mavikjs buceria ventas rincondeguayabitos preguntasincompromiso bienesarices bienesyraices realstate realestatecompany casasmodernas tumejoropcion vacaciones facilidadesdepago casanueva,"['PROPN', 'PROPN', 'PROPN', 'ADP', 'NOUN', 'ADJ', 'NOUN', 'NOUN', 'PROPN', 'PROPN', 'PROPN', 'PROPN', 'PROPN', 'PROPN', 'NOUN', 'PROPN', 'PROPN', 'PROPN', 'ADJ', 'ADJ', 'NOUN', 'PROPN', 'PROPN', 'PROPN', 'PROPN', 'NOUN', 'PROPN', 'PROPN', 'NOUN', 'PROPN', 'ADP', 'NOUN', 'PROPN', 'PROPN', 'PROPN', 'NOUN', 'ADJ', 'NOUN', 'PROPN', 'PROPN', 'PROPN', 'ADP', 'NOUN', 'NOUN', 'VERB', 'NOUN', 'NOUN', 'NOUN', 'NOUN', 'NOUN', 'NOUN', 'PROPN', 'CCONJ', 'NOUN', 'NOUN', 'NOUN', 'VERB', 'ADJ', 'NOUN', 'NOUN', 'NOUN', 'NOUN', 'NOUN', 'NOUN', 'PROPN', 'PROPN', 'PROPN', 'PROPN', 'PROPN', 'PROPN', 'PROPN', 'CCONJ', 'NOUN', 'NOUN', 'ADJ', 'NOUN', 'VERB', 'NOUN', 'NOUN', 'PROPN', 'PROPN', 'PROPN', 'PROPN', 'PROPN', 'VERB', 'ADP', 'NOUN', 'NOUN', 'NOUN', 'ADP', 'NOUN', 'ADJ', 'NOUN', 'ADP', 'PROPN', 'PROPN', 'NOUN', 'PROPN', 'PROPN', 'PROPN', 'PROPN', 'PROPN', 'PROPN', 'NOUN', 'PROPN', 'NOUN', 'VERB', 'PROPN', 'VERB', 'PROPN', 'NOUN', 'VERB', 'PROPN', 'PROPN', 'VERB', 'VERB', 'VERB', 'NOUN', 'VERB', 'PROPN', 'PROPN', 'NOUN', 'NOUN', 'PROPN', 'PROPN']","['renta casa house', 'garden double exclamation mark hermosa casa renta ubicada fraccionamiento terralta bucerias', 'nay mexico round pushpin double exclamation mark casa ubicada fraccionamiento privado cuenta casa club house', 'garden alberca seguridad identification card double exclamation mark casa house', 'garden pushpin', 'bed', 'money bag mxn money bag agenda cita', 'calendar mobile phone', 'arrow mobile phone', 'arrow venta mavikjs bienesraices bahiadebanderas puertovallarta vacations inmuebles aceptamostucredito ventas agendatucita realstatecompany', 'bucerias bahiadebanderas', 'buceria ventas', 'bienesyraices', 'realestatecompany']","[{'text': 'renta casa house', 'label': 'ORG'}, {'text': 'mexico', 'label': 'GPE'}, {'text': 'casa ubicada', 'label': 'ORG'}, {'text': 'casa club', 'label': 'ORG'}, {'text': 'casa house', 'label': 'ORG'}, {'text': 'mark button', 'label': 'PERSON'}, {'text': 'casa', 'label': 'GPE'}, {'text': 'agenda cita', 'label': 'PERSON'}, {'text': 'arrow venta mavikjs bienesraices', 'label': 'ORG'}, {'text': 'puertovallarta', 'label': 'GPE'}, {'text': 'inmuebles aceptamostucredito', 'label': 'PERSON'}, {'text': 'vallarta preguntasincompromiso', 'label': 'ORG'}, {'text': 'mavikjs buceria', 'label': 'PERSON'}]",0.104
35677,,agusshhtoo dijo molachaaa photooftheday curvygirl instabeach rincondeguayabitos relsb,"['ADV', 'ADJ', 'NOUN', 'PROPN', 'PROPN', 'PROPN', 'VERB', 'PROPN']","['agusshhtoo dijo molachaaa', 'photooftheday curvygirl instabeach', 'relsb']",[],0.0
35697,,olas pacifico mexicano forma tamano temperatura ideal niveles estilos surfing solo saber playa marea adecuada pasar buen dia agua divertido riesgo ocasion use tabla hecha mano super estable rapida mejores tablas mexico supsurfing ok hand smiling face with sunglasses water wave gracias hospitalidad siempre brinda lugar altamente recomendable descansar despues largo dia playa buenas olas quieres conocer nuevos lugares acompane local conozca condiciones ideales actividades mar diving mask water wave man surfing pues vamos smiling face with sunglasses call me hand ubicados rincon guayabitos nayarit mexico mexico playa hotel vista box hacemos plan buscar olas nuevas aventuras rema fuerte vive consciente flexed biceps man in lotus position man surfing rincondeguayabitos isladelcoral rivieranayarit paddleboard paddlelife saltylife hiddenbeach nayarit sayulita bahiadebanderas bahiadejalt supsurf supsurfing paddleboardingadventures healthylifestyle sunsetvibes sunset clearwater hawaiitospaddleandsurfexperiences,"['PROPN', 'PROPN', 'PROPN', 'PROPN', 'PROPN', 'PROPN', 'PROPN', 'NOUN', 'NOUN', 'VERB', 'PROPN', 'PROPN', 'PROPN', 'PROPN', 'PROPN', 'PROPN', 'PROPN', 'PROPN', 'PROPN', 'PROPN', 'PROPN', 'NOUN', 'NOUN', 'PROPN', 'PROPN', 'PROPN', 'PROPN', 'PROPN', 'PROPN', 'NOUN', 'PROPN', 'PROPN', 'PROPN', 'ADJ', 'NOUN', 'VERB', 'NOUN', 'ADP', 'NOUN', 'NOUN', 'NOUN', 'NOUN', 'PROPN', 'PROPN', 'PROPN', 'PROPN', 'PROPN', 'ADJ', 'PROPN', 'NOUN', 'PROPN', 'PROPN', 'PROPN', 'PROPN', 'PROPN', 'NOUN', 'VERB', 'PROPN', 'NOUN', 'VERB', 'ADJ', 'NOUN', 'NOUN', 'NOUN', 'VERB', 'PROPN', 'PROPN', 'PROPN', 'NOUN', 'NOUN', 'NOUN', 'VERB', 'NOUN', 'ADP', 'VERB', 'NOUN', 'ADP', 'NOUN', 'VERB', 'PRON', 'NOUN', 'ADJ', 'PROPN', 'PROPN', 'PROPN', 'PROPN', 'PROPN', 'PROPN', 'PROPN', 'PROPN', 'PROPN', 'PROPN', 'PROPN', 'PROPN', 'PROPN', 'PROPN', 'PROPN', 'PROPN', 'PROPN', 'PROPN', 'NOUN', 'VERB', 'NOUN', 'NOUN', 'ADP', 'PROPN', 'NOUN', 'NOUN', 'NOUN', 'VERB', 'ADJ', 'NOUN', 'PROPN', 'PROPN', 'PROPN', 'PROPN', 'PROPN', 'PROPN', 'PROPN', 'PROPN', 'PROPN', 'VERB', 'NOUN', 'NOUN', 'NOUN', 'NOUN', 'PROPN', 'NOUN']","['olas pacifico mexicano forma tamano temperatura ideal niveles', 'solo saber playa marea adecuada pasar buen dia agua divertido riesgo ocasion use tabla hecha mano super estable rapida mejores tablas mexico', 'ok hand smiling face', 'sunglasses water wave gracias hospitalidad siempre', 'nuevos lugares', 'local conozca condiciones ideales', 'mar diving mask water wave man', 'pues', 'face', 'sunglasses', 'me', 'hand', 'ubicados rincon guayabitos nayarit mexico mexico playa hotel vista box hacemos plan', 'vive consciente flexed biceps man', 'lotus position man', 'isladelcoral rivieranayarit paddleboard paddlelife saltylife hiddenbeach nayarit sayulita bahiadebanderas bahiadejalt supsurf', 'paddleboardingadventures healthylifestyle sunsetvibes', 'sunset clearwater hawaiitospaddleandsurfexperiences']","[{'text': 'adecuada pasar buen dia', 'label': 'ORG'}, {'text': 'dia', 'label': 'ORG'}, {'text': 'nayarit', 'label': 'GPE'}, {'text': 'mexico mexico playa', 'label': 'FAC'}, {'text': 'vista', 'label': 'ORG'}, {'text': 'hacemos', 'label': 'PERSON'}, {'text': 'lotus', 'label': 'ORG'}]",0.0546875
35704,,ultimos lugares puente playa beach with umbrella rincon guayabitos reserva playa vacaciones rincondeguayabitos comforttraveloficial,"['PROPN', 'PROPN', 'PROPN', 'PROPN', 'PROPN', 'ADP', 'PROPN', 'PROPN', 'PROPN', 'PROPN', 'NOUN', 'NOUN', 'VERB', 'NOUN']","['ultimos lugares puente playa beach', 'umbrella rincon guayabitos reserva playa vacaciones', 'comforttraveloficial']","[{'text': 'umbrella rincon', 'label': 'ORG'}, {'text': 'reserva playa vacaciones', 'label': 'ORG'}]",0.14285714285714285
35707,,risas mar descanso total beach with umbrella asi vive escapada hotel lindo hibiscus gracias compartir alegria blue heart rincondeguayabitos guayabitos hotel familia nayarit nayaritmexico,"['PROPN', 'PROPN', 'VERB', 'ADJ', 'NOUN', 'ADP', 'PROPN', 'PROPN', 'ADJ', 'NOUN', 'NOUN', 'NOUN', 'PROPN', 'PROPN', 'VERB', 'PROPN', 'ADJ', 'NOUN', 'AUX', 'VERB', 'NOUN', 'PROPN', 'PROPN', 'PROPN']","['risas', 'mar', 'total beach', 'umbrella asi', 'vive escapada hotel lindo hibiscus gracias compartir alegria blue heart', 'hotel familia nayarit nayaritmexico']","[{'text': 'risas mar', 'label': 'PERSON'}, {'text': 'umbrella asi', 'label': 'ORG'}]",0.08333333333333333
35712,,speedboat sparkles diversion zarpa rincon guayabitos palm tree asi vive experiencia bordo nuevo barco isla coral atraccion familiar llena alegria musica juegos momentos inolvidables party popper sun aun vivido paseo preparate disfrutar mar nunca water wave blue heart round pushpin salidas rincon guayabitos nayarit mobile phone with arrow reserva vive aventura completa pineda tours pinedastours islacoral rincondeguayabitos aventuraenelmar paseofamiliar nayaritesbonito islacoralexperience viajaconpinedas diversionenfamilia,"['NOUN', 'VERB', 'NOUN', 'PROPN', 'PROPN', 'PROPN', 'PROPN', 'NOUN', 'PROPN', 'PROPN', 'PROPN', 'PROPN', 'PROPN', 'PROPN', 'PROPN', 'PROPN', 'PROPN', 'ADJ', 'PROPN', 'PROPN', 'PROPN', 'PROPN', 'PROPN', 'VERB', 'PROPN', 'PROPN', 'PROPN', 'PROPN', 'PROPN', 'PROPN', 'VERB', 'PROPN', 'PROPN', 'ADJ', 'NOUN', 'NOUN', 'ADJ', 'NOUN', 'ADJ', 'NOUN', 'NOUN', 'PROPN', 'PROPN', 'PROPN', 'PROPN', 'PROPN', 'ADP', 'NOUN', 'PROPN', 'ADJ', 'PROPN', 'PROPN', 'PROPN', 'NOUN', 'NOUN', 'ADJ', 'VERB', 'PROPN', 'PROPN', 'PROPN', 'NOUN', 'PROPN', 'PROPN']","['speedboat', 'diversion', 'familiar llena alegria musica juegos momentos', 'disfrutar mar nunca water wave blue heart round pushpin salidas rincon guayabitos nayarit mobile phone', 'arrow reserva vive aventura completa pineda tours', 'pinedastours', 'aventuraenelmar paseofamiliar nayaritesbonito islacoralexperience viajaconpinedas diversionenfamilia']","[{'text': 'zarpa rincon', 'label': 'PERSON'}, {'text': 'experiencia bordo', 'label': 'PERSON'}, {'text': 'nuevo barco', 'label': 'PERSON'}, {'text': 'musica juegos momentos inolvidables party popper sun', 'label': 'PERSON'}, {'text': 'disfrutar mar', 'label': 'PERSON'}, {'text': 'nayarit mobile', 'label': 'ORG'}, {'text': 'arrow reserva', 'label': 'ORG'}, {'text': 'nayaritesbonito', 'label': 'PERSON'}, {'text': 'viajaconpinedas diversionenfamilia', 'label': 'PERSON'}]",0.14285714285714285
35719,,water wave escapate familia guayabitos hotel posada mar disfruta habitaciones comodas ambiente familiar solo metros playa beach with umbrella sparkles vive dias llenos sol descanso diversion telephone receiver globe with meridians familia vacacionesconninos vacacionesguayabitos rincondeguayabitos playa,"['NOUN', 'NOUN', 'VERB', 'PROPN', 'NOUN', 'PROPN', 'PROPN', 'PROPN', 'PROPN', 'VERB', 'PROPN', 'NOUN', 'ADJ', 'PROPN', 'PROPN', 'PROPN', 'PROPN', 'ADP', 'PROPN', 'VERB', 'ADJ', 'PROPN', 'PROPN', 'PROPN', 'ADJ', 'NOUN', 'NOUN', 'NOUN', 'NOUN', 'ADP', 'NOUN', 'PROPN', 'PROPN', 'NOUN', 'VERB', 'NOUN']","['water wave', 'familia guayabitos hotel posada mar disfruta', 'comodas ambiente familiar solo metros playa beach', 'umbrella', 'vive dias llenos sol descanso diversion telephone receiver globe', 'meridians', 'vacacionesconninos vacacionesguayabitos', 'playa']",[],0.0
35724,,churros crujientes mejor compania variedad bebidas caerian churros chocolate caliente mananas cafe americano bien cargado thinking face hot beverage green heart pidelos sucursal orden individual tradicional relleno dulce preferencia esperamos green heart eyes olvides tomar foto compartirnos experiencia redes sociales camera with flash churrosconchocolate rincondeguayabitos postres fotografia,"['NOUN', 'VERB', 'PROPN', 'PROPN', 'PROPN', 'PROPN', 'PROPN', 'PROPN', 'PROPN', 'PROPN', 'PROPN', 'PROPN', 'PROPN', 'PROPN', 'PROPN', 'NOUN', 'VERB', 'ADJ', 'NOUN', 'ADJ', 'NOUN', 'VERB', 'ADJ', 'ADJ', 'ADJ', 'ADJ', 'PROPN', 'PROPN', 'PROPN', 'PROPN', 'PROPN', 'PROPN', 'NOUN', 'VERB', 'ADJ', 'NOUN', 'NOUN', 'PROPN', 'VERB', 'VERB', 'NOUN', 'ADP', 'NOUN', 'NOUN', 'NOUN', 'VERB', 'NOUN']","['churros', 'mejor compania variedad bebidas caerian churros chocolate caliente mananas cafe americano bien cargado thinking', 'hot beverage green heart', 'sucursal orden individual tradicional relleno dulce preferencia esperamos green heart eyes', 'tomar foto compartirnos experiencia', 'camera', 'flash churrosconchocolate', 'rincondeguayabitos', 'fotografia']","[{'text': 'bebidas caerian', 'label': 'ORG'}, {'text': 'preferencia esperamos', 'label': 'PERSON'}]",0.0425531914893617
35762,,sparkles beach with umbrella vive experiencia posada mar guayabitos beach with umbrella sparkles hotel solo disfrutas excelente ubicacion pasos playa water wave ofrecemos areas comunes pensadas descanso diversion familia herb relajate espacios llenos plantas detalles acogedores family man woman girl boy pequenos pueden divertirse chapoteadero exclusivo sparkles ambiente tranquilo limpio familiar reserva hoy disfruta unas vacaciones inolvidables rincon guayabitos telephone receiver contactanos directamente mandanos mensaje asegurar lugar backhand index pointing right hotel posada mar guayabitos hogar playa guayabitos rincondeguayabitos playa playaplaya vacacionesdeensueno playaysol vacacionesenfamilia,"['VERB', 'NOUN', 'ADP', 'PROPN', 'PROPN', 'PROPN', 'PROPN', 'PROPN', 'VERB', 'NOUN', 'ADP', 'PROPN', 'VERB', 'NOUN', 'ADJ', 'NOUN', 'NOUN', 'NOUN', 'PROPN', 'PROPN', 'PROPN', 'PROPN', 'PROPN', 'NOUN', 'NOUN', 'VERB', 'ADJ', 'NOUN', 'X', 'NOUN', 'NOUN', 'NOUN', 'NOUN', 'NOUN', 'VERB', 'NOUN', 'NOUN', 'NOUN', 'NOUN', 'NOUN', 'NOUN', 'NOUN', 'VERB', 'NOUN', 'NOUN', 'NOUN', 'VERB', 'NOUN', 'INTJ', 'NOUN', 'ADJ', 'PROPN', 'PROPN', 'NOUN', 'PROPN', 'VERB', 'NOUN', 'PROPN', 'VERB', 'NOUN', 'NOUN', 'NOUN', 'PROPN', 'PROPN', 'PROPN', 'PROPN', 'PROPN', 'PROPN', 'NOUN', 'VERB', 'ADJ', 'NOUN', 'PROPN', 'PROPN', 'VERB', 'NOUN', 'NOUN', 'NOUN', 'VERB', 'PROPN', 'PROPN', 'PROPN', 'PROPN', 'PROPN']","['beach', 'umbrella', 'vive experiencia posada mar', 'beach', 'umbrella', 'hotel solo disfrutas excelente ubicacion pasos playa water wave ofrecemos areas comunes', 'descanso diversion familia herb relajate espacios llenos plantas', 'acogedores family man woman girl boy', 'exclusivo', 'ambiente', 'inolvidables', 'rincon', 'right hotel posada mar', 'hogar playa guayabitos', 'playa playaplaya vacacionesdeensueno playaysol vacacionesenfamilia']","[{'text': 'sparkles beach', 'label': 'GPE'}, {'text': 'experiencia posada mar', 'label': 'PERSON'}, {'text': 'guayabitos beach', 'label': 'GPE'}, {'text': 'reserva hoy', 'label': 'PERSON'}, {'text': 'vacacionesdeensueno', 'label': 'GPE'}, {'text': 'vacacionesenfamilia', 'label': 'GPE'}]",0.07142857142857142
35766,,sparkles listo proximas vacaciones sparkles dos amigos viviras experiencia completa rincon guayabitos desert island sun mobile phone with arrow globe with meridians dosamigosrentals playa rincondeguayabitos nayarit,"['VERB', 'PROPN', 'PROPN', 'NOUN', 'VERB', 'VERB', 'NOUN', 'PROPN', 'PROPN', 'PROPN', 'PROPN', 'PROPN', 'PROPN', 'PROPN', 'PROPN', 'PROPN', 'PROPN', 'ADP', 'NOUN', 'NOUN', 'ADP', 'NOUN', 'NOUN', 'NOUN', 'VERB', 'NOUN']","['listo proximas vacaciones', 'amigos', 'sun', 'arrow globe', 'meridians', 'dosamigosrentals', 'playa', 'nayarit']","[{'text': 'sparkles listo proximas', 'label': 'PERSON'}, {'text': 'nayarit', 'label': 'GPE'}]",0.07692307692307693
35854,,disfrute espacio natural unas instalaciones comodas smiling face with heart eyes sanblasnayarit rivieranayarit nayaritenamora hotelgarzacanela,"['PROPN', 'PROPN', 'ADJ', 'NOUN', 'VERB', 'NOUN', 'VERB', 'NOUN', 'ADP', 'NOUN', 'NOUN', 'PROPN', 'PROPN', 'PROPN', 'PROPN']","['disfrute espacio natural unas', 'comodas', 'face', 'heart eyes sanblasnayarit rivieranayarit nayaritenamora hotelgarzacanela']","[{'text': 'nayaritenamora hotelgarzacanela', 'label': 'PERSON'}]",0.06666666666666667
35930,,llegaron primeros juguetes donados entregarlos ninas ninos san blas posada navidena edicion smiling face with heart eyes smiling face with heart eyes muchas gracias familia cortez sumarse cada ano bonita actividad seguimos buscando madrinas padrinos magicos hacer felices pequenines red heart red heart red heart posadanaviden sanblasnayarit,"['NOUN', 'PROPN', 'PROPN', 'NOUN', 'PROPN', 'PROPN', 'PROPN', 'PROPN', 'PROPN', 'PROPN', 'PROPN', 'NOUN', 'VERB', 'NOUN', 'ADP', 'NOUN', 'NOUN', 'VERB', 'NOUN', 'ADP', 'NOUN', 'NOUN', 'AUX', 'PROPN', 'PROPN', 'NOUN', 'PROPN', 'PROPN', 'PROPN', 'PROPN', 'PROPN', 'PROPN', 'PROPN', 'PROPN', 'PROPN', 'PROPN', 'NOUN', 'VERB', 'VERB', 'ADJ', 'NOUN', 'ADJ', 'NOUN', 'ADJ', 'NOUN', 'PROPN', 'NOUN']","['llegaron primeros juguetes donados', 'ninas ninos san blas posada navidena edicion', 'smiling face', 'heart eyes', 'face', 'heart eyes', 'pequenines red heart red heart red heart posadanaviden sanblasnayarit']","[{'text': 'llegaron primeros', 'label': 'ORG'}, {'text': 'san blas posada navidena', 'label': 'FAC'}, {'text': 'magicos', 'label': 'NORP'}]",0.06382978723404255
35935,,hacer san blas sparkles vienes competencia aprovecha conocer poquito destino lleno historia naturaleza comida rica aqui dejamos imperdibles tiempo libre herb tovara paseo lancha manglares hermoso beach with umbrella playa borrego perfecta relajarte despues nado comer delicioso crocodile cocodrilario kiekari sorprende chicos grandes church contaduria iglesia marinera historia vistas atardeceres increibles water wave muelle san blas clasico caminar fried shrimp gastronomia local pescado zarandeado mariscos frescos antojos tipicos ven competir disfrutar fin semana completo rinconcito nayarit siempre sorprende blue heart click info convocatoria inscribirte info alojamientos aguasabietasmatanchen aguasabiertasmtanchen aguasabiertasmexico openwaterswimming bahiadematanchen sanblasnayarit vamosquevamos,"['NOUN', 'PROPN', 'PROPN', 'VERB', 'VERB', 'PROPN', 'PROPN', 'PROPN', 'PROPN', 'PROPN', 'PROPN', 'PROPN', 'PROPN', 'PROPN', 'PROPN', 'PROPN', 'PROPN', 'VERB', 'PROPN', 'NOUN', 'NOUN', 'PROPN', 'PROPN', 'PROPN', 'PROPN', 'PROPN', 'PROPN', 'ADP', 'PROPN', 'PROPN', 'PROPN', 'PROPN', 'PROPN', 'NOUN', 'NOUN', 'NOUN', 'NOUN', 'NOUN', 'PROPN', 'PROPN', 'PROPN', 'NOUN', 'VERB', 'PROPN', 'PROPN', 'PROPN', 'PROPN', 'PROPN', 'PROPN', 'NOUN', 'VERB', 'NOUN', 'NOUN', 'PROPN', 'PROPN', 'PROPN', 'PROPN', 'PROPN', 'PROPN', 'PROPN', 'PROPN', 'ADJ', 'PROPN', 'PROPN', 'PROPN', 'PROPN', 'PROPN', 'PROPN', 'PROPN', 'PROPN', 'PROPN', 'PROPN', 'PROPN', 'PROPN', 'PROPN', 'PROPN', 'PROPN', 'PROPN', 'ADJ', 'NOUN', 'VERB', 'NOUN', 'PROPN', 'NOUN', 'NOUN', 'NOUN', 'INTJ', 'PROPN', 'PROPN', 'VERB', 'PROPN', 'PROPN', 'PROPN']","['hacer san blas', 'vienes competencia aprovecha conocer poquito destino lleno historia naturaleza comida rica aqui dejamos', 'tiempo libre herb', 'umbrella playa borrego perfecta relajarte despues', 'nado comer delicioso crocodile cocodrilario kiekari sorprende chicos', 'church contaduria iglesia marinera historia vistas atardeceres', 'water wave muelle san blas clasico', 'caminar fried shrimp gastronomia local pescado', 'competir disfrutar', 'semana completo rinconcito nayarit siempre sorprende blue heart', 'info convocatoria inscribirte info alojamientos', 'bahiadematanchen sanblasnayarit vamosquevamos']","[{'text': 'san blas', 'label': 'PERSON'}, {'text': 'poquito destino', 'label': 'PERSON'}, {'text': 'lleno historia', 'label': 'PERSON'}, {'text': 'hermoso beach', 'label': 'GPE'}, {'text': 'umbrella playa borrego', 'label': 'ORG'}, {'text': 'kiekari sorprende chicos', 'label': 'ORG'}, {'text': 'iglesia marinera historia vistas', 'label': 'ORG'}, {'text': 'san', 'label': 'GPE'}, {'text': 'pescado zarandeado', 'label': 'FAC'}, {'text': 'antojos tipicos ven', 'label': 'PRODUCT'}, {'text': 'rinconcito nayarit', 'label': 'PERSON'}, {'text': 'info convocatoria', 'label': 'PERSON'}, {'text': 'info alojamientos', 'label': 'PERSON'}, {'text': 'bahiadematanchen sanblasnayarit', 'label': 'PERSON'}]",0.15053763440860216
36012,,presento blossom casa flores refugio amplio artesanal dos habitaciones principales bano privado tercera habitacion adicional sparkles cuenta cocina equipada cooking comedor espacios luminosos ideal familias grupos estilo combina madera detalles hechos mano ambiente rustico solo dos cuadras playa beach with umbrella sanpanchonayarit desert island sun with face heart suit,"['PROPN', 'NOUN', 'PROPN', 'NOUN', 'PROPN', 'NOUN', 'PROPN', 'PROPN', 'VERB', 'NOUN', 'NOUN', 'NOUN', 'NOUN', 'PROPN', 'PROPN', 'VERB', 'PROPN', 'PROPN', 'PROPN', 'NOUN', 'NOUN', 'NOUN', 'PROPN', 'PROPN', 'PROPN', 'PROPN', 'ADV', 'VERB', 'NOUN', 'VERB', 'PROPN', 'PROPN', 'PROPN', 'PROPN', 'NOUN', 'NOUN', 'PROPN', 'PROPN', 'PROPN', 'ADP', 'PROPN', 'PROPN', 'PROPN', 'PROPN', 'PROPN', 'ADP', 'NOUN', 'NOUN', 'NOUN']","['presento blossom casa flores refugio amplio artesanal dos', 'principales bano privado tercera habitacion adicional', 'cuenta cocina equipada cooking comedor espacios luminosos ideal familias grupos', 'madera', 'hechos mano ambiente rustico solo dos cuadras playa beach', 'umbrella sanpanchonayarit desert island sun', 'face heart suit']","[{'text': 'presento blossom', 'label': 'PERSON'}, {'text': 'casa', 'label': 'GPE'}, {'text': 'combina madera detalles', 'label': 'ORG'}, {'text': 'hechos mano ambiente rustico', 'label': 'ORG'}]",0.08163265306122448
36075,,plaza sol corazon social cultural san francisco nayarit mejor conocido san pancho index pointing up plaza rodeada tiendas artesanales cafeterias galerias restaurantes lindo ver podras explorarla recorrido online aqui abajo backhand index pointing down lindo nayarit globe with meridians visitamexico org plaza sol laptop recuerda usar pantalla completa unamejor experiencia green heart nayarit camera visitamexico view turismo sx bahiadebanderas mexico mexicomaravilloso sanfrancisco sanpanchonayarit desert island sun with face heart suit,"['PROPN', 'PROPN', 'PROPN', 'PROPN', 'PROPN', 'PROPN', 'PROPN', 'PROPN', 'PROPN', 'PROPN', 'PROPN', 'PROPN', 'NOUN', 'VERB', 'ADP', 'NOUN', 'NOUN', 'PROPN', 'NOUN', 'ADJ', 'PROPN', 'NOUN', 'NOUN', 'NOUN', 'NOUN', 'PROPN', 'VERB', 'PROPN', 'NOUN', 'NOUN', 'PROPN', 'PROPN', 'VERB', 'ADP', 'NOUN', 'PROPN', 'PROPN', 'ADP', 'NOUN', 'PROPN', 'ADJ', 'NOUN', 'PROPN', 'NOUN', 'PROPN', 'ADJ', 'PROPN', 'PROPN', 'ADJ', 'PROPN', 'PROPN', 'PROPN', 'PROPN', 'NOUN', 'NOUN', 'VERB', 'NOUN', 'DET', 'PROPN', 'PROPN', 'PROPN', 'PROPN', 'PROPN', 'PROPN', 'PROPN', 'PROPN', 'ADP', 'NOUN', 'NOUN', 'NOUN']","['corazon social cultural san francisco nayarit mejor conocido san pancho index', 'plaza rodeada tiendas artesanales', 'lindo ver podras', 'explorarla', 'online aqui abajo backhand index', 'lindo nayarit globe', 'meridians', 'visitamexico org plaza sol laptop recuerda', 'usar pantalla completa unamejor experiencia green heart nayarit camera visitamexico', 'turismo', 'sx bahiadebanderas mexico mexicomaravilloso sanfrancisco sanpanchonayarit desert island sun', 'face heart suit']","[{'text': 'san francisco', 'label': 'GPE'}, {'text': 'san pancho', 'label': 'GPE'}, {'text': 'artesanales cafeterias', 'label': 'PERSON'}, {'text': 'visitamexico', 'label': 'GPE'}, {'text': 'plaza', 'label': 'GPE'}, {'text': 'recuerda usar', 'label': 'PERSON'}, {'text': 'visitamexico view turismo', 'label': 'FAC'}, {'text': 'bahiadebanderas mexico mexicomaravilloso sanfrancisco', 'label': 'FAC'}]",0.11428571428571428
36090,,sun verano empieza aqui palm tree escapate aimytours rincon guayabitos vive magia sayulita chacala water wave round pushpin incluye noches hospedaje guayabitos san juan lagos transporte primera tour mejores playas sayulita chacala manzanilla calendar junio dollar banknote cuanto hab cuadruple backhand index pointing right reserva pesos quedes mobile phone with arrow whatsapp round pushpin oficinas brucelas san sebastian guadalupe aimytours guayabitos sayulita viajesfamiliares mexicoturismo playachacala sanjuandeloslagos,"['PROPN', 'PROPN', 'PROPN', 'PROPN', 'PROPN', 'PROPN', 'VERB', 'PROPN', 'PROPN', 'PROPN', 'ADJ', 'ADJ', 'NOUN', 'NOUN', 'NOUN', 'NOUN', 'ADJ', 'NOUN', 'PROPN', 'VERB', 'PROPN', 'PROPN', 'PROPN', 'PROPN', 'PROPN', 'PROPN', 'NOUN', 'NOUN', 'NOUN', 'NOUN', 'PROPN', 'NOUN', 'PROPN', 'PROPN', 'PROPN', 'PROPN', 'PROPN', 'VERB', 'PROPN', 'PROPN', 'PROPN', 'NOUN', 'NOUN', 'ADJ', 'PROPN', 'PROPN', 'NOUN', 'ADJ', 'NOUN', 'ADP', 'NOUN', 'ADJ', 'ADJ', 'PROPN', 'PROPN', 'PROPN', 'PROPN', 'PROPN', 'PROPN', 'PROPN', 'VERB', 'PROPN', 'NOUN', 'PROPN', 'PROPN', 'VERB']","['sun verano empieza aqui palm tree', 'aimytours rincon guayabitos vive magia sayulita chacala water wave round pushpin incluye', 'hospedaje guayabitos san juan lagos transporte primera tour mejores playas sayulita chacala manzanilla calendar junio dollar banknote', 'hab cuadruple backhand index pointing', 'right reserva pesos quedes', 'arrow whatsapp round pushpin oficinas brucelas san sebastian guadalupe aimytours', 'sayulita viajesfamiliares', 'mexicoturismo playachacala']","[{'text': 'sun verano empieza', 'label': 'ORG'}, {'text': 'san juan', 'label': 'GPE'}, {'text': 'junio dollar', 'label': 'PERSON'}, {'text': 'san sebastian', 'label': 'ORG'}, {'text': 'playachacala', 'label': 'GPE'}]",0.07575757575757576
36141,,sun verano empieza aqui palm tree escapate aimytours rincon guayabitos vive magia sayulita chacala water wave round pushpin incluye noches hospedaje guayabitos san juan lagos transporte primera tour mejores playas sayulita chacala manzanilla calendar junio dollar banknote cuanto hab cuadruple backhand index pointing right reserva pesos quedes mobile phone with arrow whatsapp round pushpin oficinas brucelas san sebastian guadalupe aimytours guayabitos sayulita viajesfamiliares mexicoturismo playachacala sanjuandeloslagos,"['PROPN', 'PROPN', 'PROPN', 'PROPN', 'PROPN', 'PROPN', 'VERB', 'PROPN', 'PROPN', 'PROPN', 'ADJ', 'ADJ', 'NOUN', 'NOUN', 'NOUN', 'NOUN', 'ADJ', 'NOUN', 'PROPN', 'VERB', 'PROPN', 'PROPN', 'PROPN', 'PROPN', 'PROPN', 'PROPN', 'NOUN', 'NOUN', 'NOUN', 'NOUN', 'PROPN', 'NOUN', 'PROPN', 'PROPN', 'PROPN', 'PROPN', 'PROPN', 'VERB', 'PROPN', 'PROPN', 'PROPN', 'NOUN', 'NOUN', 'ADJ', 'PROPN', 'PROPN', 'NOUN', 'ADJ', 'NOUN', 'ADP', 'NOUN', 'ADJ', 'ADJ', 'PROPN', 'PROPN', 'PROPN', 'PROPN', 'PROPN', 'PROPN', 'PROPN', 'VERB', 'PROPN', 'NOUN', 'PROPN', 'PROPN', 'VERB']","['sun verano empieza aqui palm tree', 'aimytours rincon guayabitos vive magia sayulita chacala water wave round pushpin incluye', 'hospedaje guayabitos san juan lagos transporte primera tour mejores playas sayulita chacala manzanilla calendar junio dollar banknote', 'hab cuadruple backhand index pointing', 'right reserva pesos quedes', 'arrow whatsapp round pushpin oficinas brucelas san sebastian guadalupe aimytours', 'sayulita viajesfamiliares', 'mexicoturismo playachacala']","[{'text': 'sun verano empieza', 'label': 'ORG'}, {'text': 'san juan', 'label': 'GPE'}, {'text': 'junio dollar', 'label': 'PERSON'}, {'text': 'san sebastian', 'label': 'ORG'}, {'text': 'playachacala', 'label': 'GPE'}]",0.07575757575757576
36147,,water wave sparkles dejes pasar ano regalarte descanso mereces sparkles water wave villas chulavista sayulita cada amanecer viene acompanado naturaleza tranquilidad vista espectacular desconecta mundo palm tree house with garden disfruta de check mark alberca relajarte prisas check mark entorno natural unico check mark paz privacidad confort check mark encanto autentico sayulita momento perfecto escaparte respirar profundo vivir unas vacaciones inolvidables blue heart round pushpin saturno sayulita nayarit mobile phone with arrow reservaciones whatsapp globe with meridians informacion sparkles pienses sayulita esperando sparkles villaschulavista sayulita vacacionesenlaplaya descansototal escapadaperfecta naturaleza viajamexico sayulitanayarit alberca relax palm tree water wave,"['NOUN', 'NOUN', 'VERB', 'PROPN', 'VERB', 'PROPN', 'NOUN', 'ADJ', 'NOUN', 'VERB', 'NOUN', 'NOUN', 'PROPN', 'PROPN', 'PROPN', 'PROPN', 'VERB', 'PROPN', 'PROPN', 'ADV', 'PROPN', 'PROPN', 'PROPN', 'PROPN', 'PROPN', 'PROPN', 'PROPN', 'PROPN', 'ADP', 'NOUN', 'PROPN', 'X', 'PROPN', 'PROPN', 'PROPN', 'PROPN', 'PROPN', 'NOUN', 'PROPN', 'PROPN', 'ADJ', 'NOUN', 'NOUN', 'PROPN', 'PROPN', 'PROPN', 'NOUN', 'PROPN', 'PROPN', 'PROPN', 'PROPN', 'PROPN', 'PROPN', 'ADJ', 'PROPN', 'NOUN', 'NOUN', 'PROPN', 'PROPN', 'VERB', 'NOUN', 'ADJ', 'NOUN', 'ADJ', 'NOUN', 'NOUN', 'PROPN', 'PROPN', 'PROPN', 'PROPN', 'ADP', 'NOUN', 'NOUN', 'ADJ', 'NOUN', 'ADP', 'NOUN', 'NOUN', 'NOUN', 'VERB', 'NOUN', 'NOUN', 'VERB', 'PROPN', 'PROPN', 'PROPN', 'PROPN', 'PROPN', 'PROPN', 'PROPN', 'PROPN', 'NOUN', 'VERB', 'NOUN', 'NOUN', 'NOUN', 'NOUN']","['water wave', 'dejes', 'regalarte descanso mereces', 'water wave villas chulavista sayulita cada', 'viene acompanado', 'garden disfruta de check', 'mark entorno natural unico check mark paz privacidad confort check mark', 'encanto autentico sayulita', 'inolvidables', 'blue heart round pushpin saturno sayulita nayarit mobile phone', 'arrow reservaciones whatsapp globe', 'meridians', 'sayulita esperando', 'villaschulavista sayulita vacacionesenlaplaya descansototal escapadaperfecta naturaleza viajamexico sayulitanayarit alberca', 'palm tree water wave']","[{'text': 'viene acompanado', 'label': 'PERSON'}, {'text': 'vista', 'label': 'ORG'}, {'text': 'mark entorno', 'label': 'PERSON'}, {'text': 'mark paz privacidad', 'label': 'PERSON'}, {'text': 'autentico sayulita', 'label': 'ORG'}, {'text': 'nayarit mobile', 'label': 'ORG'}, {'text': 'viajamexico sayulitanayarit', 'label': 'PERSON'}]",0.07216494845360824
36152,,san valentin deja atras rutina vive atardecer magico promo local sorprende persona especial paseo caballo bajo colores sunset fire descuento exclusivo locales fire sparkles incluye recorrido guiado atardecer vistas espectaculares horas paseo guia experto precio especial solo reservando linea round pushpin solo residentes locales presentar warning cupos limitados tear off calendar vigencia dia febrero star struck link reserva ahora asegura lugar mobile phone with arrow mobile phone with arrow telephone globe with meridians sayulita sayulitamexico sayulitapeople sayulitabeach sayulitapeople,"['PROPN', 'PROPN', 'PROPN', 'PROPN', 'PROPN', 'ADJ', 'NOUN', 'NOUN', 'VERB', 'ADJ', 'NOUN', 'NOUN', 'NOUN', 'NOUN', 'PROPN', 'PROPN', 'VERB', 'NOUN', 'NOUN', 'ADP', 'ADJ', 'NOUN', 'NOUN', 'VERB', 'PROPN', 'ADJ', 'NOUN', 'NOUN', 'NOUN', 'VERB', 'PROPN', 'PROPN', 'PROPN', 'VERB', 'PROPN', 'PROPN', 'PROPN', 'NOUN', 'NOUN', 'PROPN', 'NOUN', 'NOUN', 'NOUN', 'NOUN', 'PROPN', 'VERB', 'PROPN', 'NOUN', 'VERB', 'ADP', 'NOUN', 'PROPN', 'PROPN', 'PROPN', 'PROPN', 'VERB', 'PROPN', 'PROPN', 'PROPN', 'PROPN', 'PROPN', 'PROPN', 'PROPN', 'ADP', 'NOUN', 'ADJ', 'NOUN', 'ADP', 'NOUN', 'NOUN', 'NOUN', 'ADP', 'NOUN', 'PROPN', 'PROPN', 'PROPN', 'PROPN', 'PROPN']","['san valentin deja atras rutina vive atardecer magico', 'local sorprende persona especial paseo caballo bajo', 'sunset fire', 'exclusivo locales fire', 'incluye recorrido guiado atardecer vistas', 'precio especial solo reservando linea round pushpin solo residentes', 'locales', 'presentar', 'cupos limitados', 'calendar vigencia dia febrero star', 'link reserva ahora asegura lugar mobile phone', 'arrow mobile phone', 'arrow telephone globe', 'meridians']","[{'text': 'san valentin', 'label': 'ORG'}, {'text': 'rutina', 'label': 'NORP'}, {'text': 'cupos', 'label': 'ORG'}, {'text': 'vigencia dia febrero star', 'label': 'PERSON'}, {'text': 'asegura lugar mobile', 'label': 'GPE'}]",0.0641025641025641
36217,,turtle akumal nado tortugas turtle vive experiencia unica nadando junto tortugas marinas lugares magicos caribe mexicano disfruta aguas cristalinas akumal visita cenote sagrado conecta cultura traves ceremonia maya cierra dia recorriendo vibrante quinta avenida water wave nado tortugas droplet cenote sagrado tropical fish snorkel aguas cristalinas herb ceremonia maya fork and knife with plate comida carta desliza carrusel descubre incluye increible experiencia backhand index pointing right envelope with arrow reserva ninu aventuras mobile phone with arrow escribenos contactanos dejanos crear contigo aventura hecha estilo ninu sparkles ninuaventuras akumal conociendoelmundo,"['NOUN', 'PROPN', 'PROPN', 'PROPN', 'PROPN', 'PROPN', 'PROPN', 'PROPN', 'PROPN', 'PROPN', 'PROPN', 'PROPN', 'PROPN', 'PROPN', 'PROPN', 'PROPN', 'PROPN', 'PROPN', 'PROPN', 'PROPN', 'PROPN', 'VERB', 'PROPN', 'PROPN', 'PROPN', 'PROPN', 'PROPN', 'PROPN', 'PROPN', 'PROPN', 'PROPN', 'PROPN', 'PROPN', 'PROPN', 'PROPN', 'NOUN', 'PROPN', 'PROPN', 'PROPN', 'PROPN', 'ADJ', 'ADJ', 'NOUN', 'NOUN', 'NOUN', 'PROPN', 'NOUN', 'PROPN', 'PROPN', 'PROPN', 'CCONJ', 'NOUN', 'ADP', 'PROPN', 'PROPN', 'PROPN', 'PROPN', 'PROPN', 'PROPN', 'PROPN', 'PROPN', 'PROPN', 'PROPN', 'NOUN', 'VERB', 'ADJ', 'NOUN', 'ADP', 'NOUN', 'ADJ', 'PROPN', 'PROPN', 'ADJ', 'NOUN', 'ADP', 'NOUN', 'NOUN', 'NOUN', 'PROPN', 'ADJ', 'PROPN', 'PROPN', 'PROPN', 'INTJ', 'PROPN', 'VERB', 'PROPN', 'PROPN', 'NOUN']","['turtle akumal', 'nado tortugas turtle vive experiencia unica nadando junto tortugas marinas lugares magicos caribe mexicano disfruta aguas cristalinas akumal visita', 'sagrado conecta cultura traves ceremonia maya cierra dia recorriendo vibrante quinta avenida water wave nado tortugas droplet cenote sagrado tropical fish snorkel aguas cristalinas herb ceremonia maya fork', 'knife', 'plate comida carta desliza carrusel descubre incluye', 'right envelope', 'arrow reserva ninu aventuras', 'mobile phone', 'arrow escribenos contactanos dejanos crear contigo aventura hecha estilo ninu', 'ninuaventuras akumal conociendoelmundo']","[{'text': 'nadando', 'label': 'GPE'}, {'text': 'tortugas marinas lugares magicos', 'label': 'PERSON'}, {'text': 'conecta cultura', 'label': 'FAC'}, {'text': 'cierra dia', 'label': 'PERSON'}, {'text': 'recorriendo vibrante quinta avenida water', 'label': 'PERSON'}, {'text': 'cristalinas herb ceremonia maya', 'label': 'PERSON'}, {'text': 'arrow reserva ninu aventuras mobile', 'label': 'ORG'}]",0.07865168539325842
36224,,solo aquellos arriesgan demasiado lejos pueden descubrir puede llegar feliz inicio semana reserva cancun tres simples pasos laptop backhand index pointing down globe with meridians mobile phone with arrow cancun mail info com seadustcancu emporiocancun felizlunes happymonday newweek cotizaenlinea rentadevans rentcar autosel rentadeautos cancun playadelcarmen akumal,"['PROPN', 'PROPN', 'PROPN', 'PROPN', 'PROPN', 'PROPN', 'NOUN', 'NOUN', 'PROPN', 'PROPN', 'PROPN', 'PROPN', 'PROPN', 'PROPN', 'NOUN', 'NOUN', 'PROPN', 'PROPN', 'PROPN', 'NOUN', 'VERB', 'ADP', 'NOUN', 'ADP', 'NOUN', 'ADJ', 'NOUN', 'ADP', 'NOUN', 'ADJ', 'NOUN', 'NOUN', 'NOUN', 'ADJ', 'PROPN', 'PROPN', 'PROPN', 'NOUN', 'PROPN', 'PROPN', 'ADJ', 'NOUN', 'VERB', 'PROPN', 'PROPN', 'PROPN']","['solo aquellos arriesgan demasiado lejos pueden descubrir puede llegar feliz inicio semana reserva cancun', 'simples pasos laptop backhand index', 'globe', 'meridians', 'mobile phone', 'arrow cancun mail info com seadustcancu emporiocancun felizlunes', 'happymonday newweek cotizaenlinea rentadevans rentcar autosel', 'cancun playadelcarmen akumal']","[{'text': 'solo aquellos arriesgan', 'label': 'ORG'}, {'text': 'lejos pueden', 'label': 'PERSON'}, {'text': 'semana reserva', 'label': 'ORG'}, {'text': 'happymonday', 'label': 'DATE'}]",0.08695652173913043
36336,,vez tremendo placer participar primera vez musical banda cancunense quiero siempre pone buen animo canciones buena vibra musical notes sparkles muchas gracias invitarme ser parte tan mojada sweat droplets disfrute muchisimo produccion ustedes increible director clapper board dejare dias perfil enlace directo sparkling heart gracias apoyar producto local caribeno hecho amor agua salada heart hands medium skin tone water wave sun with face palm tree bocapaila tanmojada videomusical hechoencancun caribemexicano cancun mexico,"['PROPN', 'PROPN', 'PROPN', 'PROPN', 'PROPN', 'PROPN', 'ADJ', 'NOUN', 'NOUN', 'NOUN', 'PROPN', 'PROPN', 'PROPN', 'PROPN', 'PROPN', 'PROPN', 'PROPN', 'ADJ', 'NOUN', 'VERB', 'PROPN', 'PROPN', 'PROPN', 'PROPN', 'PROPN', 'PROPN', 'PROPN', 'PROPN', 'VERB', 'NOUN', 'NOUN', 'NOUN', 'NOUN', 'ADJ', 'NOUN', 'PROPN', 'PROPN', 'PROPN', 'PROPN', 'PROPN', 'PROPN', 'PROPN', 'VERB', 'NOUN', 'NOUN', 'NOUN', 'VERB', 'ADJ', 'NOUN', 'PROPN', 'PROPN', 'DET', 'NOUN', 'NOUN', 'VERB', 'ADJ', 'NOUN', 'NOUN', 'NOUN', 'NOUN', 'NOUN', 'ADP', 'NOUN', 'NOUN', 'NOUN', 'VERB', 'PROPN', 'ADJ', 'PROPN', 'PROPN', 'PROPN', 'PROPN']","['vez tremendo placer participar primera vez musical banda cancunense quiero siempre pone buen animo canciones buena vibra musical notes', 'gracias', 'increible director clapper board dejare dias perfil enlace directo sparkling heart gracias apoyar', 'local caribeno hecho amor agua salada heart', 'medium skin tone water wave sun']","[{'text': 'vez tremendo', 'label': 'ORG'}, {'text': 'participar primera vez musical', 'label': 'PERSON'}, {'text': 'buen animo', 'label': 'PERSON'}, {'text': 'buena', 'label': 'PERSON'}, {'text': 'tan mojada', 'label': 'PERSON'}, {'text': 'caribeno', 'label': 'NORP'}, {'text': 'tanmojada videomusical', 'label': 'ORG'}, {'text': 'mexico', 'label': 'GPE'}]",0.1111111111111111
36354,,espectaculo digno hollywood clapper board star presento participacion show lleno referencias peliculas series hizo pasar mejores momentos festival camera with flash tecateemblema tecateemblema davidguetta alanismorissette morat pitbull cd sofitukker jamesbay mariajose hanson lasso patrickmiller kaialana sofish bocapaila willsmith sweetprince autodromohermanosrodriguez festivaldemusica errantemx,"['PROPN', 'PROPN', 'PROPN', 'PROPN', 'PROPN', 'PROPN', 'PROPN', 'NOUN', 'VERB', 'NOUN', 'PROPN', 'PROPN', 'PROPN', 'PROPN', 'PROPN', 'PROPN', 'PROPN', 'NOUN', 'NOUN', 'ADP', 'NOUN', 'PROPN', 'PROPN', 'PROPN', 'PROPN', 'NOUN', 'PROPN', 'PROPN', 'PROPN', 'PROPN', 'PROPN', 'PROPN', 'PROPN', 'PROPN', 'PROPN', 'PROPN', 'VERB', 'PROPN', 'PROPN', 'PROPN', 'PROPN', 'PROPN']","['lleno referencias peliculas series hizo', 'mejores momentos festival camera', 'flash tecateemblema tecateemblema davidguetta alanismorissette morat pitbull cd sofitukker jamesbay', 'willsmith sweetprince autodromohermanosrodriguez festivaldemusica errantemx']","[{'text': 'lleno referencias', 'label': 'PERSON'}, {'text': 'hizo pasar mejores momentos', 'label': 'ORG'}, {'text': 'davidguetta alanismorissette', 'label': 'PERSON'}, {'text': 'sofitukker jamesbay', 'label': 'PERSON'}, {'text': 'lasso patrickmiller', 'label': 'PERSON'}, {'text': 'kaialana', 'label': 'PERSON'}, {'text': 'autodromohermanosrodriguez festivaldemusica', 'label': 'PERSON'}]",0.16666666666666666
36356,,potente voz hizo vibrar cada rincon llego profundo miles corazones cantaron ademas sorprendio invitados camera with flash tecateemblema tecateemblema davidguetta alanismorissette morat pitbull cd sofitukker jamesbay mariajose hanson lasso patrickmiller kaialana sofish bocapaila jacinto autodromohermanosrodriguez festivaldemusica errantemx,"['PROPN', 'PROPN', 'PROPN', 'PROPN', 'PROPN', 'PROPN', 'PROPN', 'NOUN', 'PROPN', 'VERB', 'PROPN', 'PROPN', 'PROPN', 'NOUN', 'NOUN', 'ADP', 'NOUN', 'PROPN', 'PROPN', 'PROPN', 'PROPN', 'NOUN', 'PROPN', 'PROPN', 'PROPN', 'PROPN', 'PROPN', 'PROPN', 'PROPN', 'PROPN', 'PROPN', 'PROPN', 'PROPN', 'PROPN', 'PROPN', 'PROPN', 'PROPN']","['potente voz hizo vibrar cada rincon llego profundo miles', 'cantaron ademas sorprendio invitados camera', 'flash tecateemblema tecateemblema davidguetta alanismorissette morat pitbull cd sofitukker jamesbay', 'jacinto autodromohermanosrodriguez festivaldemusica errantemx']","[{'text': 'potente voz hizo vibrar cada', 'label': 'PERSON'}, {'text': 'profundo miles', 'label': 'PERSON'}, {'text': 'cantaron ademas', 'label': 'ORG'}, {'text': 'davidguetta alanismorissette', 'label': 'PERSON'}, {'text': 'sofitukker jamesbay', 'label': 'PERSON'}, {'text': 'lasso patrickmiller', 'label': 'PERSON'}, {'text': 'kaialana', 'label': 'PERSON'}, {'text': 'autodromohermanosrodriguez festivaldemusica', 'label': 'ORG'}]",0.21621621621621623
36367,,dia dos tecate emblema fotos alanis morrisette willsmith mariajose beckyhill boca paila,"['PROPN', 'VERB', 'ADJ', 'NOUN', 'VERB', 'NOUN', 'NOUN', 'PROPN', 'PROPN', 'PROPN', 'PROPN', 'PROPN']","['dia', 'tecate emblema', 'alanis morrisette willsmith mariajose beckyhill boca paila']","[{'text': 'dia', 'label': 'ORG'}, {'text': 'alanis', 'label': 'NORP'}, {'text': 'beckyhill boca paila', 'label': 'PERSON'}]",0.25
36383,,tonta escuchen spotyfy up arrow emocion trabajar talento increible scissors sparkles vez toco gran ciudad junto voz poderosa artista talento unico merece ser escuchado microphone mujer frente dress styling lipstick hair makeup camera with flash fotografia pierdan proximo musical musical notes fire mou bocapaila talentomexicano cdmx tijuana musica produccionmusical videomusical estilo arte creatividad trabajoenequipo pasionporlamusica,"['PROPN', 'PROPN', 'VERB', 'ADP', 'NOUN', 'NOUN', 'NOUN', 'ADP', 'ADJ', 'NOUN', 'VERB', 'ADJ', 'PROPN', 'PROPN', 'PROPN', 'PROPN', 'PROPN', 'PROPN', 'PROPN', 'PROPN', 'PROPN', 'PROPN', 'PROPN', 'PROPN', 'PROPN', 'NOUN', 'NOUN', 'NOUN', 'NOUN', 'NOUN', 'NOUN', 'NOUN', 'NOUN', 'ADP', 'NOUN', 'NOUN', 'NOUN', 'ADJ', 'ADJ', 'ADJ', 'NOUN', 'NOUN', 'PROPN', 'PROPN', 'PROPN', 'PROPN', 'PROPN', 'PROPN', 'PROPN', 'ADJ', 'PROPN', 'PROPN', 'PROPN', 'PROPN', 'PROPN']","['tonta escuchen', 'increible scissors', 'vez toco gran ciudad junto voz poderosa artista talento unico merece ser escuchado microphone mujer frente dress styling lipstick hair makeup camera', 'flash fotografia pierdan']","[{'text': 'tonta', 'label': 'GPE'}, {'text': 'voz poderosa', 'label': 'PERSON'}, {'text': 'tijuana musica produccionmusical videomusical', 'label': 'FAC'}, {'text': 'pasionporlamusica', 'label': 'GPE'}]",0.07272727272727272
36388,,bullseye boca paila abre concierto especial decimo aniversario multiforo invitados especiales bullseye nota completa enlace compartido perfil grinning face with big eyes writing hand ashley saenz periodista conciertos cdmx mexico cdmx oficial bocapaila,"['PROPN', 'PROPN', 'PROPN', 'PROPN', 'PROPN', 'ADJ', 'PROPN', 'PROPN', 'PROPN', 'PROPN', 'PROPN', 'PROPN', 'PROPN', 'PROPN', 'PROPN', 'PROPN', 'PROPN', 'PROPN', 'NOUN', 'ADP', 'ADJ', 'NOUN', 'VERB', 'PROPN', 'PROPN', 'PROPN', 'PROPN', 'VERB', 'PROPN', 'PROPN', 'PROPN', 'PROPN', 'PROPN']","['bullseye boca paila abre concierto especial decimo aniversario multiforo invitados especiales bullseye nota completa enlace compartido perfil grinning face', 'big eyes', 'hand ashley saenz periodista', 'cdmx mexico cdmx oficial bocapaila']","[{'text': 'boca paila', 'label': 'PERSON'}, {'text': 'cdmx mexico cdmx', 'label': 'PERSON'}]",0.06060606060606061
36489,,wedding sydney logan nov djdebodas wedding boda weddingdj weddingplanner weddingcake weddingparty weddingphotography djlifestyle djinternational internationaldj bluevenadoweddings bluevenado paamul seaside tulum rivieramaya cancun akumal bride groom orlymixer,"['NOUN', 'NOUN', 'VERB', 'PROPN', 'NUM', 'NOUN', 'PROPN', 'PROPN', 'PROPN', 'VERB', 'NOUN', 'NOUN', 'NOUN', 'NOUN', 'ADJ', 'NOUN', 'PROPN', 'PROPN', 'VERB', 'PROPN', 'PROPN', 'PROPN', 'PROPN', 'PROPN', 'NOUN', 'NOUN']","['wedding sydney', 'wedding boda weddingdj weddingplanner', 'weddingparty weddingphotography djlifestyle djinternational internationaldj bluevenadoweddings', 'bluevenado paamul', 'tulum']","[{'text': 'boda weddingdj', 'label': 'PERSON'}]",0.038461538461538464
36597,,plus figs shield tela antifluidos jeans pantalon recto comodo resistente locked ajuste practico adapta rutina fire estilo sobrio perfecto guardias piso urgencias disenada paran contacto mobile phone with arrow pijamasquirurgicas figs playadelcarmenmexico antifluidos guardiasmedicas,"['CCONJ', 'NOUN', 'NOUN', 'PROPN', 'NOUN', 'VERB', 'NOUN', 'PROPN', 'PROPN', 'PROPN', 'VERB', 'NOUN', 'PROPN', 'VERB', 'PROPN', 'NOUN', 'INTJ', 'PROPN', 'PROPN', 'PROPN', 'VERB', 'PROPN', 'PROPN', 'PROPN', 'PROPN', 'PROPN', 'NOUN', 'ADP', 'NOUN', 'PROPN', 'PROPN', 'PROPN', 'PROPN', 'PROPN']","['figs shield tela antifluidos jeans pantalon recto comodo resistente locked ajuste practico', 'rutina fire', 'urgencias disenada paran contacto mobile phone', 'arrow pijamasquirurgicas figs playadelcarmenmexico antifluidos guardiasmedicas']","[{'text': 'figs shield', 'label': 'PERSON'}, {'text': 'disenada paran', 'label': 'ORG'}, {'text': 'contacto mobile', 'label': 'GPE'}, {'text': 'figs playadelcarmenmexico', 'label': 'PERSON'}]",0.11764705882352941
36642,,camera with flash photodump chavito decide mudarse tiempo playa pesos sueno sabe nadar team calor desert island photodump playa playadelcarmenmexico quintanaroo cancun,"['NOUN', 'ADP', 'NOUN', 'NOUN', 'NOUN', 'VERB', 'NOUN', 'PROPN', 'PROPN', 'PROPN', 'PROPN', 'PROPN', 'PROPN', 'PROPN', 'PROPN', 'PROPN', 'PROPN', 'PROPN', 'PROPN', 'PROPN', 'PROPN', 'PROPN']","['camera', 'flash photodump chavito', 'mudarse tiempo playa pesos sueno sabe nadar team calor desert island photodump playa playadelcarmenmexico quintanaroo cancun']",[],0.0
36713,,colaboracion carnal playa carmen mexico heart on fire playadelcarmenmexico djs artgallery mexico,"['NOUN', 'ADJ', 'PROPN', 'PROPN', 'PROPN', 'NOUN', 'ADP', 'NOUN', 'PROPN', 'PROPN', 'PROPN', 'PROPN']","['colaboracion carnal playa carmen mexico heart', 'fire playadelcarmenmexico djs artgallery mexico']","[{'text': 'mexico', 'label': 'GPE'}, {'text': 'playadelcarmenmexico djs', 'label': 'ORG'}, {'text': 'mexico', 'label': 'GPE'}]",0.25
36715,,riutequila incluido persona fire viaja dias noches noviembre red exclamation mark precio incluye airplane vuelo redondo luggage maleta kg documentada articulo personal oncoming bus traslados apto hotel apto office building alojamiento curry rice comidas snacks ilimitados cup with straw clinking beer mugs bebidas ilimitadas novi tours agencia viajes mins estadio rayados eloy cavazos round pushpin puede buscarnos novi tours agencia viajes google maps uber etc domingos mobile phone with arrow novitours agenciadeviajes vacaciones playadelcarmenmexico todoincluido viajaresvivir,"['PROPN', 'ADP', 'PROPN', 'NOUN', 'NOUN', 'NOUN', 'VERB', 'ADJ', 'ADJ', 'PROPN', 'PROPN', 'PROPN', 'PROPN', 'PROPN', 'PROPN', 'PROPN', 'PROPN', 'PROPN', 'PROPN', 'PROPN', 'VERB', 'ADJ', 'ADJ', 'NOUN', 'NOUN', 'PROPN', 'PROPN', 'PROPN', 'NOUN', 'NOUN', 'PROPN', 'NOUN', 'PROPN', 'VERB', 'PROPN', 'PROPN', 'PROPN', 'ADP', 'NOUN', 'VERB', 'NOUN', 'NOUN', 'PROPN', 'VERB', 'NOUN', 'NOUN', 'PROPN', 'PROPN', 'VERB', 'PROPN', 'PROPN', 'PROPN', 'PROPN', 'PROPN', 'ADJ', 'NOUN', 'NOUN', 'NOUN', 'NOUN', 'PROPN', 'VERB', 'PROPN', 'PROPN', 'PROPN', 'X', 'VERB', 'ADJ', 'NOUN', 'ADP', 'NOUN', 'NOUN', 'VERB', 'NOUN', 'PROPN', 'PROPN', 'PROPN']","['riutequila', 'persona fire viaja dias', 'noviembre red exclamation mark precio incluye airplane vuelo redondo luggage maleta kg documentada articulo personal oncoming bus traslados apto hotel apto office building', 'alojamiento curry rice', 'snacks ilimitados cup', 'straw', 'beer mugs bebidas', 'novi tours', 'agencia', 'agencia', 'mobile phone', 'arrow novitours', 'agenciadeviajes vacaciones playadelcarmenmexico todoincluido viajaresvivir']","[{'text': 'riutequila incluido', 'label': 'PERSON'}, {'text': 'mark precio', 'label': 'PERSON'}, {'text': 'vuelo', 'label': 'PERSON'}, {'text': 'luggage maleta kg documentada', 'label': 'PERSON'}, {'text': 'hotel apto office', 'label': 'ORG'}]",0.06578947368421052
36742,,sweat droplets aqua cleaners pool solutions cuidamos alberca equipo capacitado servicio personalizado horarios convenientes comunicacion constante mantenerla siempre limpia saludable hermosa man swimming sparkles mobile phone with arrow contactanos deja alberca manos expertas alberca clean pool pooltime rivieramayamexico poolconstruction poolcleaning solution poolside pooldesign swimmingpool poolday puerto poolcleaningservice puertoaventuras albercas rivieramaya swimwear mexico puertoaventurasbeach puertoaventura puertoaventurasliving puertoaventurasmexico cleaneating solutions mexico mexico swimming riviera poolhouse,"['NOUN', 'NOUN', 'PROPN', 'NOUN', 'NOUN', 'NOUN', 'PROPN', 'PROPN', 'PROPN', 'PROPN', 'PROPN', 'PROPN', 'PROPN', 'VERB', 'NOUN', 'PROPN', 'PROPN', 'PROPN', 'PROPN', 'PROPN', 'PROPN', 'NOUN', 'PROPN', 'VERB', 'ADJ', 'NOUN', 'ADP', 'NOUN', 'NOUN', 'PROPN', 'PROPN', 'PROPN', 'PROPN', 'PROPN', 'ADJ', 'NOUN', 'NOUN', 'NOUN', 'NOUN', 'VERB', 'NOUN', 'NOUN', 'NOUN', 'NOUN', 'PROPN', 'VERB', 'PROPN', 'PROPN', 'PROPN', 'PROPN', 'PROPN', 'PROPN', 'PROPN', 'NOUN', 'VERB', 'NOUN', 'VERB', 'NOUN', 'PROPN', 'PROPN', 'PROPN', 'PROPN', 'NOUN']","['sweat droplets aqua cleaners pool solutions cuidamos alberca equipo capacitado servicio personalizado horarios', 'comunicacion constante mantenerla siempre limpia', 'saludable hermosa man swimming', 'mobile phone', 'arrow contactanos deja alberca manos expertas alberca clean pool pooltime rivieramayamexico poolconstruction poolcleaning solution poolside pooldesign swimmingpool poolday', 'poolcleaningservice puertoaventuras albercas rivieramaya', 'mexico', 'puertoaventurasbeach puertoaventura', 'puertoaventurasmexico', 'solutions', 'mexico mexico swimming riviera poolhouse']","[{'text': 'cuidamos alberca', 'label': 'PERSON'}, {'text': 'capacitado', 'label': 'GPE'}, {'text': 'personalizado', 'label': 'GPE'}, {'text': 'mexico', 'label': 'GPE'}, {'text': 'puertoaventura', 'label': 'GPE'}, {'text': 'mexico mexico', 'label': 'GPE'}]",0.09523809523809523
36798,,sparkles di hola piel lisa adios celulitis sparkles spa san dollar star struck cuidamos bienestar adentro hacia afuera mejor version misma empieza sentirte increible propia piel glowing star envelope with arrow contactanos agendar sesion puertoaventuras,"['PROPN', 'INTJ', 'PROPN', 'NOUN', 'PROPN', 'PROPN', 'PROPN', 'VERB', 'PROPN', 'PROPN', 'PROPN', 'PROPN', 'VERB', 'PROPN', 'PROPN', 'PROPN', 'PROPN', 'PROPN', 'PROPN', 'PROPN', 'PROPN', 'PROPN', 'VERB', 'ADJ', 'ADJ', 'NOUN', 'VERB', 'PROPN', 'NOUN', 'ADP', 'PROPN', 'PROPN', 'NOUN', 'NOUN', 'NOUN']","['sparkles', 'hola piel lisa adios celulitis', 'spa san dollar star', 'cuidamos bienestar adentro hacia', 'afuera mejor version misma empieza', 'increible propia piel', 'star envelope', 'arrow contactanos agendar sesion puertoaventuras']","[{'text': 'san dollar', 'label': 'ORG'}, {'text': 'cuidamos bienestar', 'label': 'PERSON'}, {'text': 'adentro hacia', 'label': 'ORG'}, {'text': 'afuera mejor', 'label': 'ORG'}]",0.11428571428571428
36872,,collision white heart mejor recuerdo white heart collision rivieramaya playadelcarmen tulum puertoaventuras puertomorelos ventasinstagram bombasdehumo,"['NOUN', 'ADJ', 'NOUN', 'NOUN', 'PROPN', 'PROPN', 'PROPN', 'NOUN', 'NOUN', 'NOUN', 'VERB', 'NOUN', 'PROPN', 'PROPN', 'NOUN']","['collision white heart mejor recuerdo white heart collision rivieramaya playadelcarmen', 'puertoaventuras puertomorelos ventasinstagram bombasdehumo']","[{'text': 'recuerdo white', 'label': 'PERSON'}]",0.06666666666666667
36953,,imaginas vivir cerca playa mejor aun sparkles imagina vida tranquila cada dia fluye calma equilibrio house with garden hogar excelente conectividad hace rutina relajada segura man walking cerca prisas innecesarias herb naturaleza parte dia dia respira conecta vive siempre sonaste blue heart envelope with arrow escribeme descubre hacerlo realidad centralcondoliving puertomorelos realestate inversioninteligente,"['PROPN', 'PROPN', 'PROPN', 'PROPN', 'PROPN', 'PROPN', 'PROPN', 'PROPN', 'PROPN', 'PROPN', 'PROPN', 'PROPN', 'PROPN', 'PROPN', 'PROPN', 'PROPN', 'ADP', 'NOUN', 'NOUN', 'NOUN', 'PROPN', 'PROPN', 'PROPN', 'PROPN', 'PROPN', 'PROPN', 'NOUN', 'PROPN', 'PROPN', 'VERB', 'NOUN', 'PROPN', 'PROPN', 'PROPN', 'PROPN', 'PROPN', 'PROPN', 'PROPN', 'PROPN', 'NOUN', 'ADJ', 'NOUN', 'NOUN', 'ADP', 'NOUN', 'NOUN', 'PROPN', 'PROPN', 'PROPN', 'VERB', 'PROPN', 'NOUN', 'NOUN']","['imaginas vivir cerca playa mejor aun sparkles', 'calma', 'garden hogar excelente conectividad hace rutina relajada segura man walking cerca prisas', 'herb naturaleza parte dia dia respira conecta vive siempre sonaste blue heart envelope', 'arrow escribeme descubre hacerlo realidad', 'puertomorelos realestate inversioninteligente']","[{'text': 'imaginas vivir cerca playa', 'label': 'PERSON'}, {'text': 'tranquila', 'label': 'ORG'}, {'text': 'dia', 'label': 'ORG'}, {'text': 'rutina relajada segura', 'label': 'ORG'}, {'text': 'respira conecta', 'label': 'PERSON'}]",0.09433962264150944
36989,,hermoso puertomorelos lleno colores camera with flash,"['PROPN', 'PROPN', 'PROPN', 'VERB', 'NOUN', 'ADP', 'NOUN']","['hermoso puertomorelos lleno', 'camera', 'flash']","[{'text': 'hermoso puertomorelos lleno colores', 'label': 'PERSON'}]",0.14285714285714285
37118,,herb blue heart sian lancha van descubre lugares magicos protegidos mexico reserva biosfera sian declarada patrimonio humanidad unesco star struck globe showing americas nombre significa puerta cielo origen cielo lengua maya llegas entiendes que aguas turquesas infinitas manglares delfines tortugas paz encuentra ningun lugar dolphin turtle green heart tour disenado vivas esencia natural caribe mexicano lejos ruido cerca vida salvaje small blue diamond tour incluye minibus transporte redondo cancun playa carmen tulum speaking head guia bilingue droplet agua bordo van sandwich snack dentro biosfera sandwich agua speedboat paseo horas lancha punta allen blue heart nado piscina natural grande mundo camera with flash tiempo libre fotos espectacular contenido cup with straw agua sabor restaurante fork and knife with plate platillo elegir filete pescado filete pollo carne calendar salidas miercoles sabado mobile phone with arrow reservas whatsapp sparkles siankaan chidotours tulum puntaallen mexicomagico experienciaschidas aventuracaribena reservanatural viajaresvivir turismoresponsable,"['NOUN', 'ADJ', 'NOUN', 'PROPN', 'PROPN', 'PROPN', 'PROPN', 'PROPN', 'PROPN', 'PROPN', 'PROPN', 'PROPN', 'PROPN', 'ADJ', 'PROPN', 'PROPN', 'PROPN', 'PROPN', 'PROPN', 'VERB', 'NOUN', 'VERB', 'PROPN', 'PROPN', 'PROPN', 'PROPN', 'PROPN', 'PROPN', 'PROPN', 'PROPN', 'PROPN', 'PROPN', 'PROPN', 'PROPN', 'PROPN', 'NOUN', 'NOUN', 'VERB', 'NOUN', 'PROPN', 'PROPN', 'PROPN', 'PROPN', 'PROPN', 'NOUN', 'NOUN', 'PROPN', 'NOUN', 'NOUN', 'NOUN', 'NOUN', 'PROPN', 'PROPN', 'PROPN', 'PROPN', 'PROPN', 'PROPN', 'PROPN', 'PROPN', 'NOUN', 'ADJ', 'PROPN', 'NOUN', 'NOUN', 'PROPN', 'PROPN', 'PROPN', 'PROPN', 'PROPN', 'PROPN', 'NOUN', 'NOUN', 'VERB', 'NOUN', 'PROPN', 'PROPN', 'PROPN', 'PROPN', 'PROPN', 'PROPN', 'NOUN', 'NOUN', 'VERB', 'NOUN', 'NOUN', 'PROPN', 'PROPN', 'PROPN', 'PROPN', 'PROPN', 'PROPN', 'ADJ', 'ADJ', 'NOUN', 'VERB', 'PROPN', 'ADJ', 'ADJ', 'NOUN', 'NOUN', 'ADP', 'NOUN', 'PROPN', 'PROPN', 'VERB', 'ADJ', 'PROPN', 'NOUN', 'ADP', 'NOUN', 'PRON', 'NOUN', 'NOUN', 'NOUN', 'CCONJ', 'NOUN', 'ADP', 'NOUN', 'PROPN', 'PROPN', 'PROPN', 'PROPN', 'PROPN', 'NOUN', 'NOUN', 'PROPN', 'VERB', 'PROPN', 'VERB', 'ADJ', 'NOUN', 'ADP', 'NOUN', 'PROPN', 'PROPN', 'VERB', 'PROPN', 'VERB', 'ADJ', 'NOUN', 'NOUN', 'NOUN', 'PROPN', 'NOUN', 'PROPN', 'ADJ']","['herb', 'blue heart sian', 'lancha van descubre lugares', 'globe', 'cielo origen cielo', 'delfines tortugas paz encuentra ningun lugar', 'dolphin turtle green heart tour disenado vivas esencia natural caribe mexicano lejos ruido cerca vida salvaje small blue diamond tour incluye minibus transporte redondo cancun playa carmen tulum', 'head guia bilingue droplet agua bordo van sandwich snack', 'biosfera sandwich agua speedboat paseo horas', 'punta allen blue heart', 'piscina natural grande mundo camera', 'flash tiempo libre', 'espectacular contenido cup', 'straw agua sabor restaurante fork', 'knife', 'plate platillo elegir filete pescado filete pollo carne calendar', 'salidas miercoles', 'mobile phone', 'arrow reservas whatsapp', 'tulum puntaallen mexicomagico experienciaschidas aventuracaribena reservanatural viajaresvivir']","[{'text': 'sian lancha van descubre lugares', 'label': 'PERSON'}, {'text': 'magicos', 'label': 'NORP'}, {'text': 'mexico', 'label': 'GPE'}, {'text': 'biosfera sian declarada patrimonio', 'label': 'PERSON'}, {'text': 'unesco star', 'label': 'ORG'}, {'text': 'significa puerta', 'label': 'GPE'}, {'text': 'cielo origen cielo lengua', 'label': 'PERSON'}, {'text': 'llegas', 'label': 'PERSON'}, {'text': 'paz', 'label': 'GPE'}, {'text': 'vivas esencia', 'label': 'PERSON'}, {'text': 'lejos ruido cerca', 'label': 'PERSON'}, {'text': 'minibus', 'label': 'ORG'}, {'text': 'cancun playa', 'label': 'ORG'}, {'text': 'van', 'label': 'PERSON'}, {'text': 'piscina', 'label': 'NORP'}]",0.10273972602739725
37129,,tulum mexicancaribbean puntaallen azulik xcaret inlakech tribe dance roots islands blue ocean spirits die warriors jungle,"['PROPN', 'PROPN', 'NOUN', 'PROPN', 'PROPN', 'PROPN', 'VERB', 'NOUN', 'NOUN', 'PROPN', 'PROPN', 'NOUN', 'NOUN', 'VERB', 'NOUN', 'NOUN']","['tulum', 'xcaret inlakech', 'dance roots islands', 'blue ocean spirits', 'warriors']","[{'text': 'xcaret inlakech', 'label': 'PERSON'}]",0.0625
37199,,preventa mejor momento star struck round pushpin lotes residenciales frente punta maroma reconocida mundialmente playas hermosas water wave palm tree momento perfecto asegurar lugar paraiso chart increasing alta plusvalia briefcase ideal vivir invertir beach with umbrella frente playa clase mundial key haz realidad sueno vivir frente mar puntamaroma lotesfrentealmar preventaexclusiva vivirenelparaiso inversionsegura rivieramaya lotesresidenciales vidadeplaya,"['ADJ', 'NOUN', 'PROPN', 'NOUN', 'VERB', 'ADJ', 'ADJ', 'NOUN', 'PROPN', 'PROPN', 'PROPN', 'PROPN', 'PROPN', 'PROPN', 'PROPN', 'PROPN', 'PROPN', 'PROPN', 'NOUN', 'NOUN', 'VERB', 'PROPN', 'NOUN', 'PROPN', 'PROPN', 'PROPN', 'VERB', 'PROPN', 'PROPN', 'NOUN', 'ADJ', 'PROPN', 'PROPN', 'NOUN', 'ADP', 'PROPN', 'PROPN', 'PROPN', 'PROPN', 'PROPN', 'NOUN', 'PROPN', 'PROPN', 'PROPN', 'PROPN', 'PROPN', 'PROPN', 'PROPN', 'PROPN', 'PROPN', 'PROPN', 'PROPN', 'PROPN', 'PROPN', 'PROPN']","['preventa mejor momento star', 'round pushpin lotes residenciales frente punta maroma reconocida mundialmente playas hermosas water wave palm tree', 'perfecto asegurar lugar paraiso chart increasing alta plusvalia briefcase ideal vivir invertir beach']","[{'text': 'hermosas', 'label': 'PERSON'}, {'text': 'invertir beach', 'label': 'GPE'}, {'text': 'mar puntamaroma', 'label': 'PERSON'}, {'text': 'lotesfrentealmar', 'label': 'PERSON'}, {'text': 'inversionsegura rivieramaya', 'label': 'PERSON'}]",0.09090909090909091
37259,,palm tree sparkles imaginas tener terreno ademas recibir pase anual xcaret mexico asi lees roller coaster water wave luum premiamos inversion futuro adquiere terreno hoy disfruta beneficio exclusivo solo tiempo limitado round pushpin invierte cerca playa carmen house with garden terrenos gran plusvalia amenidades naturales admission tickets pase anual xcaret esperando speech balloon comenta info escribenos whatsapp mobile phone with arrow enviaremos detalles condiciones aplicar calendar promocion valida abril pushpin consulta terminos condiciones numero contacto luumha xcaretgratis terrenoconpremio playadelcarmen terrenosenventa puntamaroma inversionsegura paseanual quintanaroo tupatrimonio mexico promocion valida abril consulta terminos condiciones numero contacto ine quintana roo indispensable aplica pago enganche man raising hand ine quintana roo quiza mejor momento empezar patrimonio hermosa ciudad,"['NOUN', 'NOUN', 'VERB', 'PROPN', 'NOUN', 'PROPN', 'PROPN', 'PROPN', 'PROPN', 'ADJ', 'PROPN', 'PROPN', 'PROPN', 'PROPN', 'NOUN', 'NOUN', 'NOUN', 'NOUN', 'PROPN', 'NOUN', 'NOUN', 'PROPN', 'PROPN', 'PROPN', 'PROPN', 'PROPN', 'NOUN', 'VERB', 'PROPN', 'PROPN', 'NOUN', 'PROPN', 'PROPN', 'PROPN', 'PROPN', 'PROPN', 'PROPN', 'PROPN', 'ADP', 'NOUN', 'PROPN', 'PROPN', 'PROPN', 'VERB', 'ADJ', 'NOUN', 'NOUN', 'VERB', 'ADJ', 'PROPN', 'PROPN', 'PROPN', 'PROPN', 'PROPN', 'NOUN', 'NOUN', 'ADJ', 'ADJ', 'NOUN', 'ADP', 'NOUN', 'NOUN', 'VERB', 'NOUN', 'NOUN', 'NOUN', 'VERB', 'PROPN', 'PROPN', 'PROPN', 'PROPN', 'PROPN', 'PROPN', 'PROPN', 'PROPN', 'PROPN', 'PROPN', 'PROPN', 'NOUN', 'PROPN', 'NOUN', 'PROPN', 'PROPN', 'PROPN', 'PROPN', 'PROPN', 'PROPN', 'PROPN', 'PROPN', 'PROPN', 'PROPN', 'PROPN', 'PROPN', 'PROPN', 'PROPN', 'PROPN', 'PROPN', 'PROPN', 'PROPN', 'PROPN', 'PROPN', 'NOUN', 'VERB', 'NOUN', 'PROPN', 'PROPN', 'PROPN', 'VERB', 'NOUN', 'PROPN', 'PROPN', 'PROPN', 'PROPN', 'PROPN']","['palm tree', 'imaginas tener terreno ademas recibir pase anual xcaret mexico asi lees roller coaster water wave luum premiamos inversion futuro adquiere', 'terreno hoy disfruta beneficio', 'solo tiempo limitado round pushpin invierte cerca playa carmen house', 'garden terrenos gran plusvalia', 'naturales admission tickets', 'anual xcaret esperando speech balloon comenta info escribenos', 'mobile phone', 'arrow enviaremos', 'paseanual quintanaroo', 'tupatrimonio mexico', 'hand']","[{'text': 'ademas recibir', 'label': 'PERSON'}, {'text': 'xcaret mexico asi lees', 'label': 'PERSON'}, {'text': 'terreno hoy', 'label': 'PERSON'}, {'text': 'invierte cerca playa', 'label': 'ORG'}, {'text': 'xcaret esperando speech', 'label': 'PERSON'}, {'text': 'info escribenos', 'label': 'ORG'}, {'text': 'xcaretgratis terrenoconpremio', 'label': 'PERSON'}, {'text': 'quintanaroo tupatrimonio mexico promocion valida', 'label': 'PERSON'}, {'text': 'abril consulta', 'label': 'PERSON'}, {'text': 'ine quintana roo indispensable aplica pago enganche', 'label': 'ORG'}, {'text': 'ine quintana roo quiza', 'label': 'ORG'}]",0.09649122807017543
37274,,haz visita maroma beach inolvidable water wave palm tree sun complementa day pass brunch cualquiera siguientes actividades costo extra waverunner water wave parasailing parachute catamaran sailboat buceo diving mask jungle trail speedboat speedboat sunset catamaran sunrise pesca fishing pole pregunta informacion comentarios decidiste alguna reserva directamente al tel playamaroma playa maromabeach playadelcarmen daypass cuatrimotos tour puntamaroma catamaran buceo dive waverunner speedboat sunsetcatamaran,"['PROPN', 'PROPN', 'PROPN', 'PROPN', 'ADJ', 'NOUN', 'NOUN', 'PROPN', 'PROPN', 'PROPN', 'PROPN', 'PROPN', 'NOUN', 'NOUN', 'NOUN', 'VERB', 'NOUN', 'VERB', 'ADJ', 'NOUN', 'NOUN', 'NOUN', 'VERB', 'ADJ', 'NOUN', 'NOUN', 'PROPN', 'PROPN', 'NOUN', 'PROPN', 'NOUN', 'NOUN', 'NOUN', 'NOUN', 'NOUN', 'NOUN', 'PROPN', 'NOUN', 'NOUN', 'ADJ', 'NOUN', 'NOUN', 'PROPN', 'PROPN', 'PROPN', 'PROPN', 'PROPN', 'PROPN', 'PROPN', 'PROPN', 'PROPN', 'PROPN', 'PROPN', 'VERB', 'NOUN', 'NOUN', 'PROPN', 'PROPN', 'VERB', 'NOUN', 'NOUN', 'NOUN']","['haz visita maroma beach inolvidable water wave palm tree sun complementa day pass', 'brunch cualquiera', 'actividades', 'extra waverunner water wave', 'speedboat speedboat sunset catamaran sunrise pesca']","[{'text': 'maroma beach', 'label': 'GPE'}, {'text': 'sun complementa day', 'label': 'GPE'}, {'text': 'decidiste alguna', 'label': 'PERSON'}, {'text': 'al tel', 'label': 'ORG'}]",0.06451612903225806
37320,,sonríe respira lentamente thich nhat hanh sol noiretblancphotographie noirphotography noirlovers noir vision bnwzone bnwphotos bwphoto bwbeauty bwoftheday bwlovers bwphotography bnwmagic bnwlovers bnw fotografía,"['PROPN', 'PROPN', 'PROPN', 'PROPN', 'PROPN', 'PROPN', 'PROPN', 'PROPN', 'PROPN', 'NOUN', 'PROPN', 'PROPN', 'PROPN', 'VERB', 'NOUN', 'NOUN', 'NOUN', 'NOUN', 'VERB', 'NOUN', 'NOUN', 'PROPN', 'PROPN']","['sonríe respira lentamente thich nhat', 'sol noiretblancphotographie noirphotography noirlovers', 'noir vision bnwzone', 'bwphoto bwbeauty bwoftheday bwlovers bwphotography bnwmagic bnwlovers', 'bnw fotografía']","[{'text': 'sonríe respira lentamente', 'label': 'PERSON'}]",0.043478260869565216
37412,,corazón azul reservar thebeachfrontbythefiveshotels feelthefives thefiveshotels playadelcarmen xcalacoco palmera i,"['PROPN', 'PROPN', 'PROPN', 'NOUN', 'VERB', 'PROPN', 'NOUN', 'PROPN', 'NOUN', 'PRON']","['corazón azul reservar thebeachfrontbythefiveshotels', 'thefiveshotels playadelcarmen', 'xcalacoco palmera']","[{'text': 'xcalacoco', 'label': 'ORG'}]",0.1
37414,,bebida caliente reservar thebeachfrontbythefiveshotels feelthefives thefiveshotels playadelcarmen xcalacoco libro abierto,"['PROPN', 'PROPN', 'PROPN', 'NOUN', 'VERB', 'PROPN', 'NOUN', 'PROPN', 'PROPN', 'PROPN']","['bebida caliente reservar thebeachfrontbythefiveshotels', 'thefiveshotels playadelcarmen xcalacoco libro abierto']","[{'text': 'xcalacoco', 'label': 'ORG'}]",0.1
37418,,reserve thebeachfrontbythefiveshotels feelthefives thefiveshotels playadelcarmen xcalacoco mareado todo listo solo faltas,"['PROPN', 'NOUN', 'VERB', 'PROPN', 'NOUN', 'PROPN', 'PROPN', 'PROPN', 'PROPN', 'PROPN', 'NOUN']","['reserve thebeachfrontbythefiveshotels', 'thefiveshotels playadelcarmen', 'xcalacoco mareado todo listo solo faltas']","[{'text': 'xcalacoco', 'label': 'ORG'}]",0.09090909090909091
37467,,seis detenidos homicidio playa carmeceluladelictiva arrestados sido identificados jose guadalupe luis alfonso angel cristopher angel eduardo consuelo captura autoridades aseguraron tres armas fuego cortas tres vehiculos presuntamente utilizados intercambio disparos operacion captura llevada cabo policia municipal tras movilizacion rapida generada tiroteo smiling face with sunglasses agenda cerca ahora whatsapp agendaqr akumalfm playadelcarmen quintanaroo homicidio balacera fiscaliageneral policiamunicipal xcalacoco crimenorganizado seguridadpublica detenciones operativopoliciaco tiroteo inseguridad celuladelictiva,"['PROPN', 'PROPN', 'PROPN', 'PROPN', 'PROPN', 'PROPN', 'NOUN', 'VERB', 'PROPN', 'PROPN', 'PROPN', 'PROPN', 'NOUN', 'PROPN', 'PROPN', 'PROPN', 'PROPN', 'PROPN', 'PROPN', 'PROPN', 'PROPN', 'PROPN', 'NOUN', 'NOUN', 'NOUN', 'PROPN', 'PROPN', 'PROPN', 'PROPN', 'PROPN', 'NOUN', 'NOUN', 'PROPN', 'PROPN', 'PROPN', 'PROPN', 'PROPN', 'PROPN', 'PROPN', 'PROPN', 'NOUN', 'VERB', 'NOUN', 'ADP', 'NOUN', 'PROPN', 'PROPN', 'PROPN', 'PROPN', 'ADJ', 'PROPN', 'NOUN', 'PROPN', 'PROPN', 'PROPN', 'PROPN', 'PROPN', 'PROPN', 'PROPN', 'PROPN', 'PROPN', 'PROPN', 'PROPN', 'PROPN', 'NOUN']","['seis', 'jose guadalupe luis alfonso angel', 'vehiculos presuntamente utilizados', 'intercambio disparos operacion captura llevada cabo policia municipal tras movilizacion rapida generada tiroteo smiling face', 'sunglasses agenda cerca ahora whatsapp agendaqr akumalfm playadelcarmen', 'quintanaroo homicidio balacera fiscaliageneral policiamunicipal xcalacoco crimenorganizado']","[{'text': 'seis', 'label': 'ORG'}, {'text': 'guadalupe luis alfonso angel', 'label': 'PERSON'}, {'text': 'angel eduardo consuelo captura autoridades aseguraron tres', 'label': 'PERSON'}, {'text': 'fuego cortas tres vehiculos presuntamente', 'label': 'ORG'}, {'text': 'captura llevada', 'label': 'PERSON'}, {'text': 'generada', 'label': 'NORP'}, {'text': 'agenda cerca ahora', 'label': 'PERSON'}]",0.1076923076923077
37523,,water wave herb vive xel ha herb water wave sumergete paraiso lleno naturaleza agua cristalina aventura xel podras disfrutar tirolesas toboganes acuaticos rios nadar vistas espectaculares cada rincon smiling face with heart eyes woman biking recorre parque bicicleta rodeado selva herb conecta naturaleza senderos caletas miradores sweat droplets relajate flotando rio lanzate aventura fork and knife with plate disfruta alimentos bebidas dia sparkles ideal familias parejas amantes naturaleza green heart lugar diversion descanso viven preocupaciones xelha parquetodoincluido naturaleza aventuraencancun tirolesas toboganes viajaresvivir experienciasunicas rivieramaya palm tree sweat droplets,"['NOUN', 'NOUN', 'NOUN', 'PROPN', 'PROPN', 'PROPN', 'NOUN', 'NOUN', 'NOUN', 'PROPN', 'PROPN', 'PROPN', 'PROPN', 'PROPN', 'PROPN', 'PROPN', 'PROPN', 'PROPN', 'PROPN', 'PROPN', 'VERB', 'PROPN', 'NOUN', 'NOUN', 'PROPN', 'PROPN', 'PROPN', 'NOUN', 'VERB', 'NOUN', 'ADP', 'NOUN', 'NOUN', 'NOUN', 'VERB', 'ADJ', 'NOUN', 'PROPN', 'PROPN', 'PROPN', 'PROPN', 'PROPN', 'PROPN', 'PROPN', 'NOUN', 'NOUN', 'NOUN', 'NOUN', 'VERB', 'NOUN', 'PROPN', 'PROPN', 'PROPN', 'NOUN', 'CCONJ', 'NOUN', 'ADP', 'NOUN', 'ADJ', 'PROPN', 'PROPN', 'PROPN', 'PROPN', 'PROPN', 'PROPN', 'PROPN', 'VERB', 'ADV', 'ADJ', 'NOUN', 'PROPN', 'NOUN', 'NOUN', 'ADJ', 'NOUN', 'NOUN', 'PROPN', 'ADV', 'ADJ', 'PROPN', 'NOUN', 'PROPN', 'PROPN', 'PROPN', 'PROPN', 'NOUN', 'NOUN', 'NOUN']","['water wave herb', 'vive xel', 'herb water wave sumergete paraiso lleno naturaleza agua cristalina aventura xel podras', 'acuaticos rios', 'nadar vistas espectaculares cada rincon smiling face', 'heart eyes woman', 'recorre parque bicicleta rodeado selva herb conecta naturaleza senderos caletas miradores sweat droplets', 'flotando rio lanzate aventura fork', 'knife', 'plate disfruta alimentos bebidas dia sparkles ideal', 'familias parejas amantes naturaleza green heart lugar diversion descanso', 'viven preocupaciones', 'naturaleza aventuraencancun tirolesas toboganes', 'viajaresvivir experienciasunicas rivieramaya palm tree sweat droplets']","[{'text': 'lleno naturaleza', 'label': 'PERSON'}, {'text': 'xel podras disfrutar tirolesas', 'label': 'ORG'}, {'text': 'acuaticos', 'label': 'CARDINAL'}, {'text': 'cada rincon', 'label': 'ORG'}, {'text': 'selva herb conecta', 'label': 'PERSON'}, {'text': 'aventuraencancun tirolesas', 'label': 'PERSON'}]",0.06818181818181818
37565,,herb fire vive xcaret nunca fire herb kaan travel bloqueos especiales increible hotel xcaret hotel sparkles calendar varias fechas disponibles elijas mejor convenga money bag persona noche admission tickets acceso incluido parques xcaret xel girl child menores anos hospedan gratis diversion aventura relajacion solo lugar water wave hibiscus perfecto viajar familia escaparte pareja regalarte dias solo man in lotus position green heart police car light desaproveches bloqueos limitados envelope with arrow reserva hoy fecha preparate vivir unas vacaciones mobile phone mail reservaciones kaantravel hotelxcaret vacacionesenfamilia aventuraxcaret xelha viajaconkaan bloqueosespeciales escapadaperfecta turismomx experienciasinolvidables sun with face palm tree water wave,"['NOUN', 'NOUN', 'PROPN', 'PROPN', 'PROPN', 'PROPN', 'NOUN', 'PROPN', 'PROPN', 'PROPN', 'VERB', 'ADJ', 'NOUN', 'NOUN', 'PROPN', 'VERB', 'PROPN', 'PROPN', 'PROPN', 'NOUN', 'VERB', 'NOUN', 'PROPN', 'NOUN', 'PROPN', 'PROPN', 'PROPN', 'NOUN', 'NOUN', 'VERB', 'VERB', 'NOUN', 'PROPN', 'PROPN', 'PROPN', 'NOUN', 'VERB', 'PROPN', 'PROPN', 'PROPN', 'NOUN', 'NOUN', 'NOUN', 'PROPN', 'PROPN', 'PROPN', 'NOUN', 'NOUN', 'NOUN', 'NOUN', 'X', 'PROPN', 'PROPN', 'NOUN', 'PROPN', 'ADP', 'NOUN', 'ADP', 'PROPN', 'PROPN', 'PROPN', 'NOUN', 'NOUN', 'NOUN', 'NOUN', 'VERB', 'NOUN', 'NOUN', 'VERB', 'ADP', 'PROPN', 'PROPN', 'PROPN', 'NOUN', 'NOUN', 'PROPN', 'ADJ', 'NOUN', 'ADJ', 'NOUN', 'NOUN', 'NOUN', 'VERB', 'ADJ', 'NOUN', 'NOUN', 'VERB', 'NOUN', 'NOUN', 'PROPN', 'PROPN', 'VERB', 'PROPN', 'ADP', 'NOUN', 'NOUN', 'NOUN', 'NOUN', 'NOUN']","['herb fire', 'kaan travel bloqueos', 'increible hotel xcaret hotel', 'calendar varias fechas disponibles', 'mejor convenga money bag persona noche admission tickets', 'incluido parques', 'anos hospedan gratis diversion aventura relajacion', 'lugar water wave hibiscus perfecto viajar', 'lotus position green heart police car light', 'arrow reserva hoy fecha preparate', 'vivir unas vacaciones', 'mobile phone mail reservaciones', 'hotelxcaret vacacionesenfamilia', 'viajaconkaan bloqueosespeciales', 'escapadaperfecta turismomx', 'sun', 'face palm tree water wave']","[{'text': 'noche', 'label': 'GPE'}, {'text': 'xcaret xel girl child menores', 'label': 'PERSON'}, {'text': 'anos hospedan gratis', 'label': 'PERSON'}, {'text': 'lotus', 'label': 'ORG'}, {'text': 'arrow reserva hoy', 'label': 'PERSON'}, {'text': 'unas vacaciones mobile', 'label': 'ORG'}]",0.06060606060606061
37638,,house with garden house with garden casa brisas party popper party popper round pushpin ubicacion xpu quintana roo money bag precio telephone receiver informes sparkles caracteristicas bed recamaras servicio shower banos servicio house terreno house construccion artist palette excelentes acabados beach with umbrella minutos playa niveles cuenta paneles solares domotica sistema riego automatico purificacion agua alarma seguridad entrega inmediata sparkles haz lugar nuevo hogar house with garden realestate realtor xpuha xpuhamexico xpuhabeach xpuhavacation xpuhacaribemexicano nexo nexocapital nexorealestate,"['PROPN', 'ADP', 'NOUN', 'NOUN', 'ADP', 'PROPN', 'PROPN', 'PROPN', 'PROPN', 'PROPN', 'NOUN', 'NOUN', 'NOUN', 'ADJ', 'NOUN', 'PROPN', 'PROPN', 'PROPN', 'PROPN', 'PROPN', 'PROPN', 'PROPN', 'NOUN', 'VERB', 'VERB', 'NOUN', 'NOUN', 'X', 'PROPN', 'PROPN', 'PROPN', 'PROPN', 'PROPN', 'PROPN', 'PROPN', 'PROPN', 'NOUN', 'PROPN', 'NOUN', 'PROPN', 'PROPN', 'ADP', 'PROPN', 'PROPN', 'NOUN', 'NOUN', 'NOUN', 'NOUN', 'VERB', 'PROPN', 'PROPN', 'NOUN', 'NOUN', 'NOUN', 'DET', 'PROPN', 'PROPN', 'PROPN', 'PROPN', 'VERB', 'PROPN', 'PROPN', 'PROPN', 'PROPN', 'PROPN', 'ADP', 'NOUN', 'NOUN', 'NOUN', 'PROPN', 'PROPN', 'PROPN', 'PROPN', 'PROPN', 'PROPN', 'PROPN', 'PROPN']","['house', 'garden house', 'garden casa brisas party popper party popper round pushpin ubicacion', 'xpu quintana roo money bag precio telephone receiver', 'caracteristicas bed recamaras servicio shower banos servicio house terreno house construccion artist palette excelentes acabados beach', 'umbrella minutos playa niveles cuenta paneles', 'domotica sistema riego automatico purificacion', 'agua alarma seguridad entrega inmediata', 'haz lugar nuevo hogar house', 'garden realestate realtor xpuha xpuhamexico', 'xpuhabeach xpuhavacation xpuhacaribemexicano nexo nexocapital nexorealestate']","[{'text': 'casa brisas party popper party popper round', 'label': 'ORG'}, {'text': 'quintana roo', 'label': 'PERSON'}, {'text': 'house terreno house construccion artist', 'label': 'ORG'}, {'text': 'nuevo hogar house', 'label': 'ORG'}, {'text': 'xpuhavacation xpuhacaribemexicano nexo', 'label': 'ORG'}]",0.06493506493506493
37650,,house with garden house with garden casa brisas party popper party popper round pushpin ubicacion xpu quintana roo money bag precio telephone receiver informes sparkles caracteristicas bed recamaras servicio shower banos servicio house terreno house construccion artist palette excelentes acabados beach with umbrella minutos playa niveles cuenta paneles solares domotica sistema riego automatico purificacion agua alarma seguridad entrega inmediata sparkles haz lugar nuevo hogar house with garden realestate realtor xpuha xpuhamexico xpuhabeach xpuhavacation xpuhacaribemexicano nexo nexocapital nexorealestate,"['PROPN', 'ADP', 'NOUN', 'NOUN', 'ADP', 'PROPN', 'PROPN', 'PROPN', 'PROPN', 'PROPN', 'NOUN', 'NOUN', 'NOUN', 'ADJ', 'NOUN', 'PROPN', 'PROPN', 'PROPN', 'PROPN', 'PROPN', 'PROPN', 'PROPN', 'NOUN', 'VERB', 'VERB', 'NOUN', 'NOUN', 'X', 'PROPN', 'PROPN', 'PROPN', 'PROPN', 'PROPN', 'PROPN', 'PROPN', 'PROPN', 'NOUN', 'PROPN', 'NOUN', 'PROPN', 'PROPN', 'ADP', 'PROPN', 'PROPN', 'NOUN', 'NOUN', 'NOUN', 'NOUN', 'VERB', 'PROPN', 'PROPN', 'NOUN', 'NOUN', 'NOUN', 'DET', 'PROPN', 'PROPN', 'PROPN', 'PROPN', 'VERB', 'PROPN', 'PROPN', 'PROPN', 'PROPN', 'PROPN', 'ADP', 'NOUN', 'NOUN', 'NOUN', 'PROPN', 'PROPN', 'PROPN', 'PROPN', 'PROPN', 'PROPN', 'PROPN', 'PROPN']","['house', 'garden house', 'garden casa brisas party popper party popper round pushpin ubicacion', 'xpu quintana roo money bag precio telephone receiver', 'caracteristicas bed recamaras servicio shower banos servicio house terreno house construccion artist palette excelentes acabados beach', 'umbrella minutos playa niveles cuenta paneles', 'domotica sistema riego automatico purificacion', 'agua alarma seguridad entrega inmediata', 'haz lugar nuevo hogar house', 'garden realestate realtor xpuha xpuhamexico', 'xpuhabeach xpuhavacation xpuhacaribemexicano nexo nexocapital nexorealestate']","[{'text': 'casa brisas party popper party popper round', 'label': 'ORG'}, {'text': 'quintana roo', 'label': 'PERSON'}, {'text': 'house terreno house construccion artist', 'label': 'ORG'}, {'text': 'nuevo hogar house', 'label': 'ORG'}, {'text': 'xpuhavacation xpuhacaribemexicano nexo', 'label': 'ORG'}]",0.06493506493506493
37680,,recibimos corazon agradecido lleno esperanza planes proyectos tener mucha salud fisica emocional paz armonia hogar principales objetivos hoy suelto pertenece abrazo bella realidad bienvenido ano red heart medical symbol person in lotus position light skin tone smiling face glowing star raising hands medium light skin tone graciasalavidaquemeadadotanto serenityglamping xpuha felizan,"['PROPN', 'PROPN', 'VERB', 'PROPN', 'PROPN', 'NOUN', 'VERB', 'NOUN', 'PROPN', 'PROPN', 'PROPN', 'ADJ', 'PROPN', 'PROPN', 'NOUN', 'NOUN', 'ADP', 'PROPN', 'NOUN', 'PROPN', 'PROPN', 'PROPN', 'PROPN', 'PROPN', 'PROPN', 'ADJ', 'NOUN', 'ADJ', 'NOUN', 'NOUN', 'ADP', 'PROPN', 'PROPN', 'NOUN', 'NOUN', 'NOUN', 'VERB', 'NOUN', 'VERB', 'NOUN', 'VERB', 'NOUN', 'ADJ', 'ADJ', 'NOUN', 'NOUN', 'NOUN', 'VERB', 'PROPN', 'PROPN']","['recibimos corazon', 'lleno esperanza planes', 'tener mucha salud fisica emocional paz armonia hogar principales', 'hoy suelto pertenece abrazo bella realidad bienvenido ano red heart medical symbol person', 'lotus position light skin tone smiling face', 'star', 'hands medium light skin tone graciasalavidaquemeadadotanto', 'xpuha felizan']","[{'text': 'agradecido lleno esperanza', 'label': 'PERSON'}, {'text': 'armonia', 'label': 'GPE'}, {'text': 'hoy suelto', 'label': 'PERSON'}, {'text': 'lotus', 'label': 'ORG'}]",0.08
37696,,house with garden house with garden casa brisas party popper party popper round pushpin ubicacion xpu quintana roo money bag precio telephone receiver informes sparkles caracteristicas bed recamaras servicio shower banos servicio house terreno house construccion artist palette excelentes acabados beach with umbrella minutos playa niveles cuenta paneles solares domotica sistema riego automatico purificacion agua alarma seguridad entrega inmediata sparkles haz lugar nuevo hogar house with garden realestate realtor xpuha xpuhamexico xpuhabeach xpuhavacation xpuhacaribemexicano nexo nexocapital nexorealestate,"['PROPN', 'ADP', 'NOUN', 'NOUN', 'ADP', 'PROPN', 'PROPN', 'PROPN', 'PROPN', 'PROPN', 'NOUN', 'NOUN', 'NOUN', 'ADJ', 'NOUN', 'PROPN', 'PROPN', 'PROPN', 'PROPN', 'PROPN', 'PROPN', 'PROPN', 'NOUN', 'VERB', 'VERB', 'NOUN', 'NOUN', 'X', 'PROPN', 'PROPN', 'PROPN', 'PROPN', 'PROPN', 'PROPN', 'PROPN', 'PROPN', 'NOUN', 'PROPN', 'NOUN', 'PROPN', 'PROPN', 'ADP', 'PROPN', 'PROPN', 'NOUN', 'NOUN', 'NOUN', 'NOUN', 'VERB', 'PROPN', 'PROPN', 'NOUN', 'NOUN', 'NOUN', 'DET', 'PROPN', 'PROPN', 'PROPN', 'PROPN', 'VERB', 'PROPN', 'PROPN', 'PROPN', 'PROPN', 'PROPN', 'ADP', 'NOUN', 'NOUN', 'NOUN', 'PROPN', 'PROPN', 'PROPN', 'PROPN', 'PROPN', 'PROPN', 'PROPN', 'PROPN']","['house', 'garden house', 'garden casa brisas party popper party popper round pushpin ubicacion', 'xpu quintana roo money bag precio telephone receiver', 'caracteristicas bed recamaras servicio shower banos servicio house terreno house construccion artist palette excelentes acabados beach', 'umbrella minutos playa niveles cuenta paneles', 'domotica sistema riego automatico purificacion', 'agua alarma seguridad entrega inmediata', 'haz lugar nuevo hogar house', 'garden realestate realtor xpuha xpuhamexico', 'xpuhabeach xpuhavacation xpuhacaribemexicano nexo nexocapital nexorealestate']","[{'text': 'casa brisas party popper party popper round', 'label': 'ORG'}, {'text': 'quintana roo', 'label': 'PERSON'}, {'text': 'house terreno house construccion artist', 'label': 'ORG'}, {'text': 'nuevo hogar house', 'label': 'ORG'}, {'text': 'xpuhavacation xpuhacaribemexicano nexo', 'label': 'ORG'}]",0.06493506493506493
37708,,momento relax empieza olas tocan pies vive xpu debe vivirse prisa pendientes estres haz reserva ahora whatsapp asegura brindis dia perfecto whatsapp serenity beach club round pushpin xpu carretera federal playa carmen tulum xpuha serenity rivieramaya,"['PROPN', 'VERB', 'NOUN', 'NOUN', 'ADJ', 'NOUN', 'ADJ', 'PROPN', 'PROPN', 'NOUN', 'NOUN', 'NOUN', 'VERB', 'PROPN', 'PROPN', 'PROPN', 'PROPN', 'PROPN', 'PROPN', 'PROPN', 'PROPN', 'PROPN', 'PROPN', 'PROPN', 'PROPN', 'NOUN', 'NOUN', 'PROPN', 'PROPN', 'ADJ', 'NOUN', 'NOUN', 'VERB', 'PROPN', 'PROPN', 'PROPN']","['momento', 'empieza olas', 'vive xpu debe vivirse prisa pendientes', 'haz reserva ahora whatsapp asegura brindis', 'dia perfecto whatsapp serenity beach club', 'round pushpin xpu carretera federal playa carmen']","[{'text': 'haz reserva ahora', 'label': 'ORG'}, {'text': 'asegura brindis dia', 'label': 'PERSON'}]",0.05555555555555555
37710,,multas piden mar hoy llamando nombre ven serenity desconectate ruido conectate contigo reserva espacio frente mar whatsapp round pushpin xpu carretera federal playa carmen tulum serenitybeachclub serenityvibes beachclublife barefootluxury slowliving oceanmood escapadaperfecta Luxurybeach xpuha rivieramaya caribemexicano wellnessbythesea,"['PROPN', 'NOUN', 'PROPN', 'PROPN', 'PROPN', 'PROPN', 'PROPN', 'PROPN', 'PROPN', 'PROPN', 'ADJ', 'PROPN', 'PROPN', 'PROPN', 'PROPN', 'PROPN', 'PROPN', 'ADJ', 'NOUN', 'PROPN', 'PROPN', 'ADJ', 'NOUN', 'NOUN', 'VERB', 'NOUN', 'NOUN', 'NOUN', 'NOUN', 'NOUN', 'NOUN', 'PROPN', 'PROPN', 'PROPN', 'PROPN', 'PROPN', 'PROPN']","['multas piden mar hoy llamando nombre ven serenity', 'desconectate ruido conectate contigo reserva espacio frente mar', 'round pushpin xpu carretera federal playa carmen', 'serenitybeachclub serenityvibes beachclublife barefootluxury slowliving oceanmood escapadaperfecta Luxurybeach xpuha rivieramaya caribemexicano']","[{'text': 'mar hoy llamando', 'label': 'PERSON'}, {'text': 'Luxurybeach', 'label': 'LOC'}]",0.05405405405405406
37745,,nofilterneeded xpuha beachpath rivieramaya méxico,"['PROPN', 'PROPN', 'PROPN', 'PROPN', 'PROPN']",['nofilterneeded xpuha beachpath rivieramaya méxico'],[],0.0
39757,5.0,Great beach with lots of food options. Not busy during weekdays in early February. We had grilled whole fish and shrimp dish here. Very fresh,"['ADJ', 'NOUN', 'ADP', 'NOUN', 'ADP', 'NOUN', 'NOUN', 'PUNCT', 'PART', 'ADJ', 'ADP', 'NOUN', 'ADP', 'ADJ', 'PROPN', 'PUNCT', 'PRON', 'AUX', 'VERB', 'ADJ', 'NOUN', 'CCONJ', 'NOUN', 'NOUN', 'ADV', 'PUNCT', 'ADV', 'ADJ', 'PUNCT']","['Great beach', 'lots', 'food options', 'weekdays', 'early February', 'We', 'whole fish', 'shrimp dish']","[{'text': 'Great beach', 'label': 'GPE'}, {'text': 'weekdays', 'label': 'DATE'}, {'text': 'early February', 'label': 'DATE'}]",0.10344827586206896
39760,4.0,"Beautiful beach. I went here on a Sunday so it was very crowded. But overall water was nice and kids had fun. We rented a table and ordered food at a restaurant called Super. I didnt do much research before going. Our taxi driver recommended this restaurant. Their food was good, we used the WiFi and bathrooms were available at no extra charge. There were no showers. We paid total 1700 pesos which included 150 tip. We ordered 3 pc fish tacos, shrimp pizza, pop, orange juice, 2 nonalcohol mojitos and pina colada. Mojito was better. Staff was kind and service was great. We had no issues with the restaurant. Only downside is the location which is right in front of the boat docking area. It was super crowded. We kept bumping into people and getting splashed in the face. Thats how crowded it was. I dont swim but my husband went swimming a bit far out and said it was one of the best snorkelling experiences. My 3 year old had a great time as well and my 4 month old slept through the noise. The left side of the beach is slightly more shallow and crowded and the far right side is more peaceful.","['ADJ', 'NOUN', 'PUNCT', 'PRON', 'VERB', 'ADV', 'ADP', 'DET', 'PROPN', 'ADV', 'PRON', 'AUX', 'ADV', 'ADJ', 'PUNCT', 'CCONJ', 'ADJ', 'NOUN', 'AUX', 'ADJ', 'CCONJ', 'NOUN', 'VERB', 'NOUN', 'PUNCT', 'PRON', 'VERB', 'DET', 'NOUN', 'CCONJ', 'VERB', 'NOUN', 'ADP', 'DET', 'NOUN', 'VERB', 'PROPN', 'PUNCT', 'PRON', 'AUX', 'PART', 'VERB', 'ADJ', 'NOUN', 'ADP', 'VERB', 'PUNCT', 'PRON', 'NOUN', 'NOUN', 'VERB', 'DET', 'NOUN', 'PUNCT', 'PRON', 'NOUN', 'AUX', 'ADJ', 'PUNCT', 'PRON', 'VERB', 'DET', 'PROPN', 'CCONJ', 'NOUN', 'AUX', 'ADJ', 'ADP', 'DET', 'ADJ', 'NOUN', 'PUNCT', 'PRON', 'VERB', 'DET', 'NOUN', 'PUNCT', 'PRON', 'VERB', 'ADJ', 'NUM', 'NOUN', 'PRON', 'VERB', 'NUM', 'NOUN', 'PUNCT', 'PRON', 'VERB', 'NUM', 'NOUN', 'NOUN', 'NOUN', 'PUNCT', 'NOUN', 'NOUN', 'PUNCT', 'NOUN', 'PUNCT', 'PROPN', 'NOUN', 'PUNCT', 'NUM', 'ADJ', 'ADJ', 'ADJ', 'NOUN', 'CCONJ', 'NOUN', 'PROPN', 'PUNCT', 'PROPN', 'AUX', 'ADJ', 'PUNCT', 'NOUN', 'AUX', 'ADJ', 'CCONJ', 'NOUN', 'AUX', 'ADJ', 'PUNCT', 'PRON', 'VERB', 'DET', 'NOUN', 'ADP', 'DET', 'NOUN', 'PUNCT', 'ADV', 'NOUN', 'AUX', 'DET', 'NOUN', 'PRON', 'AUX', 'ADJ', 'ADP', 'NOUN', 'ADP', 'DET', 'NOUN', 'VERB', 'NOUN', 'PUNCT', 'PRON', 'AUX', 'ADV', 'ADJ', 'PUNCT', 'PRON', 'VERB', 'VERB', 'ADP', 'NOUN', 'CCONJ', 'AUX', 'VERB', 'ADP', 'DET', 'NOUN', 'PUNCT', 'PRON', 'VERB', 'SCONJ', 'ADJ', 'PRON', 'AUX', 'PUNCT', 'PRON', 'AUX', 'PART', 'VERB', 'CCONJ', 'PRON', 'NOUN', 'VERB', 'VERB', 'DET', 'NOUN', 'ADV', 'ADV', 'CCONJ', 'VERB', 'PRON', 'AUX', 'NUM', 'ADP', 'DET', 'ADJ', 'NOUN', 'NOUN', 'PUNCT', 'PRON', 'NUM', 'NOUN', 'ADJ', 'VERB', 'DET', 'ADJ', 'NOUN', 'ADV', 'ADV', 'CCONJ', 'PRON', 'NUM', 'NOUN', 'ADJ', 'VERB', 'ADP', 'DET', 'NOUN', 'PUNCT', 'DET', 'ADJ', 'NOUN', 'ADP', 'DET', 'NOUN', 'AUX', 'ADV', 'ADV', 'ADJ', 'CCONJ', 'ADJ', 'CCONJ', 'DET', 'ADV', 'ADJ', 'NOUN', 'AUX', 'ADV', 'ADJ', 'PUNCT']","['Beautiful beach', 'I', 'a Sunday', 'it', 'overall water', 'kids', 'fun', 'We', 'a table', 'food', 'a restaurant', 'Super', 'I', 'much research', 'Our taxi driver', 'this restaurant', 'Their food', 'we', 'the WiFi', 'bathrooms', 'no extra charge', 'no showers', 'We', 'total 1700 pesos', 'which', '150 tip', 'We', '3 pc fish tacos', 'shrimp pizza', 'pop', 'orange juice', '2 non-alcohol mojitos', 'pina colada', 'Mojito', 'Staff', 'service', 'We', 'no issues', 'the restaurant', 'Only downside', 'the location', 'which', 'front', 'the boat docking area', 'It', 'We', 'people', 'the face', 'That', 'it', 'I', 'my husband', 'it', 'the best snorkelling experiences', 'a great time', 'the noise', 'The left side', 'the beach', 'the far right side']","[{'text': 'Sunday', 'label': 'DATE'}, {'text': 'Super', 'label': 'ORG'}, {'text': 'WiFi', 'label': 'PERSON'}, {'text': '1700', 'label': 'CARDINAL'}, {'text': '150', 'label': 'CARDINAL'}, {'text': '3', 'label': 'CARDINAL'}, {'text': '2', 'label': 'CARDINAL'}, {'text': 'Mojito', 'label': 'PERSON'}, {'text': '3 year old', 'label': 'DATE'}, {'text': '4 month old', 'label': 'DATE'}]",0.0423728813559322
39765,4.0,Really enjoyed the snorkeling along the rocky side of the bay. We saw many species of fish. The morning was lovely but by the afternoon on a Friday the beach became extremely busy. I recommend you visit on any other week day.,"['ADV', 'VERB', 'DET', 'NOUN', 'ADP', 'DET', 'ADJ', 'NOUN', 'ADP', 'DET', 'NOUN', 'PUNCT', 'PRON', 'VERB', 'ADJ', 'NOUN', 'ADP', 'NOUN', 'PUNCT', 'DET', 'NOUN', 'AUX', 'ADJ', 'CCONJ', 'ADP', 'DET', 'NOUN', 'ADP', 'DET', 'PROPN', 'DET', 'NOUN', 'VERB', 'ADV', 'ADJ', 'PUNCT', 'PRON', 'VERB', 'PRON', 'VERB', 'ADP', 'DET', 'ADJ', 'NOUN', 'NOUN', 'PUNCT']","['the snorkeling', 'the rocky side', 'the bay', 'We', 'many species', 'fish', 'The morning', 'the afternoon', 'a Friday', 'the beach', 'I', 'you', 'any other week day']","[{'text': 'the afternoon', 'label': 'TIME'}, {'text': 'Friday', 'label': 'DATE'}]",0.043478260869565216
39776,5.0,Great beach  and you dont need snorkeling gear with just some goggles your good since the fishes are really close to the ocean shore,"['ADJ', 'NOUN', 'NOUN', 'X', 'CCONJ', 'PRON', 'AUX', 'PART', 'VERB', 'NOUN', 'NOUN', 'ADP', 'ADV', 'DET', 'NOUN', 'PRON', 'NOUN', 'SCONJ', 'DET', 'NOUN', 'AUX', 'ADV', 'ADJ', 'ADP', 'DET', 'NOUN', 'PROPN']","['you', 'snorkeling gear', 'just some goggles', 'your good', 'the fishes', 'the ocean shore']",[],0.0
39788,5.0,Beautiful day at Maguey. Mahi Mahi restaurant was great and a big thank you to the staff and especially Tonita.,"['ADJ', 'NOUN', 'ADP', 'PROPN', 'PUNCT', 'PROPN', 'PROPN', 'NOUN', 'AUX', 'ADJ', 'CCONJ', 'DET', 'ADJ', 'VERB', 'PRON', 'ADP', 'DET', 'NOUN', 'CCONJ', 'ADV', 'PROPN', 'PUNCT']","['Beautiful day', 'Maguey', 'Mahi Mahi restaurant', 'you', 'the staff', 'especially Tonita']","[{'text': 'Maguey.', 'label': 'FAC'}, {'text': 'Tonita', 'label': 'WORK_OF_ART'}]",0.09090909090909091
39792,5.0,"Beautiful, quiet, warm water, lots of food to choose from,mostly seafood and there is no fee or wait time to enter the beach.","['ADJ', 'PUNCT', 'ADJ', 'PUNCT', 'ADJ', 'NOUN', 'PUNCT', 'NOUN', 'ADP', 'NOUN', 'PART', 'VERB', 'ADP', 'PUNCT', 'ADV', 'NOUN', 'CCONJ', 'PRON', 'VERB', 'DET', 'NOUN', 'CCONJ', 'VERB', 'NOUN', 'PART', 'VERB', 'DET', 'NOUN', 'PUNCT']","['Beautiful, quiet, warm water', 'lots', 'food', 'mostly seafood', 'no fee', 'time', 'the beach']",[],0.0
39796,4.0,It is a beautiful beach but crowded and I dont enjoy when people is from the beginning offering things for sale all the time. Food is really expensive but you can bring your own but still need to buy at least a beer to be able to use the shade and the parking if you are driving.,"['PRON', 'AUX', 'DET', 'ADJ', 'NOUN', 'CCONJ', 'ADJ', 'CCONJ', 'PRON', 'AUX', 'PART', 'VERB', 'SCONJ', 'NOUN', 'AUX', 'ADP', 'DET', 'NOUN', 'VERB', 'NOUN', 'ADP', 'NOUN', 'DET', 'DET', 'NOUN', 'PUNCT', 'NOUN', 'AUX', 'ADV', 'ADJ', 'CCONJ', 'PRON', 'AUX', 'VERB', 'PRON', 'ADJ', 'CCONJ', 'ADV', 'VERB', 'PART', 'VERB', 'ADV', 'ADJ', 'DET', 'NOUN', 'PART', 'AUX', 'ADJ', 'PART', 'VERB', 'DET', 'NOUN', 'CCONJ', 'DET', 'NOUN', 'SCONJ', 'PRON', 'AUX', 'VERB', 'PUNCT']","['It', 'a beautiful beach', 'I', 'people', 'the beginning', 'things', 'sale', 'Food', 'you', 'at least a beer', 'the shade', 'the parking', 'you']",[],0.0
39818,4.0,"Once you arrive, you will be approached immediately by restaurant staff trying to convince you to go into their restaurants. Facing the beach, walk to the right look for the bathrooms  showers  take the public path to the beach. The water was calm, lovely  incredibly clear. Be aware that in the afternoon numerous boat tours show up quickly and their customers are herded into the restaurants to be fleeced. I simply walked to a quiet area of the beach  set up my space and had an enjoyable time.","['SCONJ', 'PRON', 'VERB', 'PUNCT', 'PRON', 'AUX', 'AUX', 'VERB', 'ADV', 'ADP', 'NOUN', 'NOUN', 'VERB', 'PART', 'VERB', 'PRON', 'PART', 'VERB', 'ADP', 'PRON', 'NOUN', 'PUNCT', 'VERB', 'DET', 'NOUN', 'PUNCT', 'VERB', 'ADP', 'DET', 'ADJ', 'NOUN', 'ADP', 'DET', 'NOUN', 'CCONJ', 'NOUN', 'CCONJ', 'VERB', 'DET', 'ADJ', 'NOUN', 'ADP', 'DET', 'NOUN', 'PUNCT', 'DET', 'NOUN', 'AUX', 'ADJ', 'PUNCT', 'ADJ', 'CCONJ', 'ADV', 'ADJ', 'PUNCT', 'AUX', 'ADJ', 'SCONJ', 'ADP', 'DET', 'NOUN', 'ADJ', 'NOUN', 'NOUN', 'VERB', 'ADP', 'ADV', 'CCONJ', 'PRON', 'NOUN', 'AUX', 'VERB', 'ADP', 'DET', 'NOUN', 'PART', 'AUX', 'VERB', 'PUNCT', 'PRON', 'ADV', 'VERB', 'ADP', 'DET', 'ADJ', 'NOUN', 'ADP', 'DET', 'NOUN', 'CCONJ', 'VERB', 'ADP', 'PRON', 'NOUN', 'CCONJ', 'VERB', 'DET', 'ADJ', 'NOUN', 'PUNCT']","['you', 'you', 'restaurant staff', 'you', 'their restaurants', 'the beach', 'the right look', 'the bathrooms', 'showers', 'the public path', 'the beach', 'The water', 'the afternoon numerous boat tours', 'their customers', 'the restaurants', 'I', 'a quiet area', 'the beach', 'my space', 'an enjoyable time']","[{'text': 'the bathrooms & showers &', 'label': 'ORG'}, {'text': 'afternoon', 'label': 'TIME'}, {'text': 'the beach &', 'label': 'ORG'}]",0.03
39850,4.0,Beautifulonly thing this beach goes in deep very soon. Also be aware of the restaurants on the beach they tend to add extras to your tab.,"['ADJ', 'ADJ', 'ADJ', 'NOUN', 'DET', 'NOUN', 'VERB', 'ADP', 'ADV', 'ADV', 'ADV', 'PUNCT', 'ADV', 'AUX', 'ADJ', 'ADP', 'DET', 'NOUN', 'ADP', 'DET', 'NOUN', 'PRON', 'VERB', 'PART', 'VERB', 'NOUN', 'ADP', 'PRON', 'NOUN', 'PUNCT', 'PUNCT']","['Beautiful❤️\U0001faf6🏽only thing', 'this beach', 'the restaurants', 'the beach', 'they', 'extras', 'your tab']",[],0.0
39853,4.0,"Tons of beach side restaurants of which the staff will accost you as soon as you get out of a taxi, trying to get you to come to their place. At the far left end of the beach, theres a small public swimming area where we were able to snorkel from and see a wide variety of small fish. The waves and current there were fine for swimming and our kids being in the water. Beautiful turquoise, warm water.","['NOUN', 'ADP', 'NOUN', 'NOUN', 'NOUN', 'ADP', 'PRON', 'DET', 'NOUN', 'AUX', 'VERB', 'PRON', 'ADV', 'ADV', 'SCONJ', 'PRON', 'VERB', 'ADP', 'ADP', 'DET', 'NOUN', 'PUNCT', 'VERB', 'PART', 'VERB', 'PRON', 'PART', 'VERB', 'ADP', 'PRON', 'NOUN', 'PUNCT', 'ADP', 'DET', 'ADV', 'ADJ', 'NOUN', 'ADP', 'DET', 'NOUN', 'PUNCT', 'PRON', 'VERB', 'DET', 'ADJ', 'ADJ', 'NOUN', 'NOUN', 'SCONJ', 'PRON', 'AUX', 'ADJ', 'PART', 'VERB', 'ADP', 'CCONJ', 'VERB', 'DET', 'ADJ', 'NOUN', 'ADP', 'ADJ', 'NOUN', 'PUNCT', 'DET', 'NOUN', 'CCONJ', 'NOUN', 'PRON', 'VERB', 'ADJ', 'ADP', 'NOUN', 'CCONJ', 'PRON', 'NOUN', 'AUX', 'ADP', 'DET', 'NOUN', 'PUNCT', 'ADJ', 'NOUN', 'PUNCT', 'ADJ', 'NOUN', 'PUNCT']","['Tons', 'beach side restaurants', 'which', 'the staff', 'you', 'you', 'a taxi', 'you', 'their place', 'the far left end', 'the beach', 'a small public swimming area', 'we', 'a wide variety', 'small fish', 'The waves', 'current', 'swimming', 'our kids', 'the water', 'Beautiful turquoise', 'warm water']","[{'text': 'Tons', 'label': 'PERSON'}]",0.011494252873563218
39957,5.0,"LUGAR HERMOSO, SOBRE TODO SU GENTE, UN LUGAR PARA VISITAR, DISFRUTAR, PARA PASAR UNA VACACIONES DE TRANQUILIDAD, CUENTA CON RESTAURANTES A PIE DE PLAYA, PLAYAS HERMOSAS, COMO PLAYA LA CRUZ, LA INDIA, ESTA ULTIMA ES UNA PLAYA VIRGEN, DONDE SE PUEDEN OBSERVAR LAS PEQUEÑAS TORTUGAS, ASI COMO LOS CANGREJOS AL ATARDECER Y LOS LUGAREÑOS, GENTE HERMOSA QUE TE ATIENDE SUPER BIEN, QUEDAS ENCANTADO. LOS LANCHEROS TE TRASLADAN A DIFERENTES PLAYAS, TE DAN UN RECORRIDO Y TE TRAEN DE REGRESO. EL LAS PLAYITAS ENCONTRARAS PEQUEÑOS PUESTOS DE BEBIDAS, COMO AGUA DE COCO, MICHELADAS Y ALGUNA OTRA QUE TE QUITE LA SED. Y SI LLEGAS POR CARRETERA, TODO EL CAMINO TIENE PARA DISFRUTAR DE LA NATURALEZA, MINI PUEBLOS QUE PARECEN DE PELICULA, MAGICOS Y AGRADABLES.","['PROPN', 'PROPN', 'PUNCT', 'PROPN', 'PROPN', 'PROPN', 'PROPN', 'PUNCT', 'PROPN', 'PROPN', 'PROPN', 'PROPN', 'PUNCT', 'PROPN', 'PUNCT', 'PROPN', 'PROPN', 'PROPN', 'PROPN', 'PROPN', 'PROPN', 'PUNCT', 'PROPN', 'PROPN', 'PROPN', 'DET', 'PROPN', 'PROPN', 'PROPN', 'PUNCT', 'PROPN', 'PROPN', 'PUNCT', 'PROPN', 'NOUN', 'PROPN', 'PROPN', 'PUNCT', 'PROPN', 'PROPN', 'PUNCT', 'PROPN', 'PROPN', 'PROPN', 'PROPN', 'PROPN', 'PROPN', 'PUNCT', 'PROPN', 'PROPN', 'NOUN', 'X', 'PROPN', 'PROPN', 'NOUN', 'PUNCT', 'PROPN', 'PROPN', 'PROPN', 'PROPN', 'PROPN', 'X', 'PROPN', 'PROPN', 'PROPN', 'PUNCT', 'PROPN', 'PROPN', 'PROPN', 'NOUN', 'PROPN', 'PROPN', 'PROPN', 'PUNCT', 'PROPN', 'PROPN', 'PUNCT', 'PROPN', 'PROPN', 'PROPN', 'PROPN', 'PROPN', 'NOUN', 'PROPN', 'PUNCT', 'PROPN', 'PROPN', 'PROPN', 'PROPN', 'PROPN', 'PROPN', 'PROPN', 'PROPN', 'PROPN', 'PUNCT', 'PROPN', 'PROPN', 'PROPN', 'PROPN', 'PROPN', 'PROPN', 'PROPN', 'PROPN', 'PUNCT', 'PROPN', 'PROPN', 'PROPN', 'PROPN', 'PUNCT', 'PROPN', 'PROPN', 'PROPN', 'PROPN', 'PROPN', 'NOUN', 'ADJ', 'PROPN', 'PROPN', 'PUNCT', 'PROPN', 'PROPN', 'VERB', 'NOUN', 'PROPN', 'PUNCT', 'PROPN', 'PROPN', 'PROPN', 'NOUN', 'PROPN', 'PROPN', 'PROPN', 'PROPN', 'PROPN', 'PUNCT', 'PROPN', 'ADJ', 'PROPN', 'NOUN', 'PROPN', 'PROPN', 'PUNCT', 'PROPN', 'PROPN', 'PROPN', 'PUNCT']","['LUGAR HERMOSO', 'SOBRE TODO SU GENTE', 'UN LUGAR PARA VISITAR, DISFRUTAR, PARA PASAR UNA VACACIONES DE TRANQUILIDAD', 'CUENTA CON RESTAURANTES', 'A PIE DE PLAYA', 'PLAYAS HERMOSAS', 'COMO PLAYA LA CRUZ', 'LA INDIA', 'ESTA ULTIMA ES UNA PLAYA VIRGEN', 'DONDE SE PUEDEN OBSERVAR LAS PEQUEÑAS TORTUGAS', 'ASI COMO LOS CANGREJOS AL ATARDECER- Y LOS LUGAREÑOS', 'GENTE HERMOSA QUE TE ATIENDE SUPER BIEN', 'QUEDAS ENCANTADO', 'LOS LANCHEROS TE TRASLADAN', 'A DIFERENTES PLAYAS, TE DAN UN RECORRIDO Y TE TRAEN DE REGRESO', 'EL LAS PLAYITAS ENCONTRARAS PEQUEÑOS PUESTOS DE BEBIDAS', 'COMO AGUA DE COCO', 'MICHELADAS Y ALGUNA OTRA QUE TE', 'QUITE LA SED', 'Y SI', 'TODO EL CAMINO', 'PARA DISFRUTAR DE LA NATURALEZA', 'MINI PUEBLOS QUE PARECEN DE PELICULA', 'MAGICOS Y AGRADABLES']","[{'text': 'SOBRE', 'label': 'ORG'}, {'text': 'UN', 'label': 'ORG'}, {'text': 'DISFRUTAR', 'label': 'ORG'}, {'text': 'PARA PASAR UNA VACACIONES DE TRANQUILIDAD', 'label': 'ORG'}, {'text': 'CUENTA CON', 'label': 'ORG'}, {'text': 'PIE DE PLAYA', 'label': 'ORG'}, {'text': 'HERMOSAS', 'label': 'PERSON'}, {'text': 'COMO', 'label': 'ORG'}, {'text': 'LA CRUZ', 'label': 'GPE'}, {'text': 'LA INDIA', 'label': 'ORG'}, {'text': 'ULTIMA ES UNA PLAYA VIRGEN', 'label': 'ORG'}, {'text': 'DONDE', 'label': 'ORG'}, {'text': 'PUEDEN', 'label': 'ORG'}, {'text': 'GENTE HERMOSA QUE TE ATIENDE', 'label': 'ORG'}, {'text': 'TE DAN', 'label': 'PERSON'}, {'text': 'UN', 'label': 'ORG'}, {'text': 'EL LAS', 'label': 'ORG'}, {'text': 'PLAYITAS ENCONTRARAS', 'label': 'PERSON'}, {'text': 'COMO AGUA DE COCO', 'label': 'ORG'}, {'text': 'SI', 'label': 'ORG'}, {'text': 'TODO EL CAMINO TIENE', 'label': 'ORG'}]",0.14383561643835616
40559,5.0,"LUGAR HERMOSO, SOBRE TODO SU GENTE, UN LUGAR PARA VISITAR, DISFRUTAR, PARA PASAR UNA VACACIONES DE TRANQUILIDAD, CUENTA CON RESTAURANTES A PIE DE PLAYA, PLAYAS HERMOSAS, COMO PLAYA LA CRUZ, LA INDIA, ESTA ULTIMA ES UNA PLAYA VIRGEN, DONDE SE PUEDEN OBSERVAR LAS PEQUEÑAS TORTUGAS, ASI COMO LOS CANGREJOS AL ATARDECER Y LOS LUGAREÑOS, GENTE HERMOSA QUE TE ATIENDE SUPER BIEN, QUEDAS ENCANTADO. LOS LANCHEROS TE TRASLADAN A DIFERENTES PLAYAS, TE DAN UN RECORRIDO Y TE TRAEN DE REGRESO. EL LAS PLAYITAS ENCONTRARAS PEQUEÑOS PUESTOS DE BEBIDAS, COMO AGUA DE COCO, MICHELADAS Y ALGUNA OTRA QUE TE QUITE LA SED. Y SI LLEGAS POR CARRETERA, TODO EL CAMINO TIENE PARA DISFRUTAR DE LA NATURALEZA, MINI PUEBLOS QUE PARECEN DE PELICULA, MAGICOS Y AGRADABLES.","['PROPN', 'PROPN', 'PUNCT', 'PROPN', 'PROPN', 'PROPN', 'PROPN', 'PUNCT', 'PROPN', 'PROPN', 'PROPN', 'PROPN', 'PUNCT', 'PROPN', 'PUNCT', 'PROPN', 'PROPN', 'PROPN', 'PROPN', 'PROPN', 'PROPN', 'PUNCT', 'PROPN', 'PROPN', 'PROPN', 'DET', 'PROPN', 'PROPN', 'PROPN', 'PUNCT', 'PROPN', 'PROPN', 'PUNCT', 'PROPN', 'NOUN', 'PROPN', 'PROPN', 'PUNCT', 'PROPN', 'PROPN', 'PUNCT', 'PROPN', 'PROPN', 'PROPN', 'PROPN', 'PROPN', 'PROPN', 'PUNCT', 'PROPN', 'PROPN', 'NOUN', 'X', 'PROPN', 'PROPN', 'NOUN', 'PUNCT', 'PROPN', 'PROPN', 'PROPN', 'PROPN', 'PROPN', 'X', 'PROPN', 'PROPN', 'PROPN', 'PUNCT', 'PROPN', 'PROPN', 'PROPN', 'NOUN', 'PROPN', 'PROPN', 'PROPN', 'PUNCT', 'PROPN', 'PROPN', 'PUNCT', 'PROPN', 'PROPN', 'PROPN', 'PROPN', 'PROPN', 'NOUN', 'PROPN', 'PUNCT', 'PROPN', 'PROPN', 'PROPN', 'PROPN', 'PROPN', 'PROPN', 'PROPN', 'PROPN', 'PROPN', 'PUNCT', 'PROPN', 'PROPN', 'PROPN', 'PROPN', 'PROPN', 'PROPN', 'PROPN', 'PROPN', 'PUNCT', 'PROPN', 'PROPN', 'PROPN', 'PROPN', 'PUNCT', 'PROPN', 'PROPN', 'PROPN', 'PROPN', 'PROPN', 'NOUN', 'ADJ', 'PROPN', 'PROPN', 'PUNCT', 'PROPN', 'PROPN', 'VERB', 'NOUN', 'PROPN', 'PUNCT', 'PROPN', 'PROPN', 'PROPN', 'NOUN', 'PROPN', 'PROPN', 'PROPN', 'PROPN', 'PROPN', 'PUNCT', 'PROPN', 'ADJ', 'PROPN', 'NOUN', 'PROPN', 'PROPN', 'PUNCT', 'PROPN', 'PROPN', 'PROPN', 'PUNCT']","['LUGAR HERMOSO', 'SOBRE TODO SU GENTE', 'UN LUGAR PARA VISITAR, DISFRUTAR, PARA PASAR UNA VACACIONES DE TRANQUILIDAD', 'CUENTA CON RESTAURANTES', 'A PIE DE PLAYA', 'PLAYAS HERMOSAS', 'COMO PLAYA LA CRUZ', 'LA INDIA', 'ESTA ULTIMA ES UNA PLAYA VIRGEN', 'DONDE SE PUEDEN OBSERVAR LAS PEQUEÑAS TORTUGAS', 'ASI COMO LOS CANGREJOS AL ATARDECER- Y LOS LUGAREÑOS', 'GENTE HERMOSA QUE TE ATIENDE SUPER BIEN', 'QUEDAS ENCANTADO', 'LOS LANCHEROS TE TRASLADAN', 'A DIFERENTES PLAYAS, TE DAN UN RECORRIDO Y TE TRAEN DE REGRESO', 'EL LAS PLAYITAS ENCONTRARAS PEQUEÑOS PUESTOS DE BEBIDAS', 'COMO AGUA DE COCO', 'MICHELADAS Y ALGUNA OTRA QUE TE', 'QUITE LA SED', 'Y SI', 'TODO EL CAMINO', 'PARA DISFRUTAR DE LA NATURALEZA', 'MINI PUEBLOS QUE PARECEN DE PELICULA', 'MAGICOS Y AGRADABLES']","[{'text': 'SOBRE', 'label': 'ORG'}, {'text': 'UN', 'label': 'ORG'}, {'text': 'DISFRUTAR', 'label': 'ORG'}, {'text': 'PARA PASAR UNA VACACIONES DE TRANQUILIDAD', 'label': 'ORG'}, {'text': 'CUENTA CON', 'label': 'ORG'}, {'text': 'PIE DE PLAYA', 'label': 'ORG'}, {'text': 'HERMOSAS', 'label': 'PERSON'}, {'text': 'COMO', 'label': 'ORG'}, {'text': 'LA CRUZ', 'label': 'GPE'}, {'text': 'LA INDIA', 'label': 'ORG'}, {'text': 'ULTIMA ES UNA PLAYA VIRGEN', 'label': 'ORG'}, {'text': 'DONDE', 'label': 'ORG'}, {'text': 'PUEDEN', 'label': 'ORG'}, {'text': 'GENTE HERMOSA QUE TE ATIENDE', 'label': 'ORG'}, {'text': 'TE DAN', 'label': 'PERSON'}, {'text': 'UN', 'label': 'ORG'}, {'text': 'EL LAS', 'label': 'ORG'}, {'text': 'PLAYITAS ENCONTRARAS', 'label': 'PERSON'}, {'text': 'COMO AGUA DE COCO', 'label': 'ORG'}, {'text': 'SI', 'label': 'ORG'}, {'text': 'TODO EL CAMINO TIENE', 'label': 'ORG'}]",0.14383561643835616
40611,5.0,"Came here with family and friends on my first time to Huatulco. Claudia ownerchef was so inviting taking special time and care telling us about the different dishes she offered making sure we picked the best ones. Was not disappointed, would happily return anytime and try another of her creations.","['VERB', 'ADV', 'ADP', 'NOUN', 'CCONJ', 'NOUN', 'PART', 'ADP', 'PRON', 'ADJ', 'NOUN', 'ADP', 'PROPN', 'PUNCT', 'PROPN', 'PUNCT', 'PROPN', 'SYM', 'PROPN', 'PUNCT', 'AUX', 'ADV', 'VERB', 'VERB', 'ADJ', 'NOUN', 'CCONJ', 'NOUN', 'VERB', 'PRON', 'ADP', 'DET', 'ADJ', 'NOUN', 'PRON', 'VERB', 'VERB', 'ADJ', 'PRON', 'VERB', 'DET', 'ADJ', 'NOUN', 'PUNCT', 'AUX', 'PART', 'ADJ', 'PUNCT', 'AUX', 'ADV', 'VERB', 'ADV', 'CCONJ', 'VERB', 'PRON', 'ADP', 'PRON', 'NOUN', 'PUNCT']","['family', 'friend', 'my first time', 'Huatulco', 'Claudia', '(owner/chef', 'special time', 'us', 'the different dishes', 'she', 'we', 'the best ones', 'another', 'her creations']","[{'text': 'first', 'label': 'ORDINAL'}, {'text': 'Huatulco', 'label': 'GPE'}, {'text': 'Claudia', 'label': 'GPE'}]",0.05084745762711865
40770,5.0,good place to see,"['ADJ', 'NOUN', 'PART', 'VERB']",['good place'],[],0.0
40779,5.0,iconic and historic building in la paz there sun and moon always give it a glow no matter what time of day you visit this place inspire you to stop and breathe deeply,"['ADJ', 'CCONJ', 'ADJ', 'NOUN', 'ADP', 'PROPN', 'PROPN', 'ADV', 'NOUN', 'CCONJ', 'NOUN', 'ADV', 'VERB', 'PRON', 'DET', 'NOUN', 'ADV', 'ADV', 'DET', 'NOUN', 'ADP', 'NOUN', 'PRON', 'VERB', 'DET', 'NOUN', 'VERB', 'PRON', 'PART', 'VERB', 'CCONJ', 'VERB', 'ADV']","['iconic and historic building', 'la paz', 'sun', 'moon', 'it', 'a glow', 'day', 'you', 'this place', 'you']","[{'text': 'la', 'label': 'GPE'}]",0.030303030303030304
40786,4.0,always room for improvements,"['ADV', 'NOUN', 'ADP', 'NOUN']","['always room', 'improvements']",[],0.0
40788,5.0,beautiful building great for some reflection,"['ADJ', 'NOUN', 'ADJ', 'ADP', 'DET', 'NOUN']","['beautiful building', 'some reflection']",[],0.0
40801,5.0,sat in a spanish sermon on christmas day with my mexican christian brothers and sisters in la paz feliz navidad,"['VERB', 'ADP', 'DET', 'ADJ', 'NOUN', 'ADP', 'PROPN', 'NOUN', 'ADP', 'PRON', 'ADJ', 'ADJ', 'NOUN', 'CCONJ', 'NOUN', 'ADP', 'PROPN', 'PROPN', 'PROPN', 'PROPN']","['a spanish sermon', 'christmas day', 'my mexican christian brothers', 'sisters', 'la paz']","[{'text': 'spanish', 'label': 'NORP'}, {'text': 'christmas day', 'label': 'DATE'}, {'text': 'mexican', 'label': 'NORP'}, {'text': 'christian', 'label': 'NORP'}, {'text': 'la', 'label': 'GPE'}]",0.25
40812,5.0,peaceful lil church by the park square,"['ADJ', 'NOUN', 'NOUN', 'ADP', 'DET', 'PROPN', 'NOUN']","['peaceful lil church', 'the park square']",[],0.0
40814,5.0,very nice and quaint church several spots to take photos inside and out the la paz city sign is across the street from this church and the city plaza is across the stree as well they had several stained glass ones depicting our lords life and tribulations,"['ADV', 'ADJ', 'CCONJ', 'VERB', 'NOUN', 'ADJ', 'NOUN', 'PART', 'VERB', 'NOUN', 'ADP', 'CCONJ', 'ADP', 'DET', 'PROPN', 'PROPN', 'NOUN', 'NOUN', 'AUX', 'ADP', 'DET', 'NOUN', 'ADP', 'DET', 'NOUN', 'CCONJ', 'DET', 'NOUN', 'NOUN', 'AUX', 'ADP', 'DET', 'NOUN', 'ADV', 'ADV', 'PRON', 'VERB', 'ADJ', 'VERB', 'NOUN', 'NOUN', 'VERB', 'PRON', 'NOUN', 'NOUN', 'CCONJ', 'NOUN']","['church', 'photos', 'the la paz city sign', 'the street', 'this church', 'the city plaza', 'the stree', 'they', 'several stained glass ones', 'our lords life', 'tribulations']","[{'text': 'la paz city', 'label': 'FAC'}]",0.02127659574468085
40828,4.0,very cool from the outside,"['ADV', 'ADJ', 'ADP', 'DET', 'NOUN']",['the outside'],[],0.0
40829,5.0,nice cathedral with a very beautiful front,"['ADJ', 'NOUN', 'ADP', 'DET', 'ADV', 'ADJ', 'NOUN']","['nice cathedral', 'a very beautiful front']",[],0.0
40847,5.0,its a beautiful church with a lot of history it is beside a relaxing park with a pavillion so many cool places to visit this area like the malecon local stores and ice cream shops,"['PRON', 'DET', 'ADJ', 'NOUN', 'ADP', 'DET', 'NOUN', 'ADP', 'NOUN', 'PRON', 'AUX', 'ADP', 'DET', 'ADJ', 'NOUN', 'ADP', 'DET', 'NOUN', 'ADV', 'ADJ', 'ADJ', 'NOUN', 'PART', 'VERB', 'DET', 'NOUN', 'ADP', 'DET', 'PROPN', 'ADJ', 'NOUN', 'CCONJ', 'NOUN', 'NOUN', 'NOUN']","['its a beautiful church', 'a lot', 'history', 'it', 'a relaxing park', 'a pavillion', 'so many cool places', 'this area', 'the malecon local stores', 'ice cream shops']",[],0.0
40861,5.0,beautiful cathedral,"['ADJ', 'NOUN']",['beautiful cathedral'],[],0.0
40898,5.0,this place is beautiful i would recommend it to anyone very well taken care of great place to see,"['DET', 'NOUN', 'AUX', 'ADJ', 'PRON', 'AUX', 'VERB', 'PRON', 'ADP', 'PRON', 'ADV', 'ADV', 'VERB', 'NOUN', 'ADP', 'ADJ', 'NOUN', 'PART', 'VERB']","['this place', 'i', 'it', 'anyone', 'care', 'great place']",[],0.0
40928,5.0,beautiful church in la paz if you need to say a prayer or two this is the place,"['ADJ', 'NOUN', 'ADP', 'PROPN', 'PROPN', 'SCONJ', 'PRON', 'VERB', 'PART', 'VERB', 'DET', 'NOUN', 'CCONJ', 'NUM', 'PRON', 'AUX', 'DET', 'NOUN']","['beautiful church', 'la paz', 'you', 'a prayer', 'this', 'the place']","[{'text': 'two', 'label': 'CARDINAL'}]",0.05555555555555555
40949,5.0,beautiful as always it is a nice place to pray and spend time in the presence of the lord despite the hot weather outside the inside feels cool and peaceful,"['ADJ', 'SCONJ', 'ADV', 'PRON', 'AUX', 'DET', 'ADJ', 'NOUN', 'PART', 'VERB', 'CCONJ', 'VERB', 'NOUN', 'ADP', 'DET', 'NOUN', 'ADP', 'DET', 'PROPN', 'SCONJ', 'DET', 'ADJ', 'NOUN', 'ADP', 'DET', 'NOUN', 'VERB', 'ADJ', 'CCONJ', 'ADJ']","['it', 'a nice place', 'time', 'the presence', 'the lord', 'the hot weather', 'the inside']",[],0.0
40952,5.0,a very beautiful church cathedral near el malecon city center the church was built 500 years ago well kept and still with all the intricate arches holding up the ceiling its still the city center with a shaded plaza with benches to sit and relax,"['DET', 'ADV', 'ADJ', 'NOUN', 'NOUN', 'ADP', 'PROPN', 'PROPN', 'PROPN', 'PROPN', 'DET', 'NOUN', 'AUX', 'VERB', 'NUM', 'NOUN', 'ADV', 'INTJ', 'VERB', 'CCONJ', 'ADV', 'ADP', 'DET', 'DET', 'ADJ', 'NOUN', 'VERB', 'ADP', 'DET', 'NOUN', 'PRON', 'ADV', 'DET', 'NOUN', 'NOUN', 'ADP', 'DET', 'VERB', 'NOUN', 'ADP', 'NOUN', 'PART', 'VERB', 'CCONJ', 'VERB']","['a very beautiful church cathedral', 'el malecon city center', 'the church', 'all the intricate arches', 'the ceiling', 'its still the city center', 'a shaded plaza', 'benches']","[{'text': 'el malecon city center the church', 'label': 'ORG'}, {'text': '500 years ago', 'label': 'DATE'}]",0.044444444444444446
40964,5.0,our granddaughters were baptized in this beautiful church then the oldest did her first communion it was a beautiful ceremony,"['PRON', 'NOUN', 'AUX', 'VERB', 'ADP', 'DET', 'ADJ', 'NOUN', 'ADV', 'DET', 'ADJ', 'VERB', 'PRON', 'ADJ', 'NOUN', 'PRON', 'AUX', 'DET', 'ADJ', 'NOUN']","['our granddaughters', 'this beautiful church', 'her first communion', 'it', 'a beautiful ceremony']","[{'text': 'first', 'label': 'ORDINAL'}]",0.05
40989,5.0,beautiful landmark in the center of la paz its lovely lit up at night,"['ADJ', 'NOUN', 'ADP', 'DET', 'NOUN', 'ADP', 'PROPN', 'PROPN', 'PRON', 'ADJ', 'VERB', 'ADP', 'ADP', 'NOUN']","['beautiful landmark', 'the center', 'la paz', 'night']","[{'text': 'night', 'label': 'TIME'}]",0.07142857142857142
40990,5.0,impressive large cathedral imho its a must see when in la paz artwork inside is very nice,"['ADJ', 'ADJ', 'ADJ', 'NOUN', 'PRON', 'PRON', 'AUX', 'VERB', 'SCONJ', 'ADP', 'PROPN', 'PROPN', 'NOUN', 'ADV', 'AUX', 'ADV', 'ADJ']","['impressive large cathedral imho', 'its a', 'la paz']","[{'text': 'la paz', 'label': 'FAC'}]",0.058823529411764705
40991,5.0,beautiful catholics church,"['ADJ', 'NOUN', 'NOUN']",['beautiful catholics church'],[],0.0
41007,5.0,an old spanish mission church not bad,"['DET', 'ADJ', 'ADJ', 'NOUN', 'NOUN', 'PART', 'ADJ']",['an old spanish mission church'],"[{'text': 'spanish', 'label': 'NORP'}]",0.14285714285714285
41029,5.0,oldest church built in 16 th century,"['ADJ', 'NOUN', 'VERB', 'ADP', 'NUM', 'X', 'NOUN']","['oldest church', 'century']","[{'text': '16 th century', 'label': 'DATE'}]",0.14285714285714285
41036,5.0,always visit this place when i bring friends into town beautiful architecture and atmosphere its a must see in la paz extraordinary catholic cathedral,"['ADV', 'VERB', 'DET', 'NOUN', 'SCONJ', 'PRON', 'VERB', 'NOUN', 'ADP', 'NOUN', 'ADJ', 'NOUN', 'CCONJ', 'NOUN', 'PRON', 'PRON', 'AUX', 'VERB', 'ADP', 'PROPN', 'PROPN', 'ADJ', 'ADJ', 'NOUN']","['this place', 'i', 'friends', 'town beautiful architecture', 'its a', 'la paz extraordinary catholic cathedral']","[{'text': 'catholic', 'label': 'NORP'}]",0.041666666666666664
41056,5.0,1000 sunday mass of obligation bishop celebrant very welcoming and joyous,"['NUM', 'PROPN', 'NOUN', 'ADP', 'NOUN', 'PROPN', 'NOUN', 'ADV', 'ADJ', 'CCONJ', 'ADJ']","['1000 sunday mass', 'obligation bishop celebrant']","[{'text': '1000 sunday', 'label': 'DATE'}]",0.09090909090909091
41060,5.0,the doctor through emergency were attentive informative knowledgeable diagnostic and treatment were effective and timely the medicine was avaliable across the street,"['DET', 'NOUN', 'ADP', 'NOUN', 'AUX', 'ADJ', 'ADJ', 'ADJ', 'ADJ', 'CCONJ', 'NOUN', 'AUX', 'ADJ', 'CCONJ', 'ADV', 'DET', 'NOUN', 'AUX', 'ADJ', 'ADP', 'DET', 'NOUN']","['the doctor', 'emergency', 'treatment', 'the medicine', 'the street']",[],0.0
41068,5.0,another beautiful mexican catholic church it looks newer i was rushing so i prayed and kept going didnt get to learn the history do a quick stop here when in la paz 10 mins is enoughn,"['DET', 'ADJ', 'ADJ', 'ADJ', 'NOUN', 'PRON', 'VERB', 'ADJ', 'PRON', 'AUX', 'VERB', 'ADV', 'PRON', 'VERB', 'CCONJ', 'VERB', 'VERB', 'AUX', 'PART', 'VERB', 'PART', 'VERB', 'DET', 'NOUN', 'VERB', 'DET', 'ADJ', 'NOUN', 'ADV', 'SCONJ', 'ADP', 'PROPN', 'PROPN', 'NUM', 'NOUN', 'AUX', 'NOUN']","['another beautiful mexican catholic church', 'it', 'i', 'i', 'the history', 'a quick stop', 'la paz', '10 mins', 'enoughn']","[{'text': 'mexican catholic', 'label': 'ORG'}, {'text': '10', 'label': 'CARDINAL'}]",0.05405405405405406
41072,4.0,beautiful 18th century cathedral,"['ADJ', 'ADJ', 'NOUN', 'NOUN']",['beautiful 18th century cathedral'],"[{'text': '18th century', 'label': 'DATE'}]",0.25
41091,5.0,beautiful old school church,"['ADJ', 'ADJ', 'NOUN', 'NOUN']",['beautiful old school church'],[],0.0
41102,3.0,nice cathedral to visit we saw it during the day unfortunately some of the stained glass windows are broken but beautiful wood beams worth 15 minutes and there is a nice park across the street and a free art museum across the street from the park,"['ADJ', 'NOUN', 'PART', 'VERB', 'PRON', 'VERB', 'PRON', 'ADP', 'DET', 'NOUN', 'ADV', 'PRON', 'ADP', 'DET', 'ADJ', 'NOUN', 'NOUN', 'AUX', 'VERB', 'CCONJ', 'ADJ', 'NOUN', 'NOUN', 'ADJ', 'NUM', 'NOUN', 'CCONJ', 'PRON', 'VERB', 'DET', 'ADJ', 'NOUN', 'ADP', 'DET', 'NOUN', 'CCONJ', 'DET', 'ADJ', 'NOUN', 'NOUN', 'ADP', 'DET', 'NOUN', 'ADP', 'DET', 'NOUN']","['we', 'it', 'the day', 'some', 'the stained glass windows', 'beautiful wood beams', 'a nice park', 'the street', 'a free art museum', 'the street', 'the park']","[{'text': 'the day', 'label': 'DATE'}, {'text': '15 minutes', 'label': 'TIME'}]",0.043478260869565216
41103,3.0,it is a small church but it is nice to see the walk towards it is worth it and highly recommended there are some ice cream and coffee shops near by,"['PRON', 'AUX', 'DET', 'ADJ', 'NOUN', 'CCONJ', 'PRON', 'AUX', 'ADJ', 'PART', 'VERB', 'DET', 'NOUN', 'ADP', 'PRON', 'AUX', 'ADJ', 'PRON', 'CCONJ', 'ADV', 'VERB', 'PRON', 'VERB', 'DET', 'NOUN', 'NOUN', 'CCONJ', 'NOUN', 'NOUN', 'ADV', 'ADP']","['it', 'a small church', 'it', 'the walk', 'it', 'some ice cream', 'coffee shops']",[],0.0
41104,5.0,a wonderful colonial era cathedral that is spectacular to visit beautiful architecture and truly very inspiring and spiritual do yourself a favor and go,"['DET', 'ADJ', 'ADJ', 'NOUN', 'NOUN', 'PRON', 'AUX', 'ADJ', 'PART', 'VERB', 'ADJ', 'NOUN', 'CCONJ', 'ADV', 'ADV', 'ADJ', 'CCONJ', 'ADJ', 'VERB', 'PRON', 'DET', 'NOUN', 'CCONJ', 'VERB']","['a wonderful colonial era cathedral', 'that', 'beautiful architecture', 'yourself', 'a favor']",[],0.0
41106,5.0,beautiful and serene the church at night is beautiful mass was going on and it was so nice to view,"['ADJ', 'CCONJ', 'VERB', 'DET', 'NOUN', 'ADP', 'NOUN', 'AUX', 'ADJ', 'NOUN', 'AUX', 'VERB', 'ADP', 'CCONJ', 'PRON', 'AUX', 'ADV', 'ADJ', 'PART', 'VERB']","['the church', 'night', 'beautiful mass', 'it']","[{'text': 'night', 'label': 'TIME'}]",0.05
41108,5.0,best hotel in down town lapaz beautiful views friendly staff and a great breakfast easy to walk and plenty of restaurants do not hesitate to book,"['ADJ', 'NOUN', 'ADP', 'ADP', 'NOUN', 'PROPN', 'ADJ', 'NOUN', 'ADJ', 'NOUN', 'CCONJ', 'DET', 'ADJ', 'NOUN', 'ADJ', 'PART', 'VERB', 'CCONJ', 'NOUN', 'ADP', 'NOUN', 'AUX', 'PART', 'VERB', 'PART', 'VERB']","['best hotel', 'town', 'lapaz beautiful views friendly staff', 'a great breakfast', 'plenty', 'restaurants']",[],0.0
41111,3.0,very clean and nice cathedral to visit worth 1015 minutes and a quick stop parking is a bit constrained and the park across the street is another nice place to stretch your legs,"['ADV', 'ADJ', 'CCONJ', 'ADJ', 'NOUN', 'PART', 'VERB', 'ADJ', 'NUM', 'NOUN', 'CCONJ', 'DET', 'ADJ', 'NOUN', 'NOUN', 'AUX', 'DET', 'NOUN', 'ADJ', 'CCONJ', 'DET', 'NOUN', 'ADP', 'DET', 'NOUN', 'AUX', 'DET', 'ADJ', 'NOUN', 'PART', 'VERB', 'PRON', 'NOUN']","['very clean and nice cathedral', 'a quick stop parking', 'the park', 'the street', 'another nice place', 'your legs']","[{'text': '1015 minutes', 'label': 'TIME'}]",0.030303030303030304
41113,4.0,enjoyed ice cream and strolling around this beautiful plaza area must stop in to see the history when youre in la paz,"['VERB', 'NOUN', 'NOUN', 'CCONJ', 'VERB', 'ADP', 'DET', 'ADJ', 'NOUN', 'NOUN', 'AUX', 'VERB', 'ADP', 'PART', 'VERB', 'DET', 'NOUN', 'SCONJ', 'PRON', 'VERB', 'ADP', 'PROPN', 'NOUN']","['ice cream', 'this beautiful plaza area', 'the history', 'you', 'la paz']",[],0.0
41114,5.0,we stayed at la catedral hotel directly across the street from dec 2030 this church was constantly busy we really enjoyed the christmas performance outside on the 21st and listening to the carols at christmas,"['PRON', 'VERB', 'ADP', 'PROPN', 'ADJ', 'NOUN', 'ADV', 'ADP', 'DET', 'NOUN', 'ADP', 'PROPN', 'NUM', 'DET', 'NOUN', 'AUX', 'ADV', 'ADJ', 'PRON', 'ADV', 'VERB', 'DET', 'PROPN', 'NOUN', 'ADV', 'ADP', 'DET', 'NOUN', 'CCONJ', 'VERB', 'ADP', 'DET', 'NOUN', 'ADP', 'PROPN']","['we', 'catedral hotel', 'the street', 'dec', 'this church', 'we', 'the christmas performance', 'the 21st', 'the carols', 'christmas']","[{'text': 'la catedral hotel', 'label': 'FAC'}, {'text': '2030', 'label': 'DATE'}, {'text': 'christmas', 'label': 'DATE'}, {'text': 'the 21st', 'label': 'DATE'}, {'text': 'christmas', 'label': 'DATE'}]",0.14285714285714285
41115,5.0,lovely cathedral illuminated beautifully at night i was lucky enough to catch a christmas concert performed outside the doors peaceful inside or sit and admire from the park opposite,"['ADJ', 'ADJ', 'VERB', 'ADV', 'ADP', 'NOUN', 'PRON', 'AUX', 'ADJ', 'ADV', 'PART', 'VERB', 'DET', 'PROPN', 'NOUN', 'VERB', 'ADP', 'DET', 'NOUN', 'ADJ', 'ADV', 'CCONJ', 'VERB', 'CCONJ', 'NOUN', 'ADP', 'DET', 'NOUN', 'NOUN']","['night', 'i', 'a christmas concert', 'the doors', 'the park opposite']","[{'text': 'night', 'label': 'TIME'}]",0.034482758620689655
41116,5.0,very beautiful and serene cathedral in la paz also in a great area with lots of other nearby attractions,"['ADV', 'ADJ', 'CCONJ', 'ADJ', 'NOUN', 'ADP', 'PROPN', 'PROPN', 'ADV', 'ADP', 'DET', 'ADJ', 'NOUN', 'ADP', 'NOUN', 'ADP', 'ADJ', 'ADJ', 'NOUN']","['very beautiful and serene cathedral', 'la paz', 'a great area', 'lots', 'other nearby attractions']","[{'text': 'la paz', 'label': 'FAC'}]",0.05263157894736842
41118,4.0,the wooden ceiling is very unusual in a church of this size plan on 10 mins or so nothing special across the street is the art museum so its a good combination,"['DET', 'ADJ', 'NOUN', 'AUX', 'ADV', 'ADJ', 'ADP', 'DET', 'NOUN', 'ADP', 'DET', 'NOUN', 'NOUN', 'ADP', 'NUM', 'NOUN', 'CCONJ', 'ADV', 'PRON', 'ADJ', 'ADP', 'DET', 'NOUN', 'AUX', 'DET', 'NOUN', 'NOUN', 'SCONJ', 'PRON', 'DET', 'ADJ', 'NOUN']","['the wooden ceiling', 'a church', 'this size plan', '10 mins', 'so nothing', 'the street', 'the art museum']","[{'text': '10', 'label': 'CARDINAL'}]",0.03125
41119,5.0,beautiful restoration and the ceiling is elegantly simple for a cathedral great place to meditate,"['ADJ', 'NOUN', 'CCONJ', 'DET', 'NOUN', 'AUX', 'ADV', 'ADJ', 'ADP', 'DET', 'ADJ', 'ADJ', 'NOUN', 'PART', 'VERB']","['beautiful restoration', 'the ceiling', 'a cathedral great place']",[],0.0
41121,3.0,nice basic cathedral not real fancy as some in mexico and latin america are very ornate work a quick visit peaceful town square across the road,"['ADJ', 'ADJ', 'ADJ', 'PART', 'ADJ', 'ADJ', 'ADP', 'PRON', 'ADP', 'PROPN', 'CCONJ', 'PROPN', 'PROPN', 'AUX', 'ADV', 'ADJ', 'NOUN', 'DET', 'ADJ', 'NOUN', 'ADJ', 'NOUN', 'NOUN', 'ADP', 'DET', 'NOUN']","['some', 'mexico', 'latin america', 'very ornate work', 'a quick visit peaceful town square', 'the road']","[{'text': 'mexico', 'label': 'GPE'}, {'text': 'latin america', 'label': 'LOC'}]",0.07692307692307693
41122,5.0,beautiful place always open for visiting and praying with daily masses the christmas decorations were nice,"['ADJ', 'NOUN', 'ADV', 'ADJ', 'ADP', 'VERB', 'CCONJ', 'VERB', 'ADP', 'ADJ', 'NOUN', 'DET', 'PROPN', 'NOUN', 'AUX', 'ADJ']","['beautiful place', 'daily masses', 'the christmas decorations']","[{'text': 'daily', 'label': 'DATE'}]",0.0625
41123,3.0,the main temple of la paz is an example that the town do not have a bast traditionhistory nor rich culture do not get me wrong la paz is a piece of paradise on earth but you come here for the natural beauties and not the cultural attractives,"['DET', 'ADJ', 'NOUN', 'ADP', 'PROPN', 'PROPN', 'AUX', 'DET', 'NOUN', 'SCONJ', 'DET', 'NOUN', 'AUX', 'PART', 'AUX', 'DET', 'NOUN', 'NOUN', 'CCONJ', 'ADJ', 'NOUN', 'AUX', 'PART', 'VERB', 'PRON', 'ADJ', 'DET', 'PROPN', 'AUX', 'DET', 'NOUN', 'ADP', 'PROPN', 'ADP', 'NOUN', 'CCONJ', 'PRON', 'VERB', 'ADV', 'ADP', 'DET', 'ADJ', 'NOUN', 'CCONJ', 'PART', 'DET', 'ADJ', 'NOUN']","['the main temple', 'la paz', 'an example', 'the town', 'a bast traditionhistory', 'rich culture', 'me', 'la paz', 'a piece', 'paradise', 'earth', 'you', 'the natural beauties', 'not the cultural attractives']",[],0.0
41124,4.0,this is a nice church on a very beautiful town the place is nice to rest a little and seat while you check the architecture this is a nice stop on the way to more attractions,"['PRON', 'AUX', 'DET', 'ADJ', 'NOUN', 'ADP', 'DET', 'ADV', 'ADJ', 'NOUN', 'DET', 'NOUN', 'AUX', 'ADJ', 'PART', 'VERB', 'DET', 'ADJ', 'CCONJ', 'VERB', 'SCONJ', 'PRON', 'VERB', 'DET', 'NOUN', 'PRON', 'AUX', 'DET', 'ADJ', 'NOUN', 'ADP', 'DET', 'NOUN', 'ADP', 'ADJ', 'NOUN']","['this', 'a nice church', 'a very beautiful town', 'the place', 'you', 'the architecture', 'this', 'a nice stop', 'the way', 'more attractions']",[],0.0
41125,2.0,i dont know the history and im sure its very important but from the looks of it theres nothing special about this church although i did like the stained glass,"['PRON', 'AUX', 'PART', 'VERB', 'DET', 'NOUN', 'CCONJ', 'PRON', 'VERB', 'ADJ', 'PRON', 'ADV', 'ADJ', 'CCONJ', 'ADP', 'DET', 'NOUN', 'ADP', 'PRON', 'PRON', 'VERB', 'PRON', 'ADJ', 'ADP', 'DET', 'NOUN', 'SCONJ', 'PRON', 'AUX', 'VERB', 'DET', 'VERB', 'NOUN']","['i', 'the history', 'i', 'the looks', 'it', 'nothing', 'this church', 'i', 'the stained glass']",[],0.0
41126,5.0,enjoyed our visit to the cathedral which is just a few blocks from the malecon in the center of town beautiful cathedral they were redoing all the outside gardens and walkways so it will even be more beautiful in a few weeks must visit when in town,"['VERB', 'PRON', 'NOUN', 'ADP', 'DET', 'NOUN', 'PRON', 'AUX', 'ADV', 'DET', 'ADJ', 'NOUN', 'ADP', 'DET', 'NOUN', 'ADP', 'DET', 'NOUN', 'ADP', 'NOUN', 'ADJ', 'NOUN', 'PRON', 'AUX', 'VERB', 'DET', 'DET', 'ADJ', 'NOUN', 'CCONJ', 'NOUN', 'SCONJ', 'PRON', 'AUX', 'ADV', 'AUX', 'ADV', 'ADJ', 'ADP', 'DET', 'ADJ', 'NOUN', 'AUX', 'VERB', 'SCONJ', 'ADP', 'NOUN']","['our visit', 'the cathedral', 'which', 'just a few blocks', 'the malecon', 'the center', 'town beautiful cathedral', 'they', 'all the outside gardens', 'walkways', 'it', 'a few weeks', 'town']","[{'text': 'a few weeks', 'label': 'DATE'}]",0.02127659574468085
41127,4.0,the full name of this church is nuestra senora de la paz airapi mission it was founded by the jesuits the towers on either side of the main entrance are impressive as is the color of the stone this church and the gardens directly in front of the church are stops on the history and traditional walking tour of la paz there was street construction and unfortunately the gardens were closed,"['DET', 'ADJ', 'NOUN', 'ADP', 'DET', 'NOUN', 'AUX', 'PROPN', 'PROPN', 'PROPN', 'PROPN', 'PROPN', 'NOUN', 'NOUN', 'PRON', 'AUX', 'VERB', 'ADP', 'DET', 'NOUN', 'DET', 'NOUN', 'ADP', 'DET', 'NOUN', 'ADP', 'DET', 'ADJ', 'NOUN', 'AUX', 'ADJ', 'SCONJ', 'AUX', 'DET', 'NOUN', 'ADP', 'DET', 'NOUN', 'DET', 'NOUN', 'CCONJ', 'DET', 'NOUN', 'ADV', 'ADP', 'NOUN', 'ADP', 'DET', 'NOUN', 'AUX', 'NOUN', 'ADP', 'DET', 'NOUN', 'CCONJ', 'ADJ', 'VERB', 'NOUN', 'ADP', 'PROPN', 'PROPN', 'PRON', 'VERB', 'NOUN', 'NOUN', 'CCONJ', 'ADV', 'DET', 'NOUN', 'AUX', 'VERB']","['the full name', 'this church', 'paz', 'it', 'the jesuits', 'the towers', 'either side', 'the main entrance', 'the color', 'the stone', 'this church', 'the gardens', 'front', 'the church', 'stops', 'the history', 'traditional walking tour', 'la paz', 'street construction', 'the gardens']","[{'text': 'senora de la paz', 'label': 'PERSON'}]",0.014084507042253521
41128,3.0,we were told the 2 columns of this cathedral were built at 2 different times the left side was built in the the 1918 and the right side in 1928 overall a nice place to visit so some relaxing down time,"['PRON', 'AUX', 'VERB', 'DET', 'NUM', 'NOUN', 'ADP', 'DET', 'NOUN', 'AUX', 'VERB', 'ADP', 'NUM', 'ADJ', 'NOUN', 'DET', 'ADJ', 'NOUN', 'AUX', 'VERB', 'ADP', 'DET', 'DET', 'NUM', 'CCONJ', 'DET', 'ADJ', 'NOUN', 'ADP', 'NUM', 'ADV', 'DET', 'ADJ', 'NOUN', 'PART', 'VERB', 'ADV', 'PRON', 'VERB', 'ADP', 'NOUN']","['we', 'the 2 columns', 'this cathedral', '2 different times', 'the left side', 'the right side', 'a nice place', 'some', 'time']","[{'text': '2', 'label': 'CARDINAL'}, {'text': '2', 'label': 'CARDINAL'}, {'text': '1918', 'label': 'DATE'}, {'text': '1928', 'label': 'DATE'}]",0.0975609756097561
41129,3.0,a nice little church with a plain interior like the wooden roof with the circular cupola in the middle they are presently working on the square in front and the government offices so it is not very peaceful but will be beautiful when they are finished,"['DET', 'ADJ', 'ADJ', 'NOUN', 'ADP', 'DET', 'ADJ', 'NOUN', 'ADP', 'DET', 'ADJ', 'NOUN', 'ADP', 'DET', 'ADJ', 'NOUN', 'ADP', 'DET', 'NOUN', 'PRON', 'AUX', 'ADV', 'VERB', 'ADP', 'DET', 'NOUN', 'ADP', 'NOUN', 'CCONJ', 'DET', 'NOUN', 'NOUN', 'SCONJ', 'PRON', 'AUX', 'PART', 'ADV', 'ADJ', 'CCONJ', 'AUX', 'AUX', 'ADJ', 'SCONJ', 'PRON', 'AUX', 'VERB']","['a nice little church', 'a plain interior', 'the wooden roof', 'the circular cupola', 'the middle', 'they', 'the square', 'front', 'the government offices', 'it', 'they']",[],0.0
41130,4.0,this is a beautiful old cathedral in a central part of town there is currently road works going on right outside so its not as peaceful there as it would normally be however it is still certainly worth the stop the interior had beautiful arched ceilings with chandeliers hanging from them the christmas displays were still out when we were there in early january and they were quite ornate,"['PRON', 'AUX', 'DET', 'ADJ', 'ADJ', 'NOUN', 'ADP', 'DET', 'ADJ', 'NOUN', 'ADP', 'NOUN', 'PRON', 'VERB', 'ADV', 'NOUN', 'NOUN', 'VERB', 'ADP', 'ADV', 'ADV', 'SCONJ', 'PRON', 'PART', 'ADV', 'ADJ', 'ADV', 'SCONJ', 'PRON', 'AUX', 'ADV', 'AUX', 'ADV', 'PRON', 'AUX', 'ADV', 'ADV', 'ADJ', 'DET', 'NOUN', 'DET', 'PROPN', 'VERB', 'ADJ', 'ADJ', 'NOUN', 'ADP', 'NOUN', 'VERB', 'ADP', 'PRON', 'DET', 'PROPN', 'NOUN', 'AUX', 'ADV', 'ADV', 'SCONJ', 'PRON', 'AUX', 'ADV', 'ADP', 'ADJ', 'PROPN', 'CCONJ', 'PRON', 'AUX', 'ADV', 'ADJ']","['this', 'a beautiful old cathedral', 'a central part', 'town', 'road works', 'its', 'it', 'it', 'the stop', 'the interior', 'beautiful arched ceilings', 'chandeliers', 'them', 'the christmas displays', 'we', 'early january', 'they']","[{'text': 'early january', 'label': 'DATE'}]",0.014492753623188406
41132,4.0,this was one of or stops from a tour we did always special to see a bit of history when you travel near and or far,"['PRON', 'AUX', 'NUM', 'ADP', 'CCONJ', 'VERB', 'ADP', 'DET', 'NOUN', 'PRON', 'AUX', 'ADV', 'ADJ', 'PART', 'VERB', 'DET', 'NOUN', 'ADP', 'NOUN', 'SCONJ', 'PRON', 'VERB', 'ADV', 'CCONJ', 'CCONJ', 'ADV']","['this', 'a tour', 'we', 'a bit', 'history', 'you']",[],0.0
41135,5.0,la paz cathedral full name catedral de nuestra senora de la paz was a brief stop during our daytrip to la paz but it was a beautiful visit the twotower stone sculpted building is impressive passion of the christ depictions line the inside of the sanctorum spent a little while in the calm atmosphere there was major road construction on the roads in front of the cathedral when we visited in november 2019,"['PROPN', 'PROPN', 'ADJ', 'ADJ', 'NOUN', 'PROPN', 'PROPN', 'PROPN', 'PROPN', 'PROPN', 'PROPN', 'PROPN', 'AUX', 'DET', 'ADJ', 'NOUN', 'ADP', 'PRON', 'NOUN', 'ADP', 'PROPN', 'NOUN', 'CCONJ', 'PRON', 'AUX', 'DET', 'ADJ', 'NOUN', 'DET', 'ADJ', 'NOUN', 'VERB', 'NOUN', 'AUX', 'ADJ', 'NOUN', 'ADP', 'DET', 'PROPN', 'NOUN', 'VERB', 'DET', 'NOUN', 'ADP', 'DET', 'NOUN', 'VERB', 'DET', 'ADJ', 'NOUN', 'ADP', 'DET', 'ADJ', 'NOUN', 'PRON', 'VERB', 'ADJ', 'NOUN', 'NOUN', 'ADP', 'DET', 'NOUN', 'ADP', 'NOUN', 'ADP', 'DET', 'NOUN', 'SCONJ', 'PRON', 'VERB', 'ADP', 'PROPN', 'NUM']","['catedral', 'a brief stop', 'our daytrip', 'la paz', 'it', 'a beautiful visit', 'the twotower stone sculpted building', 'impressive passion', 'the christ depictions', 'the inside', 'the sanctorum', 'a little while', 'the calm atmosphere', 'major road construction', 'the roads', 'front', 'the cathedral', 'we', 'november']","[{'text': 'la paz', 'label': 'ORG'}, {'text': 'catedral de nuestra senora de la paz', 'label': 'ORG'}, {'text': 'november 2019', 'label': 'DATE'}]",0.0410958904109589
41139,3.0,pros great location great breakfast authentic mexican food only comfortable clean rooms cons hard to find anyone who spoke english asked for a 2nd wash cloth told they didnt have any dont expect to sleep in rooms are around open courtyard where breakfast starts at 7 am and so much noise church next door bells start at 6 am,"['NOUN', 'ADJ', 'NOUN', 'ADJ', 'NOUN', 'ADJ', 'ADJ', 'NOUN', 'ADV', 'ADJ', 'ADJ', 'NOUN', 'NOUN', 'ADJ', 'PART', 'VERB', 'PRON', 'PRON', 'VERB', 'PROPN', 'VERB', 'ADP', 'DET', 'ADJ', 'NOUN', 'NOUN', 'VERB', 'PRON', 'AUX', 'PART', 'VERB', 'PRON', 'AUX', 'PART', 'VERB', 'PART', 'VERB', 'ADP', 'NOUN', 'AUX', 'ADP', 'ADJ', 'NOUN', 'SCONJ', 'NOUN', 'VERB', 'ADP', 'NUM', 'NOUN', 'CCONJ', 'ADV', 'ADJ', 'NOUN', 'NOUN', 'ADJ', 'NOUN', 'NOUN', 'VERB', 'ADP', 'NUM', 'NOUN']","['pros great location great breakfast authentic mexican food', 'only comfortable clean rooms cons', 'anyone', 'who', 'english', 'a 2nd wash cloth', 'they', 'any', 'rooms', 'open courtyard', 'breakfast', '7 am', 'so much noise church', 'next door bells']","[{'text': 'mexican', 'label': 'NORP'}, {'text': 'english', 'label': 'LANGUAGE'}, {'text': 'a 2nd', 'label': 'DATE'}, {'text': '7 am', 'label': 'TIME'}, {'text': '6 am', 'label': 'TIME'}]",0.08196721311475409
41141,5.0,loved this cathedral was built in the 1600s must see church in town loved the architecture and the wooden stages of the cross on the walls plus theres a special prayer room in the back,"['VERB', 'DET', 'NOUN', 'AUX', 'VERB', 'ADP', 'DET', 'NOUN', 'AUX', 'VERB', 'NOUN', 'ADP', 'NOUN', 'VERB', 'DET', 'NOUN', 'CCONJ', 'DET', 'ADJ', 'NOUN', 'ADP', 'DET', 'NOUN', 'ADP', 'DET', 'NOUN', 'CCONJ', 'PRON', 'VERB', 'DET', 'ADJ', 'NOUN', 'NOUN', 'ADP', 'DET', 'NOUN']","['this cathedral', 'the 1600s', 'church', 'town', 'the architecture', 'the wooden stages', 'the cross', 'the walls', 'a special prayer room', 'the back']","[{'text': 'the 1600s', 'label': 'DATE'}]",0.027777777777777776
41144,4.0,by todays standards this is a small church but when it was built im sure it was considered huge there are some old stained glass windows the doors are probably original to the structure and are enormous which begs the question if where they came from since la paz is desert parishioners were praying im not catholic so we didnt spend any real time in the church since its just 2 blocks from the waterfront it was worth the walk thoughts of being in a building dating from 1861 in such wonderful condition is amazing obviously services are still held and i remember reading a cornerstone mentioning a much earlier date in the 1700s a quick review of history dates la paz to 1535 so a town with a 500 year history in north america is another pretty good reason to visit one of its oldest structures,"['ADP', 'NOUN', 'NOUN', 'PRON', 'AUX', 'DET', 'ADJ', 'NOUN', 'CCONJ', 'SCONJ', 'PRON', 'AUX', 'VERB', 'PRON', 'VERB', 'ADJ', 'PRON', 'AUX', 'VERB', 'ADJ', 'PRON', 'VERB', 'DET', 'ADJ', 'VERB', 'NOUN', 'VERB', 'DET', 'NOUN', 'AUX', 'ADV', 'ADJ', 'ADP', 'DET', 'NOUN', 'CCONJ', 'AUX', 'ADJ', 'PRON', 'VERB', 'DET', 'NOUN', 'SCONJ', 'SCONJ', 'PRON', 'VERB', 'ADP', 'SCONJ', 'PROPN', 'PROPN', 'AUX', 'NOUN', 'NOUN', 'AUX', 'VERB', 'PRON', 'VERB', 'PART', 'ADJ', 'SCONJ', 'PRON', 'AUX', 'PART', 'VERB', 'DET', 'ADJ', 'NOUN', 'ADP', 'DET', 'NOUN', 'SCONJ', 'PRON', 'ADV', 'NUM', 'NOUN', 'ADP', 'DET', 'NOUN', 'PRON', 'AUX', 'ADJ', 'DET', 'NOUN', 'NOUN', 'ADP', 'AUX', 'ADP', 'DET', 'NOUN', 'VERB', 'ADP', 'NUM', 'ADP', 'ADJ', 'ADJ', 'NOUN', 'AUX', 'ADJ', 'ADV', 'NOUN', 'AUX', 'ADV', 'VERB', 'CCONJ', 'PRON', 'VERB', 'VERB', 'DET', 'NOUN', 'VERB', 'DET', 'ADV', 'ADJ', 'NOUN', 'ADP', 'DET', 'NOUN', 'DET', 'ADJ', 'NOUN', 'ADP', 'NOUN', 'VERB', 'DET', 'NOUN', 'ADP', 'NUM', 'ADV', 'DET', 'NOUN', 'ADP', 'DET', 'NUM', 'NOUN', 'NOUN', 'ADP', 'PROPN', 'PROPN', 'AUX', 'DET', 'ADV', 'ADJ', 'NOUN', 'PART', 'VERB', 'NUM', 'ADP', 'PRON', 'ADJ', 'NOUN']","['todays standards', 'this', 'a small church', 'it', 'i', 'it', 'some old stained glass', 'the doors', 'the structure', 'which', 'the question', 'they', 'la paz', 'i', 'we', 'any real time', 'the church', 'its just 2 blocks', 'the waterfront', 'it', 'the walk thoughts', 'a building', 'such wonderful condition', 'services', 'i', 'a cornerstone', 'a much earlier date', 'the 1700s', 'a quick review', 'history', 'a town', 'a 500 year history', 'north america', 'another pretty good reason', 'its oldest structures']","[{'text': '2', 'label': 'CARDINAL'}, {'text': '1861', 'label': 'DATE'}, {'text': 'the 1700s', 'label': 'DATE'}, {'text': '1535', 'label': 'DATE'}, {'text': '500 year', 'label': 'DATE'}, {'text': 'north america', 'label': 'LOC'}, {'text': 'one', 'label': 'CARDINAL'}]",0.04666666666666667
41147,5.0,happened upon the church by going to the saturday market just across the street from it and what an amazing view,"['VERB', 'SCONJ', 'DET', 'NOUN', 'ADP', 'VERB', 'ADP', 'DET', 'PROPN', 'NOUN', 'ADV', 'ADP', 'DET', 'NOUN', 'ADP', 'PRON', 'CCONJ', 'PRON', 'DET', 'ADJ', 'NOUN']","['the church', 'the saturday market', 'the street', 'it']","[{'text': 'saturday', 'label': 'DATE'}]",0.047619047619047616
41148,4.0,very sweet little area with a garden and museum across the street nice cool place to rest out of the sun in this sweet little town feels very safe and laid back,"['ADV', 'ADJ', 'ADJ', 'NOUN', 'ADP', 'DET', 'NOUN', 'CCONJ', 'NOUN', 'ADP', 'DET', 'NOUN', 'ADJ', 'ADJ', 'NOUN', 'PART', 'VERB', 'ADP', 'ADP', 'DET', 'NOUN', 'ADP', 'DET', 'ADJ', 'ADJ', 'NOUN', 'VERB', 'ADV', 'ADJ', 'CCONJ', 'VERB', 'ADV']","['very sweet little area', 'the street', 'the sun', 'this sweet little town']",[],0.0
41149,4.0,lovely cathedral nice stained glass and statues mass times were 0700 1000 1700 1830 2000 very nice service with choir,"['ADJ', 'ADJ', 'ADJ', 'VERB', 'NOUN', 'CCONJ', 'NOUN', 'ADJ', 'NOUN', 'AUX', 'NUM', 'NUM', 'NUM', 'NUM', 'NUM', 'ADV', 'ADJ', 'NOUN', 'ADP', 'NOUN']","['lovely cathedral nice stained glass', 'statues', 'mass times', '0700 1000 1700 1830 2000 very nice service', 'choir']","[{'text': '0700', 'label': 'DATE'}, {'text': '1000 1700 1830 2000', 'label': 'DATE'}]",0.1
41152,4.0,we explored the city of la paz and went to this cathedral and it is a beauty it is on the square a couple blocks up off the malecon,"['PRON', 'VERB', 'DET', 'NOUN', 'ADP', 'PROPN', 'PROPN', 'CCONJ', 'VERB', 'ADP', 'DET', 'NOUN', 'CCONJ', 'PRON', 'AUX', 'DET', 'NOUN', 'PRON', 'AUX', 'ADP', 'DET', 'NOUN', 'DET', 'NOUN', 'NOUN', 'ADP', 'ADP', 'DET', 'NOUN']","['we', 'the city', 'la paz', 'this cathedral', 'it', 'a beauty', 'it', 'the square', 'a couple blocks', 'the malecon']","[{'text': 'la paz', 'label': 'FAC'}]",0.034482758620689655
41154,5.0,within the cathedral complex is this lovely orphanage bring gifts and love and giggles we spent a day eating treats doing magic and puppet showlaughter giggles and an unforgettable day in la paz b4 swimming with turtles dolphins and whales,"['ADP', 'DET', 'ADJ', 'NOUN', 'AUX', 'DET', 'ADJ', 'NOUN', 'VERB', 'NOUN', 'CCONJ', 'NOUN', 'CCONJ', 'NOUN', 'PRON', 'VERB', 'DET', 'NOUN', 'VERB', 'NOUN', 'VERB', 'NOUN', 'CCONJ', 'NOUN', 'NOUN', 'NOUN', 'CCONJ', 'DET', 'ADJ', 'NOUN', 'ADP', 'PROPN', 'PROPN', 'NOUN', 'VERB', 'ADP', 'NOUN', 'NOUN', 'CCONJ', 'NOUN']","['the cathedral complex', 'this lovely orphanage', 'gifts', 'love', 'giggles', 'we', 'a day', 'treats', 'magic', 'puppet showlaughter giggles', 'la paz b4', 'turtles dolphins', 'whales']","[{'text': 'la paz', 'label': 'FAC'}]",0.025
41155,3.0,this is a fairly small and average church by central south american standards not really worth a special trip to see it,"['PRON', 'AUX', 'DET', 'ADV', 'ADJ', 'CCONJ', 'ADJ', 'NOUN', 'ADP', 'ADJ', 'ADJ', 'ADJ', 'NOUN', 'PART', 'ADV', 'ADJ', 'DET', 'ADJ', 'NOUN', 'PART', 'VERB', 'PRON']","['this', 'a fairly small and average church', 'central south american standards', 'it']","[{'text': 'south american', 'label': 'NORP'}]",0.045454545454545456
41157,5.0,i am huge fan of histroicql churches and this one is very nice wood ceilings and a real sense of the construction period,"['PRON', 'AUX', 'ADJ', 'NOUN', 'ADP', 'NOUN', 'NOUN', 'CCONJ', 'DET', 'NOUN', 'AUX', 'ADV', 'ADJ', 'NOUN', 'NOUN', 'CCONJ', 'DET', 'ADJ', 'NOUN', 'ADP', 'DET', 'NOUN', 'NOUN']","['i', 'huge fan', 'histroicql churches', 'this one', 'very nice wood ceilings', 'a real sense', 'the construction period']",[],0.0
41162,5.0,i was so thankful that i could visit this beautiful place on a sunday morning i heard the choir singing and the bells ringing as the congregation was gathering and i stopped to look at the items the nuns were selling out front i sat in the back of the sanctuary for a few minutes and it was an awe inspiring experience if i wasnt on a timeline to get back to cabo i would have stayed through the entire service even as a protestant gringo i felt welcome,"['PRON', 'AUX', 'ADV', 'ADJ', 'SCONJ', 'PRON', 'AUX', 'VERB', 'DET', 'ADJ', 'NOUN', 'ADP', 'DET', 'PROPN', 'NOUN', 'PRON', 'VERB', 'DET', 'NOUN', 'NOUN', 'CCONJ', 'DET', 'NOUN', 'VERB', 'SCONJ', 'DET', 'NOUN', 'AUX', 'VERB', 'CCONJ', 'PRON', 'VERB', 'PART', 'VERB', 'ADP', 'DET', 'NOUN', 'DET', 'NOUN', 'AUX', 'VERB', 'ADP', 'NOUN', 'PRON', 'VERB', 'ADP', 'DET', 'NOUN', 'ADP', 'DET', 'NOUN', 'ADP', 'DET', 'ADJ', 'NOUN', 'CCONJ', 'PRON', 'AUX', 'DET', 'NOUN', 'VERB', 'NOUN', 'SCONJ', 'PRON', 'AUX', 'PART', 'ADP', 'DET', 'NOUN', 'PART', 'VERB', 'ADV', 'ADP', 'NOUN', 'PRON', 'AUX', 'AUX', 'VERB', 'ADP', 'DET', 'ADJ', 'NOUN', 'ADV', 'SCONJ', 'DET', 'ADJ', 'NOUN', 'PRON', 'VERB', 'ADJ']","['i', 'i', 'this beautiful place', 'a sunday morning', 'i', 'the choir singing', 'the bells', 'the congregation', 'i', 'the items', 'the nuns', 'front', 'i', 'the back', 'the sanctuary', 'a few minutes', 'it', 'an awe inspiring experience', 'i', 'a timeline', 'cabo', 'i', 'the entire service', 'a protestant gringo', 'i']","[{'text': 'sunday', 'label': 'DATE'}, {'text': 'morning', 'label': 'TIME'}, {'text': 'a few minutes', 'label': 'TIME'}]",0.03333333333333333
41163,4.0,we happened to be there for a wedding ceremony which was very moving its close to everything and worth a stop to admire,"['PRON', 'VERB', 'PART', 'AUX', 'ADV', 'ADP', 'DET', 'NOUN', 'NOUN', 'PRON', 'AUX', 'ADV', 'VERB', 'PRON', 'NOUN', 'ADP', 'PRON', 'CCONJ', 'ADJ', 'DET', 'NOUN', 'PART', 'VERB']","['we', 'a wedding ceremony', 'which', 'its close', 'everything']",[],0.0
41164,4.0,really lovely open air cathedral worth the walk from the malecon it is impressive the gift shop is very nice too,"['ADV', 'ADJ', 'ADJ', 'NOUN', 'NOUN', 'ADJ', 'DET', 'NOUN', 'ADP', 'DET', 'NOUN', 'PRON', 'AUX', 'ADJ', 'DET', 'NOUN', 'NOUN', 'AUX', 'ADV', 'ADJ', 'ADV']","['the walk', 'the malecon', 'it', 'the gift shop']",[],0.0
41165,5.0,weve been here a couple of time and really enjoy the cathedral and the town square across the street,"['PRON', 'AUX', 'AUX', 'ADV', 'DET', 'NOUN', 'ADP', 'NOUN', 'CCONJ', 'ADV', 'VERB', 'DET', 'NOUN', 'CCONJ', 'DET', 'NOUN', 'NOUN', 'ADP', 'DET', 'NOUN']","['we', 'a couple', 'time', 'the cathedral', 'the town', 'square', 'the street']",[],0.0
41167,4.0,charming old cathedral in the center of la paz with a nice plaza in front easy distance walk from downtown,"['ADJ', 'ADJ', 'NOUN', 'ADP', 'DET', 'NOUN', 'ADP', 'PROPN', 'PROPN', 'ADP', 'DET', 'ADJ', 'NOUN', 'ADP', 'ADJ', 'ADJ', 'NOUN', 'NOUN', 'ADP', 'NOUN']","['charming old cathedral', 'the center', 'la paz', 'a nice plaza', 'front easy distance walk', 'downtown']",[],0.0
41169,5.0,amazing hotel shame about the location i wouldnt recommend to stay there for two weeks definitely hire a car and get out and explore the coast the breakfast was great the pool was cold but great roof top views,"['ADJ', 'NOUN', 'NOUN', 'ADP', 'DET', 'NOUN', 'PRON', 'AUX', 'PART', 'VERB', 'PART', 'VERB', 'ADV', 'ADP', 'NUM', 'NOUN', 'ADV', 'VERB', 'DET', 'NOUN', 'CCONJ', 'VERB', 'ADP', 'CCONJ', 'VERB', 'DET', 'NOUN', 'DET', 'NOUN', 'AUX', 'ADJ', 'DET', 'NOUN', 'AUX', 'ADJ', 'CCONJ', 'ADJ', 'NOUN', 'ADJ', 'NOUN']","['amazing hotel shame', 'the location', 'i', 'two weeks', 'a car', 'the coast', 'the breakfast', 'the pool', 'cold but great roof top views']","[{'text': 'two weeks', 'label': 'DATE'}]",0.025
41172,5.0,a great see in la paz the old mission with its beautiful stained glass windows the building brings you back to the early 1800s,"['DET', 'ADJ', 'NOUN', 'ADP', 'PROPN', 'PROPN', 'DET', 'ADJ', 'NOUN', 'ADP', 'PRON', 'ADJ', 'VERB', 'NOUN', 'VERB', 'DET', 'NOUN', 'VERB', 'PRON', 'ADV', 'ADP', 'DET', 'ADJ', 'NOUN']","['a great see', 'la paz', 'the old mission', 'its beautiful stained glass', 'the building', 'you', 'the early 1800s']","[{'text': 'the early 1800s', 'label': 'DATE'}]",0.041666666666666664
41173,3.0,we visited the la paz cathedral on our last trip theres a nice park across tha street where you can sit and relax,"['PRON', 'VERB', 'DET', 'DET', 'PROPN', 'NOUN', 'ADP', 'PRON', 'ADJ', 'NOUN', 'PRON', 'VERB', 'DET', 'ADJ', 'NOUN', 'ADP', 'PROPN', 'NOUN', 'SCONJ', 'PRON', 'AUX', 'VERB', 'CCONJ', 'VERB']","['we', 'the la paz', 'our last trip', 'a nice park', 'tha street', 'you']",[],0.0
41174,5.0,at the centre of la paz is this old historic building full of tradition our lady of peace cathedral was originally built in the 18th century and a must see while in la paz,"['ADP', 'DET', 'NOUN', 'ADP', 'PROPN', 'PROPN', 'AUX', 'DET', 'ADJ', 'ADJ', 'NOUN', 'ADJ', 'ADP', 'NOUN', 'PRON', 'NOUN', 'ADP', 'NOUN', 'NOUN', 'AUX', 'ADV', 'VERB', 'ADP', 'DET', 'ADJ', 'NOUN', 'CCONJ', 'PRON', 'AUX', 'VERB', 'SCONJ', 'ADP', 'PROPN', 'NOUN']","['the centre', 'la paz', 'this old historic building', 'tradition', 'our lady', 'peace cathedral', 'the 18th century', 'a', 'la paz']","[{'text': 'la paz', 'label': 'FAC'}, {'text': 'the 18th century', 'label': 'DATE'}]",0.058823529411764705
41175,3.0,we had a short visit to this church in la paz it was quiet and cool a nice respite from the streets of la paz we enjoyed our time in this holy space,"['PRON', 'VERB', 'DET', 'ADJ', 'NOUN', 'ADP', 'DET', 'NOUN', 'ADP', 'PROPN', 'PROPN', 'PRON', 'AUX', 'ADJ', 'CCONJ', 'VERB', 'DET', 'ADJ', 'NOUN', 'ADP', 'DET', 'NOUN', 'ADP', 'PROPN', 'PROPN', 'PRON', 'VERB', 'PRON', 'NOUN', 'ADP', 'DET', 'ADJ', 'NOUN']","['we', 'a short visit', 'this church', 'la paz', 'it', 'a nice respite', 'the streets', 'la paz', 'we', 'our time', 'this holy space']",[],0.0
41176,5.0,a modest cathedral across from the plaza it is not too large or ornate provides a peaceful refuge from a hot day sightseeing,"['DET', 'ADJ', 'NOUN', 'ADP', 'ADP', 'DET', 'NOUN', 'PRON', 'AUX', 'PART', 'ADV', 'ADJ', 'CCONJ', 'ADJ', 'VERB', 'DET', 'ADJ', 'NOUN', 'ADP', 'DET', 'ADJ', 'NOUN', 'NOUN']","['the plaza', 'it', 'a peaceful refuge', 'a hot day sightseeing']","[{'text': 'a hot day', 'label': 'DATE'}]",0.043478260869565216
41177,5.0,very pretty cathedral in the heart of la paz a short walk to the park and restaurants interesting bit of history,"['ADV', 'ADV', 'ADJ', 'ADP', 'DET', 'NOUN', 'ADP', 'PROPN', 'PROPN', 'DET', 'ADJ', 'NOUN', 'ADP', 'DET', 'NOUN', 'CCONJ', 'NOUN', 'ADJ', 'NOUN', 'ADP', 'NOUN']","['the heart', 'la paz', 'the park', 'restaurants', 'interesting bit', 'history']",[],0.0
41178,4.0,once we got downtown first thing we visited was this beautiful old cathedral we did go inside and mass was being held i would really like to hear a presentation on its history and other significance but otherwise its a dontmiss spot,"['SCONJ', 'PRON', 'VERB', 'NOUN', 'ADJ', 'NOUN', 'PRON', 'VERB', 'AUX', 'DET', 'ADJ', 'ADJ', 'NOUN', 'PRON', 'AUX', 'VERB', 'ADV', 'CCONJ', 'NOUN', 'AUX', 'AUX', 'VERB', 'PRON', 'AUX', 'ADV', 'VERB', 'PART', 'VERB', 'DET', 'NOUN', 'ADP', 'PRON', 'NOUN', 'CCONJ', 'ADJ', 'NOUN', 'CCONJ', 'ADV', 'PRON', 'DET', 'NOUN', 'NOUN']","['we', 'downtown first thing', 'we', 'this beautiful old cathedral', 'we', 'mass', 'i', 'a presentation', 'its history', 'but otherwise its a dontmiss spot']","[{'text': 'first', 'label': 'ORDINAL'}]",0.023809523809523808
41181,5.0,i love the location and structure of this cathedral you can walk around its plaza and straight to malecon theres a coffee shop at the corner of the cathedral with great coffee you have pharmacies icecream shops and all kinds of stores unfortunately we were able to enter the church because they were preparing for a wedding but it was great to at least see from outside you get a very peaceful feeling when there,"['PRON', 'VERB', 'DET', 'NOUN', 'CCONJ', 'NOUN', 'ADP', 'DET', 'NOUN', 'PRON', 'AUX', 'VERB', 'ADP', 'PRON', 'NOUN', 'CCONJ', 'ADV', 'ADP', 'PROPN', 'PRON', 'VERB', 'DET', 'NOUN', 'NOUN', 'ADP', 'DET', 'NOUN', 'ADP', 'DET', 'NOUN', 'ADP', 'ADJ', 'NOUN', 'PRON', 'VERB', 'NOUN', 'VERB', 'NOUN', 'CCONJ', 'DET', 'NOUN', 'ADP', 'NOUN', 'ADV', 'PRON', 'AUX', 'ADJ', 'PART', 'VERB', 'DET', 'NOUN', 'SCONJ', 'PRON', 'AUX', 'VERB', 'ADP', 'DET', 'NOUN', 'CCONJ', 'PRON', 'AUX', 'ADJ', 'AUX', 'ADP', 'ADJ', 'VERB', 'ADP', 'ADP', 'PRON', 'VERB', 'DET', 'ADV', 'ADJ', 'NOUN', 'SCONJ', 'PRON']","['i', 'the location', 'structure', 'this cathedral', 'you', 'its plaza', 'malecon', 'a coffee shop', 'the corner', 'the cathedral', 'great coffee', 'you', 'pharmacies icecream shops', 'all kinds', 'stores', 'we', 'the church', 'they', 'a wedding', 'it', 'you', 'a very peaceful feeling']",[],0.0
41182,5.0,the good thing is that you can easily find close to malecon and in the city center very interesting architecture and whats more its nice place to hide in hot hot day from sun,"['DET', 'ADJ', 'NOUN', 'AUX', 'SCONJ', 'PRON', 'AUX', 'ADV', 'VERB', 'ADV', 'ADP', 'PROPN', 'CCONJ', 'ADP', 'DET', 'NOUN', 'NOUN', 'ADV', 'ADJ', 'NOUN', 'CCONJ', 'PRON', 'VERB', 'ADV', 'PRON', 'ADJ', 'NOUN', 'PART', 'VERB', 'ADP', 'ADJ', 'ADJ', 'NOUN', 'ADP', 'NOUN']","['the good thing', 'you', 'malecon', 'the city center', 'very interesting architecture', 'what', 'its nice place', 'hot hot day', 'sun']",[],0.0
41184,3.0,simple well kept and the center of townworth the walk there and maybe to sit in the park if hot,"['ADJ', 'ADV', 'VERB', 'CCONJ', 'DET', 'NOUN', 'ADP', 'NOUN', 'DET', 'NOUN', 'ADV', 'CCONJ', 'ADV', 'PART', 'VERB', 'ADP', 'DET', 'NOUN', 'SCONJ', 'ADJ']","['the center', 'townworth', 'the walk', 'the park']",[],0.0
41185,3.0,the cathedral is easy to find just a few blocks up from the malecon in la paz what you see is what you get its a church we looked for info about its history inside the church but did not find any to the left of the main entrance there is an interesting historical marker that surprisingly is in english and notes some significant dates in la paz history from the arrival of cortes onward,"['DET', 'NOUN', 'AUX', 'ADJ', 'PART', 'VERB', 'ADV', 'DET', 'ADJ', 'NOUN', 'ADP', 'ADP', 'DET', 'PROPN', 'ADP', 'PROPN', 'PROPN', 'PRON', 'PRON', 'VERB', 'AUX', 'PRON', 'PRON', 'VERB', 'PRON', 'DET', 'NOUN', 'PRON', 'VERB', 'ADP', 'NOUN', 'ADP', 'PRON', 'NOUN', 'ADP', 'DET', 'NOUN', 'CCONJ', 'AUX', 'PART', 'VERB', 'PRON', 'ADP', 'DET', 'NOUN', 'ADP', 'DET', 'ADJ', 'NOUN', 'PRON', 'VERB', 'DET', 'ADJ', 'ADJ', 'NOUN', 'PRON', 'ADV', 'AUX', 'ADP', 'PROPN', 'CCONJ', 'VERB', 'DET', 'ADJ', 'NOUN', 'ADP', 'PROPN', 'PROPN', 'NOUN', 'ADP', 'DET', 'NOUN', 'ADP', 'NOUN', 'ADV']","['the cathedral', 'just a few blocks', 'the malecon', 'la paz', 'what', 'you', 'what', 'you', 'its a church', 'we', 'info', 'its history', 'the church', 'any', 'the left', 'the main entrance', 'an interesting historical marker', 'that', 'english', 'some significant dates', 'la paz history', 'the arrival', 'cortes']","[{'text': 'la', 'label': 'GPE'}, {'text': 'english', 'label': 'LANGUAGE'}, {'text': 'la', 'label': 'GPE'}]",0.04
41193,5.0,gorgeous cathedral just a few blocks up from malecon stained glass is beautiful fascinating history picturesque facade worth a visit especially for anyone who is interested in the california missions plan 3060 minutes to appreciate the whole thingalthough you can do a quick perusal in less time,"['ADJ', 'NOUN', 'ADV', 'DET', 'ADJ', 'NOUN', 'ADP', 'ADP', 'PROPN', 'VERB', 'NOUN', 'AUX', 'ADJ', 'ADJ', 'NOUN', 'ADJ', 'NOUN', 'ADJ', 'DET', 'NOUN', 'ADV', 'ADP', 'PRON', 'PRON', 'AUX', 'ADJ', 'ADP', 'DET', 'PROPN', 'NOUN', 'VERB', 'NUM', 'NOUN', 'PART', 'VERB', 'DET', 'ADJ', 'NOUN', 'PRON', 'AUX', 'VERB', 'DET', 'ADJ', 'NOUN', 'ADP', 'ADJ', 'NOUN']","['gorgeous cathedral', 'malecon stained glass', 'beautiful fascinating history picturesque facade', 'anyone', 'who', 'the california missions', '3060 minutes', 'the whole thingalthough', 'you', 'a quick perusal', 'less time']","[{'text': 'california', 'label': 'GPE'}]",0.02127659574468085
41194,5.0,while walking around la paz we stopped in to look at this historical building while i gave it 5 stars its not for the attraction so much as for the history we have traveled up down the west coast have always enjoyed stopping in at the missions churchs it gives you an insight to the area worth a quick stop to soak in the past,"['SCONJ', 'VERB', 'ADP', 'PROPN', 'PROPN', 'PRON', 'VERB', 'ADP', 'PART', 'VERB', 'ADP', 'DET', 'ADJ', 'NOUN', 'SCONJ', 'PRON', 'VERB', 'PRON', 'NUM', 'NOUN', 'PRON', 'PART', 'ADP', 'DET', 'NOUN', 'ADV', 'ADV', 'ADP', 'ADP', 'DET', 'NOUN', 'PRON', 'AUX', 'VERB', 'ADP', 'ADP', 'DET', 'PROPN', 'PROPN', 'AUX', 'ADV', 'VERB', 'VERB', 'ADP', 'ADP', 'DET', 'NOUN', 'PROPN', 'PRON', 'VERB', 'PRON', 'DET', 'NOUN', 'ADP', 'DET', 'NOUN', 'ADJ', 'DET', 'ADJ', 'NOUN', 'PART', 'VERB', 'ADP', 'DET', 'NOUN']","['la paz', 'we', 'this historical building', 'i', 'it', '5 stars', 'its', 'the attraction', 'the history', 'we', 'the west coast', 'the missions churchs', 'it', 'you', 'an insight', 'the area', 'the past']","[{'text': '5', 'label': 'CARDINAL'}]",0.015384615384615385
41195,4.0,walking along the backstreets of la paz youll find this nice little church that has very nice architecture and a little plaque on the outside with a brief history,"['VERB', 'ADP', 'DET', 'NOUN', 'ADP', 'PROPN', 'PROPN', 'PRON', 'AUX', 'VERB', 'DET', 'ADJ', 'ADJ', 'NOUN', 'PRON', 'VERB', 'ADV', 'ADJ', 'NOUN', 'CCONJ', 'DET', 'ADJ', 'NOUN', 'ADP', 'DET', 'NOUN', 'ADP', 'DET', 'ADJ', 'NOUN']","['the backstreets', 'la paz', 'you', 'this nice little church', 'that', 'very nice architecture', 'a little plaque', 'the outside', 'a brief history']",[],0.0
41196,4.0,love walking thru old churches and this is no exception many tourists stop there beautiful ceilings,"['NOUN', 'VERB', 'ADP', 'ADJ', 'NOUN', 'CCONJ', 'PRON', 'AUX', 'DET', 'NOUN', 'ADJ', 'NOUN', 'VERB', 'ADV', 'ADJ', 'NOUN']","['love', 'old churches', 'this', 'no exception', 'many tourists', 'beautiful ceilings']",[],0.0
41199,5.0,i was married here in 1996 after getting permission from the church i met and fell in love with a woman from la paz and the church was perfect we visit every trip and recommend everyone go in i have been to almost all the churchs on the peninsula and some are more rustic but this is a well attended and beautiful place it is in the center of old town and worth going to,"['PRON', 'AUX', 'VERB', 'ADV', 'ADP', 'NUM', 'ADP', 'VERB', 'NOUN', 'ADP', 'DET', 'NOUN', 'PRON', 'VERB', 'CCONJ', 'VERB', 'ADP', 'NOUN', 'ADP', 'DET', 'NOUN', 'ADP', 'PROPN', 'PROPN', 'CCONJ', 'DET', 'NOUN', 'AUX', 'ADJ', 'PRON', 'VERB', 'DET', 'NOUN', 'CCONJ', 'VERB', 'PRON', 'VERB', 'ADP', 'PRON', 'AUX', 'AUX', 'ADP', 'ADV', 'DET', 'DET', 'NOUN', 'ADP', 'DET', 'NOUN', 'CCONJ', 'PRON', 'AUX', 'ADV', 'ADJ', 'CCONJ', 'PRON', 'AUX', 'DET', 'ADV', 'VERB', 'CCONJ', 'ADJ', 'NOUN', 'PRON', 'AUX', 'ADP', 'DET', 'NOUN', 'ADP', 'ADJ', 'NOUN', 'CCONJ', 'ADJ', 'VERB', 'ADP']","['i', 'permission', 'the church', 'i', 'love', 'a woman', 'la paz', 'the church', 'we', 'every trip', 'everyone', 'i', 'almost all the churchs', 'the peninsula', 'some', 'this', 'a well attended and beautiful place', 'it', 'the center', 'old town']","[{'text': '1996', 'label': 'DATE'}, {'text': 'la paz', 'label': 'FAC'}]",0.02666666666666667
41200,4.0,a must to visit in la paz beautiful with a warm flair inside you are allowed to go in whenever you want in the middle of the center close by the malecon boulevard,"['DET', 'NOUN', 'PART', 'VERB', 'ADP', 'PROPN', 'PROPN', 'ADJ', 'ADP', 'DET', 'ADJ', 'NOUN', 'ADP', 'PRON', 'AUX', 'VERB', 'PART', 'VERB', 'ADP', 'SCONJ', 'PRON', 'VERB', 'ADP', 'DET', 'NOUN', 'ADP', 'DET', 'NOUN', 'ADV', 'ADP', 'DET', 'PROPN', 'NOUN']","['a must', 'la paz', 'a warm flair', 'you', 'you', 'the middle', 'the center', 'the malecon boulevard']","[{'text': 'la paz', 'label': 'FAC'}]",0.030303030303030304
41201,5.0,this is a large catholic cathedral rebuilt in 1835 the original was finished in 1692 taking 70 years to complete there is an office where we were able to purchase a mass for a friend who had just passed away very friendly people beautiful cathedral,"['PRON', 'AUX', 'DET', 'ADJ', 'ADJ', 'NOUN', 'VERB', 'ADP', 'NUM', 'DET', 'NOUN', 'AUX', 'VERB', 'ADP', 'NUM', 'VERB', 'NUM', 'NOUN', 'PART', 'VERB', 'PRON', 'VERB', 'DET', 'NOUN', 'SCONJ', 'PRON', 'AUX', 'ADJ', 'PART', 'VERB', 'DET', 'NOUN', 'ADP', 'DET', 'NOUN', 'PRON', 'AUX', 'ADV', 'VERB', 'ADP', 'ADV', 'ADJ', 'NOUN', 'ADJ', 'NOUN']","['this', 'a large catholic cathedral', 'the original', '70 years', 'an office', 'we', 'a mass', 'a friend', 'who', 'people beautiful cathedral']","[{'text': 'catholic', 'label': 'NORP'}, {'text': '1835', 'label': 'DATE'}, {'text': '1692', 'label': 'DATE'}, {'text': '70 years', 'label': 'DATE'}]",0.08888888888888889
41202,3.0,worth a visit when touring la paz some nice stained glass windows but has quite a modern feel to it,"['ADJ', 'DET', 'NOUN', 'SCONJ', 'VERB', 'DET', 'NOUN', 'DET', 'ADJ', 'VERB', 'NOUN', 'NOUN', 'CCONJ', 'VERB', 'DET', 'DET', 'ADJ', 'NOUN', 'ADP', 'PRON']","['la paz', 'some nice stained glass windows', 'quite a modern feel', 'it']",[],0.0
41203,5.0,pretty inside and outside nice bell concert at christmas they have classical concerts with multi colored lights very festive across from the church is the casa de gobierno where they often have really interesting expositions like now its about fishing free entry the plaza in front of the church is a great place to relax watch people there are shoe cleaning stands and when there is the farmers market on tuesdays saturdays 10am 1pm there are also stands at the plaza,"['ADV', 'ADV', 'CCONJ', 'ADP', 'ADJ', 'NOUN', 'NOUN', 'ADP', 'PROPN', 'PRON', 'VERB', 'ADJ', 'NOUN', 'ADP', 'ADJ', 'VERB', 'NOUN', 'ADV', 'ADJ', 'ADP', 'ADP', 'DET', 'NOUN', 'AUX', 'DET', 'PROPN', 'X', 'NOUN', 'SCONJ', 'PRON', 'ADV', 'VERB', 'ADV', 'ADJ', 'NOUN', 'ADP', 'ADV', 'PRON', 'ADJ', 'NOUN', 'ADJ', 'NOUN', 'DET', 'NOUN', 'ADP', 'NOUN', 'ADP', 'DET', 'NOUN', 'AUX', 'DET', 'ADJ', 'NOUN', 'PART', 'VERB', 'VERB', 'NOUN', 'PRON', 'VERB', 'NOUN', 'NOUN', 'VERB', 'CCONJ', 'SCONJ', 'PRON', 'VERB', 'DET', 'NOUN', 'NOUN', 'ADP', 'NOUN', 'VERB', 'NUM', 'ADP', 'NUM', 'ADV', 'PRON', 'VERB', 'ADV', 'VERB', 'ADP', 'DET', 'NOUN']","['nice bell concert', 'christmas', 'they', 'classical concerts', 'multi colored lights', 'the church', 'the casa de gobierno', 'they', 'really interesting expositions', 'its about fishing free entry', 'the plaza', 'front', 'the church', 'a great place', 'people', 'the farmers market', 'tuesdays', 'the plaza']","[{'text': 'christmas', 'label': 'DATE'}, {'text': 'tuesdays', 'label': 'DATE'}, {'text': '10am 1pm', 'label': 'TIME'}]",0.03614457831325301
41205,3.0,from the outside this is really a nice church i like the twin bell towers and the outside has that solid rustic look that are so typical of mission architecture from the outside its really impressive however the inside is anything but although the stained glass windows are nice overall the church is very light on opulence the religious art and decorations are very sparse the front of the church has a large cross and some simple religious art however there is nothing out of the ordinary in terms of the churchs all around interior it did not leave me in awe just slightly interested however being that it is la pazs oldest church its a place everyone should at least stop by to visit so they can say they have been there,"['ADP', 'DET', 'NOUN', 'PRON', 'AUX', 'ADV', 'DET', 'ADJ', 'NOUN', 'PRON', 'VERB', 'DET', 'ADJ', 'NOUN', 'NOUN', 'CCONJ', 'DET', 'NOUN', 'VERB', 'DET', 'ADJ', 'ADJ', 'NOUN', 'PRON', 'AUX', 'ADV', 'ADJ', 'ADP', 'NOUN', 'NOUN', 'ADP', 'DET', 'NOUN', 'PRON', 'ADV', 'ADJ', 'ADV', 'DET', 'NOUN', 'AUX', 'PRON', 'CCONJ', 'SCONJ', 'DET', 'VERB', 'NOUN', 'NOUN', 'AUX', 'ADJ', 'ADV', 'DET', 'NOUN', 'AUX', 'ADV', 'ADJ', 'ADP', 'NOUN', 'DET', 'ADJ', 'NOUN', 'CCONJ', 'NOUN', 'AUX', 'ADV', 'ADJ', 'DET', 'NOUN', 'ADP', 'DET', 'NOUN', 'VERB', 'DET', 'ADJ', 'NOUN', 'CCONJ', 'DET', 'ADJ', 'ADJ', 'NOUN', 'ADV', 'PRON', 'VERB', 'PRON', 'ADP', 'ADP', 'DET', 'ADJ', 'ADP', 'NOUN', 'ADP', 'DET', 'NOUN', 'ADV', 'ADV', 'PROPN', 'PRON', 'AUX', 'PART', 'VERB', 'PRON', 'ADP', 'NOUN', 'ADV', 'ADV', 'ADJ', 'ADV', 'AUX', 'SCONJ', 'PRON', 'AUX', 'X', 'ADV', 'ADJ', 'VERB', 'PRON', 'DET', 'NOUN', 'PRON', 'AUX', 'ADP', 'ADJ', 'VERB', 'ADV', 'PART', 'VERB', 'SCONJ', 'PRON', 'AUX', 'VERB', 'PRON', 'AUX', 'AUX', 'ADV']","['the outside', 'this', 'a nice church', 'i', 'the twin bell towers', 'the outside', 'that solid rustic look', 'that', 'mission architecture', 'the outside', 'the inside', 'anything', 'the stained glass windows', 'the church', 'opulence', 'the religious art', 'decorations', 'the front', 'the church', 'a large cross', 'some simple religious art', 'nothing', 'terms', 'the churchs', 'interior', 'it', 'me', 'awe', 'it', 'its a place', 'everyone', 'they', 'they']",[],0.0
41206,5.0,it was a nice experience very pretty inside and historical people were in there praying so just have to be respectful of them,"['PRON', 'AUX', 'DET', 'ADJ', 'NOUN', 'ADV', 'ADV', 'ADV', 'CCONJ', 'ADJ', 'NOUN', 'AUX', 'ADV', 'ADV', 'VERB', 'ADV', 'ADV', 'VERB', 'PART', 'AUX', 'ADJ', 'ADP', 'PRON']","['it', 'a nice experience', 'people', 'them']",[],0.0
41208,5.0,nice architecture reminds me of spain on a hot day the cathedral is cool inside area gets busy on sundays,"['ADJ', 'NOUN', 'VERB', 'PRON', 'ADP', 'PROPN', 'ADP', 'DET', 'ADJ', 'NOUN', 'DET', 'NOUN', 'AUX', 'ADJ', 'ADJ', 'NOUN', 'VERB', 'ADJ', 'ADP', 'NOUN']","['nice architecture', 'me', 'spain', 'a hot day', 'the cathedral', 'cool inside area', 'sundays']","[{'text': 'spain', 'label': 'GPE'}, {'text': 'a hot day', 'label': 'DATE'}]",0.1
41213,5.0,went to mass it was very well attended wish there had been a better posting online about mass times,"['VERB', 'PART', 'NOUN', 'PRON', 'AUX', 'ADV', 'ADV', 'VERB', 'NOUN', 'PRON', 'AUX', 'AUX', 'DET', 'ADJ', 'NOUN', 'ADV', 'ADP', 'NOUN', 'NOUN']","['mass', 'it', 'very well attended wish', 'a better posting', 'mass times']",[],0.0
41214,4.0,we went to a farmers market and happened upon this building what looked like a double wedding was happening so we only walked around the outside of the building its a great example of architecture from the time period around 1860,"['PRON', 'VERB', 'ADP', 'DET', 'NOUN', 'NOUN', 'CCONJ', 'VERB', 'SCONJ', 'DET', 'NOUN', 'PRON', 'VERB', 'ADP', 'DET', 'ADJ', 'NOUN', 'AUX', 'VERB', 'ADV', 'PRON', 'ADV', 'VERB', 'ADP', 'DET', 'NOUN', 'ADP', 'DET', 'NOUN', 'PRON', 'DET', 'ADJ', 'NOUN', 'ADP', 'NOUN', 'ADP', 'DET', 'NOUN', 'NOUN', 'ADP', 'NUM']","['we', 'a farmers market', 'this building', 'what', 'a double wedding', 'we', 'the outside', 'the building', 'its a great example', 'architecture', 'the time period']","[{'text': '1860', 'label': 'DATE'}]",0.024390243902439025
41216,4.0,the cathedral was beautiful i almost hated taking some pics in there it was very old but worth seeing,"['DET', 'NOUN', 'AUX', 'ADJ', 'PRON', 'ADV', 'VERB', 'VERB', 'DET', 'NOUN', 'ADV', 'ADV', 'PRON', 'AUX', 'ADV', 'ADJ', 'CCONJ', 'ADJ', 'VERB']","['the cathedral', 'i', 'some pics', 'it']",[],0.0
41217,2.0,under renovations not wonderful dont waste your time here very plain not much to see here there 100 characters,"['ADP', 'NOUN', 'PART', 'ADJ', 'AUX', 'PART', 'VERB', 'PRON', 'NOUN', 'ADV', 'ADV', 'ADV', 'PART', 'ADV', 'PART', 'VERB', 'ADV', 'PRON', 'NUM', 'NOUN']","['renovations', 'your time', '100 characters']","[{'text': '100', 'label': 'CARDINAL'}]",0.05
41218,3.0,a small and unassuming cathedral downtown la paz is not particularly impressive the town is not my top choice for cultural landmarks if you are in the area you would find the cathedral difficult to miss,"['DET', 'ADJ', 'CCONJ', 'ADJ', 'ADJ', 'NOUN', 'DET', 'PROPN', 'AUX', 'PART', 'ADV', 'ADJ', 'DET', 'NOUN', 'AUX', 'PART', 'PRON', 'ADJ', 'NOUN', 'ADP', 'ADJ', 'NOUN', 'SCONJ', 'PRON', 'AUX', 'ADP', 'DET', 'NOUN', 'PRON', 'AUX', 'VERB', 'DET', 'ADJ', 'ADJ', 'PART', 'VERB']","['a small and unassuming cathedral downtown', 'la paz', 'the town', 'my top choice', 'cultural landmarks', 'you', 'the area', 'you']",[],0.0
41220,5.0,one of the church towers dates back to the 16th century spend some time here its a holy place read the plaques wander inside and out its a cornerstone of devotion for all the people of la paz,"['NUM', 'ADP', 'DET', 'NOUN', 'NOUN', 'VERB', 'ADV', 'ADP', 'DET', 'ADJ', 'NOUN', 'VERB', 'DET', 'NOUN', 'ADV', 'PRON', 'DET', 'ADJ', 'NOUN', 'VERB', 'DET', 'NOUN', 'VERB', 'ADP', 'CCONJ', 'ADP', 'PRON', 'DET', 'NOUN', 'ADP', 'NOUN', 'ADP', 'DET', 'DET', 'NOUN', 'ADP', 'PROPN', 'PROPN']","['the church towers', 'the 16th century', 'some time', 'its a holy place', 'the plaques', 'its a cornerstone', 'devotion', 'all the people', 'la paz']","[{'text': 'one', 'label': 'CARDINAL'}, {'text': 'the 16th century', 'label': 'DATE'}]",0.05263157894736842
41221,5.0,la paz cathedral is definitely worth a visit beautiful inside and out it was quiet and peaceful inside,"['PROPN', 'PROPN', 'NOUN', 'AUX', 'ADV', 'ADJ', 'DET', 'NOUN', 'ADJ', 'ADV', 'CCONJ', 'ADV', 'PRON', 'AUX', 'ADJ', 'CCONJ', 'ADJ', 'NOUN']","['la paz cathedral', 'it']","[{'text': 'la paz', 'label': 'FAC'}]",0.05555555555555555
41223,3.0,we were unable to walk inside because they had a service in progress when we stopped by we only took a peak from the doors nice cathedral and the plaza in front is nice to sit and have a cup of coffee,"['PRON', 'AUX', 'ADJ', 'PART', 'VERB', 'ADV', 'SCONJ', 'PRON', 'VERB', 'DET', 'NOUN', 'ADP', 'NOUN', 'SCONJ', 'PRON', 'VERB', 'ADP', 'PRON', 'ADV', 'VERB', 'DET', 'NOUN', 'ADP', 'DET', 'NOUN', 'ADJ', 'NOUN', 'CCONJ', 'DET', 'NOUN', 'ADP', 'NOUN', 'AUX', 'ADJ', 'PART', 'VERB', 'CCONJ', 'VERB', 'DET', 'NOUN', 'ADP', 'NOUN']","['we', 'they', 'a service', 'progress', 'we', 'we', 'a peak', 'the doors', 'nice cathedral', 'the plaza', 'front', 'a cup', 'coffee']",[],0.0
41224,4.0,one of the oldest church in la paz nice to see the original construction and know the history if you are staying in los cabos or in san jose be ready fro a long road trip,"['NUM', 'ADP', 'DET', 'ADJ', 'NOUN', 'ADP', 'PROPN', 'PROPN', 'ADJ', 'PART', 'VERB', 'DET', 'ADJ', 'NOUN', 'CCONJ', 'VERB', 'DET', 'NOUN', 'SCONJ', 'PRON', 'AUX', 'VERB', 'ADP', 'PROPN', 'PROPN', 'CCONJ', 'ADP', 'PROPN', 'PROPN', 'AUX', 'ADJ', 'VERB', 'DET', 'ADJ', 'NOUN', 'NOUN']","['the oldest church', 'la paz', 'the original construction', 'the history', 'you', 'los cabos', 'san jose', 'a long road trip']","[{'text': 'one', 'label': 'CARDINAL'}, {'text': 'la paz', 'label': 'FAC'}, {'text': 'los cabos', 'label': 'GPE'}, {'text': 'san jose', 'label': 'GPE'}]",0.1111111111111111
41227,5.0,the cathedral was only a block away from our hotel el angel azul and across the street from a lovely square the door seemed to be open all the time except after 900pm or so stop in and say a prayer or attend one of the many masses offered daily in spanish,"['DET', 'NOUN', 'AUX', 'ADV', 'DET', 'NOUN', 'ADV', 'ADP', 'PRON', 'PROPN', 'PROPN', 'PROPN', 'VERB', 'CCONJ', 'ADP', 'DET', 'NOUN', 'ADP', 'DET', 'ADJ', 'NOUN', 'DET', 'NOUN', 'VERB', 'PART', 'AUX', 'ADJ', 'DET', 'DET', 'NOUN', 'SCONJ', 'SCONJ', 'PROPN', 'CCONJ', 'ADV', 'VERB', 'ADP', 'CCONJ', 'VERB', 'DET', 'NOUN', 'CCONJ', 'VERB', 'NUM', 'ADP', 'DET', 'ADJ', 'NOUN', 'VERB', 'ADV', 'ADP', 'NOUN']","['the cathedral', 'our hotel el angel', 'the street', 'a lovely square', 'the door', '900pm', 'a prayer', 'the many masses', 'spanish']","[{'text': '900pm', 'label': 'ORG'}, {'text': 'one', 'label': 'CARDINAL'}, {'text': 'daily', 'label': 'DATE'}, {'text': 'spanish', 'label': 'NORP'}]",0.07692307692307693
41228,4.0,we walked all over the area and loved going inside the cathedral for a look it is peaceful and quite lovely nothing more to it really than just looking around or sitting in a pew to cool off or pray in silence,"['PRON', 'VERB', 'ADV', 'ADP', 'DET', 'NOUN', 'CCONJ', 'VERB', 'VERB', 'ADP', 'DET', 'NOUN', 'ADP', 'DET', 'NOUN', 'PRON', 'AUX', 'ADJ', 'CCONJ', 'ADV', 'ADJ', 'PRON', 'ADJ', 'ADP', 'PRON', 'ADV', 'ADP', 'ADV', 'VERB', 'ADV', 'CCONJ', 'VERB', 'ADP', 'DET', 'NOUN', 'PART', 'VERB', 'ADP', 'CCONJ', 'VERB', 'ADP', 'NOUN']","['we', 'the area', 'the cathedral', 'a look', 'it', 'nothing', 'it', 'a pew', 'silence']",[],0.0
41230,5.0,we always like to visit places of worship though out the world just for the beautiful architecture beautiful exterior with a plaque explaining the churches history a service was in progress so we just peeked inside and the interior and stained glass was gorgeous,"['PRON', 'ADV', 'VERB', 'PART', 'VERB', 'NOUN', 'ADP', 'NOUN', 'ADV', 'ADP', 'DET', 'NOUN', 'ADV', 'ADP', 'DET', 'ADJ', 'NOUN', 'ADJ', 'NOUN', 'ADP', 'DET', 'NOUN', 'VERB', 'DET', 'NOUN', 'NOUN', 'DET', 'NOUN', 'AUX', 'ADP', 'NOUN', 'SCONJ', 'PRON', 'ADV', 'VERB', 'ADV', 'CCONJ', 'DET', 'PROPN', 'CCONJ', 'ADJ', 'NOUN', 'AUX', 'ADJ']","['we', 'places', 'worship', 'the world', 'the beautiful architecture beautiful exterior', 'a plaque', 'the churches history', 'a service', 'progress', 'we', 'the interior', 'stained glass']",[],0.0
41231,5.0,this church was directly across the street from the hotel we were staying at it was christmas eve the day of our arrival so we had the privilege of experiencing a traditional catholic service in this very old church its full of old tradition and clearly represents many generations of faith the bells ring every hour which makes it retain its charm beautiful brick work makes it a special church to visit,"['DET', 'NOUN', 'AUX', 'ADV', 'ADP', 'DET', 'NOUN', 'ADP', 'DET', 'NOUN', 'PRON', 'AUX', 'VERB', 'ADP', 'PRON', 'AUX', 'PROPN', 'VERB', 'DET', 'NOUN', 'ADP', 'PRON', 'NOUN', 'SCONJ', 'PRON', 'VERB', 'DET', 'NOUN', 'ADP', 'VERB', 'DET', 'ADJ', 'ADJ', 'NOUN', 'ADP', 'DET', 'ADV', 'ADJ', 'NOUN', 'PRON', 'ADJ', 'ADP', 'ADJ', 'NOUN', 'CCONJ', 'ADV', 'VERB', 'ADJ', 'NOUN', 'ADP', 'NOUN', 'DET', 'NOUN', 'VERB', 'DET', 'NOUN', 'PRON', 'VERB', 'PRON', 'VERB', 'PRON', 'NOUN', 'ADJ', 'NOUN', 'NOUN', 'VERB', 'PRON', 'DET', 'ADJ', 'NOUN', 'PART', 'VERB']","['this church', 'the street', 'the hotel', 'we', 'it', 'our arrival', 'we', 'the privilege', 'a traditional catholic service', 'this very old church', 'old tradition', 'many generations', 'faith', 'the bells', 'which', 'it', 'its charm beautiful brick work', 'it']","[{'text': 'catholic', 'label': 'NORP'}, {'text': 'every hour', 'label': 'TIME'}]",0.027777777777777776
41233,4.0,when you are wandering the downtown area the cathedral is one place you will want to include on your list of places to see as with many towns established in the spanish tradition you will have the church plaza mayorprincipal and government buildings all located together and it is like that here take time to read the historical plaques at the front the interior will give you a chance to pray meditate or reflect on the impact that religion has on a culture,"['SCONJ', 'PRON', 'AUX', 'VERB', 'DET', 'NOUN', 'NOUN', 'DET', 'NOUN', 'AUX', 'NUM', 'NOUN', 'PRON', 'AUX', 'VERB', 'PART', 'VERB', 'ADP', 'PRON', 'NOUN', 'ADP', 'NOUN', 'PART', 'VERB', 'ADP', 'ADP', 'ADJ', 'NOUN', 'VERB', 'ADP', 'DET', 'ADJ', 'NOUN', 'PRON', 'AUX', 'VERB', 'DET', 'NOUN', 'NOUN', 'ADJ', 'CCONJ', 'NOUN', 'NOUN', 'PRON', 'VERB', 'ADV', 'CCONJ', 'PRON', 'AUX', 'ADP', 'PRON', 'ADV', 'VERB', 'NOUN', 'PART', 'VERB', 'DET', 'ADJ', 'NOUN', 'ADP', 'DET', 'NOUN', 'DET', 'PROPN', 'AUX', 'VERB', 'PRON', 'DET', 'NOUN', 'PART', 'VERB', 'NOUN', 'CCONJ', 'VERB', 'ADP', 'DET', 'NOUN', 'SCONJ', 'NOUN', 'VERB', 'ADP', 'DET', 'NOUN']","['you', 'the downtown area', 'the cathedral', 'one place', 'you', 'your list', 'places', 'many towns', 'the spanish tradition', 'you', 'the church plaza mayorprincipal and government buildings', 'all', 'it', 'that', 'time', 'the historical plaques', 'the front', 'the interior', 'you', 'a chance', 'meditate', 'the impact', 'religion', 'a culture']","[{'text': 'spanish', 'label': 'NORP'}]",0.012048192771084338
41234,3.0,the church and plaza across the street create that small mexican town atmosphere and the exterior of the church is attractive the interior is interesting in that the stations of the cross are all captioned in english it is a rather plain interior but you can spend a few peaceful minutes here,"['DET', 'NOUN', 'CCONJ', 'NOUN', 'ADP', 'DET', 'NOUN', 'VERB', 'SCONJ', 'ADJ', 'ADJ', 'NOUN', 'NOUN', 'CCONJ', 'DET', 'NOUN', 'ADP', 'DET', 'NOUN', 'AUX', 'ADJ', 'DET', 'NOUN', 'AUX', 'ADJ', 'SCONJ', 'SCONJ', 'DET', 'NOUN', 'ADP', 'DET', 'NOUN', 'AUX', 'PRON', 'VERB', 'ADP', 'PROPN', 'PRON', 'AUX', 'DET', 'ADV', 'ADV', 'ADJ', 'CCONJ', 'PRON', 'AUX', 'VERB', 'DET', 'ADJ', 'ADJ', 'NOUN', 'ADV']","['the church', 'plaza', 'the street', 'that small mexican town atmosphere', 'the exterior', 'the church', 'the interior', 'the stations', 'the cross', 'english', 'it', 'you', 'a few peaceful minutes']","[{'text': 'mexican', 'label': 'NORP'}, {'text': 'english', 'label': 'LANGUAGE'}, {'text': 'a few peaceful minutes', 'label': 'TIME'}]",0.057692307692307696
41235,5.0,this is a very pretty mission the outside is well maintained and they are working on the inside beautiful stained glass windows and just a lovely place well worth the visit,"['PRON', 'AUX', 'DET', 'ADV', 'ADJ', 'NOUN', 'DET', 'NOUN', 'AUX', 'ADV', 'VERB', 'CCONJ', 'PRON', 'AUX', 'VERB', 'ADP', 'DET', 'ADJ', 'ADJ', 'VERB', 'NOUN', 'NOUN', 'CCONJ', 'ADV', 'DET', 'ADJ', 'NOUN', 'ADV', 'ADJ', 'DET', 'NOUN']","['this', 'a very pretty mission', 'the outside', 'they', 'the inside beautiful stained glass windows', 'just a lovely place']",[],0.0
41236,4.0,beautiful old cathedral with lots of history seen quite a few wedding parties here over the years lots of color in the family wedding settings here,"['ADJ', 'ADJ', 'NOUN', 'ADP', 'NOUN', 'ADP', 'NOUN', 'VERB', 'DET', 'DET', 'ADJ', 'NOUN', 'NOUN', 'ADV', 'ADP', 'DET', 'NOUN', 'NOUN', 'ADP', 'NOUN', 'ADP', 'DET', 'NOUN', 'NOUN', 'NOUN', 'ADV']","['beautiful old cathedral', 'lots', 'history', 'quite a few wedding parties', 'the years', 'lots', 'color', 'the family wedding settings']","[{'text': 'the years', 'label': 'DATE'}]",0.038461538461538464
41237,3.0,beautiful cathedral in the zocalo however found it very strange that as soon as we walked in a lady was begging us for money,"['ADJ', 'NOUN', 'ADP', 'DET', 'NOUN', 'ADV', 'VERB', 'PRON', 'ADV', 'ADJ', 'SCONJ', 'ADV', 'ADV', 'SCONJ', 'PRON', 'VERB', 'ADP', 'DET', 'NOUN', 'AUX', 'VERB', 'PRON', 'ADP', 'NOUN']","['beautiful cathedral', 'the zocalo', 'it', 'we', 'a lady', 'us', 'money']",[],0.0
41242,5.0,the best church to pray a nice church to visit in the center of the town enjoy and pray this is a blessed country,"['DET', 'ADJ', 'NOUN', 'PART', 'VERB', 'DET', 'ADJ', 'NOUN', 'PART', 'VERB', 'ADP', 'DET', 'NOUN', 'ADP', 'DET', 'NOUN', 'VERB', 'CCONJ', 'VERB', 'PRON', 'AUX', 'DET', 'ADJ', 'NOUN']","['the best church', 'a nice church', 'the center', 'this', 'a blessed country']",[],0.0
41244,5.0,beautiful cathedral in city center lovely build and open for everybody when you visits la paz just have a look its like most of the cathedrals always beautiful what else,"['ADJ', 'NOUN', 'ADP', 'NOUN', 'NOUN', 'ADJ', 'NOUN', 'CCONJ', 'ADJ', 'ADP', 'PRON', 'SCONJ', 'PRON', 'VERB', 'ADP', 'PROPN', 'ADV', 'VERB', 'DET', 'NOUN', 'PRON', 'INTJ', 'ADJ', 'ADP', 'DET', 'NOUN', 'ADV', 'ADJ', 'PRON', 'ADV']","['city center', 'everybody', 'you', 'a look', 'its', 'the cathedrals', 'what']",[],0.0
41245,3.0,we like churches so visited this one scenic setting in the square and interesting melange of rock types to make it not much history available for the spanishchallenged pretty plain but interesting inside you are not here to see what churches in spain or italy look like it is countyesque but sincere and nice vibes inside,"['PRON', 'VERB', 'NOUN', 'ADV', 'VERB', 'DET', 'NUM', 'ADJ', 'NOUN', 'ADP', 'DET', 'ADJ', 'CCONJ', 'ADJ', 'NOUN', 'ADP', 'NOUN', 'NOUN', 'PART', 'VERB', 'PRON', 'PART', 'ADJ', 'NOUN', 'ADJ', 'ADP', 'DET', 'ADJ', 'ADV', 'ADV', 'CCONJ', 'ADJ', 'ADP', 'PRON', 'AUX', 'PART', 'ADV', 'PART', 'VERB', 'PRON', 'NOUN', 'ADP', 'PROPN', 'CCONJ', 'PROPN', 'VERB', 'SCONJ', 'PRON', 'AUX', 'ADJ', 'CCONJ', 'ADJ', 'CCONJ', 'ADJ', 'NOUN', 'ADV']","['we', 'churches', 'this one scenic setting', 'the square and interesting melange', 'rock types', 'it', 'you', 'what churches', 'spain', 'italy', 'it', 'countyesque but sincere and nice vibes']","[{'text': 'one', 'label': 'CARDINAL'}, {'text': 'spain', 'label': 'GPE'}, {'text': 'italy', 'label': 'GPE'}]",0.05357142857142857
41247,5.0,as i stayed in a hacienda two blocks away i could hear the church bells each day it reminded me of the cultural roots of this small ocean centered community the cathedral is the epicenter of community life,"['SCONJ', 'PRON', 'VERB', 'ADP', 'DET', 'NOUN', 'NUM', 'NOUN', 'ADV', 'PRON', 'AUX', 'VERB', 'DET', 'NOUN', 'NOUN', 'DET', 'NOUN', 'PRON', 'VERB', 'PRON', 'ADP', 'DET', 'ADJ', 'NOUN', 'ADP', 'DET', 'ADJ', 'NOUN', 'VERB', 'NOUN', 'DET', 'NOUN', 'AUX', 'DET', 'NOUN', 'ADP', 'NOUN', 'NOUN']","['i', 'a hacienda', 'i', 'the church bells', 'it', 'me', 'the cultural roots', 'this small ocean centered community', 'the cathedral', 'the epicenter', 'community life']","[{'text': 'two', 'label': 'CARDINAL'}, {'text': 'each day', 'label': 'DATE'}]",0.05263157894736842
41248,5.0,this catherdral is one of the oldest in la paz it is beautiful and definitely a must see the jardin across the street is a wonderful place to sit in the shade and watch the world of centro go by,"['DET', 'NOUN', 'AUX', 'NUM', 'ADP', 'DET', 'ADJ', 'ADP', 'PROPN', 'PROPN', 'PRON', 'AUX', 'ADJ', 'CCONJ', 'ADV', 'PRON', 'AUX', 'VERB', 'DET', 'NOUN', 'ADP', 'DET', 'NOUN', 'AUX', 'DET', 'ADJ', 'NOUN', 'PART', 'VERB', 'ADP', 'DET', 'NOUN', 'CCONJ', 'VERB', 'DET', 'NOUN', 'ADP', 'NOUN', 'VERB', 'ADP']","['this catherdral', 'la paz', 'it', 'a', 'the jardin', 'the street', 'a wonderful place', 'the shade', 'the world', 'centro']",[],0.0
41252,5.0,lucky to be there for this special service luckily got there early so we could sit service at 10 and by 950 it was sro beautiful church,"['ADJ', 'PART', 'AUX', 'ADV', 'ADP', 'DET', 'ADJ', 'NOUN', 'ADV', 'VERB', 'ADV', 'ADV', 'SCONJ', 'PRON', 'AUX', 'VERB', 'NOUN', 'ADP', 'NUM', 'CCONJ', 'ADP', 'NUM', 'PRON', 'AUX', 'VERB', 'ADJ', 'NOUN']","['this special service', 'we', 'service', 'it', 'beautiful church']","[{'text': '10', 'label': 'CARDINAL'}, {'text': '950', 'label': 'CARDINAL'}]",0.07407407407407407
41255,3.0,great place to sit and revitalise after walking the malecon always awed by churchesan this one is so impressive in its own understated way,"['ADJ', 'NOUN', 'PART', 'VERB', 'CCONJ', 'VERB', 'ADP', 'VERB', 'DET', 'NOUN', 'ADV', 'VERB', 'ADP', 'ADJ', 'DET', 'NOUN', 'AUX', 'ADV', 'ADJ', 'ADP', 'PRON', 'ADJ', 'VERB', 'NOUN']","['great place', 'the malecon', 'this one', 'its own understated way']",[],0.0
41257,4.0,beautiful cathedral decorated for christmas open during the day so travelers and locals can come in for a quiet look or prayer,"['ADJ', 'NOUN', 'VERB', 'ADP', 'PROPN', 'ADV', 'ADP', 'DET', 'NOUN', 'SCONJ', 'NOUN', 'CCONJ', 'NOUN', 'AUX', 'VERB', 'ADP', 'ADP', 'DET', 'ADJ', 'NOUN', 'CCONJ', 'NOUN']","['beautiful cathedral', 'the day', 'travelers', 'locals', 'a quiet look', 'prayer']","[{'text': 'christmas', 'label': 'DATE'}, {'text': 'the day', 'label': 'DATE'}]",0.09090909090909091
41264,5.0,the cathedral was a stop on our walking tour with red travel our guide hugo told the story of its architecture and construction worth a stop even without the tour,"['DET', 'NOUN', 'AUX', 'DET', 'NOUN', 'ADP', 'PRON', 'VERB', 'NOUN', 'ADP', 'ADJ', 'NOUN', 'PRON', 'NOUN', 'PROPN', 'VERB', 'DET', 'NOUN', 'ADP', 'PRON', 'NOUN', 'CCONJ', 'NOUN', 'ADP', 'DET', 'NOUN', 'ADV', 'ADP', 'DET', 'NOUN']","['the cathedral', 'a stop', 'our walking tour', 'red travel', 'our guide hugo', 'the story', 'its architecture', 'construction', 'a stop', 'the tour']","[{'text': 'hugo', 'label': 'EVENT'}]",0.03333333333333333
41269,3.0,rather enjoyed the simplicity of this cathedral as it contrasts favourably in my opinion with the conspicuous opulence of many in an attractive setting near markets shopping coffee shops street vendors,"['ADV', 'VERB', 'DET', 'NOUN', 'ADP', 'DET', 'NOUN', 'SCONJ', 'PRON', 'VERB', 'ADV', 'ADP', 'PRON', 'NOUN', 'ADP', 'DET', 'ADJ', 'NOUN', 'ADP', 'ADJ', 'ADP', 'DET', 'ADJ', 'NOUN', 'ADP', 'NOUN', 'NOUN', 'NOUN', 'NOUN', 'PROPN', 'NOUN']","['the simplicity', 'this cathedral', 'it', 'my opinion', 'the conspicuous opulence', 'an attractive setting', 'markets', 'shopping coffee shops street vendors']",[],0.0
41272,4.0,just a few blocks off of the malecon sits the historic catedral de nuestra senora de la paz old structure was built from 18611865 very nice inside catholic church is a quiet place out get out of the heat right next to jardin velasco a nice one block park,"['ADV', 'DET', 'ADJ', 'NOUN', 'ADP', 'ADP', 'DET', 'PROPN', 'VERB', 'DET', 'ADJ', 'NOUN', 'PROPN', 'PROPN', 'PROPN', 'PROPN', 'PROPN', 'PROPN', 'ADJ', 'NOUN', 'AUX', 'VERB', 'ADP', 'NUM', 'ADV', 'ADJ', 'ADP', 'ADJ', 'NOUN', 'AUX', 'DET', 'ADJ', 'NOUN', 'ADP', 'VERB', 'ADP', 'ADP', 'DET', 'NOUN', 'ADV', 'ADV', 'ADP', 'PROPN', 'PROPN', 'DET', 'ADJ', 'NUM', 'NOUN', 'NOUN']","['the malecon', 'the historic catedral', 'la paz old structure', 'very nice inside catholic church', 'a quiet place', 'the heat', 'jardin', 'velasco', 'a nice one block park']","[{'text': 'senora de', 'label': 'PERSON'}, {'text': '18611865', 'label': 'DATE'}, {'text': 'catholic church', 'label': 'ORG'}, {'text': 'jardin velasco', 'label': 'PERSON'}, {'text': 'one', 'label': 'CARDINAL'}]",0.10204081632653061
41279,3.0,dont waste a lot of time here a quick stop is all you will need the architecture and old world charm make it a nice visit,"['AUX', 'PART', 'VERB', 'DET', 'NOUN', 'ADP', 'NOUN', 'ADV', 'DET', 'ADJ', 'NOUN', 'AUX', 'PRON', 'PRON', 'AUX', 'VERB', 'DET', 'NOUN', 'CCONJ', 'ADJ', 'NOUN', 'NOUN', 'VERB', 'PRON', 'DET', 'ADJ', 'NOUN']","['a lot', 'time', 'a quick stop', 'all', 'you', 'the architecture', 'old world charm', 'it']",[],0.0
41286,4.0,jesuit father jamie bravo founded the permanent mission of la paz in 1861 this old mission church cathedral has been well maintained and is worth a visit when in la paz catholic mass in spanish is available several times each sunday i have attended mass several times at the cathedral the most recent was this past sunday it is certainly worth a visit,"['PROPN', 'PROPN', 'PROPN', 'PROPN', 'VERB', 'DET', 'ADJ', 'NOUN', 'ADP', 'PROPN', 'PROPN', 'ADP', 'NUM', 'DET', 'ADJ', 'NOUN', 'NOUN', 'NOUN', 'AUX', 'AUX', 'ADV', 'VERB', 'CCONJ', 'AUX', 'ADJ', 'DET', 'NOUN', 'SCONJ', 'ADP', 'PROPN', 'PROPN', 'ADJ', 'PROPN', 'ADP', 'NOUN', 'AUX', 'ADJ', 'ADJ', 'NOUN', 'DET', 'PROPN', 'PRON', 'AUX', 'VERB', 'ADV', 'ADJ', 'NOUN', 'ADP', 'DET', 'NOUN', 'DET', 'ADV', 'ADJ', 'AUX', 'DET', 'ADJ', 'PROPN', 'PRON', 'AUX', 'ADV', 'ADJ', 'DET', 'NOUN']","['jesuit father jamie bravo', 'the permanent mission', 'la paz', 'this old mission church cathedral', 'la paz', 'spanish', 'i', 'the cathedral', 'it']","[{'text': 'jamie bravo', 'label': 'PERSON'}, {'text': '1861', 'label': 'DATE'}, {'text': 'la', 'label': 'GPE'}, {'text': 'catholic', 'label': 'NORP'}, {'text': 'spanish', 'label': 'LANGUAGE'}, {'text': 'sunday', 'label': 'DATE'}, {'text': 'this past sunday', 'label': 'DATE'}]",0.1111111111111111
41287,5.0,we were privileged to attend a friends wedding in this beautiful cathedral and would recommend a visit if you are walking through the city,"['PRON', 'AUX', 'ADJ', 'PART', 'VERB', 'DET', 'NOUN', 'NOUN', 'ADP', 'DET', 'ADJ', 'NOUN', 'CCONJ', 'AUX', 'VERB', 'DET', 'NOUN', 'SCONJ', 'PRON', 'AUX', 'VERB', 'ADP', 'DET', 'NOUN']","['we', 'a friends', 'this beautiful cathedral', 'a visit', 'you', 'the city']",[],0.0
41292,5.0,very beautiful and serene cathedral exterior a mix of stone from the area interior simple clean white beige and gold,"['ADV', 'ADJ', 'CCONJ', 'ADJ', 'ADJ', 'NOUN', 'DET', 'NOUN', 'ADP', 'NOUN', 'ADP', 'DET', 'NOUN', 'ADJ', 'ADJ', 'ADJ', 'ADJ', 'ADJ', 'CCONJ', 'NOUN']","['very beautiful and serene cathedral exterior', 'a mix', 'stone', 'the area', 'gold']",[],0.0
41293,3.0,the cathedral is constructed of stone of a pale purple mauve which gives the building an unusual pleasant appearance the church is less ornate than some others in mexico but still possesses architectural elements common to many cathedrals the stained glass windows are quite attractive the stone plaques outside the front door briefly describe the history of the area and the cathedral this is nothing exceptional but worth a visit as you tour la paz,"['DET', 'NOUN', 'AUX', 'VERB', 'ADP', 'NOUN', 'ADP', 'DET', 'ADJ', 'ADJ', 'NOUN', 'PRON', 'VERB', 'DET', 'NOUN', 'DET', 'ADJ', 'ADJ', 'NOUN', 'DET', 'NOUN', 'AUX', 'ADV', 'ADJ', 'ADP', 'DET', 'NOUN', 'ADP', 'PROPN', 'CCONJ', 'ADV', 'VERB', 'ADJ', 'NOUN', 'ADJ', 'ADP', 'ADJ', 'NOUN', 'DET', 'ADJ', 'NOUN', 'NOUN', 'AUX', 'ADV', 'ADJ', 'DET', 'NOUN', 'NOUN', 'ADP', 'DET', 'ADJ', 'NOUN', 'ADV', 'VERB', 'DET', 'NOUN', 'ADP', 'DET', 'NOUN', 'CCONJ', 'DET', 'NOUN', 'PRON', 'AUX', 'PRON', 'ADJ', 'CCONJ', 'ADJ', 'DET', 'NOUN', 'SCONJ', 'PRON', 'VERB', 'DET', 'NOUN']","['the cathedral', 'stone', 'a pale purple mauve', 'which', 'the building', 'an unusual pleasant appearance', 'the church', 'some others', 'mexico', 'architectural elements', 'many cathedrals', 'the stained glass windows', 'the stone plaques', 'the front door', 'the history', 'the area', 'the cathedral', 'this', 'nothing', 'you']","[{'text': 'mexico', 'label': 'GPE'}]",0.013333333333333334
41294,4.0,i generally head for the main church when visiting a town and all too often i find it locked the cathedral in la paz was open each time i dropped in and is a welcome piece of oldworld mexico in the central square of a busy town with coffee bars and a pleasant park outside the church it is well worth a visit,"['PRON', 'ADV', 'VERB', 'ADP', 'DET', 'ADJ', 'NOUN', 'SCONJ', 'VERB', 'DET', 'NOUN', 'CCONJ', 'ADV', 'ADV', 'ADV', 'PRON', 'VERB', 'PRON', 'VERB', 'DET', 'NOUN', 'ADP', 'PROPN', 'PROPN', 'AUX', 'ADJ', 'DET', 'NOUN', 'PRON', 'VERB', 'ADP', 'CCONJ', 'AUX', 'DET', 'ADJ', 'NOUN', 'ADP', 'PROPN', 'PROPN', 'ADP', 'DET', 'ADJ', 'NOUN', 'ADP', 'DET', 'ADJ', 'NOUN', 'ADP', 'NOUN', 'NOUN', 'CCONJ', 'DET', 'ADJ', 'NOUN', 'ADP', 'DET', 'NOUN', 'PRON', 'AUX', 'ADV', 'ADJ', 'DET', 'NOUN']","['i', 'the main church', 'a town', 'i', 'it', 'the cathedral', 'la paz', 'i', 'a welcome piece', 'oldworld mexico', 'the central square', 'a busy town', 'coffee bars', 'a pleasant park', 'the church', 'it']","[{'text': 'oldworld mexico', 'label': 'LOC'}]",0.015873015873015872
41295,3.0,dont spend a lot of time here its a nice site not a lot to see off the beat and path nice history pretty anticlimactic,"['AUX', 'PART', 'VERB', 'DET', 'NOUN', 'ADP', 'NOUN', 'ADV', 'PRON', 'DET', 'ADJ', 'NOUN', 'PART', 'DET', 'NOUN', 'PART', 'VERB', 'ADP', 'DET', 'NOUN', 'CCONJ', 'NOUN', 'ADJ', 'NOUN', 'ADV', 'ADV']","['a lot', 'time', 'its a nice site', 'the beat and path nice history']",[],0.0
41296,3.0,we stopped here during our tour of la paz the church architecture and history are very interesting we enjoyed our visit here,"['PRON', 'VERB', 'ADV', 'ADP', 'PRON', 'NOUN', 'ADP', 'PROPN', 'PROPN', 'DET', 'NOUN', 'NOUN', 'CCONJ', 'NOUN', 'AUX', 'ADV', 'ADJ', 'PRON', 'VERB', 'PRON', 'NOUN', 'ADV']","['we', 'our tour', 'la paz', 'the church architecture', 'history', 'we', 'our visit']",[],0.0
41297,3.0,basic architecture both outside and in it was ok though not alluring enough to spend more than 10 minutes the walk to from was not particularly appealing,"['ADJ', 'NOUN', 'CCONJ', 'ADV', 'CCONJ', 'ADP', 'PRON', 'AUX', 'ADJ', 'ADV', 'PART', 'VERB', 'ADV', 'PART', 'VERB', 'ADJ', 'ADP', 'NUM', 'NOUN', 'DET', 'NOUN', 'ADP', 'ADP', 'AUX', 'PART', 'ADV', 'ADJ']","['basic architecture', 'it', 'more than 10 minutes', 'the walk']","[{'text': 'more than 10 minutes', 'label': 'TIME'}]",0.037037037037037035
41298,3.0,this cathedral is small and a mixture of old and new it is worth a visit while in la paz best to take a tour of la paz and see some other local sites,"['DET', 'NOUN', 'AUX', 'ADJ', 'CCONJ', 'DET', 'NOUN', 'ADP', 'ADJ', 'CCONJ', 'ADJ', 'PRON', 'AUX', 'ADJ', 'DET', 'NOUN', 'SCONJ', 'ADP', 'PROPN', 'PROPN', 'ADV', 'PART', 'VERB', 'DET', 'NOUN', 'ADP', 'PROPN', 'NOUN', 'CCONJ', 'VERB', 'DET', 'ADJ', 'ADJ', 'NOUN']","['this cathedral', 'it', 'la paz', 'a tour', 'la paz', 'some other local sites']",[],0.0
41303,3.0,not extraordinary humble place where people go in crowds we visited the cathedral on sunday just before the noon it was more than full the service was going on all impressive and nice to see and hear neatly decorated interior,"['PART', 'ADJ', 'ADJ', 'NOUN', 'SCONJ', 'NOUN', 'VERB', 'ADP', 'NOUN', 'PRON', 'VERB', 'DET', 'NOUN', 'ADP', 'PROPN', 'ADV', 'ADP', 'DET', 'NOUN', 'PRON', 'AUX', 'ADJ', 'ADP', 'ADJ', 'DET', 'NOUN', 'AUX', 'VERB', 'ADP', 'PRON', 'ADJ', 'CCONJ', 'ADJ', 'PART', 'VERB', 'CCONJ', 'VERB', 'ADV', 'VERB', 'NOUN']","['not extraordinary humble place', 'people', 'crowds', 'we', 'the cathedral', 'sunday', 'the noon', 'it', 'the service', 'neatly decorated interior']","[{'text': 'sunday', 'label': 'DATE'}]",0.025
41306,5.0,during our brief visit to la paz as part of a daylong tour from cabo san lucas our esperanzas tours la paz encounter tour stopped here we were able to enjoy the sanctuary and take photographs of the interior and exterior this is a wellkept building the skylight in the sanctuary is unique the ceilings are beautifully arranged the naves are beautiful the cathedral is on one side of la pazs main square velasco garden,"['ADP', 'PRON', 'ADJ', 'NOUN', 'ADP', 'PROPN', 'PROPN', 'ADP', 'NOUN', 'ADP', 'DET', 'NOUN', 'NOUN', 'ADP', 'PROPN', 'PROPN', 'PROPN', 'PRON', 'PROPN', 'NOUN', 'PROPN', 'PROPN', 'NOUN', 'NOUN', 'VERB', 'ADV', 'PRON', 'AUX', 'ADJ', 'PART', 'VERB', 'DET', 'NOUN', 'CCONJ', 'VERB', 'NOUN', 'ADP', 'DET', 'NOUN', 'CCONJ', 'NOUN', 'PRON', 'AUX', 'DET', 'NOUN', 'NOUN', 'DET', 'NOUN', 'ADP', 'DET', 'NOUN', 'AUX', 'ADJ', 'DET', 'NOUN', 'AUX', 'ADV', 'VERB', 'DET', 'NOUN', 'AUX', 'ADJ', 'DET', 'NOUN', 'AUX', 'ADP', 'NUM', 'NOUN', 'ADP', 'PROPN', 'ADV', 'ADJ', 'ADJ', 'PROPN', 'NOUN']","['our brief visit', 'la paz', 'part', 'a daylong tour', 'cabo san lucas', 'our esperanzas tours', 'la paz encounter tour', 'we', 'the sanctuary', 'photographs', 'the interior', 'exterior', 'this', 'a wellkept building', 'the skylight', 'the sanctuary', 'the ceilings', 'the naves', 'the cathedral', 'one side', 'la pazs main square velasco garden']","[{'text': 'san lucas', 'label': 'GPE'}, {'text': 'square velasco garden', 'label': 'PERSON'}]",0.02666666666666667
41307,4.0,one of the top places to visit in la paz and easy to find if your lucky a tour group will be there and you can listen in on the history which adds to the cathedral important part of the community and worth visiting if you are here,"['NUM', 'ADP', 'DET', 'ADJ', 'NOUN', 'PART', 'VERB', 'ADP', 'PROPN', 'NOUN', 'CCONJ', 'ADJ', 'PART', 'VERB', 'SCONJ', 'PRON', 'ADJ', 'DET', 'NOUN', 'NOUN', 'AUX', 'AUX', 'ADV', 'CCONJ', 'PRON', 'AUX', 'VERB', 'ADP', 'ADP', 'DET', 'NOUN', 'PRON', 'VERB', 'ADP', 'DET', 'ADJ', 'ADJ', 'NOUN', 'ADP', 'DET', 'NOUN', 'CCONJ', 'ADJ', 'VERB', 'SCONJ', 'PRON', 'AUX', 'ADV']","['the top places', 'la paz', 'your lucky a tour group', 'you', 'the history', 'which', 'the cathedral important part', 'the community', 'you']","[{'text': 'one', 'label': 'CARDINAL'}]",0.020833333333333332
41310,3.0,not a grand or imposing cathedral but it felt very sincere theres a bit of interpretive history nearby and its on the way to a walk to the local englishlanguage bookstore worth a stop especially for the faithful to enjoy the religious experience and a sense of the local history and culture,"['PART', 'DET', 'NOUN', 'CCONJ', 'VERB', 'ADJ', 'CCONJ', 'PRON', 'VERB', 'ADV', 'ADJ', 'PRON', 'VERB', 'DET', 'NOUN', 'ADP', 'ADJ', 'NOUN', 'ADV', 'CCONJ', 'PRON', 'ADP', 'DET', 'NOUN', 'ADP', 'DET', 'NOUN', 'ADP', 'DET', 'ADJ', 'NOUN', 'NOUN', 'ADJ', 'DET', 'NOUN', 'ADV', 'ADP', 'DET', 'ADJ', 'PART', 'VERB', 'DET', 'ADJ', 'NOUN', 'CCONJ', 'DET', 'NOUN', 'ADP', 'DET', 'ADJ', 'NOUN', 'CCONJ', 'NOUN']","['not a grand', 'it', 'a bit', 'interpretive history', 'its', 'the way', 'a walk', 'the local englishlanguage bookstore', 'the religious experience', 'a sense', 'the local history', 'culture']",[],0.0
41311,4.0,we went here on a tour great history and it seems well cared for this was built by the jesuits when they came into mexico and we were given history of what they did while there,"['PRON', 'VERB', 'ADV', 'ADP', 'DET', 'NOUN', 'ADJ', 'NOUN', 'CCONJ', 'PRON', 'VERB', 'ADV', 'VERB', 'ADP', 'PRON', 'AUX', 'VERB', 'ADP', 'DET', 'NOUN', 'SCONJ', 'PRON', 'VERB', 'ADP', 'PROPN', 'CCONJ', 'PRON', 'AUX', 'VERB', 'NOUN', 'ADP', 'PRON', 'PRON', 'AUX', 'SCONJ', 'PRON']","['we', 'a tour great history', 'it', 'this', 'the jesuits', 'they', 'mexico', 'we', 'history', 'what', 'they']","[{'text': 'mexico', 'label': 'GPE'}]",0.027777777777777776
41315,4.0,we have seen many cathedrals in mexico and this is not the best nor the worst but it is a beautiful church both inside and out in fact the outside is very simple but there is a simple elegance inside with its yellow domed arches and white trim there are two plaques commemorating the founding of la paz the city english on the left spanish on the right the cathedral dates to 1861 making it rather modern since hernan cortes first set forth in 1535 and the town was officially called our lady of peace in 1683 there is a beautiful zocalo across the street as well,"['PRON', 'AUX', 'VERB', 'ADJ', 'NOUN', 'ADP', 'PROPN', 'CCONJ', 'PRON', 'AUX', 'PART', 'DET', 'ADJ', 'CCONJ', 'DET', 'ADJ', 'CCONJ', 'PRON', 'AUX', 'DET', 'ADJ', 'NOUN', 'CCONJ', 'ADP', 'CCONJ', 'ADV', 'ADP', 'NOUN', 'DET', 'NOUN', 'AUX', 'ADV', 'ADJ', 'CCONJ', 'PRON', 'VERB', 'DET', 'ADJ', 'NOUN', 'ADV', 'ADP', 'PRON', 'ADJ', 'ADJ', 'NOUN', 'CCONJ', 'ADJ', 'NOUN', 'PRON', 'VERB', 'NUM', 'NOUN', 'VERB', 'DET', 'NOUN', 'ADP', 'PROPN', 'PROPN', 'DET', 'NOUN', 'PROPN', 'ADP', 'DET', 'ADJ', 'NOUN', 'ADP', 'DET', 'NOUN', 'DET', 'ADJ', 'NOUN', 'ADP', 'NUM', 'VERB', 'PRON', 'ADV', 'ADJ', 'SCONJ', 'PROPN', 'VERB', 'ADV', 'VERB', 'ADV', 'ADP', 'NUM', 'CCONJ', 'DET', 'NOUN', 'AUX', 'ADV', 'VERB', 'PRON', 'NOUN', 'ADP', 'NOUN', 'ADP', 'NUM', 'PRON', 'VERB', 'DET', 'ADJ', 'NOUN', 'ADP', 'DET', 'NOUN', 'ADV', 'ADV']","['we', 'many cathedrals', 'mexico', 'this', 'it', 'a beautiful church', 'fact', 'the outside', 'a simple elegance', 'its yellow domed arches', 'white trim', 'two plaques', 'the founding', 'la paz', 'the city', 'english', 'the left spanish', 'the right', 'the cathedral dates', 'it', 'the town', 'our lady', 'peace', 'a beautiful zocalo', 'the street']","[{'text': 'mexico', 'label': 'GPE'}, {'text': 'two', 'label': 'CARDINAL'}, {'text': 'la', 'label': 'GPE'}, {'text': 'english', 'label': 'LANGUAGE'}, {'text': 'spanish', 'label': 'NORP'}, {'text': '1861', 'label': 'DATE'}, {'text': 'hernan', 'label': 'GPE'}, {'text': '1535', 'label': 'DATE'}, {'text': '1683', 'label': 'DATE'}]",0.08411214953271028
41316,3.0,it sits at one side of the town square and is very basic and simple but was worth a 5 minute photo opp and peak inside nothing like other cathedrals you may be thinking of or what you see in europe but nice local culture,"['PRON', 'VERB', 'ADP', 'NUM', 'NOUN', 'ADP', 'DET', 'NOUN', 'NOUN', 'CCONJ', 'AUX', 'ADV', 'ADJ', 'CCONJ', 'ADJ', 'CCONJ', 'AUX', 'ADJ', 'DET', 'NUM', 'NOUN', 'NOUN', 'PROPN', 'CCONJ', 'NOUN', 'ADP', 'PRON', 'ADP', 'ADJ', 'NOUN', 'PRON', 'AUX', 'AUX', 'VERB', 'ADP', 'CCONJ', 'PRON', 'PRON', 'VERB', 'ADP', 'PROPN', 'CCONJ', 'ADJ', 'ADJ', 'NOUN']","['it', 'one side', 'the town square', 'nothing', 'other cathedrals', 'you', 'what', 'you', 'europe', 'nice local culture']","[{'text': '5 minute', 'label': 'TIME'}, {'text': 'europe', 'label': 'LOC'}]",0.044444444444444446
41320,5.0,its not overly fancy but it is sincere and soulful very locally spiritual worth a few minutes to get there and a quiet meditative visit,"['PRON', 'PART', 'ADV', 'ADJ', 'CCONJ', 'PRON', 'AUX', 'ADJ', 'CCONJ', 'ADJ', 'ADV', 'ADV', 'ADJ', 'NOUN', 'DET', 'ADJ', 'NOUN', 'PART', 'VERB', 'ADV', 'CCONJ', 'DET', 'ADJ', 'ADJ', 'NOUN']","['it', 'very locally spiritual worth', 'a quiet meditative visit']","[{'text': 'a few minutes', 'label': 'TIME'}]",0.04
41322,4.0,this cathedral is small and fairly plain compared to other cathedrals i have seen it is lovely none the less the statues and decor in catholic churches are always interesting to me the square in front of the church is nice as well there are benches and it serves as a community gathering place,"['DET', 'NOUN', 'AUX', 'ADJ', 'CCONJ', 'ADV', 'ADV', 'VERB', 'ADP', 'ADJ', 'NOUN', 'PRON', 'AUX', 'VERB', 'PRON', 'AUX', 'ADJ', 'NOUN', 'PRON', 'ADV', 'DET', 'NOUN', 'CCONJ', 'NOUN', 'ADP', 'ADJ', 'NOUN', 'AUX', 'ADV', 'ADJ', 'ADP', 'PRON', 'DET', 'NOUN', 'ADP', 'NOUN', 'ADP', 'DET', 'NOUN', 'AUX', 'ADJ', 'ADV', 'ADV', 'PRON', 'VERB', 'NOUN', 'CCONJ', 'PRON', 'VERB', 'ADP', 'DET', 'NOUN', 'NOUN', 'NOUN']","['this cathedral', 'other cathedrals', 'i', 'it', 'none', 'the less the statues', 'decor', 'catholic churches', 'me', 'the square', 'front', 'the church', 'benches', 'it', 'a community gathering place']","[{'text': 'catholic', 'label': 'NORP'}]",0.018518518518518517
41323,3.0,not the most ornate or impressive church in mexico by far but ok for a quick look there are more interesting things to see in la paz,"['PART', 'DET', 'ADV', 'ADJ', 'CCONJ', 'ADJ', 'NOUN', 'ADP', 'PROPN', 'ADP', 'ADV', 'CCONJ', 'INTJ', 'ADP', 'DET', 'ADJ', 'NOUN', 'PRON', 'VERB', 'ADV', 'ADJ', 'NOUN', 'PART', 'VERB', 'ADP', 'PROPN', 'NOUN']","['not the most ornate or impressive church', 'mexico', 'a quick look', 'more interesting things', 'la paz']","[{'text': 'mexico', 'label': 'GPE'}]",0.037037037037037035
41324,3.0,this is normal church not flamboyant if your looking for a cathedral this is not it but it is a nice spot to learn about the culture,"['PRON', 'AUX', 'ADJ', 'NOUN', 'PART', 'ADJ', 'SCONJ', 'PRON', 'VERB', 'ADP', 'DET', 'NOUN', 'PRON', 'AUX', 'PART', 'PRON', 'CCONJ', 'PRON', 'AUX', 'DET', 'ADJ', 'NOUN', 'PART', 'VERB', 'ADP', 'DET', 'NOUN']","['this', 'normal church', 'your', 'a cathedral', 'this', 'it', 'it', 'a nice spot', 'the culture']",[],0.0
41328,4.0,beautiful to see it is a must if you are in lapaz so much history i have to admit i have been to europe and have seen some amazing churchesthis is probably a sanctuary for the people of mexico as a community,"['ADJ', 'PART', 'VERB', 'PRON', 'AUX', 'DET', 'NOUN', 'SCONJ', 'PRON', 'AUX', 'ADP', 'PROPN', 'ADV', 'ADJ', 'NOUN', 'PRON', 'VERB', 'PART', 'VERB', 'PRON', 'AUX', 'AUX', 'ADP', 'PROPN', 'CCONJ', 'AUX', 'VERB', 'DET', 'ADJ', 'NOUN', 'AUX', 'ADV', 'DET', 'NOUN', 'ADP', 'DET', 'NOUN', 'ADP', 'PROPN', 'ADP', 'DET', 'NOUN']","['it', 'a must', 'you', 'lapaz', 'i', 'i', 'europe', 'some amazing churchesthis', 'a sanctuary', 'the people', 'mexico', 'a community']","[{'text': 'europe', 'label': 'LOC'}, {'text': 'mexico', 'label': 'GPE'}]",0.047619047619047616
41329,3.0,pretty stained glass windows small and intimate there was a lovely tiny chapel with individuals praying the altar had flowers very pretty well maintained close to shopping and city building,"['ADV', 'ADJ', 'NOUN', 'VERB', 'ADJ', 'CCONJ', 'ADJ', 'PRON', 'VERB', 'DET', 'ADJ', 'ADJ', 'NOUN', 'ADP', 'NOUN', 'VERB', 'DET', 'NOUN', 'VERB', 'NOUN', 'ADV', 'ADV', 'ADV', 'VERB', 'ADV', 'ADP', 'NOUN', 'CCONJ', 'NOUN', 'NOUN']","['pretty stained glass', 'a lovely tiny chapel', 'individuals', 'the altar', 'flowers', 'shopping and city building']",[],0.0
41331,5.0,the cathedral was beautiful did not have enough time in there to see all the statues we were rushed by our tour guide excursion offered per princess cruise,"['DET', 'NOUN', 'AUX', 'ADJ', 'AUX', 'PART', 'VERB', 'ADJ', 'NOUN', 'ADV', 'ADV', 'PART', 'VERB', 'DET', 'DET', 'NOUN', 'PRON', 'AUX', 'VERB', 'ADP', 'PRON', 'NOUN', 'NOUN', 'NOUN', 'VERB', 'ADP', 'NOUN', 'NOUN']","['the cathedral', 'enough time', 'all the statues', 'we', 'our tour guide', 'excursion', 'princess cruise']",[],0.0
41337,5.0,this is a beautiful old cathedral and should be of interest to folks that like historical buildings it is magnificent,"['PRON', 'AUX', 'DET', 'ADJ', 'ADJ', 'NOUN', 'CCONJ', 'AUX', 'AUX', 'ADP', 'NOUN', 'ADP', 'NOUN', 'PRON', 'ADP', 'ADJ', 'NOUN', 'PRON', 'AUX', 'ADJ']","['this', 'a beautiful old cathedral', 'interest', 'folks', 'that', 'historical buildings', 'it']",[],0.0
41341,4.0,the cathedral is beautiful we stopped in to take some photos and came across a christening in fact they were christening a number of people of all ages from baby to senior citizens it was quite moving and interesting to watch,"['DET', 'NOUN', 'AUX', 'ADJ', 'PRON', 'VERB', 'ADP', 'PART', 'VERB', 'DET', 'NOUN', 'CCONJ', 'VERB', 'ADP', 'DET', 'NOUN', 'ADP', 'NOUN', 'PRON', 'AUX', 'VERB', 'DET', 'NOUN', 'ADP', 'NOUN', 'ADP', 'DET', 'NOUN', 'ADP', 'NOUN', 'ADP', 'ADJ', 'NOUN', 'PRON', 'AUX', 'ADV', 'VERB', 'CCONJ', 'ADJ', 'PART', 'VERB']","['the cathedral', 'we', 'some photos', 'a christening', 'fact', 'they', 'a number', 'people', 'all ages', 'baby', 'senior citizens', 'it']",[],0.0
41343,5.0,despite the exteriors larger scale the interior of the cathedral is small and intimate really lovely,"['SCONJ', 'DET', 'NOUN', 'ADJ', 'NOUN', 'DET', 'NOUN', 'ADP', 'DET', 'NOUN', 'AUX', 'ADJ', 'CCONJ', 'ADJ', 'ADV', 'ADJ']","['the exteriors', 'the interior', 'the cathedral']",[],0.0
41345,3.0,its worth a look if you are passing by but its nothing special so dont go out of your way to see it,"['PRON', 'NOUN', 'DET', 'NOUN', 'SCONJ', 'PRON', 'AUX', 'VERB', 'ADV', 'CCONJ', 'PRON', 'PRON', 'ADJ', 'ADV', 'AUX', 'PART', 'VERB', 'ADP', 'ADP', 'PRON', 'NOUN', 'PART', 'VERB', 'PRON']","['its worth', 'a look', 'you', 'its nothing', 'your way', 'it']",[],0.0
41346,3.0,i have visited catholic cathedrals in many different countries and this one has to be the most unadorned cathedral i have ever seen this is not a criticism just a fact a short visit of 10 minutes will be enough,"['PRON', 'AUX', 'VERB', 'ADJ', 'NOUN', 'ADP', 'ADJ', 'ADJ', 'NOUN', 'CCONJ', 'DET', 'NOUN', 'VERB', 'PART', 'AUX', 'DET', 'ADV', 'ADJ', 'NOUN', 'PRON', 'AUX', 'ADV', 'VERB', 'PRON', 'AUX', 'PART', 'DET', 'NOUN', 'ADV', 'DET', 'NOUN', 'DET', 'ADJ', 'NOUN', 'ADP', 'NUM', 'NOUN', 'AUX', 'AUX', 'ADJ']","['i', 'catholic cathedrals', 'many different countries', 'this one', 'the most unadorned cathedral', 'i', 'this', 'a criticism', 'just a fact', 'a short visit', '10 minutes']","[{'text': 'catholic', 'label': 'NORP'}, {'text': '10 minutes', 'label': 'TIME'}]",0.05
41347,4.0,im fascinated by the devotion to churches and cathedrals in mexico their devotion to living a blessed life is beautiful the detail in all mexican churches shows their love so i can never say enough good about visiting any cathedral in mexico,"['PRON', 'AUX', 'VERB', 'ADP', 'DET', 'NOUN', 'ADP', 'NOUN', 'CCONJ', 'NOUN', 'ADP', 'PROPN', 'PRON', 'NOUN', 'ADP', 'VERB', 'DET', 'ADJ', 'NOUN', 'AUX', 'ADJ', 'DET', 'NOUN', 'ADP', 'DET', 'ADJ', 'NOUN', 'VERB', 'PRON', 'NOUN', 'SCONJ', 'PRON', 'AUX', 'ADV', 'VERB', 'ADJ', 'ADJ', 'ADP', 'VERB', 'DET', 'NOUN', 'ADP', 'PROPN']","['i', 'the devotion', 'churches', 'cathedrals', 'mexico', 'their devotion', 'a blessed life', 'beautiful the detail', 'all mexican churches', 'their love', 'i', 'any cathedral', 'mexico']","[{'text': 'mexico', 'label': 'GPE'}, {'text': 'mexican', 'label': 'NORP'}, {'text': 'mexico', 'label': 'GPE'}]",0.06976744186046512
41348,5.0,beautiful old cathedral not big if compared to older european cathedrals but it must have been enormous for the population that the peninsula used to have great place to visit bells still ring on the hour and its only 2 blocks from the beach and touristy area bonus to the left as you face the cathedral go one block and at the corner youll see a red awning thats corazon cafe a great place to eat or enjoy a drink in a completely surprising garden seating that you cannot imagine from the street,"['ADJ', 'ADJ', 'ADJ', 'PART', 'ADJ', 'SCONJ', 'VERB', 'ADP', 'ADJ', 'ADJ', 'NOUN', 'CCONJ', 'PRON', 'AUX', 'AUX', 'AUX', 'ADJ', 'SCONJ', 'DET', 'NOUN', 'SCONJ', 'DET', 'NOUN', 'VERB', 'PART', 'VERB', 'ADJ', 'NOUN', 'PART', 'VERB', 'NOUN', 'ADV', 'VERB', 'ADP', 'DET', 'NOUN', 'CCONJ', 'PRON', 'ADJ', 'NUM', 'NOUN', 'ADP', 'DET', 'NOUN', 'CCONJ', 'ADJ', 'NOUN', 'NOUN', 'ADP', 'DET', 'NOUN', 'SCONJ', 'PRON', 'VERB', 'DET', 'NOUN', 'VERB', 'NUM', 'NOUN', 'CCONJ', 'ADP', 'DET', 'NOUN', 'PRON', 'AUX', 'VERB', 'DET', 'ADJ', 'NOUN', 'PRON', 'VERB', 'NOUN', 'NOUN', 'DET', 'ADJ', 'NOUN', 'PART', 'VERB', 'CCONJ', 'VERB', 'DET', 'NOUN', 'ADP', 'DET', 'ADV', 'ADJ', 'NOUN', 'NOUN', 'PRON', 'PRON', 'AUX', 'PART', 'VERB', 'ADP', 'DET', 'NOUN']","['older european cathedrals', 'it', 'the population', 'the peninsula', 'great place', 'bells', 'the hour', 'the beach and touristy area bonus', 'the left', 'you', 'the cathedral', 'the corner', 'you', 'a red awning', 'that', 'corazon cafe', 'a great place', 'a drink', 'a completely surprising garden seating', 'that', 'you', 'the street']","[{'text': 'european', 'label': 'NORP'}, {'text': 'the hour', 'label': 'TIME'}, {'text': 'only 2', 'label': 'CARDINAL'}, {'text': 'one', 'label': 'CARDINAL'}]",0.041666666666666664
41351,5.0,the cathedral in central la paz is a step back to the old mexico church bells ringing and the structure do reminiscent of hundreds of years ago a must see for everyone,"['DET', 'NOUN', 'ADP', 'ADJ', 'DET', 'PROPN', 'AUX', 'DET', 'NOUN', 'ADV', 'ADP', 'DET', 'ADJ', 'PROPN', 'NOUN', 'NOUN', 'VERB', 'CCONJ', 'DET', 'NOUN', 'VERB', 'ADJ', 'ADP', 'NOUN', 'ADP', 'NOUN', 'ADV', 'PRON', 'AUX', 'VERB', 'ADP', 'PRON']","['the cathedral', 'central la paz', 'a step', 'the old mexico church bells', 'the structure', 'hundreds', 'years', 'a', 'everyone']","[{'text': 'mexico church', 'label': 'ORG'}, {'text': 'hundreds of years ago', 'label': 'DATE'}]",0.0625
41353,5.0,thank you for the opportunity pray to you to sing to you in spanish thank you for a safe and enjoyable time with friends,"['VERB', 'PRON', 'ADP', 'DET', 'NOUN', 'NOUN', 'ADP', 'PRON', 'PART', 'VERB', 'ADP', 'PRON', 'ADP', 'ADJ', 'VERB', 'PRON', 'ADP', 'DET', 'ADJ', 'CCONJ', 'ADJ', 'NOUN', 'ADP', 'NOUN']","['you', 'the opportunity', 'you', 'you', 'you', 'a safe and enjoyable time', 'friends']","[{'text': 'spanish', 'label': 'NORP'}]",0.041666666666666664
41356,5.0,very nice old cathedralcornerstone laid in 1861 went thru in the morning and happened to come by in the afternoon while a wedding was taking placecharming,"['ADV', 'ADV', 'ADJ', 'NOUN', 'VERB', 'ADP', 'NUM', 'VERB', 'ADV', 'ADP', 'DET', 'NOUN', 'CCONJ', 'VERB', 'PART', 'VERB', 'ADP', 'ADP', 'DET', 'NOUN', 'SCONJ', 'DET', 'NOUN', 'AUX', 'VERB', 'NOUN']","['very nice old cathedralcornerstone', 'the morning', 'the afternoon', 'a wedding', 'placecharming']","[{'text': '1861', 'label': 'DATE'}, {'text': 'the morning', 'label': 'TIME'}, {'text': 'the afternoon', 'label': 'TIME'}]",0.11538461538461539
41357,2.0,not impress of the upkeep and not so historical theres nothing to be surprise like a wow factor very simple less parking and less touristy not unlike the cathedrals in austria or european countries,"['PART', 'NOUN', 'ADP', 'DET', 'NOUN', 'CCONJ', 'PART', 'ADV', 'ADJ', 'PRON', 'VERB', 'PRON', 'PART', 'AUX', 'NOUN', 'ADP', 'DET', 'ADJ', 'NOUN', 'ADV', 'ADJ', 'ADJ', 'NOUN', 'CCONJ', 'ADV', 'ADJ', 'PART', 'ADP', 'DET', 'NOUN', 'ADP', 'PROPN', 'CCONJ', 'ADJ', 'NOUN']","['not impress', 'the upkeep', 'nothing', 'a wow factor', 'very simple less parking', 'the cathedrals', 'austria', 'european countries']","[{'text': 'austria', 'label': 'GPE'}, {'text': 'european', 'label': 'NORP'}]",0.05714285714285714
41358,4.0,this is a fine old church and a good place to meditate and get away from the pounding sounds of the city as i fallen catholic i found some peace and quiet without too much guilt just sitting in the church,"['PRON', 'AUX', 'DET', 'ADJ', 'ADJ', 'NOUN', 'CCONJ', 'DET', 'ADJ', 'NOUN', 'PART', 'VERB', 'CCONJ', 'VERB', 'ADV', 'ADP', 'DET', 'VERB', 'NOUN', 'ADP', 'DET', 'NOUN', 'SCONJ', 'PRON', 'VERB', 'NOUN', 'PRON', 'VERB', 'DET', 'NOUN', 'CCONJ', 'ADJ', 'ADP', 'ADV', 'ADJ', 'NOUN', 'ADV', 'VERB', 'ADP', 'DET', 'NOUN']","['this', 'a fine old church', 'a good place', 'the pounding sounds', 'the city', 'i', 'catholic', 'i', 'some peace', 'too much guilt', 'the church']","[{'text': 'catholic', 'label': 'NORP'}]",0.024390243902439025
41359,5.0,a beautiful cathedral in the heart of la paz we had a wonderful walk through and the plaza was a great place to soak in the city,"['DET', 'ADJ', 'NOUN', 'ADP', 'DET', 'NOUN', 'ADP', 'PROPN', 'PROPN', 'PRON', 'VERB', 'DET', 'ADJ', 'NOUN', 'ADV', 'CCONJ', 'DET', 'NOUN', 'AUX', 'DET', 'ADJ', 'NOUN', 'PART', 'VERB', 'ADP', 'DET', 'NOUN']","['the heart', 'la paz', 'we', 'a wonderful walk', 'the plaza', 'a great place', 'the city']",[],0.0
41360,5.0,this church was built in the 1800s and has never been remodeled and it looks as if it was just done great altar and for christmas had the best manger scene i have ever seen,"['DET', 'NOUN', 'AUX', 'VERB', 'ADP', 'DET', 'NOUN', 'CCONJ', 'AUX', 'ADV', 'AUX', 'VERB', 'CCONJ', 'PRON', 'VERB', 'SCONJ', 'SCONJ', 'PRON', 'AUX', 'ADV', 'VERB', 'ADJ', 'NOUN', 'CCONJ', 'ADP', 'PROPN', 'VERB', 'DET', 'ADJ', 'NOUN', 'NOUN', 'PRON', 'AUX', 'ADV', 'VERB']","['this church', 'the 1800s', 'it', 'it', 'great altar', 'christmas', 'the best manger scene', 'i']","[{'text': 'the 1800s', 'label': 'DATE'}, {'text': 'christmas', 'label': 'DATE'}]",0.05714285714285714
41361,4.0,this is a nice very small church in the middle of town you can walk around or try some of the small coffee shops or restaurants around it,"['PRON', 'AUX', 'DET', 'ADJ', 'ADV', 'ADJ', 'NOUN', 'ADP', 'DET', 'NOUN', 'ADP', 'NOUN', 'PRON', 'AUX', 'VERB', 'ADV', 'CCONJ', 'VERB', 'PRON', 'ADP', 'DET', 'ADJ', 'NOUN', 'NOUN', 'CCONJ', 'NOUN', 'ADP', 'PRON']","['this', 'a nice very small church', 'the middle', 'town', 'you', 'some', 'the small coffee shops', 'restaurants', 'it']",[],0.0
41362,5.0,simple pretty church but one can feel the grandeur mixed with the difficulty of the architecture for the materials available at the time ie crystal chandeliers curved wooden ceiling i would have loved to attend a service but the decorations were fabulous and the fact that locals still come to pray midday despite the tourists made it special an uphill climb if walking from malecon but would do it again pretty town square right across street all locals at the many shoe shine stands just as pretty as large marble cathedrals ive seen elsewhere,"['ADJ', 'ADJ', 'NOUN', 'CCONJ', 'PRON', 'AUX', 'VERB', 'DET', 'NOUN', 'VERB', 'ADP', 'DET', 'NOUN', 'ADP', 'DET', 'NOUN', 'ADP', 'DET', 'NOUN', 'ADJ', 'ADP', 'DET', 'NOUN', 'ADV', 'PROPN', 'NOUN', 'VERB', 'ADJ', 'NOUN', 'PRON', 'AUX', 'AUX', 'VERB', 'PART', 'VERB', 'DET', 'NOUN', 'CCONJ', 'DET', 'NOUN', 'AUX', 'ADJ', 'CCONJ', 'DET', 'NOUN', 'SCONJ', 'NOUN', 'ADV', 'VERB', 'PART', 'VERB', 'NOUN', 'SCONJ', 'DET', 'NOUN', 'VERB', 'PRON', 'ADJ', 'DET', 'ADJ', 'NOUN', 'SCONJ', 'VERB', 'ADP', 'PROPN', 'CCONJ', 'AUX', 'VERB', 'PRON', 'ADV', 'ADV', 'NOUN', 'NOUN', 'ADV', 'ADP', 'NOUN', 'DET', 'NOUN', 'ADP', 'DET', 'ADJ', 'NOUN', 'NOUN', 'VERB', 'ADV', 'ADV', 'ADJ', 'ADP', 'ADJ', 'NOUN', 'NOUN', 'PRON', 'AUX', 'VERB', 'ADV']","['simple pretty church', 'one', 'the grandeur', 'the difficulty', 'the architecture', 'the materials', 'the time', 'ie crystal chandeliers', 'wooden ceiling', 'i', 'a service', 'the decorations', 'the fact', 'locals', 'the tourists', 'it', 'an uphill climb', 'malecon', 'it', 'pretty town square', 'street', 'all locals', 'the many shoe shine', 'large marble cathedrals', 'i']","[{'text': 'midday', 'label': 'TIME'}]",0.010526315789473684
41364,4.0,nice traditional spainish architecture made all festive for the christmas holidays friendly enjoyable atmosphere and open to wander in and have a look,"['ADJ', 'ADJ', 'ADJ', 'NOUN', 'VERB', 'PRON', 'ADJ', 'ADP', 'DET', 'PROPN', 'NOUN', 'ADJ', 'ADJ', 'NOUN', 'CCONJ', 'ADJ', 'PART', 'VERB', 'ADP', 'CCONJ', 'VERB', 'DET', 'NOUN']","['nice traditional spainish architecture', 'the christmas holidays friendly enjoyable atmosphere', 'a look']","[{'text': 'the christmas holidays', 'label': 'DATE'}]",0.043478260869565216
41365,3.0,no reason not to stop by and poke your head in but nothing too exciting the cathedral under construction is also worth a peak even in its completely unfinished state just because its so big,"['DET', 'NOUN', 'PART', 'PART', 'VERB', 'ADV', 'CCONJ', 'VERB', 'PRON', 'NOUN', 'ADV', 'CCONJ', 'PRON', 'ADV', 'ADJ', 'DET', 'NOUN', 'ADP', 'NOUN', 'AUX', 'ADV', 'ADJ', 'DET', 'NOUN', 'ADV', 'ADP', 'PRON', 'ADV', 'ADJ', 'NOUN', 'ADV', 'SCONJ', 'PRON', 'ADV', 'ADJ']","['no reason', 'your head', 'nothing', 'the cathedral', 'construction', 'its completely unfinished state']",[],0.0
41366,3.0,mexico has many very grand cathedrals this is not one of them to get the true flavor of this place its necessary to attend a service here and experience the devotion of the parishioners,"['PROPN', 'VERB', 'ADJ', 'ADV', 'ADJ', 'NOUN', 'PRON', 'AUX', 'PART', 'NUM', 'ADP', 'PRON', 'PART', 'VERB', 'DET', 'ADJ', 'NOUN', 'ADP', 'DET', 'NOUN', 'PRON', 'ADJ', 'PART', 'VERB', 'DET', 'NOUN', 'ADV', 'CCONJ', 'VERB', 'DET', 'NOUN', 'ADP', 'DET', 'NOUN']","['mexico', 'many very grand cathedrals', 'this', 'them', 'the true flavor', 'this place', 'a service', 'the devotion', 'the parishioners']","[{'text': 'mexico', 'label': 'GPE'}, {'text': 'one', 'label': 'CARDINAL'}]",0.058823529411764705
41369,4.0,i agree with friar 4 our cathedral is not impressive by any means whatsoever compared to other cathedrals in the world i think the one in guadalajara is much more impressive however take in account where we are and when it was built and then you could say it is impressivewe are a land locked peninsula and we are located 1000 miles from civilization now and then now we have a paved road all 1000 miles then we had nothing now we have an international airport and a major seaport then we had neither so taking in account everything except the stones that were used to build the church everything else in the church had to be hauled down the impassible baja california desert via mules or across the sea of cortz the only two routes to la paz then so i would say that in 1835 when construction began it was an impressive feat take also in account that the population at the time numbered 800 inhabitants prisoners were used to help build it later in 1908 the church that actually still stands was built,"['PRON', 'VERB', 'ADP', 'NOUN', 'NUM', 'PRON', 'NOUN', 'AUX', 'PART', 'ADJ', 'ADP', 'DET', 'NOUN', 'ADV', 'VERB', 'ADP', 'ADJ', 'NOUN', 'ADP', 'DET', 'NOUN', 'PRON', 'VERB', 'DET', 'NUM', 'ADP', 'PROPN', 'AUX', 'ADV', 'ADV', 'ADJ', 'ADV', 'VERB', 'ADP', 'NOUN', 'SCONJ', 'PRON', 'AUX', 'CCONJ', 'SCONJ', 'PRON', 'AUX', 'VERB', 'CCONJ', 'ADV', 'PRON', 'AUX', 'VERB', 'PRON', 'AUX', 'PROPN', 'AUX', 'DET', 'NOUN', 'VERB', 'NOUN', 'CCONJ', 'PRON', 'AUX', 'VERB', 'NUM', 'NOUN', 'ADP', 'NOUN', 'ADV', 'CCONJ', 'ADV', 'ADV', 'PRON', 'VERB', 'DET', 'ADJ', 'NOUN', 'PRON', 'NUM', 'NOUN', 'ADV', 'PRON', 'VERB', 'PRON', 'ADV', 'PRON', 'VERB', 'DET', 'ADJ', 'NOUN', 'CCONJ', 'DET', 'ADJ', 'NOUN', 'ADV', 'PRON', 'AUX', 'CCONJ', 'ADV', 'VERB', 'ADP', 'NOUN', 'PRON', 'SCONJ', 'DET', 'NOUN', 'PRON', 'AUX', 'VERB', 'PART', 'VERB', 'DET', 'NOUN', 'PRON', 'ADV', 'ADP', 'DET', 'NOUN', 'VERB', 'PART', 'AUX', 'VERB', 'ADP', 'DET', 'ADJ', 'NOUN', 'PROPN', 'NOUN', 'ADP', 'NOUN', 'CCONJ', 'ADP', 'DET', 'NOUN', 'ADP', 'NOUN', 'DET', 'ADJ', 'NUM', 'NOUN', 'ADP', 'PROPN', 'PROPN', 'ADV', 'ADV', 'PRON', 'AUX', 'VERB', 'SCONJ', 'ADP', 'NUM', 'SCONJ', 'NOUN', 'VERB', 'PRON', 'AUX', 'DET', 'ADJ', 'NOUN', 'VERB', 'ADV', 'ADP', 'NOUN', 'SCONJ', 'DET', 'NOUN', 'ADP', 'DET', 'NOUN', 'VERB', 'NUM', 'NOUN', 'NOUN', 'AUX', 'VERB', 'PART', 'VERB', 'VERB', 'PRON', 'ADV', 'ADP', 'NUM', 'DET', 'NOUN', 'PRON', 'ADV', 'ADV', 'VERB', 'AUX', 'VERB']","['i', 'friar', 'our cathedral', 'any means', 'other cathedrals', 'the world', 'i', 'guadalajara', 'account', 'we', 'it', 'you', 'it', 'a land locked peninsula', 'we', 'civilization', 'we', 'a paved road', 'we', 'nothing', 'we', 'an international airport', 'a major seaport', 'we', 'account', 'everything', 'the stones', 'that', 'the church', 'everything', 'the church', 'the impassible baja california desert', 'mules', 'the sea', 'cortz', 'the only two routes', 'la paz', 'i', 'construction', 'it', 'account', 'the population', 'the time', '800 inhabitants prisoners', 'it', 'the church', 'that']","[{'text': '4', 'label': 'CARDINAL'}, {'text': 'guadalajara', 'label': 'GPE'}, {'text': '1000 miles', 'label': 'QUANTITY'}, {'text': 'all 1000 miles', 'label': 'QUANTITY'}, {'text': 'california', 'label': 'GPE'}, {'text': 'only two', 'label': 'CARDINAL'}, {'text': '1835', 'label': 'DATE'}, {'text': '800', 'label': 'CARDINAL'}, {'text': '1908', 'label': 'DATE'}]",0.04838709677419355
41370,4.0,one needs to walk up a street from where the tour buses let you off but its worth the walk the cathedral is very quaint and we were able to watch a service take place the architecture is very pretty and its amazing to see how they much they built with just stone a major stop no but if youre into local flavor and culture you should go,"['NUM', 'VERB', 'PART', 'VERB', 'ADP', 'DET', 'NOUN', 'ADP', 'SCONJ', 'DET', 'NOUN', 'NOUN', 'VERB', 'PRON', 'ADP', 'CCONJ', 'PRON', 'NOUN', 'DET', 'NOUN', 'DET', 'NOUN', 'AUX', 'ADV', 'ADJ', 'CCONJ', 'PRON', 'AUX', 'ADJ', 'PART', 'VERB', 'DET', 'NOUN', 'VERB', 'NOUN', 'DET', 'NOUN', 'AUX', 'ADV', 'ADJ', 'CCONJ', 'PRON', 'ADJ', 'PART', 'VERB', 'SCONJ', 'PRON', 'ADV', 'PRON', 'VERB', 'ADP', 'ADV', 'VERB', 'DET', 'ADJ', 'NOUN', 'INTJ', 'CCONJ', 'SCONJ', 'PRON', 'VERB', 'ADP', 'ADJ', 'NOUN', 'CCONJ', 'NOUN', 'PRON', 'AUX', 'VERB']","['a street', 'the tour buses', 'you', 'its worth', 'the walk', 'the cathedral', 'we', 'a service', 'place', 'the architecture', 'they', 'a major stop', 'you', 'local flavor', 'culture', 'you']","[{'text': 'one', 'label': 'CARDINAL'}]",0.014492753623188406
41381,4.0,worth a visit impressive stone cathedral in this dusty humble baja town faces the town square good energy inside,"['ADJ', 'DET', 'NOUN', 'ADJ', 'NOUN', 'NOUN', 'ADP', 'DET', 'ADJ', 'ADJ', 'NOUN', 'NOUN', 'VERB', 'DET', 'NOUN', 'ADJ', 'ADJ', 'NOUN', 'ADV']","['a visit impressive stone cathedral', 'this dusty humble baja town', 'the town square good energy']",[],0.0
41382,3.0,this cathedral was built in the 1800s its nice and in use by the locals if you have seen many cathedrals you wont be wowed it is across from plaza de la constitucion which is also ok i wouldnt rank these sites as major draws for la paz,"['DET', 'NOUN', 'AUX', 'VERB', 'ADP', 'DET', 'NOUN', 'PRON', 'ADJ', 'CCONJ', 'ADP', 'NOUN', 'ADP', 'DET', 'NOUN', 'SCONJ', 'PRON', 'AUX', 'VERB', 'ADJ', 'NOUN', 'PRON', 'AUX', 'PART', 'AUX', 'VERB', 'PRON', 'AUX', 'ADP', 'ADP', 'PROPN', 'PROPN', 'PROPN', 'NOUN', 'PRON', 'AUX', 'ADV', 'INTJ', 'PRON', 'AUX', 'PART', 'VERB', 'DET', 'NOUN', 'ADP', 'ADJ', 'NOUN', 'ADP', 'PROPN', 'NOUN']","['this cathedral', 'the 1800s', 'use', 'the locals', 'you', 'many cathedrals', 'you', 'it', 'plaza de la constitucion', 'which', 'i', 'these sites', 'major draws', 'la paz']","[{'text': 'the 1800s', 'label': 'DATE'}, {'text': 'plaza de la', 'label': 'FAC'}]",0.04
41383,5.0,the la paz cathedral is worth a visit like most spanish colonial churches in mexico the architecture alone is worth the visit check it out,"['DET', 'PROPN', 'PROPN', 'NOUN', 'AUX', 'ADJ', 'DET', 'NOUN', 'ADP', 'ADJ', 'ADJ', 'ADJ', 'NOUN', 'ADP', 'PROPN', 'DET', 'NOUN', 'ADV', 'AUX', 'ADJ', 'DET', 'NOUN', 'VERB', 'PRON', 'ADP']","['paz', 'most spanish colonial churches', 'mexico', 'the architecture', 'it']","[{'text': 'spanish', 'label': 'NORP'}, {'text': 'mexico', 'label': 'GPE'}]",0.08
41384,5.0,a beautiful old cathedral just sit in a pew and feel the serenity wash over you an absolute must stop by for anyone with a real interest in the history of la paz,"['DET', 'ADJ', 'ADJ', 'NOUN', 'ADV', 'VERB', 'ADP', 'DET', 'NOUN', 'CCONJ', 'VERB', 'DET', 'NOUN', 'NOUN', 'ADP', 'PRON', 'DET', 'ADJ', 'AUX', 'VERB', 'ADP', 'ADP', 'PRON', 'ADP', 'DET', 'ADJ', 'NOUN', 'ADP', 'DET', 'NOUN', 'ADP', 'PROPN', 'NOUN']","['a beautiful old cathedral', 'a pew', 'the serenity wash', 'you', 'anyone', 'a real interest', 'the history', 'la paz']",[],0.0
41385,4.0,not a fabulous building but nice worth a look not difficult to park for awhile good photo op for recording visit to la paz,"['PART', 'DET', 'ADJ', 'NOUN', 'CCONJ', 'ADJ', 'NOUN', 'DET', 'NOUN', 'PART', 'ADJ', 'PART', 'VERB', 'ADP', 'ADV', 'ADJ', 'NOUN', 'NOUN', 'ADP', 'NOUN', 'NOUN', 'ADP', 'PROPN', 'NOUN']","['not a fabulous building', 'nice worth', 'awhile good photo op', 'recording visit', 'la paz']",[],0.0
41386,4.0,worth a pop in to see the chandeliers and the art the virgin de guadalupe was very nice worth a ten minute stop,"['ADJ', 'DET', 'NOUN', 'ADV', 'PART', 'VERB', 'DET', 'NOUN', 'CCONJ', 'DET', 'NOUN', 'DET', 'PROPN', 'PROPN', 'PROPN', 'AUX', 'ADV', 'ADJ', 'ADJ', 'DET', 'NUM', 'NOUN', 'NOUN']","['the chandeliers', 'the art', 'the virgin de guadalupe']","[{'text': 'ten minute', 'label': 'TIME'}]",0.043478260869565216
41387,4.0,la paz cathedral is a small gem in downtown la paz beautifully decorated and serene its a restful place and well worth a visit peaceful atmosphere and a long history nicely explained in the entry signs in both spanish and english,"['PROPN', 'PROPN', 'NOUN', 'AUX', 'DET', 'ADJ', 'NOUN', 'ADP', 'NOUN', 'PROPN', 'PROPN', 'ADV', 'VERB', 'CCONJ', 'VERB', 'PRON', 'DET', 'ADJ', 'NOUN', 'CCONJ', 'ADV', 'ADJ', 'DET', 'NOUN', 'ADJ', 'NOUN', 'CCONJ', 'DET', 'ADJ', 'NOUN', 'ADV', 'VERB', 'ADP', 'DET', 'NOUN', 'NOUN', 'ADP', 'DET', 'ADJ', 'CCONJ', 'ADJ']","['la paz cathedral', 'a small gem', 'downtown la paz', 'its a restful place', 'the entry signs']","[{'text': 'la paz', 'label': 'FAC'}, {'text': 'la paz', 'label': 'FAC'}, {'text': 'spanish', 'label': 'LANGUAGE'}, {'text': 'english', 'label': 'LANGUAGE'}]",0.0975609756097561
41388,5.0,the building is not fancy but it is amazing i was able to find something new in the structure every time i looked at it the inside is greata house of worship plain and simple but with heartfelt stained glass and altars that evoked deep feelings in us the church is a real happening placewe witnessed concerts masses and a very communityoriented tradition of la loteria more like bingo outside on the grounds the bells are beautiful and have enhanced our month in la paz,"['DET', 'NOUN', 'AUX', 'PART', 'ADJ', 'CCONJ', 'PRON', 'AUX', 'ADJ', 'PRON', 'AUX', 'ADJ', 'PART', 'VERB', 'PRON', 'ADJ', 'ADP', 'DET', 'NOUN', 'DET', 'NOUN', 'PRON', 'VERB', 'ADP', 'PRON', 'DET', 'NOUN', 'AUX', 'PROPN', 'NOUN', 'ADP', 'NOUN', 'ADJ', 'CCONJ', 'ADJ', 'CCONJ', 'ADP', 'ADJ', 'VERB', 'NOUN', 'CCONJ', 'NOUN', 'PRON', 'VERB', 'ADJ', 'NOUN', 'ADP', 'PRON', 'DET', 'NOUN', 'AUX', 'DET', 'ADV', 'VERB', 'PROPN', 'VERB', 'NOUN', 'NOUN', 'CCONJ', 'DET', 'ADV', 'VERB', 'NOUN', 'ADP', 'PROPN', 'PROPN', 'ADV', 'ADP', 'NOUN', 'ADV', 'ADP', 'DET', 'NOUN', 'DET', 'NOUN', 'AUX', 'ADJ', 'CCONJ', 'AUX', 'VERB', 'PRON', 'NOUN', 'ADP', 'PROPN', 'NOUN']","['the building', 'it', 'i', 'something', 'the structure', 'i', 'it', 'the inside', 'greata house', 'worship', 'heartfelt stained glass', 'altars', 'that', 'deep feelings', 'us', 'the church', 'a real happening placewe witnessed concerts masses', 'a very communityoriented tradition', 'la loteria', 'bingo', 'the grounds', 'the bells', 'la paz']","[{'text': 'our month', 'label': 'DATE'}]",0.011764705882352941
41391,5.0,what a beautiful cathedral one of the best on the baja peninsulaeverytime we visit lapaz we go here and stand in awe a must see while visiting lapaz and cathedral adjoins the old zocalo and band stand historic la paz at its best,"['PRON', 'DET', 'ADJ', 'ADJ', 'NUM', 'ADP', 'DET', 'ADJ', 'ADP', 'DET', 'NOUN', 'NOUN', 'PRON', 'VERB', 'NOUN', 'PRON', 'VERB', 'ADV', 'CCONJ', 'VERB', 'ADP', 'NOUN', 'PRON', 'AUX', 'VERB', 'SCONJ', 'VERB', 'NOUN', 'CCONJ', 'ADJ', 'NOUN', 'DET', 'ADJ', 'NOUN', 'CCONJ', 'NOUN', 'VERB', 'ADJ', 'DET', 'NOUN', 'ADP', 'PRON', 'ADJ']","['the baja peninsulaeverytime', 'we', 'lapaz', 'we', 'awe', 'a', 'lapaz', 'cathedral adjoins', 'the old zocalo', 'band']",[],0.0
41392,4.0,there are plaques at the entrance one in spanish other in english giving information and dates about the development of this lovely cathedral its a quick visit however i did see several tourists enjoying the silence and beauty of the interior,"['PRON', 'VERB', 'NOUN', 'ADP', 'DET', 'NOUN', 'NUM', 'ADP', 'ADJ', 'ADJ', 'ADP', 'PROPN', 'VERB', 'NOUN', 'CCONJ', 'VERB', 'ADP', 'DET', 'NOUN', 'ADP', 'DET', 'ADJ', 'NOUN', 'PRON', 'DET', 'ADJ', 'NOUN', 'ADV', 'PRON', 'AUX', 'VERB', 'ADJ', 'NOUN', 'VERB', 'DET', 'NOUN', 'CCONJ', 'NOUN', 'ADP', 'DET', 'NOUN']","['plaques', 'english', 'information', 'the development', 'this lovely cathedral', 'its a quick visit', 'i', 'several tourists', 'the silence', 'beauty', 'the interior']","[{'text': 'spanish', 'label': 'NORP'}, {'text': 'english', 'label': 'NORP'}]",0.04878048780487805
41393,5.0,i attended a wedding in this beautiful cathedral it was majestic and very nicely maintained its truly a place to see while visiting lapaz the cathedral will not disappoint you and your friends,"['PRON', 'VERB', 'DET', 'NOUN', 'ADP', 'DET', 'ADJ', 'NOUN', 'PRON', 'AUX', 'ADJ', 'CCONJ', 'ADV', 'ADV', 'VERB', 'PRON', 'ADV', 'DET', 'NOUN', 'PART', 'VERB', 'SCONJ', 'VERB', 'NOUN', 'DET', 'NOUN', 'AUX', 'PART', 'VERB', 'PRON', 'CCONJ', 'PRON', 'NOUN']","['i', 'a wedding', 'this beautiful cathedral', 'it', 'its truly a place', 'lapaz', 'the cathedral', 'you']",[],0.0
41396,3.0,the cathedral is a simple church very well maintained clean and peaceful the square in front of the cathedral is where the local people goes to flirt and talk to the others as it is common in small villages,"['DET', 'NOUN', 'AUX', 'DET', 'ADJ', 'NOUN', 'ADV', 'ADV', 'VERB', 'ADJ', 'CCONJ', 'ADJ', 'DET', 'NOUN', 'ADP', 'NOUN', 'ADP', 'DET', 'NOUN', 'AUX', 'SCONJ', 'DET', 'ADJ', 'NOUN', 'VERB', 'PART', 'VERB', 'CCONJ', 'VERB', 'ADP', 'DET', 'NOUN', 'SCONJ', 'PRON', 'AUX', 'ADJ', 'ADP', 'ADJ', 'NOUN']","['the cathedral', 'a simple church', 'the square', 'front', 'the cathedral', 'the local people', 'the others', 'it', 'small villages']",[],0.0
41399,5.0,stunning architecture and intriguing history this is a must see in my opinion this is truly a jewel within the city and a beautiful photo op if you are lucky enough to attend an event here it is well worth the time,"['ADJ', 'NOUN', 'CCONJ', 'VERB', 'NOUN', 'PRON', 'AUX', 'DET', 'AUX', 'VERB', 'ADP', 'PRON', 'NOUN', 'PRON', 'AUX', 'ADV', 'DET', 'NOUN', 'ADP', 'DET', 'NOUN', 'CCONJ', 'DET', 'ADJ', 'NOUN', 'NOUN', 'SCONJ', 'PRON', 'AUX', 'ADJ', 'ADV', 'PART', 'VERB', 'DET', 'NOUN', 'ADV', 'PRON', 'AUX', 'ADV', 'ADJ', 'DET', 'NOUN']","['stunning architecture', 'intriguing history', 'this', 'my opinion', 'this', 'a jewel', 'the city', 'a beautiful photo op', 'you', 'an event', 'it']",[],0.0
41400,5.0,this is a small but beautiful cathedral impressed with the upkeep and decoration parking was easy and it was not hard to find,"['PRON', 'AUX', 'DET', 'ADJ', 'CCONJ', 'ADJ', 'NOUN', 'VERB', 'ADP', 'DET', 'NOUN', 'CCONJ', 'NOUN', 'NOUN', 'AUX', 'ADJ', 'CCONJ', 'PRON', 'AUX', 'PART', 'ADJ', 'PART', 'VERB']","['this', 'a small but beautiful cathedral', 'the upkeep and decoration parking', 'it']",[],0.0
41402,5.0,the cathedral is a must when visiting la paz i didnt realize it was such a historical site until i read the inscripture on the outside located in a nice area to walk around in and explore,"['DET', 'NOUN', 'AUX', 'DET', 'NOUN', 'SCONJ', 'VERB', 'ADP', 'PROPN', 'PRON', 'AUX', 'PART', 'VERB', 'PRON', 'AUX', 'DET', 'DET', 'ADJ', 'NOUN', 'SCONJ', 'PRON', 'VERB', 'DET', 'NOUN', 'ADP', 'DET', 'NOUN', 'VERB', 'ADP', 'DET', 'ADJ', 'NOUN', 'PART', 'VERB', 'ADV', 'ADP', 'CCONJ', 'VERB']","['the cathedral', 'a must', 'paz', 'i', 'it', 'such a historical site', 'i', 'the inscripture', 'the outside', 'a nice area']",[],0.0
41403,5.0,this cathedral is incredible the beauty of it takes you by surprise and it is very easy to walk to and the square is very well kept,"['DET', 'NOUN', 'AUX', 'ADJ', 'DET', 'NOUN', 'ADP', 'PRON', 'VERB', 'PRON', 'ADP', 'NOUN', 'CCONJ', 'PRON', 'AUX', 'ADV', 'ADJ', 'PART', 'VERB', 'ADP', 'CCONJ', 'DET', 'NOUN', 'AUX', 'ADV', 'ADV', 'VERB']","['this cathedral', 'the beauty', 'it', 'you', 'surprise', 'it', 'the square']",[],0.0
41406,5.0,fantastic and beautiful architecture visit this fabulous cathedral enjoy its superb architecture and once youre done accross the street is town square and its quaint kiosk enjoy it along an ice cream and playing mexican bingo loteria,"['ADJ', 'CCONJ', 'ADJ', 'NOUN', 'NOUN', 'DET', 'ADJ', 'NOUN', 'VERB', 'PRON', 'ADJ', 'NOUN', 'CCONJ', 'SCONJ', 'PRON', 'AUX', 'VERB', 'ADP', 'DET', 'NOUN', 'AUX', 'NOUN', 'NOUN', 'CCONJ', 'PRON', 'NOUN', 'NOUN', 'VERB', 'PRON', 'ADP', 'DET', 'NOUN', 'NOUN', 'CCONJ', 'VERB', 'PROPN', 'PROPN', 'PROPN']","['fantastic and beautiful architecture visit', 'this fabulous cathedral', 'its superb architecture', 'you', 'the street', 'town square', 'its quaint kiosk', 'it', 'an ice cream', 'mexican bingo loteria']","[{'text': 'mexican', 'label': 'NORP'}]",0.02631578947368421
41407,5.0,nice cathedral and a historical site easy to get to and great pictures to be taken people are very friendly and helpful,"['ADJ', 'NOUN', 'CCONJ', 'DET', 'ADJ', 'NOUN', 'ADJ', 'PART', 'VERB', 'ADP', 'CCONJ', 'ADJ', 'NOUN', 'PART', 'AUX', 'VERB', 'NOUN', 'AUX', 'ADV', 'ADJ', 'CCONJ', 'ADJ']","['nice cathedral', 'a historical site', 'great pictures', 'people']",[],0.0
41408,3.0,this cathedral is the original and in the center of the waterfront shopping area its open to the public yet is still in use walk through and see the architecture icons and other decorations the cathedral and the grounds are a true gathering place for the locals,"['DET', 'NOUN', 'AUX', 'DET', 'ADJ', 'CCONJ', 'ADP', 'DET', 'NOUN', 'ADP', 'DET', 'NOUN', 'PROPN', 'PROPN', 'PRON', 'NOUN', 'ADP', 'DET', 'NOUN', 'ADV', 'AUX', 'ADV', 'ADP', 'NOUN', 'VERB', 'ADV', 'CCONJ', 'VERB', 'DET', 'NOUN', 'NOUN', 'CCONJ', 'ADJ', 'NOUN', 'DET', 'NOUN', 'CCONJ', 'DET', 'NOUN', 'AUX', 'DET', 'ADJ', 'NOUN', 'NOUN', 'ADP', 'DET', 'NOUN']","['this cathedral', 'the center', 'the waterfront shopping area', 'its open', 'the public', 'use', 'the architecture icons', 'other decorations', 'the cathedral', 'the grounds', 'a true gathering place', 'the locals']",[],0.0
41411,4.0,i love this land mark so historical this hole area grab a coffee from cafe gourmet say hi to the americans that hang out outside on almost a daily basis talk to them tell them donna sent you and when you hear the churchbells check it out i sit at the back due to my soso spanish if you are spiritual you will love the feeling in this place,"['PRON', 'VERB', 'DET', 'NOUN', 'NOUN', 'ADV', 'ADJ', 'DET', 'NOUN', 'NOUN', 'VERB', 'DET', 'NOUN', 'ADP', 'PROPN', 'PROPN', 'VERB', 'INTJ', 'ADP', 'DET', 'PROPN', 'PRON', 'VERB', 'ADP', 'ADV', 'ADP', 'ADV', 'DET', 'ADJ', 'NOUN', 'NOUN', 'ADP', 'PRON', 'VERB', 'PRON', 'PROPN', 'VERB', 'PRON', 'CCONJ', 'SCONJ', 'PRON', 'VERB', 'DET', 'NOUN', 'VERB', 'PRON', 'ADP', 'PRON', 'VERB', 'ADP', 'DET', 'NOUN', 'ADJ', 'ADP', 'PRON', 'NOUN', 'NOUN', 'SCONJ', 'PRON', 'AUX', 'ADJ', 'PRON', 'AUX', 'VERB', 'DET', 'NOUN', 'ADP', 'DET', 'NOUN']","['i', 'this land mark', 'this hole area', 'a coffee', 'cafe gourmet', 'the americans', 'that', 'almost a daily basis talk', 'them', 'them', 'donna', 'you', 'you', 'the churchbells', 'it', 'i', 'the back', 'my soso spanish', 'you', 'you', 'the feeling', 'this place']","[{'text': 'americans', 'label': 'NORP'}, {'text': 'donna', 'label': 'PERSON'}, {'text': 'spanish', 'label': 'NORP'}]",0.043478260869565216
41413,3.0,neat area to walk around not the most amazing cathedral ive even seen but it was nice it was pretty but not all that much to do in the area only takes a few minutes to see the cathedral,"['ADJ', 'NOUN', 'PART', 'VERB', 'ADV', 'PART', 'DET', 'ADV', 'ADJ', 'NOUN', 'PRON', 'AUX', 'ADV', 'VERB', 'CCONJ', 'PRON', 'AUX', 'ADJ', 'PRON', 'AUX', 'ADJ', 'CCONJ', 'PART', 'DET', 'ADV', 'ADJ', 'PART', 'VERB', 'ADP', 'DET', 'NOUN', 'ADV', 'VERB', 'DET', 'ADJ', 'NOUN', 'PART', 'VERB', 'DET', 'NOUN']","['neat area', 'not the most amazing cathedral', 'i', 'it', 'it', 'the area', 'a few minutes', 'the cathedral']","[{'text': 'a few minutes', 'label': 'TIME'}]",0.025
41419,4.0,serenity and peace surround the cathedral and the surrounding square,"['NOUN', 'CCONJ', 'NOUN', 'VERB', 'DET', 'NOUN', 'CCONJ', 'DET', 'VERB', 'NOUN']","['serenity', 'peace', 'the cathedral', 'the surrounding square']",[],0.0
41422,4.0,it is very ornate inside beautiful very nice area of town with the park across the street we love la paz,"['PRON', 'AUX', 'ADV', 'ADJ', 'ADP', 'ADJ', 'ADV', 'ADJ', 'NOUN', 'ADP', 'NOUN', 'ADP', 'DET', 'NOUN', 'ADP', 'DET', 'NOUN', 'PRON', 'VERB', 'PRON', 'PROPN']","['it', 'beautiful very nice area', 'town', 'the park', 'the street', 'we', 'la paz']",[],0.0
41423,5.0,i liked the opportunity to shoot some very nice photos using interior light that sprayed through the stained glass,"['PRON', 'VERB', 'DET', 'NOUN', 'PART', 'VERB', 'DET', 'ADV', 'ADJ', 'NOUN', 'VERB', 'ADJ', 'NOUN', 'PRON', 'VERB', 'ADP', 'DET', 'VERB', 'NOUN']","['i', 'the opportunity', 'some very nice photos', 'interior light', 'that', 'the stained glass']",[],0.0
41425,3.0,if you have visited mexico this will not impress you it is however interesting,"['SCONJ', 'PRON', 'AUX', 'VERB', 'PROPN', 'PRON', 'AUX', 'PART', 'VERB', 'PRON', 'PRON', 'AUX', 'ADV', 'ADJ']","['you', 'mexico', 'this', 'you', 'it']","[{'text': 'mexico', 'label': 'GPE'}]",0.07142857142857142
41428,5.0,what a lovely church i loved the brick and the architecture and the gardens surrounding it,"['PRON', 'DET', 'ADJ', 'NOUN', 'PRON', 'VERB', 'DET', 'NOUN', 'CCONJ', 'DET', 'NOUN', 'CCONJ', 'DET', 'NOUN', 'VERB', 'PRON']","['i', 'the brick', 'the architecture', 'the gardens', 'it']",[],0.0
41445,5.0,Great place to walk or sit and enjoy the view,"['ADJ', 'NOUN', 'PART', 'VERB', 'CCONJ', 'VERB', 'CCONJ', 'VERB', 'DET', 'NOUN']","['Great place', 'the view']",[],0.0
41466,5.0,A beautiful place to go for a walk. Its cooler than downtown during the day. At night its great for a relaxing stroll in the cooler evening air. On weekends many local families go for a walk here. If you walk the entire malecon and back it takes 23 hours.,"['DET', 'ADJ', 'NOUN', 'PART', 'VERB', 'ADP', 'DET', 'NOUN', 'PUNCT', 'PRON', 'AUX', 'ADJ', 'ADP', 'NOUN', 'ADP', 'DET', 'NOUN', 'PUNCT', 'ADP', 'NOUN', 'PRON', 'AUX', 'ADJ', 'ADP', 'DET', 'ADJ', 'NOUN', 'ADP', 'DET', 'ADJ', 'NOUN', 'NOUN', 'PUNCT', 'ADP', 'NOUN', 'ADJ', 'ADJ', 'NOUN', 'VERB', 'ADP', 'DET', 'NOUN', 'ADV', 'PUNCT', 'SCONJ', 'PRON', 'VERB', 'DET', 'ADJ', 'NOUN', 'CCONJ', 'ADV', 'PRON', 'VERB', 'NUM', 'SYM', 'NUM', 'NOUN', 'PUNCT']","['A beautiful place', 'a walk', 'It', 'downtown', 'the day', 'night', 'it', 'a relaxing stroll', 'the cooler evening air', 'weekends', 'many local families', 'a walk', 'you', 'the entire malecon', 'it', '2-3 hours']","[{'text': 'the day', 'label': 'DATE'}, {'text': 'night', 'label': 'TIME'}, {'text': 'evening', 'label': 'TIME'}, {'text': '2-3 hours', 'label': 'TIME'}]",0.06779661016949153
41473,5.0,"A lovely smooth walking surface not common in Mexico. All along the Bay, water access. Many Bars and Restaurants. Lots of activities available, we swam with the Whale Sharks. Once in a lifetime experience","['DET', 'ADJ', 'ADJ', 'VERB', 'NOUN', 'PUNCT', 'PART', 'ADJ', 'ADP', 'PROPN', 'PUNCT', 'PUNCT', 'ADV', 'ADP', 'DET', 'PROPN', 'PUNCT', 'NOUN', 'NOUN', 'PUNCT', 'ADJ', 'NOUN', 'CCONJ', 'PROPN', 'PUNCT', 'PROPN', 'PART', 'ADP', 'NOUN', 'ADJ', 'PUNCT', 'PRON', 'VERB', 'ADP', 'DET', 'PROPN', 'PROPN', 'PUNCT', 'ADV', 'ADP', 'DET', 'NOUN', 'NOUN', 'PUNCT']","['A lovely smooth walking surface', 'Mexico', 'the Bay', 'water access', 'Many Bars', 'Restaurants', 'activities', 'we', 'the Whale Sharks', 'a lifetime experience']","[{'text': 'Mexico', 'label': 'GPE'}, {'text': 'the Bay,', 'label': 'LOC'}, {'text': 'Bars and Restaurants', 'label': 'ORG'}]",0.06818181818181818
41479,5.0,"Can be loud at night, but like Bourbon Street in New Orleans, or Duval Street in Key West, or so many other great cities, this is where IT is at.","['AUX', 'AUX', 'ADJ', 'ADP', 'NOUN', 'PUNCT', 'CCONJ', 'ADP', 'PROPN', 'PROPN', 'ADP', 'PROPN', 'PROPN', 'PUNCT', 'CCONJ', 'PROPN', 'PROPN', 'ADP', 'PROPN', 'PROPN', 'PUNCT', 'CCONJ', 'ADV', 'ADJ', 'ADJ', 'ADJ', 'NOUN', 'PUNCT', 'PRON', 'AUX', 'SCONJ', 'PRON', 'AUX', 'ADP', 'PUNCT']","['night', 'Bourbon Street', 'New Orleans', 'Duval Street', 'Key West', 'so many other great cities', 'this', 'IT']","[{'text': 'night', 'label': 'TIME'}, {'text': 'Bourbon Street', 'label': 'FAC'}, {'text': 'New Orleans', 'label': 'GPE'}, {'text': 'Duval Street', 'label': 'FAC'}, {'text': 'Key West', 'label': 'LOC'}]",0.14285714285714285
41486,5.0,Nice walking path on the sea of Cortez.,"['ADJ', 'VERB', 'NOUN', 'ADP', 'DET', 'NOUN', 'ADP', 'PROPN', 'PUNCT']","['Nice walking path', 'the sea', 'Cortez']","[{'text': 'Cortez', 'label': 'LOC'}]",0.1111111111111111
41489,5.0,The best sunsets.,"['DET', 'ADJ', 'NOUN', 'PUNCT']",['The best sunsets'],[],0.0
41498,4.0,"muy agradable para solo caminar y ver un precioso atardeces. Mucha gente paseando, caminando o corriendo con perros. Se respira tranquilidad. Extreamely peaceful. Just for walking and enjoying a perfect sunset on the beach. Lots of people jogging with their pets.","['ADJ', 'ADJ', 'PROPN', 'PROPN', 'PROPN', 'PROPN', 'PROPN', 'PROPN', 'PROPN', 'NOUN', 'PUNCT', 'ADJ', 'NOUN', 'NOUN', 'PUNCT', 'PROPN', 'PROPN', 'NOUN', 'PROPN', 'PROPN', 'PUNCT', 'PROPN', 'PROPN', 'PROPN', 'PUNCT', 'ADV', 'ADJ', 'PUNCT', 'ADV', 'ADP', 'VERB', 'CCONJ', 'VERB', 'DET', 'ADJ', 'NOUN', 'ADP', 'DET', 'NOUN', 'PUNCT', 'NOUN', 'ADP', 'NOUN', 'VERB', 'ADP', 'PRON', 'NOUN', 'PUNCT']","['muy agradable para solo caminar', 'y', 'un precioso atardeces', 'Mucha gente paseando', 'caminando o corriendo con perros', 'Se', 'tranquilidad', 'a perfect sunset', 'the beach', 'Lots', 'people', 'their pets']","[{'text': 'muy', 'label': 'ORG'}, {'text': 'caminar y ver', 'label': 'PERSON'}, {'text': 'un', 'label': 'ORG'}, {'text': 'caminando o', 'label': 'ORG'}, {'text': 'Se respira', 'label': 'PERSON'}]",0.10416666666666667
41502,5.0,Very nice. Calm in February. Sunsets are gorgeous.,"['ADV', 'ADJ', 'PUNCT', 'PROPN', 'ADP', 'PROPN', 'PUNCT', 'NOUN', 'AUX', 'ADJ', 'PUNCT']","['Calm', 'February', 'Sunsets']","[{'text': 'Calm', 'label': 'PERSON'}, {'text': 'February', 'label': 'DATE'}]",0.18181818181818182
41504,4.0,"Intense sun end of February 2026 Otherwise, really nice","['ADJ', 'NOUN', 'NOUN', 'ADP', 'PROPN', 'NUM', 'ADV', 'PUNCT', 'ADV', 'ADJ', 'PUNCT']","['Intense sun end', 'February']","[{'text': 'February 2026', 'label': 'DATE'}]",0.09090909090909091
41513,5.0,"Excellent boardwalk without the boards. Several miles long so bring your walking shoes. Several shops and plenty of dining available around there. Excellent views of the bay. Bring some sunglasses, a hat and plenty of sunblock. Excellent weather as well. Enjoy Come hear the birds. See the ocean and relax.","['ADJ', 'NOUN', 'ADP', 'DET', 'NOUN', 'PUNCT', 'ADJ', 'NOUN', 'ADV', 'ADV', 'VERB', 'PRON', 'NOUN', 'NOUN', 'PUNCT', 'ADJ', 'NOUN', 'CCONJ', 'NOUN', 'ADP', 'NOUN', 'ADJ', 'ADV', 'ADV', 'PUNCT', 'ADJ', 'NOUN', 'ADP', 'DET', 'NOUN', 'PUNCT', 'VERB', 'DET', 'NOUN', 'PUNCT', 'DET', 'NOUN', 'CCONJ', 'NOUN', 'ADP', 'NOUN', 'PUNCT', 'ADJ', 'NOUN', 'ADV', 'ADV', 'PUNCT', 'VERB', 'PUNCT', 'VERB', 'VERB', 'DET', 'NOUN', 'PUNCT', 'VERB', 'DET', 'NOUN', 'CCONJ', 'VERB', 'PUNCT']","['Excellent boardwalk', 'the boards', 'your walking shoes', 'Several shops', 'plenty', 'dining', 'Excellent views', 'the bay', 'some sunglasses', 'a hat', 'plenty', 'sunblock', 'Excellent weather', 'the birds', 'the ocean']","[{'text': 'Several miles', 'label': 'QUANTITY'}]",0.016666666666666666
41524,5.0,"Beautiful about 5 km Malecon in La Paz  Great during the day abd at thr evening, specially during sunset","['ADJ', 'ADV', 'NUM', 'NOUN', 'PROPN', 'ADP', 'PROPN', 'PROPN', 'PUNCT', 'ADJ', 'ADP', 'DET', 'NOUN', 'PROPN', 'ADP', 'PROPN', 'NOUN', 'PUNCT', 'ADV', 'ADP', 'NOUN', 'PUNCT', 'PUNCT', 'PUNCT', 'PUNCT']","['Beautiful about 5 km Malecon', 'La Paz', 'the day', 'abd', 'thr evening', 'sunset']","[{'text': 'about 5 km', 'label': 'QUANTITY'}, {'text': 'Malecon', 'label': 'ORG'}, {'text': 'La Paz', 'label': 'FAC'}, {'text': 'the day abd', 'label': 'DATE'}]",0.16
41525,5.0,"Liked it A very nice place to stroll, people watch and window shop. Manny interesting statues. Theres shade if you want that. A nice place to spend some time","['VERB', 'PRON', 'PUNCT', 'DET', 'ADV', 'ADJ', 'NOUN', 'PART', 'VERB', 'PUNCT', 'NOUN', 'VERB', 'CCONJ', 'NOUN', 'NOUN', 'PUNCT', 'ADJ', 'ADJ', 'NOUN', 'PUNCT', 'PRON', 'VERB', 'NOUN', 'SCONJ', 'PRON', 'VERB', 'PRON', 'PUNCT', 'DET', 'ADJ', 'NOUN', 'PART', 'VERB', 'DET', 'NOUN']","['it', 'people', 'window shop', 'Manny interesting statues', 'shade', 'you', 'that', 'A nice place', 'some time']","[{'text': 'Manny', 'label': 'PERSON'}]",0.02857142857142857
41530,5.0,One of the best walks in Mexico,"['NUM', 'ADP', 'DET', 'ADJ', 'NOUN', 'ADP', 'PROPN', 'PUNCT']","['the best walks', 'Mexico']","[{'text': 'One', 'label': 'CARDINAL'}, {'text': 'Mexico', 'label': 'GPE'}]",0.25
41532,5.0,The boardwalk along the waterfront is very clean and family friendly,"['DET', 'NOUN', 'ADP', 'DET', 'NOUN', 'AUX', 'ADV', 'ADJ', 'CCONJ', 'NOUN', 'ADJ', 'PUNCT']","['The boardwalk', 'the waterfront']",[],0.0
41564,5.0,Very nice stroll. Public restrooms clean too.,"['ADV', 'ADJ', 'NOUN', 'PUNCT', 'ADJ', 'NOUN', 'VERB', 'ADV', 'PUNCT']","['Very nice stroll', 'Public restrooms']",[],0.0
41567,5.0,"Im just going to say, I want to retire here.","['PRON', 'AUX', 'ADV', 'VERB', 'PART', 'VERB', 'PUNCT', 'PRON', 'VERB', 'PART', 'VERB', 'ADV', 'PUNCT']","['I', 'I']",[],0.0
41568,5.0,"Bike paths, ocean front sidewalks. Best beach from board walk Ive ever walked on","['NOUN', 'NOUN', 'PUNCT', 'NOUN', 'NOUN', 'NOUN', 'PUNCT', 'ADJ', 'NOUN', 'ADP', 'NOUN', 'NOUN', 'PRON', 'AUX', 'ADV', 'VERB', 'ADP']","['Bike paths', 'ocean front sidewalks', 'board walk', 'I']","[{'text': 'Bike', 'label': 'ORG'}, {'text': 'Best beach', 'label': 'GPE'}]",0.11764705882352941
41569,5.0,Beautiful walk lots of tourists.,"['ADJ', 'NOUN', 'NOUN', 'ADP', 'NOUN', 'PUNCT']","['Beautiful walk lots', 'tourists']",[],0.0
41577,5.0,"The Malecon is a wonderful place to stroll along the waters edge or take advantage of all the options to exercise. Benchrs are all along the Malecon as well as public restrooms near the middle. The weather is beautiful and the locals are very nice and helpful. Youll enjoy great food and drinks, too.","['DET', 'PROPN', 'AUX', 'DET', 'ADJ', 'NOUN', 'PART', 'VERB', 'ADP', 'DET', 'NOUN', 'NOUN', 'CCONJ', 'VERB', 'NOUN', 'ADP', 'DET', 'DET', 'NOUN', 'PART', 'VERB', 'PUNCT', 'PROPN', 'AUX', 'ADV', 'ADP', 'DET', 'PROPN', 'ADV', 'ADV', 'ADP', 'ADJ', 'NOUN', 'ADP', 'DET', 'NOUN', 'PUNCT', 'DET', 'NOUN', 'AUX', 'ADJ', 'CCONJ', 'DET', 'NOUN', 'AUX', 'ADV', 'ADJ', 'CCONJ', 'ADJ', 'PUNCT', 'PRON', 'AUX', 'VERB', 'ADJ', 'NOUN', 'CCONJ', 'NOUN', 'PUNCT', 'ADV', 'PUNCT']","['The Malecon', 'a wonderful place', 'the waters edge', 'advantage', 'all the options', 'Benchrs', 'the Malecon', 'public restrooms', 'the middle', 'The weather', 'the locals', 'You', 'great food', 'drinks']","[{'text': 'Malecon', 'label': 'ORG'}, {'text': 'Malecon', 'label': 'ORG'}]",0.03333333333333333
41587,4.0,"Great walking, sightseeing on both sides of the street. Very familyfriendly. Tons of restaurants, also easy access to Centro, only have a couple of blocks from the midpoint of the Malecon","['ADJ', 'NOUN', 'PUNCT', 'VERB', 'ADP', 'DET', 'NOUN', 'ADP', 'DET', 'NOUN', 'PUNCT', 'ADV', 'NOUN', 'PUNCT', 'ADJ', 'PUNCT', 'NOUN', 'ADP', 'NOUN', 'PUNCT', 'ADV', 'ADJ', 'NOUN', 'ADP', 'PROPN', 'PUNCT', 'ADV', 'VERB', 'DET', 'NOUN', 'ADP', 'NOUN', 'ADP', 'DET', 'NOUN', 'ADP', 'DET', 'PROPN']","['Great walking', 'both sides', 'the street', 'Tons', 'restaurants', 'also easy access', 'Centro', 'a couple', 'blocks', 'the midpoint', 'the Malecon']","[{'text': 'Tons', 'label': 'PERSON'}, {'text': 'Centro', 'label': 'GPE'}, {'text': 'Malecon', 'label': 'ORG'}]",0.07894736842105263
41588,5.0,Epic sunset spot. Lots to do along the way.,"['ADJ', 'NOUN', 'NOUN', 'PUNCT', 'NOUN', 'PART', 'VERB', 'ADP', 'DET', 'NOUN', 'PUNCT']","['Epic sunset spot', 'Lots', 'the way']",[],0.0
41593,5.0,"The malecon in La Paz is not to be missed. Really great vibe, full of life.","['DET', 'NOUN', 'ADP', 'PROPN', 'PROPN', 'AUX', 'PART', 'PART', 'AUX', 'VERB', 'PUNCT', 'ADV', 'ADJ', 'NOUN', 'PUNCT', 'ADJ', 'ADP', 'NOUN', 'PUNCT']","['The malecon', 'La Paz', 'Really great vibe', 'life']","[{'text': 'La Paz', 'label': 'FAC'}]",0.05263157894736842
41598,5.0,"Such a breathtaking view of the Malecón So far, its my favourite Very clean and peaceful during the day, yet full of life at night. I always enjoy my walks and runs here. Cant wait for next visit","['DET', 'DET', 'ADJ', 'NOUN', 'ADP', 'DET', 'PROPN', 'PUNCT', 'ADV', 'ADV', 'PUNCT', 'PRON', 'PRON', 'ADJ', 'ADV', 'ADJ', 'CCONJ', 'ADJ', 'ADP', 'DET', 'NOUN', 'PUNCT', 'CCONJ', 'ADJ', 'ADP', 'NOUN', 'ADP', 'NOUN', 'PUNCT', 'PRON', 'ADV', 'VERB', 'PRON', 'NOUN', 'CCONJ', 'VERB', 'ADV', 'PUNCT', 'AUX', 'PART', 'VERB', 'ADP', 'ADJ', 'NOUN', 'PUNCT']","['Such a breathtaking view', 'the Malecón', 'the day', 'life', 'night', 'I', 'my walks', 'next visit']","[{'text': 'the day', 'label': 'DATE'}, {'text': 'night', 'label': 'TIME'}]",0.044444444444444446
41602,5.0,Great food and view.,"['ADJ', 'NOUN', 'CCONJ', 'NOUN', 'PUNCT']","['Great food', 'view']",[],0.0
41605,5.0,Incredible views,"['ADJ', 'NOUN']",['Incredible views'],[],0.0
41606,5.0,La Paz is fantastic and the Malecón is the heart of the city. I would doubt theres another more familyfriendly city in Mexico.,"['PROPN', 'PROPN', 'AUX', 'ADJ', 'CCONJ', 'DET', 'PROPN', 'AUX', 'DET', 'NOUN', 'ADP', 'DET', 'NOUN', 'PUNCT', 'PRON', 'AUX', 'VERB', 'PRON', 'VERB', 'DET', 'ADJ', 'NOUN', 'PUNCT', 'ADJ', 'NOUN', 'ADP', 'PROPN', 'PUNCT']","['La Paz', 'the Malecón', 'the heart', 'the city', 'I', 'another more family-friendly city', 'Mexico']","[{'text': 'La Paz', 'label': 'PERSON'}, {'text': 'Malecón', 'label': 'PERSON'}, {'text': 'Mexico', 'label': 'GPE'}]",0.10714285714285714
41614,5.0,"The Malecon de La Paz is a beautiful gem. Looked after very well by the city, its a clean safe place to walk, enjoy the views, or have a bite to eat. You can rent bicycles or scooters to ride. There are clean, free washrooms for use and plenty of garbage cans which are emptied daily. The sunset here is one of the best Ive seen and the many statues along the entire length are entertaining and fun. Its very dog friendly, but dogs must be in control at all times and you must pick up your dogs mess.","['DET', 'PROPN', 'PROPN', 'PROPN', 'PROPN', 'AUX', 'DET', 'ADJ', 'NOUN', 'PUNCT', 'VERB', 'ADP', 'ADV', 'ADV', 'ADP', 'DET', 'NOUN', 'PUNCT', 'PRON', 'AUX', 'DET', 'ADJ', 'ADJ', 'NOUN', 'PART', 'VERB', 'PUNCT', 'VERB', 'DET', 'NOUN', 'PUNCT', 'CCONJ', 'VERB', 'DET', 'NOUN', 'PART', 'VERB', 'PUNCT', 'PRON', 'AUX', 'VERB', 'NOUN', 'CCONJ', 'NOUN', 'PART', 'VERB', 'PUNCT', 'PRON', 'VERB', 'ADJ', 'PUNCT', 'ADJ', 'NOUN', 'ADP', 'NOUN', 'CCONJ', 'NOUN', 'ADP', 'NOUN', 'NOUN', 'PRON', 'AUX', 'VERB', 'ADV', 'PUNCT', 'DET', 'NOUN', 'ADV', 'AUX', 'NUM', 'ADP', 'DET', 'ADJ', 'PRON', 'AUX', 'VERB', 'CCONJ', 'DET', 'ADJ', 'NOUN', 'ADP', 'DET', 'ADJ', 'NOUN', 'AUX', 'ADJ', 'CCONJ', 'NOUN', 'PUNCT', 'PRON', 'AUX', 'ADV', 'NOUN', 'ADJ', 'PUNCT', 'CCONJ', 'NOUN', 'AUX', 'AUX', 'ADP', 'NOUN', 'ADP', 'DET', 'NOUN', 'CCONJ', 'PRON', 'AUX', 'VERB', 'ADP', 'PRON', 'NOUN', 'PART', 'NOUN', 'PUNCT']","['The Malecon de La Paz', 'a beautiful gem', 'the city', 'it', 'a clean safe place', 'the views', 'a bite', 'You', 'bicycles', 'scooters', 'clean, free washrooms', 'use', 'plenty', 'garbage cans', 'which', 'The sunset', 'I', 'the many statues', 'the entire length', 'It', 'dogs', 'control', 'all times', 'you', ""your dog's mess""]","[{'text': 'The Malecon de La Paz', 'label': 'ORG'}, {'text': 'daily', 'label': 'DATE'}]",0.017543859649122806
41617,5.0,Merry Christmas,"['PROPN', 'PROPN', 'PUNCT']",['Merry Christmas'],[],0.0
41622,4.0,The Christmas parade on the Malecon is always a good time.,"['DET', 'PROPN', 'NOUN', 'ADP', 'DET', 'PROPN', 'AUX', 'ADV', 'DET', 'ADJ', 'NOUN', 'PUNCT']","['The Christmas parade', 'the Malecon', 'a good time']","[{'text': 'Christmas', 'label': 'DATE'}, {'text': 'Malecon', 'label': 'ORG'}]",0.16666666666666666
41629,5.0,"Wonderful place to walk, see the sites. Lots of restaurants.","['ADJ', 'NOUN', 'PART', 'VERB', 'PUNCT', 'VERB', 'DET', 'NOUN', 'PUNCT', 'NOUN', 'ADP', 'NOUN', 'PUNCT']","['Wonderful place', 'the sites', 'Lots', 'restaurants']",[],0.0
41633,5.0,A lovely walk the bay and beach area.,"['DET', 'ADJ', 'VERB', 'DET', 'NOUN', 'CCONJ', 'NOUN', 'NOUN', 'PUNCT']",['A lovely walk the bay and beach area'],[],0.0
41637,5.0,A lovely stroll often filled with markets. All the statues are really cool.,"['DET', 'ADJ', 'NOUN', 'ADV', 'VERB', 'ADP', 'NOUN', 'PUNCT', 'DET', 'DET', 'NOUN', 'AUX', 'ADV', 'ADJ', 'PUNCT']","['A lovely stroll', 'markets', 'All the statues']",[],0.0
41638,5.0,Clean area. Easy to walk,"['ADJ', 'NOUN', 'PUNCT', 'ADJ', 'PART', 'VERB']",['Clean area'],[],0.0
41650,5.0,Very safe and lots of fun hanging around here. People doing all sorts of fun activities.,"['ADV', 'ADJ', 'CCONJ', 'NOUN', 'ADP', 'NOUN', 'VERB', 'ADV', 'ADV', 'PUNCT', 'NOUN', 'VERB', 'DET', 'NOUN', 'ADP', 'NOUN', 'NOUN', 'PUNCT']","['fun', 'People', 'all sorts', 'fun activities']",[],0.0
41654,5.0,"Love the malecon, unlike other malecons this is quiet and lots of little spots to shop and eat","['VERB', 'DET', 'NOUN', 'PUNCT', 'ADP', 'ADJ', 'NOUN', 'PRON', 'AUX', 'ADJ', 'CCONJ', 'NOUN', 'ADP', 'ADJ', 'NOUN', 'PART', 'VERB', 'CCONJ', 'VERB']","['the malecon', 'other malecons', 'this', 'lots', 'little spots']",[],0.0
41670,5.0,"This was our favorite and most beautiful stop of the trip. We also visited Cabo, Puerto Villarta and Mazatlan","['PRON', 'AUX', 'PRON', 'ADJ', 'CCONJ', 'ADV', 'ADJ', 'NOUN', 'ADP', 'DET', 'NOUN', 'PUNCT', 'PRON', 'ADV', 'VERB', 'PROPN', 'PUNCT', 'PROPN', 'PROPN', 'CCONJ', 'PROPN']","['This', 'our favorite and most beautiful stop', 'the trip', 'We', 'Cabo', 'Puerto Villarta', 'Mazatlan']","[{'text': 'Cabo', 'label': 'GPE'}, {'text': 'Puerto Villarta', 'label': 'GPE'}, {'text': 'Mazatlan', 'label': 'GPE'}]",0.14285714285714285
41671,5.0,Beautiful and wide all the way down in front of town.,"['ADJ', 'CCONJ', 'ADV', 'DET', 'DET', 'NOUN', 'ADV', 'ADP', 'NOUN', 'ADP', 'NOUN', 'PUNCT']","['front', 'town']",[],0.0
41674,5.0,Wonderful place to walk along the water and find souvenirs and restaurants. Lots of cool statues to take photos with.,"['ADJ', 'NOUN', 'PART', 'VERB', 'ADP', 'DET', 'NOUN', 'CCONJ', 'VERB', 'NOUN', 'CCONJ', 'NOUN', 'PUNCT', 'NOUN', 'ADP', 'ADJ', 'NOUN', 'PART', 'VERB', 'NOUN', 'ADP', 'PUNCT']","['Wonderful place', 'the water', 'souvenirs', 'restaurants', 'Lots', 'cool statues', 'photos']",[],0.0
41689,5.0,"If you want a good walk along a beautiful shoreline, walk on the ocean side of the malecon. Less crowded, no street vendors when we were there to bother you. Interesting artwork to look at. Impressive views out into the Sea of Cortez. The business side across the street is where most of the restaurants are, so a little more congested. This is a good morning or late afternoon spot to get a good walk in.","['SCONJ', 'PRON', 'VERB', 'DET', 'ADJ', 'NOUN', 'ADP', 'DET', 'ADJ', 'NOUN', 'PUNCT', 'VERB', 'ADP', 'DET', 'NOUN', 'NOUN', 'ADP', 'DET', 'NOUN', 'PUNCT', 'ADV', 'ADJ', 'PUNCT', 'DET', 'NOUN', 'NOUN', 'SCONJ', 'PRON', 'AUX', 'ADV', 'PART', 'VERB', 'PRON', 'PUNCT', 'ADJ', 'NOUN', 'PART', 'VERB', 'ADP', 'PUNCT', 'ADJ', 'NOUN', 'ADP', 'ADP', 'DET', 'PROPN', 'ADP', 'PROPN', 'PUNCT', 'DET', 'NOUN', 'NOUN', 'ADP', 'DET', 'NOUN', 'AUX', 'SCONJ', 'ADJ', 'ADP', 'DET', 'NOUN', 'AUX', 'PUNCT', 'ADV', 'DET', 'ADV', 'ADV', 'ADJ', 'PUNCT', 'PRON', 'AUX', 'DET', 'ADJ', 'NOUN', 'CCONJ', 'ADJ', 'NOUN', 'NOUN', 'PART', 'VERB', 'DET', 'ADJ', 'NOUN', 'ADV', 'PUNCT']","['you', 'a good walk', 'a beautiful shoreline', 'the ocean side', 'the malecon', 'Less crowded, no street vendors', 'we', 'you', 'Interesting artwork', 'Impressive views', 'the Sea', 'Cortez', 'The business side', 'the street', 'the restaurants', 'This', 'a good morning', 'late afternoon spot', 'a good walk']","[{'text': 'the Sea of Cortez', 'label': 'LOC'}, {'text': 'a good morning', 'label': 'TIME'}, {'text': 'late afternoon', 'label': 'TIME'}]",0.03529411764705882
41703,5.0,Excellent experience from start to finish. Affordable prices and quality work. Definitely using them again.,"['ADJ', 'NOUN', 'ADP', 'NOUN', 'ADP', 'NOUN', 'PUNCT', 'ADJ', 'NOUN', 'CCONJ', 'NOUN', 'NOUN', 'PUNCT', 'ADV', 'VERB', 'PRON', 'ADV', 'PUNCT']","['Excellent experience', 'start', 'finish', 'Affordable prices', 'quality work', 'them']",[],0.0
41704,5.0,What a beautiful boardwalk along the water. They have a ton of statues to see and lots of restaurants and shops.,"['PRON', 'DET', 'ADJ', 'NOUN', 'ADP', 'DET', 'NOUN', 'PUNCT', 'PRON', 'VERB', 'DET', 'NOUN', 'ADP', 'NOUN', 'PART', 'VERB', 'CCONJ', 'NOUN', 'ADP', 'NOUN', 'CCONJ', 'NOUN', 'PUNCT']","['What a beautiful boardwalk', 'the water', 'They', 'a ton', 'statues', 'lots', 'restaurants', 'shops']","[{'text': 'a ton', 'label': 'QUANTITY'}]",0.043478260869565216
41706,5.0,"La Paz its One of the best city I have been in Mexico so far, so peaceful and everyone has respect for rules, They have several great options for Tours around the city, Local beaches are great for swimming since the water its warm, The best sunsets can be enjoyed from Malecon or Cerro de la calavera, I was speechless when the sun came down and slowly went down the ocean until was gone, Im definitely going back to this Amazing City","['PROPN', 'PROPN', 'PRON', 'AUX', 'NUM', 'ADP', 'DET', 'ADJ', 'NOUN', 'PRON', 'AUX', 'AUX', 'ADP', 'PROPN', 'ADV', 'ADV', 'PUNCT', 'ADV', 'ADJ', 'CCONJ', 'PRON', 'VERB', 'NOUN', 'ADP', 'NOUN', 'PUNCT', 'PRON', 'VERB', 'ADJ', 'ADJ', 'NOUN', 'ADP', 'NOUN', 'ADP', 'DET', 'NOUN', 'PUNCT', 'ADJ', 'NOUN', 'AUX', 'ADJ', 'ADP', 'VERB', 'SCONJ', 'DET', 'NOUN', 'PRON', 'NOUN', 'PUNCT', 'DET', 'ADJ', 'NOUN', 'AUX', 'AUX', 'VERB', 'ADP', 'PROPN', 'CCONJ', 'PROPN', 'X', 'X', 'NOUN', 'PUNCT', 'PRON', 'AUX', 'ADJ', 'SCONJ', 'DET', 'NOUN', 'VERB', 'ADP', 'CCONJ', 'ADV', 'VERB', 'ADP', 'DET', 'NOUN', 'SCONJ', 'AUX', 'VERB', 'PUNCT', 'PRON', 'AUX', 'ADV', 'VERB', 'ADV', 'ADP', 'DET', 'PROPN', 'PROPN']","['it', 'the best city', 'I', 'Mexico', 'everyone', 'respect', 'rules', 'They', 'several great options', 'Tours', 'the city', 'Local beaches', 'the water', 'its warm', 'The best sunsets', 'Malecon', 'Cerro de la calavera', 'I', 'the sun', 'the ocean', 'I', 'this Amazing City']","[{'text': 'One', 'label': 'CARDINAL'}, {'text': 'Mexico', 'label': 'GPE'}, {'text': 'Tours', 'label': 'ORG'}, {'text': 'Malecon', 'label': 'ORG'}, {'text': 'Cerro', 'label': 'ORG'}]",0.05555555555555555
41716,5.0,"Beautiful, lots of restaurants and bars all along. 60 plus minutes to walk from one end to the other","['ADJ', 'PUNCT', 'NOUN', 'ADP', 'NOUN', 'CCONJ', 'NOUN', 'ADV', 'ADV', 'PUNCT', 'NUM', 'CCONJ', 'NOUN', 'PART', 'VERB', 'ADP', 'NUM', 'NOUN', 'ADP', 'DET', 'ADJ']","['Beautiful, lots', 'restaurants', 'bars', 'plus minutes', 'one end']",[],0.0
41717,5.0,"Nice walk, great shops and eateries along the way and nice statues to get pics w.","['ADJ', 'NOUN', 'PUNCT', 'ADJ', 'NOUN', 'CCONJ', 'NOUN', 'ADP', 'DET', 'NOUN', 'CCONJ', 'ADJ', 'NOUN', 'PART', 'VERB', 'NOUN', 'NOUN']","['Nice walk', 'great shops', 'eateries', 'the way', 'nice statues']","[{'text': 'pics w.', 'label': 'PERSON'}]",0.058823529411764705
41730,5.0,"Pretty board walk along the harbor with shops, eateries, activities","['PROPN', 'NOUN', 'VERB', 'ADP', 'DET', 'NOUN', 'ADP', 'NOUN', 'PUNCT', 'NOUN', 'PUNCT', 'NOUN']","['Pretty board', 'the harbor', 'shops', 'eateries', 'activities']",[],0.0
41736,5.0,Great place to watch the sunset and then grab an ice cream after dark and watch the people and families stroll by.,"['ADJ', 'NOUN', 'PART', 'VERB', 'DET', 'NOUN', 'CCONJ', 'ADV', 'VERB', 'DET', 'NOUN', 'NOUN', 'ADP', 'NOUN', 'CCONJ', 'VERB', 'DET', 'NOUN', 'CCONJ', 'NOUN', 'NOUN', 'ADV', 'PUNCT']","['Great place', 'the sunset', 'an ice cream', 'the people', 'families']",[],0.0
41739,2.0,Nice walk however at 1145am1200pm there was quite a few shops closed however the employees were chatting with their friends outside the store entrance. We ask if its open..they said no.. 1 extra star cause the views looking out into the Sea of Cortez was nice,"['ADJ', 'NOUN', 'ADV', 'ADP', 'PROPN', 'PRON', 'VERB', 'DET', 'DET', 'ADJ', 'NOUN', 'VERB', 'ADV', 'DET', 'NOUN', 'AUX', 'VERB', 'ADP', 'PRON', 'NOUN', 'ADP', 'DET', 'NOUN', 'NOUN', 'PUNCT', 'PRON', 'VERB', 'SCONJ', 'PRON', 'AUX', 'ADJ', 'PUNCT', 'PRON', 'VERB', 'INTJ', 'SYM', 'NUM', 'ADJ', 'NOUN', 'VERB', 'DET', 'NOUN', 'VERB', 'ADP', 'ADP', 'DET', 'PROPN', 'ADP', 'PROPN', 'AUX', 'ADJ']","['Nice walk', '11:45am--12:00pm', 'quite a few shops', 'the employees', 'their friends', 'the store entrance', 'We', 'it', 'they', '.. 1 extra star', 'the views', 'the Sea', 'Cortez']","[{'text': 'the Sea of Cortez', 'label': 'LOC'}]",0.0196078431372549
41745,5.0,"The Malecón de La Paz isnt just a boardwalk, its the citys living room, street party, and catwalk rolled into one. Sunsets here flex harder than your Instagram filter, and the ocean view is free therapy. Sculptures Half cool, half what the hell is that, but they keep you entertained between micheladas. By day its joggers and strollers, by night it turns into a neon parade of vendors, performers, and families three generations deep. Miss the Malecón and you didnt just skip a tourist stop you skipped the soul of La Paz.","['DET', 'PROPN', 'ADP', 'PROPN', 'PROPN', 'AUX', 'PART', 'ADV', 'DET', 'NOUN', 'PUNCT', 'PRON', 'DET', 'NOUN', 'NOUN', 'NOUN', 'PUNCT', 'NOUN', 'NOUN', 'PUNCT', 'CCONJ', 'PROPN', 'VERB', 'ADP', 'NUM', 'PUNCT', 'NOUN', 'ADV', 'ADJ', 'ADV', 'ADP', 'PRON', 'PROPN', 'NOUN', 'PUNCT', 'CCONJ', 'DET', 'NOUN', 'NOUN', 'AUX', 'ADJ', 'NOUN', 'PUNCT', 'NOUN', 'PUNCT', 'NOUN', 'ADJ', 'PUNCT', 'DET', 'PRON', 'DET', 'NOUN', 'AUX', 'PRON', 'PUNCT', 'CCONJ', 'PRON', 'VERB', 'PRON', 'VERB', 'ADP', 'PROPN', 'PUNCT', 'ADP', 'NOUN', 'PRON', 'NOUN', 'CCONJ', 'NOUN', 'PUNCT', 'ADP', 'NOUN', 'PRON', 'VERB', 'ADP', 'DET', 'NOUN', 'NOUN', 'ADP', 'NOUN', 'PUNCT', 'NOUN', 'PUNCT', 'CCONJ', 'NOUN', 'NUM', 'NOUN', 'ADJ', 'PUNCT', 'VERB', 'DET', 'PROPN', 'CCONJ', 'PRON', 'AUX', 'PART', 'ADV', 'VERB', 'DET', 'NOUN', 'NOUN', 'PRON', 'VERB', 'DET', 'NOUN', 'ADP', 'PROPN', 'PROPN', 'PUNCT']","['The Malecón de La Paz', 'just a boardwalk', 'its the citys living room', 'street party', 'catwalk', 'Sunsets', 'your Instagram filter', 'the ocean view', 'free therapy', 'Sculptures', 'what', 'the hell', 'that', 'they', 'you', 'micheladas', 'day', 'its joggers', 'strollers', 'night', 'it', 'a neon parade', 'vendors', 'performers', 'families', 'three generations', 'the Malecón', 'you', 'a tourist stop', 'you', 'the soul', 'La Paz']","[{'text': 'The Malecón de La Paz', 'label': 'ORG'}, {'text': 'Instagram', 'label': 'NORP'}, {'text': 'Half', 'label': 'CARDINAL'}, {'text': 'half', 'label': 'CARDINAL'}, {'text': 'day', 'label': 'DATE'}, {'text': 'night', 'label': 'TIME'}, {'text': 'three', 'label': 'CARDINAL'}, {'text': 'Malecón', 'label': 'PERSON'}, {'text': 'La Paz', 'label': 'FAC'}]",0.08256880733944955
41748,5.0,Had a great time in town. Restaurants are good. Felt safe there too.,"['VERB', 'DET', 'ADJ', 'NOUN', 'ADP', 'NOUN', 'PUNCT', 'NOUN', 'AUX', 'ADJ', 'PUNCT', 'VERB', 'ADJ', 'ADV', 'ADV', 'PUNCT']","['a great time', 'town', 'Restaurants']",[],0.0
41756,5.0,Busy anytime during the day but always nice to walk around the malecon. people are friendly traffic can be a little hectic at times but overall a nice place to go for a walk.,"['ADJ', 'ADV', 'ADP', 'DET', 'NOUN', 'CCONJ', 'ADV', 'ADJ', 'PART', 'VERB', 'ADP', 'DET', 'NOUN', 'PUNCT', 'NOUN', 'AUX', 'ADJ', 'NOUN', 'AUX', 'AUX', 'DET', 'ADJ', 'ADJ', 'ADP', 'NOUN', 'CCONJ', 'ADV', 'DET', 'ADJ', 'NOUN', 'PART', 'VERB', 'ADP', 'DET', 'NOUN', 'PUNCT']","['the day', 'the malecon', 'people', 'friendly traffic', 'times', 'a walk']","[{'text': 'the day', 'label': 'DATE'}]",0.027777777777777776
41796,4.0,"Very nice malecón to walk up and down in the evening, after 7pm when temperature is why down. Lots to do, bars, restaurants, shops and more. Get a bike rental to enjoy the entire area.","['ADV', 'ADJ', 'NOUN', 'PART', 'VERB', 'ADV', 'CCONJ', 'ADV', 'ADP', 'DET', 'NOUN', 'PUNCT', 'ADP', 'NUM', 'NOUN', 'SCONJ', 'NOUN', 'AUX', 'SCONJ', 'ADP', 'PUNCT', 'NOUN', 'PART', 'VERB', 'PUNCT', 'NOUN', 'PUNCT', 'NOUN', 'PUNCT', 'NOUN', 'CCONJ', 'ADJ', 'PUNCT', 'VERB', 'DET', 'NOUN', 'NOUN', 'PART', 'VERB', 'DET', 'ADJ', 'NOUN', 'PUNCT']","['Very nice malecón', 'the evening', '7pm', 'temperature', 'Lots', 'bars', 'restaurants', 'shops', 'a bike rental', 'the entire area']","[{'text': 'the evening', 'label': 'TIME'}, {'text': '7pm', 'label': 'TIME'}]",0.046511627906976744
41797,5.0,"Beautiful, but like any popular tourist destination, traffic is crazy and theres no parking. I recommend lotsa sunscreen and a hat. Park a block or 2 away at one of the public, pay parking areas, its like around 20 pesos about a dollar an hour. Id also recommend using the restroom BEFORE you go, theres a scarcity of public bathrooms usually customers only. Hey, its Mexico. Dont expect USA infrastructure, dont go anywhere youre unfamiliar with after dark, and youll be fine.","['ADJ', 'PUNCT', 'CCONJ', 'ADP', 'DET', 'ADJ', 'NOUN', 'NOUN', 'PUNCT', 'NOUN', 'AUX', 'ADJ', 'CCONJ', 'PRON', 'VERB', 'DET', 'NOUN', 'PUNCT', 'PRON', 'VERB', 'PROPN', 'PART', 'NOUN', 'CCONJ', 'DET', 'NOUN', 'PUNCT', 'VERB', 'DET', 'NOUN', 'CCONJ', 'NUM', 'ADV', 'ADP', 'NUM', 'ADP', 'DET', 'NOUN', 'PUNCT', 'VERB', 'NOUN', 'NOUN', 'PUNCT', 'PRON', 'AUX', 'INTJ', 'ADV', 'NUM', 'NOUN', 'PUNCT', 'ADP', 'DET', 'NOUN', 'PUNCT', 'DET', 'NOUN', 'PUNCT', 'PRON', 'AUX', 'ADV', 'VERB', 'VERB', 'DET', 'NOUN', 'SCONJ', 'PRON', 'VERB', 'PUNCT', 'PRON', 'VERB', 'DET', 'NOUN', 'ADP', 'ADJ', 'NOUN', 'PUNCT', 'ADV', 'NOUN', 'ADV', 'PUNCT', 'PUNCT', 'INTJ', 'PUNCT', 'PRON', 'AUX', 'PROPN', 'PUNCT', 'AUX', 'PART', 'VERB', 'PROPN', 'NOUN', 'PUNCT', 'AUX', 'PART', 'VERB', 'ADV', 'PRON', 'AUX', 'ADJ', 'ADP', 'ADP', 'ADJ', 'PUNCT', 'CCONJ', 'PRON', 'AUX', 'AUX', 'ADJ', 'PUNCT']","['any popular tourist destination', 'traffic', 'no parking', 'I', ""lotsa' sunscreen"", 'a hat', 'a block', 'the public', 'parking areas', 'it', 'around 20 pesos', 'about a dollar', 'an hour', 'I', 'the restroom', 'you', 'a scarcity', 'public bathrooms', 'usually customers', 'it', 'Mexico', 'USA infrastructure', 'you', 'you']","[{'text': '2', 'label': 'CARDINAL'}, {'text': 'about a dollar', 'label': 'MONEY'}, {'text': 'an hour', 'label': 'TIME'}, {'text': 'Mexico', 'label': 'GPE'}, {'text': 'USA', 'label': 'GPE'}]",0.045454545454545456
41830,4.0,"We came here to walk and get a quick lunch, is pretty ","['PRON', 'VERB', 'ADV', 'PART', 'VERB', 'CCONJ', 'VERB', 'DET', 'ADJ', 'NOUN', 'PUNCT', 'AUX', 'ADJ', 'PUNCT']","['We', 'a quick lunch']",[],0.0
41861,5.0,One of the best Malecon in Mexico,"['NUM', 'ADP', 'DET', 'ADJ', 'PROPN', 'ADP', 'PROPN', 'PUNCT', 'PUNCT', 'PUNCT']","['the best Malecon', 'Mexico']","[{'text': 'One', 'label': 'CARDINAL'}, {'text': 'Malecon', 'label': 'ORG'}, {'text': 'Mexico', 'label': 'GPE'}]",0.3
41865,5.0,Awesome place,"['NOUN', 'NOUN']",['Awesome place'],[],0.0
41872,5.0,What a nice clean protected area to stroll and buy Goods,"['PRON', 'DET', 'ADJ', 'ADJ', 'VERB', 'NOUN', 'PART', 'VERB', 'CCONJ', 'VERB', 'NOUN']","['What a nice clean protected area', 'Goods']",[],0.0
41877,5.0,Chill and peaceful place to spend your afternoons.,"['NOUN', 'CCONJ', 'ADJ', 'NOUN', 'PART', 'VERB', 'PRON', 'NOUN', 'PUNCT']","['Chill', 'peaceful place', 'your afternoons']","[{'text': 'Chill', 'label': 'ORG'}]",0.1111111111111111
41884,5.0,"Amazing promenade, its perfect for running and even has a biking path. The sunsets are spectacular. There are many restaurants, bars and coffee shops along the strip.","['ADJ', 'NOUN', 'PUNCT', 'PRON', 'NOUN', 'ADP', 'VERB', 'CCONJ', 'ADV', 'VERB', 'DET', 'VERB', 'NOUN', 'PUNCT', 'DET', 'NOUN', 'AUX', 'ADJ', 'PUNCT', 'PRON', 'VERB', 'ADJ', 'NOUN', 'PUNCT', 'NOUN', 'CCONJ', 'NOUN', 'NOUN', 'ADP', 'DET', 'NOUN', 'PUNCT']","['Amazing promenade', 'its perfect', 'a biking path', 'The sunsets', 'many restaurants', 'bars', 'coffee shops', 'the strip']",[],0.0
41893,5.0,"Short trip to La Paz but coming back for sure. El Malecon looks amazing, a lot of Restaurants down the street and shopping. Good vibes walking around","['ADJ', 'NOUN', 'ADP', 'PROPN', 'PROPN', 'CCONJ', 'VERB', 'ADV', 'ADP', 'ADJ', 'PUNCT', 'PROPN', 'PROPN', 'VERB', 'ADJ', 'PUNCT', 'DET', 'NOUN', 'ADP', 'PROPN', 'ADP', 'DET', 'NOUN', 'CCONJ', 'NOUN', 'PUNCT', 'ADJ', 'NOUN', 'VERB', 'ADV', 'PUNCT']","['Short trip', 'La Paz', 'El Malecon', 'Restaurants', 'the street', 'shopping', 'Good vibes']","[{'text': 'La Paz', 'label': 'PERSON'}, {'text': 'El Malecon', 'label': 'ORG'}]",0.06451612903225806
41894,5.0,"Malecon is a beautiful place for fitness and relaxing spot in La Paz. The sea breeze, the people, restaurant is electrifying.","['PROPN', 'AUX', 'DET', 'ADJ', 'NOUN', 'ADP', 'NOUN', 'CCONJ', 'VERB', 'NOUN', 'ADP', 'PROPN', 'PROPN', 'PUNCT', 'DET', 'NOUN', 'NOUN', 'PUNCT', 'DET', 'NOUN', 'PUNCT', 'NOUN', 'AUX', 'VERB', 'PUNCT']","['Malecon', 'a beautiful place', 'fitness and relaxing spot', 'La Paz', 'The sea breeze', 'the people', 'restaurant']","[{'text': 'Malecon', 'label': 'ORG'}, {'text': 'La Paz', 'label': 'FAC'}]",0.08
41913,5.0,Great Scenery. Weather was perfect.,"['PROPN', 'PROPN', 'PUNCT', 'PROPN', 'AUX', 'ADJ', 'PUNCT']","['Great Scenery', 'Weather']","[{'text': 'Weather', 'label': 'PERSON'}]",0.14285714285714285
41923,5.0,"Hot But very nice Need more than a few hours to enjoy, perhaps a couple of days","['INTJ', 'PUNCT', 'CCONJ', 'ADV', 'ADJ', 'PUNCT', 'VERB', 'ADJ', 'ADP', 'DET', 'ADJ', 'NOUN', 'PART', 'VERB', 'PUNCT', 'ADV', 'DET', 'NOUN', 'ADP', 'NOUN', 'PUNCT']","['more than a few hours', 'days']","[{'text': 'a few hours', 'label': 'TIME'}, {'text': 'a couple of days', 'label': 'DATE'}]",0.09523809523809523
41928,5.0,Really a nice walk with tons of place to eat at. Humbrusia was awesome. Sandy sunny beaches you cant get enough of and the locals are fantastic,"['ADV', 'DET', 'ADJ', 'NOUN', 'ADP', 'NOUN', 'ADP', 'NOUN', 'PART', 'VERB', 'ADP', 'PUNCT', 'PROPN', 'AUX', 'ADJ', 'PUNCT', 'ADJ', 'ADJ', 'NOUN', 'PRON', 'AUX', 'PART', 'VERB', 'ADJ', 'ADP', 'CCONJ', 'DET', 'NOUN', 'AUX', 'ADJ', 'PUNCT']","['Really a nice walk', 'tons', 'place', 'Humbrusia', 'Sandy sunny beaches', 'you', 'the locals']","[{'text': 'Humbrusia', 'label': 'GPE'}]",0.03225806451612903
41932,1.0,Dont come here,"['AUX', 'PART', 'VERB', 'ADV']",[],[],0.0
41934,5.0,Beautiful clean and safe place to walk with your family and shop and relax.,"['ADJ', 'ADJ', 'CCONJ', 'ADJ', 'NOUN', 'PART', 'VERB', 'ADP', 'PRON', 'NOUN', 'CCONJ', 'NOUN', 'CCONJ', 'VERB', 'PUNCT']","['Beautiful clean and safe place', 'your family', 'shop']",[],0.0
41966,5.0,The Malecon is a beautiful walk or drive along the amazing La Paz waterfront. Friendly people and lots of cool shops and restaurants. Check out The Hook Experiences if youre looking to make memories on the water  best in town.,"['DET', 'PROPN', 'AUX', 'DET', 'ADJ', 'NOUN', 'CCONJ', 'VERB', 'ADP', 'DET', 'ADJ', 'PROPN', 'PROPN', 'NOUN', 'PUNCT', 'ADJ', 'NOUN', 'CCONJ', 'NOUN', 'ADP', 'ADJ', 'NOUN', 'CCONJ', 'NOUN', 'PUNCT', 'VERB', 'ADP', 'DET', 'PROPN', 'NOUN', 'SCONJ', 'PRON', 'AUX', 'VERB', 'PART', 'VERB', 'NOUN', 'ADP', 'DET', 'NOUN', 'PUNCT', 'ADJ', 'ADP', 'NOUN', 'PUNCT']","['The Malecon', 'a beautiful walk', 'the amazing La Paz waterfront', 'Friendly people', 'lots', 'cool shops', 'restaurants', 'The Hook Experiences', 'you', 'memories', 'town']","[{'text': 'Malecon', 'label': 'ORG'}, {'text': 'La Paz', 'label': 'FAC'}, {'text': 'The Hook Experiences', 'label': 'WORK_OF_ART'}]",0.06666666666666667
41971,5.0,Great place to walk both human and dog,"['ADJ', 'NOUN', 'PART', 'VERB', 'CCONJ', 'NOUN', 'CCONJ', 'NOUN', 'PUNCT']","['Great place', 'both human', 'dog']",[],0.0
41973,5.0,"Absolutely the best. Their tacos are to die for ESPECIALLY the tripa They give you these free sauces, line, chopped lettuce, onions, etc. Basically to put on your tacos. Its delicious. Oh dont forget to order guacamole as well","['ADV', 'DET', 'ADJ', 'PUNCT', 'PRON', 'NOUN', 'AUX', 'PART', 'VERB', 'ADP', 'ADP', 'DET', 'NOUN', 'PUNCT', 'PUNCT', 'PUNCT', 'PRON', 'VERB', 'PRON', 'DET', 'ADJ', 'NOUN', 'PUNCT', 'NOUN', 'PUNCT', 'VERB', 'NOUN', 'PUNCT', 'NOUN', 'PUNCT', 'X', 'X', 'ADV', 'PART', 'VERB', 'ADP', 'PRON', 'NOUN', 'PUNCT', 'PRON', 'AUX', 'ADJ', 'PUNCT', 'INTJ', 'AUX', 'PART', 'VERB', 'PART', 'VERB', 'NOUN', 'ADV', 'ADV', 'PUNCT', 'PUNCT']","['Their tacos', 'the tripa', 'They', 'you', 'these free sauces', 'line', 'chopped lettuce', 'onions', 'your tacos', 'It', 'guacamole']",[],0.0
41974,5.0,Great place to walk and relax and a lot to do food wise,"['ADJ', 'NOUN', 'PART', 'VERB', 'CCONJ', 'VERB', 'CCONJ', 'DET', 'NOUN', 'PART', 'VERB', 'NOUN', 'ADJ']","['Great place', 'a lot', 'food']",[],0.0
41976,5.0,Great early morning walk. I didnt see it the evening but Im sure it will be wonderful,"['ADJ', 'ADJ', 'NOUN', 'NOUN', 'PUNCT', 'PRON', 'AUX', 'PART', 'VERB', 'PRON', 'DET', 'NOUN', 'CCONJ', 'PRON', 'VERB', 'ADJ', 'PRON', 'AUX', 'AUX', 'ADJ']","['Great early morning walk', 'I', 'it', 'I', 'it']","[{'text': 'early morning', 'label': 'TIME'}]",0.05
41991,5.0,It beautiful to water on the Malecon. Well worth the trip.,"['PRON', 'ADJ', 'PART', 'NOUN', 'ADP', 'DET', 'PROPN', 'PUNCT', 'INTJ', 'ADJ', 'DET', 'NOUN', 'PUNCT']","['It beautiful to water', 'the Malecon']","[{'text': 'Malecon', 'label': 'ORG'}]",0.07692307692307693
41992,5.0,Love this place. You can walk very far all along the beach. Many restaurants across the road. Very peaceful and great views.,"['VERB', 'DET', 'NOUN', 'PUNCT', 'PRON', 'AUX', 'VERB', 'ADV', 'ADV', 'ADV', 'ADP', 'DET', 'NOUN', 'PUNCT', 'ADJ', 'NOUN', 'ADP', 'DET', 'NOUN', 'PUNCT', 'ADV', 'ADJ', 'CCONJ', 'ADJ', 'NOUN', 'PUNCT']","['this place', 'You', 'the beach', 'Many restaurants', 'the road', 'Very peaceful and great views']",[],0.0
41996,5.0,Beautiful place A lot of people visit this place in the afternoon,"['ADJ', 'NOUN', 'DET', 'NOUN', 'ADP', 'NOUN', 'VERB', 'DET', 'NOUN', 'ADP', 'DET', 'NOUN']","['Beautiful place', 'A lot', 'people', 'this place', 'the afternoon']","[{'text': 'the afternoon', 'label': 'TIME'}]",0.08333333333333333
42016,5.0,"Great place. Food, shopping, bars, clubs, live music, street vendors, bike and paddleboard rentals, boat tours, snorkeling with whales, beaches, skatepark, a harbor, and marina. You could spend all day and most of the night here. Theres lots to do. Its not a resort area, which makes it way better. You can still find some stuff geared towards northerners without the timeshare vibe","['ADJ', 'NOUN', 'PUNCT', 'NOUN', 'PUNCT', 'NOUN', 'PUNCT', 'NOUN', 'PUNCT', 'NOUN', 'PUNCT', 'ADJ', 'NOUN', 'PUNCT', 'NOUN', 'NOUN', 'PUNCT', 'NOUN', 'CCONJ', 'NOUN', 'NOUN', 'PUNCT', 'NOUN', 'NOUN', 'PUNCT', 'VERB', 'ADP', 'NOUN', 'PUNCT', 'NOUN', 'PUNCT', 'NOUN', 'PUNCT', 'DET', 'NOUN', 'PUNCT', 'CCONJ', 'NOUN', 'PUNCT', 'PRON', 'AUX', 'VERB', 'DET', 'NOUN', 'CCONJ', 'ADJ', 'ADP', 'DET', 'NOUN', 'ADV', 'PUNCT', 'PRON', 'VERB', 'NOUN', 'PART', 'VERB', 'PUNCT', 'PRON', 'AUX', 'PART', 'DET', 'NOUN', 'NOUN', 'PUNCT', 'PRON', 'VERB', 'PRON', 'ADV', 'ADV', 'PUNCT', 'PRON', 'AUX', 'ADV', 'VERB', 'DET', 'NOUN', 'VERB', 'ADP', 'NOUN', 'ADP', 'DET', 'PUNCT', 'NOUN', 'NOUN', 'PUNCT']","['Great place', 'Food', 'shopping', 'bars', 'clubs', 'live music', 'street vendors', 'bike', 'paddleboard rentals', 'boat tours', 'whales', 'beaches', 'skatepark', 'a harbor', 'marina', 'You', 'the night', 'lots', 'It', 'a resort area', 'which', 'it', 'You', 'some stuff', 'northerners', 'the ""timeshare vibe']","[{'text': 'all day', 'label': 'DATE'}]",0.011764705882352941
42027,5.0,"Like the Riviera in France without the pretense. Lots of shops, restaurants, all the gift shops, etc. is laid back and bustling at the same time. No big deal.","['ADP', 'DET', 'PROPN', 'ADP', 'PROPN', 'ADP', 'DET', 'NOUN', 'PUNCT', 'NOUN', 'ADP', 'NOUN', 'PUNCT', 'NOUN', 'PUNCT', 'DET', 'DET', 'NOUN', 'NOUN', 'PUNCT', 'X', 'X', 'AUX', 'VERB', 'ADV', 'CCONJ', 'VERB', 'ADP', 'DET', 'ADJ', 'NOUN', 'PUNCT', 'DET', 'ADJ', 'NOUN', 'PUNCT']","['the Riviera', 'France', 'the pretense', 'Lots', 'shops', 'restaurants', 'all the gift shops', 'the same time', 'No big deal']","[{'text': 'Riviera', 'label': 'ORG'}, {'text': 'France', 'label': 'GPE'}]",0.05555555555555555
42028,5.0,Well done with routes for bikes and walkers in different lanes. Nice art work throughout,"['INTJ', 'VERB', 'ADP', 'NOUN', 'ADP', 'NOUN', 'CCONJ', 'NOUN', 'ADP', 'ADJ', 'NOUN', 'PUNCT', 'ADJ', 'NOUN', 'NOUN', 'ADP']","['routes', 'bikes', 'walkers', 'different lanes', 'Nice art work']",[],0.0
42029,5.0,Beautiful place Lot of places to eat or drink. Very walkable,"['ADJ', 'NOUN', 'PROPN', 'ADP', 'NOUN', 'PART', 'VERB', 'CCONJ', 'VERB', 'PUNCT', 'ADV', 'ADJ']","['Beautiful place Lot', 'places']",[],0.0
42036,5.0,Fun fun fun in the sun There are so many shops eateries and parks you name it Definitely a place to come and hang out or vacation,"['NOUN', 'NOUN', 'NOUN', 'ADP', 'DET', 'NOUN', 'PUNCT', 'PRON', 'VERB', 'ADV', 'ADJ', 'NOUN', 'NOUN', 'CCONJ', 'NOUN', 'PRON', 'VERB', 'PRON', 'PUNCT', 'ADV', 'DET', 'NOUN', 'PART', 'VERB', 'CCONJ', 'VERB', 'ADP', 'CCONJ', 'NOUN', 'PUNCT']","['Fun fun fun', 'the sun', 'so many shops eateries', 'parks', 'you', 'it', 'Definitely a place']",[],0.0
42040,5.0,Its a beautiful malecón with so many nice little restaurants to stop and eat at with a view of the ocean. There are paths for bikes and rollerblades and you can sit on the beach and enjoy a lovely afternoon.,"['PRON', 'AUX', 'DET', 'ADJ', 'NOUN', 'ADP', 'ADV', 'ADJ', 'ADJ', 'ADJ', 'NOUN', 'PART', 'VERB', 'CCONJ', 'VERB', 'ADP', 'ADP', 'DET', 'NOUN', 'ADP', 'DET', 'NOUN', 'PUNCT', 'PRON', 'VERB', 'NOUN', 'ADP', 'NOUN', 'CCONJ', 'NOUN', 'CCONJ', 'PRON', 'AUX', 'VERB', 'ADP', 'DET', 'NOUN', 'CCONJ', 'VERB', 'DET', 'ADJ', 'NOUN', 'PUNCT']","['It', 'a beautiful malecón', 'so many nice little restaurants', 'a view', 'the ocean', 'paths', 'bikes', 'rollerblades', 'you', 'the beach', 'a lovely afternoon']","[{'text': 'a lovely afternoon', 'label': 'TIME'}]",0.023255813953488372
42042,5.0,"One of the more beautiful Malecón in Mexico, a lot of eye candy","['NUM', 'ADP', 'DET', 'ADV', 'ADJ', 'PROPN', 'ADP', 'PROPN', 'PUNCT', 'DET', 'NOUN', 'ADP', 'NOUN', 'NOUN']","['the more beautiful Malecón', 'Mexico', 'a lot', 'eye candy']","[{'text': 'One', 'label': 'CARDINAL'}, {'text': 'Malecón', 'label': 'PERSON'}, {'text': 'Mexico', 'label': 'GPE'}]",0.21428571428571427
42043,5.0,"Beautiful, clean, great walk to see the water in La Paz Loved it at night too, so many families out enjoying the evening","['ADJ', 'PUNCT', 'ADJ', 'PUNCT', 'ADJ', 'NOUN', 'PART', 'VERB', 'DET', 'NOUN', 'ADP', 'PROPN', 'PROPN', 'PROPN', 'VERB', 'PRON', 'ADP', 'NOUN', 'ADV', 'PUNCT', 'ADV', 'ADJ', 'NOUN', 'ADP', 'VERB', 'DET', 'NOUN']","['Beautiful, clean, great walk', 'the water', 'La Paz', '!', 'it', 'night', 'so many families', 'the evening']","[{'text': 'La Paz', 'label': 'FAC'}, {'text': 'night', 'label': 'TIME'}, {'text': 'the evening', 'label': 'TIME'}]",0.1111111111111111
42051,5.0,La Paz is a kick back city with a nice vibe and excellent food. Will definitely be back.,"['PROPN', 'PROPN', 'AUX', 'DET', 'NOUN', 'ADV', 'NOUN', 'ADP', 'DET', 'ADJ', 'NOUN', 'CCONJ', 'ADJ', 'NOUN', 'PUNCT', 'AUX', 'ADV', 'AUX', 'ADV', 'PUNCT']","['La Paz', 'a kick', 'city', 'a nice vibe', 'excellent food']","[{'text': 'La Paz', 'label': 'PERSON'}]",0.05
42056,5.0,What an amazing feeling as soon as I arrived... Beautiful and filled with amazing energy,"['PRON', 'DET', 'ADJ', 'NOUN', 'ADV', 'ADV', 'SCONJ', 'PRON', 'VERB', 'PUNCT', 'ADJ', 'CCONJ', 'VERB', 'ADP', 'ADJ', 'NOUN']","['What an amazing feeling', 'I', 'amazing energy']",[],0.0
42079,5.0,"AUN ME SIGUE SORPRENDIENDO LA TRANQUILIDAD DE ESTE HERMOSO LUGAR A PESAR DE TODOS LOS COMERCIOS Q SIGUEN AGREGANDO, Y NO SE CANSAN DE EMBELLECERLO CON NUEVOS ATRACTIVOS VISUALES, EL RESPETO AL CICLISTA Y LA GRAN CANTIDAD DE BANCAS PARA DISFRUTAR DE LA VISTA","['PROPN', 'PRON', 'NOUN', 'PROPN', 'PROPN', 'PROPN', 'PROPN', 'PROPN', 'PROPN', 'PROPN', 'DET', 'ADJ', 'NOUN', 'PROPN', 'PROPN', 'PROPN', 'PROPN', 'NOUN', 'PROPN', 'PUNCT', 'PROPN', 'DET', 'PROPN', 'PROPN', 'PROPN', 'PROPN', 'PROPN', 'PROPN', 'PROPN', 'PROPN', 'PUNCT', 'PROPN', 'PROPN', 'PROPN', 'PROPN', 'PROPN', 'PROPN', 'VERB', 'PROPN', 'PROPN', 'PROPN', 'PROPN', 'PROPN', 'PROPN', 'PROPN', 'VERB']","['AUN ME', 'SIGUE', 'LA TRANQUILIDAD DE ESTE', 'HERMOSO LUGAR', 'AGREGANDO', 'EL RESPETO AL CICLISTA Y LA', 'CANTIDAD DE BANCAS PARA DISFRUTAR DE LA']","[{'text': 'EL RESPETO AL', 'label': 'ORG'}]",0.021739130434782608
42095,4.0,Easy to walk and run with beautiful views..,"['ADJ', 'PART', 'VERB', 'CCONJ', 'VERB', 'ADP', 'ADJ', 'NOUN', 'PUNCT']",['beautiful views'],[],0.0
42101,5.0,Carnival Festival on the Malecon was tremendous,"['PROPN', 'PROPN', 'ADP', 'DET', 'PROPN', 'AUX', 'ADJ']","['Carnival Festival', 'the Malecon']","[{'text': 'Carnival Festival', 'label': 'ORG'}, {'text': 'Malecon', 'label': 'ORG'}]",0.2857142857142857
42102,5.0,Great spot to walk and enjoy one of the restaurants.,"['ADJ', 'NOUN', 'PART', 'VERB', 'CCONJ', 'VERB', 'NUM', 'ADP', 'DET', 'NOUN', 'PUNCT']","['Great spot', 'the restaurants']",[],0.0
42106,5.0,"Very beautiful boardwalk with lots of shops and restaurants, a lot more laid back than Cabo San Lucas.","['ADV', 'ADJ', 'NOUN', 'ADP', 'NOUN', 'ADP', 'NOUN', 'CCONJ', 'NOUN', 'PUNCT', 'DET', 'NOUN', 'ADV', 'VERB', 'ADV', 'ADP', 'PROPN', 'PROPN', 'PROPN', 'PUNCT']","['lots', 'shops', 'restaurants', 'Cabo San Lucas']","[{'text': 'Cabo San Lucas', 'label': 'LOC'}]",0.05
42107,5.0,Beautiful place for a stroll or a slow bike ride along the beach. Stop in many of the restaurants along the way for great food.,"['ADJ', 'NOUN', 'ADP', 'DET', 'NOUN', 'CCONJ', 'DET', 'ADJ', 'NOUN', 'NOUN', 'ADP', 'DET', 'NOUN', 'PUNCT', 'VERB', 'ADP', 'ADJ', 'ADP', 'DET', 'NOUN', 'ADP', 'DET', 'NOUN', 'ADP', 'ADJ', 'NOUN', 'PUNCT']","['Beautiful place', 'a stroll', 'a slow bike ride', 'the beach', 'the restaurants', 'the way', 'great food']",[],0.0
42117,4.0,"Something is just so great about walking on the sidewalk  Malecón right by the water. People watch, look for whales and dolphins, karoke with people lolits great.","['PRON', 'AUX', 'ADV', 'ADV', 'ADJ', 'ADP', 'VERB', 'ADP', 'DET', 'NOUN', 'PUNCT', 'PROPN', 'PUNCT', 'ADV', 'ADP', 'DET', 'NOUN', 'PUNCT', 'NOUN', 'VERB', 'PUNCT', 'VERB', 'ADP', 'NOUN', 'CCONJ', 'NOUN', 'PUNCT', 'VERB', 'ADP', 'NOUN', 'NOUN', 'PART', 'ADJ', 'PUNCT']","['Something', 'the sidewalk', 'Malecón', 'the water', 'People', 'whales', 'dolphins']","[{'text': 'Malecón', 'label': 'PERSON'}]",0.029411764705882353
42118,5.0,"The road it on our bikes, very enjoyable. Where is designated trails for bikes.","['DET', 'NOUN', 'PRON', 'ADP', 'PRON', 'NOUN', 'PUNCT', 'ADV', 'ADJ', 'PUNCT', 'SCONJ', 'AUX', 'VERB', 'NOUN', 'ADP', 'NOUN', 'PUNCT']","['The road', 'it', 'our bikes', 'trails', 'bikes']",[],0.0
42124,5.0,"Youre immediately transport into a relaxing and chill atmosphere once you step onto this beachfront. There are people playing music, skateboarding, rollerblading and playing volleyball. A stroll is quick to ease your mind.","['PRON', 'AUX', 'ADV', 'VERB', 'ADP', 'DET', 'VERB', 'CCONJ', 'NOUN', 'NOUN', 'SCONJ', 'PRON', 'VERB', 'ADP', 'DET', 'NOUN', 'PUNCT', 'PRON', 'VERB', 'NOUN', 'VERB', 'NOUN', 'PUNCT', 'NOUN', 'PUNCT', 'VERB', 'CCONJ', 'VERB', 'NOUN', 'PUNCT', 'DET', 'NOUN', 'AUX', 'ADJ', 'PART', 'VERB', 'PRON', 'NOUN', 'PUNCT']","['You', 'a relaxing and chill atmosphere', 'you', 'this beachfront', 'people', 'music', 'skateboarding', 'volleyball', 'A stroll', 'your mind']",[],0.0
42127,5.0,If youre visiting la paz you have to take a walk around the Malecon. Take a walk along the side of the beach. There is a park and a variety of places you can grab dessert or grab some food. I feel like this is where the locals hang out or cruze around.,"['SCONJ', 'PRON', 'AUX', 'VERB', 'ADP', 'PROPN', 'PRON', 'VERB', 'PART', 'VERB', 'DET', 'NOUN', 'ADP', 'DET', 'PROPN', 'PUNCT', 'VERB', 'DET', 'NOUN', 'ADP', 'DET', 'NOUN', 'ADP', 'DET', 'NOUN', 'PUNCT', 'PRON', 'VERB', 'DET', 'NOUN', 'CCONJ', 'DET', 'NOUN', 'ADP', 'NOUN', 'PRON', 'AUX', 'VERB', 'NOUN', 'CCONJ', 'VERB', 'DET', 'NOUN', 'PUNCT', 'PRON', 'VERB', 'SCONJ', 'PRON', 'AUX', 'SCONJ', 'DET', 'NOUN', 'VERB', 'ADP', 'CCONJ', 'VERB', 'ADV', 'PUNCT']","['you', 'la paz', 'you', 'a walk', 'the Malecon', 'a walk', 'the side', 'the beach', 'a park', 'a variety', 'places', 'you', 'dessert', 'some food', 'I', 'this', 'the locals']","[{'text': 'Malecon', 'label': 'GPE'}]",0.017241379310344827
42134,5.0,Very pretty. This is a great place to go for a run or a bike ride day or night.,"['ADV', 'ADJ', 'PUNCT', 'PRON', 'AUX', 'DET', 'ADJ', 'NOUN', 'PART', 'VERB', 'ADP', 'DET', 'NOUN', 'CCONJ', 'DET', 'NOUN', 'NOUN', 'NOUN', 'CCONJ', 'NOUN', 'PUNCT']","['This', 'a great place', 'a run', 'a bike ride day', 'night']",[],0.0
42139,4.0,"Interesting water front, when tide is out it looks rather scrappy. But when the water is up its beautiful.","['ADJ', 'NOUN', 'NOUN', 'PUNCT', 'SCONJ', 'NOUN', 'AUX', 'ADV', 'PRON', 'VERB', 'ADV', 'ADJ', 'PUNCT', 'CCONJ', 'SCONJ', 'DET', 'NOUN', 'AUX', 'ADP', 'PRON', 'ADJ', 'PUNCT']","['Interesting water front', 'tide', 'it', 'the water']",[],0.0
42146,5.0,"The Malecón in La Paz, Baja California Sur, is a 5kilometer stretch where you can walk, jog, or ride your bike. Its incredibly picturesque, with charming shops where you can buy souvenirs or simply enjoy the music played by musicians near the pier. Families stroll together, creating an atmosphere that feels like a dream neighborhood. Youll find restaurants to suit all budgets, offering some of the best seafood, including tuna, yellowfin, sea bass, or jurel. Its the perfect spot for a sunset dinner. We fell in love with this city it makes you feel safe, welcome, and well taken care of. The service is phenomenal. It was a truly special time that well always cherish in our memories. Jacqueline Fritz","['DET', 'PROPN', 'ADP', 'PROPN', 'PROPN', 'PUNCT', 'PROPN', 'PROPN', 'PROPN', 'PUNCT', 'AUX', 'DET', 'NUM', 'PUNCT', 'NOUN', 'NOUN', 'SCONJ', 'PRON', 'AUX', 'VERB', 'PUNCT', 'NOUN', 'PUNCT', 'CCONJ', 'VERB', 'PRON', 'NOUN', 'PUNCT', 'PRON', 'ADV', 'ADJ', 'PUNCT', 'ADP', 'ADJ', 'NOUN', 'SCONJ', 'PRON', 'AUX', 'VERB', 'NOUN', 'CCONJ', 'ADV', 'VERB', 'DET', 'NOUN', 'VERB', 'ADP', 'NOUN', 'ADP', 'DET', 'NOUN', 'PUNCT', 'NOUN', 'VERB', 'ADV', 'PUNCT', 'VERB', 'DET', 'NOUN', 'PRON', 'VERB', 'ADP', 'DET', 'NOUN', 'NOUN', 'PUNCT', 'PRON', 'AUX', 'VERB', 'NOUN', 'PART', 'VERB', 'DET', 'NOUN', 'PUNCT', 'VERB', 'PRON', 'ADP', 'DET', 'ADJ', 'NOUN', 'PUNCT', 'VERB', 'NOUN', 'PUNCT', 'ADJ', 'PUNCT', 'NOUN', 'NOUN', 'PUNCT', 'CCONJ', 'NOUN', 'PUNCT', 'PRON', 'DET', 'ADJ', 'NOUN', 'ADP', 'DET', 'NOUN', 'NOUN', 'PUNCT', 'PRON', 'VERB', 'ADP', 'NOUN', 'ADP', 'DET', 'NOUN', 'PRON', 'VERB', 'PRON', 'VERB', 'ADJ', 'PUNCT', 'ADJ', 'PUNCT', 'CCONJ', 'ADV', 'VERB', 'NOUN', 'ADP', 'PUNCT', 'DET', 'NOUN', 'AUX', 'ADJ', 'PUNCT', 'PRON', 'AUX', 'DET', 'ADV', 'ADJ', 'NOUN', 'PRON', 'INTJ', 'ADV', 'VERB', 'ADP', 'PRON', 'NOUN', 'PUNCT', 'PROPN', 'PROPN']","['The Malecón', 'La Paz', 'Baja California Sur', 'a 5-kilometer stretch', 'you', 'your bike', 'charming shops', 'you', 'souvenirs', 'the music', 'musicians', 'the pier', 'Families', 'an atmosphere', 'that', 'a dream neighborhood', 'You', 'restaurants', 'all budgets', 'some', 'the best seafood', 'tuna', 'sea bass', 'jurel', 'Its the perfect spot', 'a sunset dinner', 'We', 'love', 'this city', 'it', 'you', 'care', 'The service', 'It', 'a truly special time', 'that', 'our memories', 'Jacqueline Fritz']","[{'text': 'La Paz', 'label': 'GPE'}, {'text': 'Baja California Sur', 'label': 'ORG'}, {'text': '5-kilometer', 'label': 'QUANTITY'}, {'text': 'Jacqueline Fritz', 'label': 'PERSON'}]",0.027777777777777776
42157,5.0,"La Paz visit at the end of December 2023. Nice quiet town. Stayed at Posada Las Flores, great location at the end of the Malecon, which. is the center of everything. Hotel was good, location excellent. clean, safe and very helpful management. Do not expect a 5 star rating. We took a tour to Espiritu Santo Island. About 7 hours long, beautiful beaches, snorkeling if you wanted too. The water was kind of cold. you may need a wet suit.We also went to Tecolote beach and rented jet skis, nice experience. 100 per hour. We saw Belentra beach from the boat during the island trip. Beautiful, but empty, no facilities at all. This is a protected area so access is limited. Many places to eat, Bismark is good, Veracruz style fish is the best. Central for breakfast, ice cream at Michocan, try guanabana, exotic fruit, delicious. At the same corner I am almost sure, may be off 1 block there is a hot dog and hamburger vendor, you have to try. Incredibly delicious.","['PROPN', 'PROPN', 'NOUN', 'ADP', 'DET', 'NOUN', 'ADP', 'PROPN', 'NUM', 'PUNCT', 'ADJ', 'ADJ', 'NOUN', 'PUNCT', 'VERB', 'ADP', 'PROPN', 'PROPN', 'PROPN', 'PUNCT', 'ADJ', 'NOUN', 'ADP', 'DET', 'NOUN', 'ADP', 'DET', 'PROPN', 'PUNCT', 'PRON', 'PUNCT', 'AUX', 'DET', 'NOUN', 'ADP', 'PRON', 'PUNCT', 'PROPN', 'AUX', 'ADJ', 'PUNCT', 'NOUN', 'ADJ', 'PUNCT', 'ADJ', 'PUNCT', 'ADJ', 'CCONJ', 'ADV', 'ADJ', 'NOUN', 'PUNCT', 'AUX', 'PART', 'VERB', 'DET', 'NUM', 'NOUN', 'NOUN', 'PUNCT', 'PRON', 'VERB', 'DET', 'NOUN', 'ADP', 'PROPN', 'PROPN', 'PROPN', 'PUNCT', 'ADV', 'NUM', 'NOUN', 'ADJ', 'PUNCT', 'ADJ', 'NOUN', 'PUNCT', 'VERB', 'SCONJ', 'PRON', 'VERB', 'ADV', 'PUNCT', 'DET', 'NOUN', 'AUX', 'ADV', 'ADV', 'ADJ', 'PUNCT', 'PRON', 'AUX', 'VERB', 'DET', 'ADJ', 'NOUN', 'PUNCT', 'PRON', 'ADV', 'VERB', 'ADP', 'PROPN', 'NOUN', 'CCONJ', 'VERB', 'NOUN', 'NOUN', 'PUNCT', 'ADJ', 'NOUN', 'PUNCT', 'NUM', 'ADP', 'NOUN', 'PUNCT', 'PRON', 'VERB', 'PROPN', 'NOUN', 'ADP', 'DET', 'NOUN', 'ADP', 'DET', 'NOUN', 'NOUN', 'PUNCT', 'ADJ', 'PUNCT', 'CCONJ', 'ADJ', 'PUNCT', 'DET', 'NOUN', 'ADV', 'ADV', 'PUNCT', 'PRON', 'AUX', 'DET', 'VERB', 'NOUN', 'SCONJ', 'NOUN', 'AUX', 'ADJ', 'PUNCT', 'ADJ', 'NOUN', 'PART', 'VERB', 'PUNCT', 'PROPN', 'AUX', 'ADJ', 'PUNCT', 'PROPN', 'NOUN', 'NOUN', 'AUX', 'DET', 'ADJ', 'PUNCT', 'ADJ', 'ADP', 'NOUN', 'PUNCT', 'NOUN', 'NOUN', 'ADP', 'PROPN', 'PUNCT', 'VERB', 'ADJ', 'PUNCT', 'ADJ', 'NOUN', 'PUNCT', 'ADJ', 'PUNCT', 'ADP', 'DET', 'ADJ', 'NOUN', 'PUNCT', 'PRON', 'AUX', 'ADV', 'ADJ', 'PUNCT', 'AUX', 'AUX', 'ADV', 'NUM', 'NOUN', 'PUNCT', 'PRON', 'VERB', 'DET', 'ADJ', 'NOUN', 'CCONJ', 'NOUN', 'NOUN', 'PUNCT', 'PRON', 'VERB', 'PART', 'VERB', 'PUNCT', 'ADV', 'ADJ', 'PUNCT']","['La Paz visit', 'the end', 'December', 'Nice quiet town', 'Posada Las Flores', 'great location', 'the end', 'the Malecon', 'which', 'the center', 'everything', 'Hotel', 'clean, safe and very helpful management', 'a 5 star rating', 'We', 'a tour', 'Espiritu Santo Island', 'About 7 hours long, beautiful beaches', 'you', 'The water', 'you', 'a wet suit', 'We', 'Tecolote beach', 'jet skis', 'nice experience', 'hour', 'We', 'Belentra', 'the boat', 'the island trip', 'Beautiful, but empty, no facilities', 'This', 'a protected area', 'access', 'Many places', 'Bismark', 'Veracruz style fish', 'breakfast', 'ice cream', 'Michocan', 'exotic fruit', 'the same corner', 'I', 'a hot dog', 'hamburger vendor', 'you']","[{'text': 'the end of December 2023', 'label': 'DATE'}, {'text': 'Posada Las Flores', 'label': 'FAC'}, {'text': 'Malecon', 'label': 'ORG'}, {'text': '5', 'label': 'CARDINAL'}, {'text': 'Espiritu Santo Island', 'label': 'ORG'}, {'text': 'About 7 hours', 'label': 'TIME'}, {'text': 'Tecolote beach', 'label': 'GPE'}, {'text': '100 per hour', 'label': 'TIME'}, {'text': 'Belentra', 'label': 'PERSON'}, {'text': 'Bismark', 'label': 'GPE'}, {'text': 'Veracruz', 'label': 'NORP'}, {'text': 'Michocan', 'label': 'GPE'}, {'text': '1', 'label': 'CARDINAL'}]",0.06103286384976526
42158,5.0,Beautiful clean location with lots of shops and good restaurants,"['ADJ', 'ADJ', 'NOUN', 'ADP', 'NOUN', 'ADP', 'NOUN', 'CCONJ', 'ADJ', 'NOUN', 'PUNCT']","['Beautiful clean location', 'lots', 'shops', 'good restaurants']",[],0.0
42171,5.0,Beautiful views. Wonderful bike path. Many art installations photo worthy.,"['ADJ', 'NOUN', 'PUNCT', 'ADJ', 'NOUN', 'NOUN', 'PUNCT', 'ADJ', 'NOUN', 'NOUN', 'NOUN', 'ADJ', 'PUNCT']","['Beautiful views', 'Wonderful bike path', 'Many art installations photo']",[],0.0
42179,5.0,Nice and clean Great views Lots of nice decoration,"['ADJ', 'CCONJ', 'ADJ', 'ADJ', 'VERB', 'NOUN', 'ADP', 'ADJ', 'NOUN']","['Nice and clean Great views Lots', 'nice decoration']",[],0.0
42196,5.0,Me gusto mucho,"['PRON', 'NOUN', 'NOUN']",['Me gusto mucho'],[],0.0
42200,5.0,The Malecon is beautiful anytime of day. Its calm peaceful throughout the day and lively and densely populated in the evening. I love everything about La Paz. Its definitely one of my favorite destinations to escape to.,"['DET', 'PROPN', 'AUX', 'ADJ', 'NOUN', 'ADP', 'NOUN', 'PUNCT', 'PRON', 'AUX', 'ADJ', 'ADJ', 'ADP', 'DET', 'NOUN', 'CCONJ', 'ADJ', 'CCONJ', 'ADV', 'VERB', 'ADP', 'DET', 'NOUN', 'PUNCT', 'PRON', 'VERB', 'PRON', 'ADP', 'PROPN', 'PROPN', 'PUNCT', 'PRON', 'AUX', 'ADV', 'NUM', 'ADP', 'PRON', 'ADJ', 'NOUN', 'PART', 'VERB', 'ADP', 'PUNCT']","['The Malecon', 'day', 'It', 'the day', 'the evening', 'I', 'everything', 'La Paz', 'It', 'my favorite destinations']","[{'text': 'Malecon', 'label': 'ORG'}, {'text': 'the day', 'label': 'DATE'}]",0.046511627906976744
42212,4.0,"Very clean and pretty Malecon. The vendors are not aggressive like we experienced in Cancun, Plays del Carmen, Los Cabos and Puerto Vallarta. Some dog poop, so be careful","['ADV', 'ADJ', 'CCONJ', 'ADJ', 'PROPN', 'PUNCT', 'DET', 'NOUN', 'AUX', 'PART', 'ADJ', 'SCONJ', 'PRON', 'VERB', 'ADP', 'PROPN', 'PUNCT', 'VERB', 'PROPN', 'PROPN', 'PUNCT', 'PROPN', 'PROPN', 'CCONJ', 'PROPN', 'PROPN', 'PUNCT', 'DET', 'NOUN', 'NOUN', 'PUNCT', 'ADV', 'AUX', 'ADJ', 'PUNCT']","['pretty Malecon', 'The vendors', 'we', 'Cancun', 'Plays del Carmen', 'Los Cabos', 'Puerto Vallarta', 'Some dog poop']","[{'text': 'Malecon', 'label': 'ORG'}, {'text': 'Cancun', 'label': 'GPE'}, {'text': 'Plays del Carmen', 'label': 'ORG'}, {'text': 'Los Cabos', 'label': 'GPE'}, {'text': 'Puerto Vallarta', 'label': 'GPE'}]",0.14285714285714285
42215,5.0,Awesome place to hang out.,"['ADJ', 'NOUN', 'PART', 'VERB', 'ADP', 'PUNCT']",['Awesome place'],[],0.0
42219,5.0,Beautifull and relaxing walking place,"['VERB', 'CCONJ', 'VERB', 'NOUN', 'NOUN']",['walking place'],"[{'text': 'Beautifull', 'label': 'PERSON'}]",0.2
42228,5.0,Peaceful long sidewalk by the Sea of Cortez,"['ADJ', 'ADJ', 'NOUN', 'ADP', 'DET', 'PROPN', 'ADP', 'PROPN']","['Peaceful long sidewalk', 'the Sea', 'Cortez']","[{'text': 'the Sea of Cortez', 'label': 'LOC'}]",0.125
42234,4.0,"Always a pleasure to walk on the malecón. Dogs are welcome. Families, kids. Lovely view of the water","['ADV', 'DET', 'NOUN', 'PART', 'VERB', 'ADP', 'DET', 'NOUN', 'PUNCT', 'PROPN', 'AUX', 'ADJ', 'PUNCT', 'NOUN', 'PUNCT', 'NOUN', 'PUNCT', 'ADJ', 'NOUN', 'ADP', 'DET', 'NOUN']","['Always a pleasure', 'the malecón', 'Dogs', 'Families', 'kids', 'Lovely view', 'the water']",[],0.0
42253,5.0,One of the most beautiful places on earth,"['NUM', 'ADP', 'DET', 'ADV', 'ADJ', 'NOUN', 'ADP', 'NOUN']","['the most beautiful places', 'earth']","[{'text': 'One', 'label': 'CARDINAL'}]",0.125
42254,5.0,Very nice and busy. The shops and restaurants are so beautiful. The ocean was warm but a little rocky at the shoreline.,"['ADV', 'ADJ', 'CCONJ', 'ADJ', 'PUNCT', 'DET', 'NOUN', 'CCONJ', 'NOUN', 'AUX', 'ADV', 'ADJ', 'PUNCT', 'DET', 'NOUN', 'AUX', 'ADJ', 'CCONJ', 'DET', 'ADJ', 'ADJ', 'ADP', 'DET', 'NOUN', 'PUNCT']","['The shops', 'restaurants', 'The ocean', 'the shoreline']",[],0.0
42266,5.0,Beautiful place to get away from the common routine. Lots of options for food and Entertainment.,"['ADJ', 'NOUN', 'PART', 'VERB', 'ADV', 'ADP', 'DET', 'ADJ', 'NOUN', 'PUNCT', 'NOUN', 'ADP', 'NOUN', 'ADP', 'NOUN', 'CCONJ', 'PROPN', 'PUNCT']","['Beautiful place', 'the common routine', 'Lots', 'options', 'food', 'Entertainment']","[{'text': 'food and Entertainment', 'label': 'ORG'}]",0.05555555555555555
42272,5.0,The Malecon great place to excersice or just walk and people friendly and the plus side furry baby friendly..,"['DET', 'PROPN', 'ADJ', 'NOUN', 'PART', 'VERB', 'CCONJ', 'ADV', 'VERB', 'CCONJ', 'NOUN', 'ADJ', 'CCONJ', 'DET', 'ADJ', 'NOUN', 'ADJ', 'NOUN', 'ADJ', 'PUNCT']","['The Malecon great place', 'people', 'the plus side', 'furry baby']","[{'text': 'Malecon', 'label': 'ORG'}]",0.05
42292,5.0,"Just beautiful. Best place for photos, activities and food. Touristic activities around. Including snorkel, scubba diving on sunk boats, visit to Espíritu Santo Island, pedal, kayak, hiking, multiple beaches, sandboard, etc. From beaches with services and virgin beaches.","['ADV', 'ADJ', 'PUNCT', 'ADJ', 'NOUN', 'ADP', 'NOUN', 'PUNCT', 'NOUN', 'CCONJ', 'NOUN', 'PUNCT', 'ADJ', 'NOUN', 'ADV', 'PUNCT', 'VERB', 'NOUN', 'PUNCT', 'NOUN', 'NOUN', 'ADP', 'ADJ', 'NOUN', 'PUNCT', 'VERB', 'ADP', 'PROPN', 'PROPN', 'PROPN', 'PUNCT', 'NOUN', 'PUNCT', 'NOUN', 'PUNCT', 'NOUN', 'PUNCT', 'ADJ', 'NOUN', 'PUNCT', 'NOUN', 'PUNCT', 'X', 'X', 'ADP', 'NOUN', 'ADP', 'NOUN', 'CCONJ', 'ADJ', 'NOUN', 'PUNCT']","['Best place', 'photos', 'activities', 'food', 'Touristic activities', 'snorkel', 'scubba diving', 'sunk boats', 'Espíritu Santo Island', 'pedal', 'kayak', 'hiking', 'multiple beaches', 'sandboard', 'beaches', 'services', 'virgin beaches']","[{'text': 'Espíritu Santo Island', 'label': 'ORG'}, {'text': 'kayak', 'label': 'ORG'}]",0.038461538461538464
42297,5.0,"Such a beautiful place. Sand, sunsets, hammocks, volleyball, and plenty of culture.","['DET', 'DET', 'ADJ', 'NOUN', 'PUNCT', 'NOUN', 'PUNCT', 'NOUN', 'PUNCT', 'NOUN', 'PUNCT', 'NOUN', 'PUNCT', 'CCONJ', 'NOUN', 'ADP', 'NOUN', 'PUNCT']","['Such a beautiful place', 'Sand, sunsets', 'hammocks', 'volleyball', 'plenty', 'culture']",[],0.0
42310,5.0,The best Malecon I have ever visited.,"['DET', 'ADJ', 'PROPN', 'PRON', 'AUX', 'ADV', 'VERB', 'PUNCT']","['The best Malecon', 'I']","[{'text': 'Malecon', 'label': 'ORG'}]",0.125
42321,4.0,It is Fun and Nice.,"['PRON', 'AUX', 'PROPN', 'CCONJ', 'PROPN', 'PUNCT']","['It', 'Fun', 'Nice']",[],0.0
42331,5.0,Great place to walk around with your family.,"['ADJ', 'NOUN', 'PART', 'VERB', 'ADV', 'ADP', 'PRON', 'NOUN', 'PUNCT']","['Great place', 'your family']",[],0.0
42338,4.0,"Limited options for food and entertainment, no wifi","['ADJ', 'NOUN', 'ADP', 'NOUN', 'CCONJ', 'NOUN', 'PUNCT', 'DET', 'NOUN']","['Limited options', 'food', 'entertainment', 'no wifi']",[],0.0
42353,5.0,Nice place to take a stroll. Great scenery and always something happening.,"['ADJ', 'NOUN', 'PART', 'VERB', 'DET', 'NOUN', 'PUNCT', 'ADJ', 'NOUN', 'CCONJ', 'ADV', 'PRON', 'VERB', 'PUNCT']","['Nice place', 'a stroll', 'Great scenery', 'always something']",[],0.0
42363,5.0,"A very special place where there is always something to see, eat, or catch a cold drink.","['DET', 'ADV', 'ADJ', 'NOUN', 'SCONJ', 'PRON', 'VERB', 'ADV', 'PRON', 'PART', 'VERB', 'PUNCT', 'VERB', 'PUNCT', 'CCONJ', 'VERB', 'DET', 'ADJ', 'NOUN', 'PUNCT']","['A very special place', 'something', 'a cold drink']",[],0.0
42368,5.0,What a great place to spend time with a loved one. So nice to walk next to all of the boats. Got engaged at one of the little beaches. Such a romantic area.,"['PRON', 'DET', 'ADJ', 'NOUN', 'PART', 'VERB', 'NOUN', 'ADP', 'DET', 'VERB', 'NOUN', 'PUNCT', 'ADV', 'ADJ', 'PART', 'VERB', 'ADV', 'ADP', 'PRON', 'ADP', 'DET', 'NOUN', 'PUNCT', 'AUX', 'VERB', 'ADP', 'NUM', 'ADP', 'DET', 'ADJ', 'NOUN', 'PUNCT', 'DET', 'DET', 'ADJ', 'NOUN', 'PUNCT']","['What a great place', 'time', 'a loved one', 'all', 'the boats', 'the little beaches', 'Such a romantic area']",[],0.0
42378,5.0,Loved it here. Peaceful and vibrant at the same time.,"['VERB', 'PRON', 'ADV', 'PUNCT', 'ADJ', 'CCONJ', 'ADJ', 'ADP', 'DET', 'ADJ', 'NOUN', 'PUNCT']","['it', 'the same time']",[],0.0
42389,5.0,"Great place to enjoy an afternoon or evening walk. Always buzzing with activity, a very lively and relaxing atmosphere.","['ADJ', 'NOUN', 'PART', 'VERB', 'DET', 'NOUN', 'CCONJ', 'NOUN', 'NOUN', 'PUNCT', 'ADV', 'VERB', 'ADP', 'NOUN', 'PUNCT', 'DET', 'ADV', 'ADJ', 'CCONJ', 'VERB', 'NOUN', 'PUNCT']","['Great place', 'an afternoon or evening walk', 'activity', 'a very lively and relaxing atmosphere']","[{'text': 'an afternoon', 'label': 'TIME'}, {'text': 'evening', 'label': 'TIME'}]",0.09090909090909091
42394,5.0,"Relaxing and with a chill vibe you can walk my absolute favorite was watching the sunset. It is very kid friendly and has several playgrounds. Throughout the Malecón there are several restaurants, skatebike park, shops, and ice cream.","['VERB', 'CCONJ', 'ADP', 'DET', 'NOUN', 'NOUN', 'PRON', 'AUX', 'VERB', 'PRON', 'ADJ', 'NOUN', 'AUX', 'VERB', 'DET', 'NOUN', 'PUNCT', 'PRON', 'AUX', 'ADV', 'ADJ', 'ADJ', 'CCONJ', 'VERB', 'ADJ', 'NOUN', 'PUNCT', 'ADP', 'DET', 'PROPN', 'PRON', 'VERB', 'ADJ', 'NOUN', 'PUNCT', 'PROPN', 'PROPN', 'PUNCT', 'NOUN', 'PUNCT', 'CCONJ', 'NOUN', 'NOUN', 'PUNCT']","['a chill vibe', 'you', 'my absolute favorite', 'the sunset', 'It', 'several playgrounds', 'the Malecón', 'several restaurants', 'skatebike park', 'shops', 'ice cream']","[{'text': 'Malecón', 'label': 'PERSON'}]",0.022727272727272728
42401,5.0,One of rhe most beautiful and peaceful places I know,"['NUM', 'ADP', 'NOUN', 'ADV', 'ADJ', 'CCONJ', 'ADJ', 'NOUN', 'PRON', 'VERB']","['rhe', 'most beautiful and peaceful places', 'I']","[{'text': 'One', 'label': 'CARDINAL'}]",0.1
42403,5.0,Great town. Wish they had more street vendors on the malecón after clubs closed. Beaches were clean. People were friendly. I recommend Hotel Pekín nothing luxurious but clean and on the malecón. Also take morning or evening walks.,"['ADJ', 'NOUN', 'PUNCT', 'VERB', 'PRON', 'VERB', 'ADJ', 'NOUN', 'NOUN', 'ADP', 'DET', 'NOUN', 'SCONJ', 'NOUN', 'VERB', 'PUNCT', 'NOUN', 'AUX', 'ADJ', 'PUNCT', 'NOUN', 'AUX', 'ADJ', 'PUNCT', 'PRON', 'VERB', 'PROPN', 'PROPN', 'PRON', 'ADJ', 'CCONJ', 'ADJ', 'CCONJ', 'ADP', 'DET', 'NOUN', 'PUNCT', 'ADV', 'VERB', 'NOUN', 'CCONJ', 'NOUN', 'NOUN', 'PUNCT']","['Great town', 'they', 'more street vendors', 'the malecón', 'clubs', 'Beaches', 'People', 'I', 'Hotel Pekín', 'nothing', 'the malecón', 'morning or evening walks']","[{'text': 'Hotel Pekín', 'label': 'ORG'}, {'text': 'morning', 'label': 'TIME'}, {'text': 'evening', 'label': 'TIME'}]",0.06818181818181818
42405,5.0,"The Malecón is a fun family place. Make sure to plan for nice anytime walks, runs, exercise. When visiting with the family at night and after dinner walk to get an ice cream to paleteria la fuente for example. You can decide to sit down on many of the benches to people watch, or enjoy some local entertainment on the street. Its a very relaxing, safe, all people and animals friendly. Love the vibe.","['DET', 'PROPN', 'AUX', 'DET', 'ADJ', 'NOUN', 'NOUN', 'PUNCT', 'VERB', 'ADJ', 'PART', 'VERB', 'ADP', 'ADJ', 'ADJ', 'NOUN', 'PUNCT', 'NOUN', 'PUNCT', 'NOUN', 'PUNCT', 'SCONJ', 'VERB', 'ADP', 'DET', 'NOUN', 'ADP', 'NOUN', 'CCONJ', 'ADP', 'NOUN', 'VERB', 'PART', 'VERB', 'DET', 'NOUN', 'NOUN', 'ADP', 'PROPN', 'PROPN', 'NOUN', 'ADP', 'NOUN', 'PUNCT', 'PRON', 'AUX', 'VERB', 'PART', 'VERB', 'ADP', 'ADP', 'ADJ', 'ADP', 'DET', 'NOUN', 'ADP', 'NOUN', 'VERB', 'PUNCT', 'CCONJ', 'VERB', 'DET', 'ADJ', 'NOUN', 'ADP', 'DET', 'NOUN', 'PUNCT', 'PRON', 'AUX', 'DET', 'ADV', 'ADJ', 'PUNCT', 'ADJ', 'PUNCT', 'DET', 'NOUN', 'CCONJ', 'NOUN', 'ADJ', 'PUNCT', 'VERB', 'DET', 'NOUN', 'PUNCT']","['The Malecón', 'a fun family place', 'nice anytime walks', 'runs', 'the family', 'night', 'an ice cream', 'paleteria la fuente', 'example', 'You', 'the benches', 'people', 'some local entertainment', 'the street', 'It', 'a very relaxing, safe, all people', 'animals', 'the vibe']","[{'text': 'Malecón', 'label': 'PERSON'}, {'text': 'night', 'label': 'TIME'}]",0.023255813953488372
42410,3.0,Oxxo and Restaurants close too early,"['ADV', 'CCONJ', 'PROPN', 'VERB', 'ADV', 'ADV', 'PUNCT']",[],[],0.0
42417,5.0,Amazing place to chill out ,"['ADJ', 'NOUN', 'PART', 'VERB', 'ADP', 'PUNCT', 'PUNCT']",['Amazing place'],[],0.0
42460,5.0,"The malecon in La Paz is a wonderful place to walk, especially at Sunset and in the evenings. People are playing volleyball on the beach, theres amazing bike paths that run all the way along and a wide walkway for pedestrians that is separate.","['DET', 'NOUN', 'ADP', 'PROPN', 'PROPN', 'AUX', 'DET', 'ADJ', 'NOUN', 'PART', 'VERB', 'PUNCT', 'ADV', 'ADP', 'PROPN', 'CCONJ', 'ADP', 'DET', 'NOUN', 'PUNCT', 'NOUN', 'AUX', 'VERB', 'NOUN', 'ADP', 'DET', 'NOUN', 'PUNCT', 'PRON', 'VERB', 'ADJ', 'NOUN', 'NOUN', 'PRON', 'VERB', 'DET', 'DET', 'NOUN', 'ADV', 'CCONJ', 'DET', 'ADJ', 'NOUN', 'ADP', 'NOUN', 'PRON', 'AUX', 'ADJ', 'PUNCT']","['The malecon', 'La Paz', 'a wonderful place', 'Sunset', 'the evenings', 'People', 'volleyball', 'the beach', 'amazing bike paths', 'that', 'a wide walkway', 'pedestrians', 'that']","[{'text': 'La Paz', 'label': 'FAC'}, {'text': 'Sunset', 'label': 'GPE'}]",0.04081632653061224
42466,4.0,Great place to hang out Nice views of the bay and plenty of food and entertainment. Hotel accommodations are at walking distance. Family friendly option to Cabo. Safe and chilled environment. And beautiful sunsets,"['ADJ', 'NOUN', 'PART', 'VERB', 'ADP', 'PUNCT', 'ADJ', 'NOUN', 'ADP', 'DET', 'NOUN', 'CCONJ', 'NOUN', 'ADP', 'NOUN', 'CCONJ', 'NOUN', 'PUNCT', 'NOUN', 'NOUN', 'AUX', 'ADP', 'NOUN', 'NOUN', 'PUNCT', 'NOUN', 'ADJ', 'NOUN', 'ADP', 'PROPN', 'PUNCT', 'ADJ', 'CCONJ', 'ADJ', 'NOUN', 'PUNCT', 'CCONJ', 'ADJ', 'NOUN', 'PUNCT', 'PUNCT']","['Great place', 'Nice views', 'the bay', 'plenty', 'food', 'entertainment', 'Hotel accommodations', 'walking distance', 'Family friendly option', 'Cabo', 'Safe and chilled environment', 'And beautiful sunsets']",[],0.0
42482,5.0,"This Malecón is one of my favorites in entire Mexico So clean, safe, most beautiful sunsets","['DET', 'PROPN', 'AUX', 'NUM', 'ADP', 'PRON', 'NOUN', 'ADP', 'ADJ', 'PROPN', 'PUNCT', 'ADV', 'ADJ', 'PUNCT', 'ADJ', 'PUNCT', 'ADV', 'ADJ', 'NOUN', 'PUNCT', 'PUNCT', 'PUNCT', 'PUNCT']","['This Malecón', 'my favorites', 'entire Mexico', 'So clean, safe, most beautiful sunsets']","[{'text': 'Malecón', 'label': 'PERSON'}, {'text': 'Mexico', 'label': 'GPE'}]",0.08695652173913043
42489,5.0,"Lovely place, did many morning and evening walks here. Nice restaurants in the aera.","['ADJ', 'NOUN', 'PUNCT', 'VERB', 'ADJ', 'NOUN', 'CCONJ', 'NOUN', 'NOUN', 'ADV', 'PUNCT', 'ADJ', 'NOUN', 'ADP', 'DET', 'NOUN', 'PUNCT']","['Lovely place', 'many morning and evening walks', 'Nice restaurants', 'the aera']","[{'text': 'many morning', 'label': 'TIME'}, {'text': 'evening', 'label': 'TIME'}]",0.11764705882352941
42492,5.0,Clean well kept up,"['ADJ', 'ADV', 'VERB', 'ADP', 'PUNCT']",[],[],0.0
42497,4.0,Very lively with stalls selling mostly jewelry. The restaurants are busy and the street is full of families.,"['ADV', 'ADJ', 'ADP', 'NOUN', 'VERB', 'ADV', 'NOUN', 'PUNCT', 'DET', 'NOUN', 'AUX', 'ADJ', 'CCONJ', 'DET', 'NOUN', 'AUX', 'ADJ', 'ADP', 'NOUN', 'PUNCT']","['stalls', 'mostly jewelry', 'The restaurants', 'the street', 'families']",[],0.0
42509,5.0,"A broad seaside walkway with benches, a beach, palapas, several piers, playgrounds, and bandstands on occasions. A favourite daytime, evening , and weekend stroll and hangout. Perfectly safe.","['DET', 'ADJ', 'ADJ', 'NOUN', 'ADP', 'NOUN', 'PUNCT', 'DET', 'NOUN', 'PUNCT', 'NOUN', 'PUNCT', 'ADJ', 'NOUN', 'PUNCT', 'NOUN', 'PUNCT', 'CCONJ', 'NOUN', 'ADP', 'NOUN', 'PUNCT', 'DET', 'ADJ', 'NOUN', 'PUNCT', 'NOUN', 'PUNCT', 'CCONJ', 'NOUN', 'NOUN', 'CCONJ', 'NOUN', 'PUNCT', 'ADV', 'ADJ', 'PUNCT']","['A broad seaside walkway', 'benches', 'a beach', 'palapas', 'several piers', 'playgrounds', 'bandstands', 'occasions', 'A favourite daytime', 'evening', 'weekend stroll', 'hangout']","[{'text': 'daytime', 'label': 'TIME'}, {'text': 'evening', 'label': 'TIME'}, {'text': 'weekend', 'label': 'DATE'}]",0.08108108108108109
42515,5.0,Great place to walk around when the sun is not too high,"['ADJ', 'NOUN', 'PART', 'VERB', 'ADV', 'SCONJ', 'DET', 'NOUN', 'AUX', 'PART', 'ADV', 'ADJ']","['Great place', 'the sun']",[],0.0
42516,5.0,"Most beautiful, entertaining and well maintained attraction. The pearl of LaPaz","['ADV', 'ADJ', 'PUNCT', 'ADJ', 'CCONJ', 'ADV', 'VERB', 'NOUN', 'PUNCT', 'DET', 'PUNCT', 'NOUN', 'PUNCT', 'ADP', 'PROPN', 'PUNCT']","['Most beautiful, entertaining and well maintained attraction', 'The ""pearl', 'LaPaz']","[{'text': 'LaPaz', 'label': 'PERSON'}]",0.0625
42521,5.0,A great place to stroll and people watch.,"['DET', 'ADJ', 'NOUN', 'PART', 'VERB', 'CCONJ', 'NOUN', 'VERB', 'PUNCT']","['A great place', 'people']",[],0.0
42533,5.0,"We walked up and down on the beach side then on the shops side. Lots of places to eat and drink, many ice cream shops as well. Very yummy.","['PRON', 'VERB', 'ADV', 'CCONJ', 'ADV', 'ADP', 'DET', 'NOUN', 'NOUN', 'ADV', 'ADP', 'DET', 'NOUN', 'NOUN', 'PUNCT', 'NOUN', 'ADP', 'NOUN', 'PART', 'VERB', 'CCONJ', 'VERB', 'PUNCT', 'ADJ', 'NOUN', 'NOUN', 'NOUN', 'ADV', 'ADV', 'PUNCT', 'ADV', 'ADJ', 'PUNCT']","['We', 'the beach side', 'the shops', 'Lots', 'places', 'many ice cream shops']",[],0.0
42538,4.0,"One of the best features of La Paz, well maintained and now better lit at night thanks to new street lighting. Great for running, walking and a whole host of activities.","['NUM', 'ADP', 'DET', 'ADJ', 'NOUN', 'ADP', 'PROPN', 'PROPN', 'PUNCT', 'ADV', 'VERB', 'CCONJ', 'ADV', 'ADV', 'VERB', 'ADP', 'NOUN', 'NOUN', 'ADP', 'ADJ', 'NOUN', 'NOUN', 'PUNCT', 'ADJ', 'ADP', 'VERB', 'PUNCT', 'VERB', 'CCONJ', 'DET', 'ADJ', 'NOUN', 'ADP', 'NOUN', 'PUNCT']","['the best features', 'La Paz', 'night', 'new street lighting', 'a whole host', 'activities']","[{'text': 'One', 'label': 'CARDINAL'}, {'text': 'La Paz', 'label': 'PERSON'}, {'text': 'night', 'label': 'TIME'}]",0.08571428571428572
42543,5.0,Pleasant and exciting,"['ADJ', 'CCONJ', 'ADJ']",[],[],0.0
42544,5.0,Great place lovely to walk day and night,"['ADJ', 'NOUN', 'ADJ', 'PART', 'VERB', 'NOUN', 'CCONJ', 'NOUN']",['Great place'],[],0.0
42548,5.0,We love to walk along the Malecon and also to bicycle on the bike lanes.,"['PRON', 'VERB', 'PART', 'VERB', 'ADP', 'DET', 'PROPN', 'CCONJ', 'ADV', 'PART', 'VERB', 'ADP', 'DET', 'NOUN', 'NOUN', 'PUNCT']","['We', 'the Malecon', 'the bike lanes']","[{'text': 'Malecon', 'label': 'ORG'}]",0.0625
42561,5.0,Very nice walk along the waterfront with several piers and attractions along the way.,"['ADV', 'ADJ', 'NOUN', 'ADP', 'DET', 'NOUN', 'ADP', 'ADJ', 'NOUN', 'CCONJ', 'NOUN', 'ADP', 'DET', 'NOUN', 'PUNCT']","['Very nice walk', 'the waterfront', 'several piers', 'attractions', 'the way']",[],0.0
42562,5.0,Beautiful malicon with many places to dine and shop. Parking is tough.,"['ADJ', 'NOUN', 'ADP', 'ADJ', 'NOUN', 'ADP', 'NOUN', 'CCONJ', 'NOUN', 'PUNCT', 'NOUN', 'AUX', 'ADJ', 'PUNCT']","['Beautiful malicon', 'many places', 'dine', 'shop', 'Parking']",[],0.0
42577,5.0,Fun place to hangout with a kid.,"['NOUN', 'NOUN', 'PART', 'VERB', 'ADP', 'DET', 'NOUN', 'PUNCT']","['Fun place', 'a kid']",[],0.0
42578,5.0,"Beautiful place. Great view, nice bars restaurants, beaches. Very touristy, some parts are occasionally really crowded. Locals are friendly.","['ADJ', 'NOUN', 'PUNCT', 'ADJ', 'NOUN', 'PUNCT', 'ADJ', 'NOUN', 'NOUN', 'PUNCT', 'NOUN', 'PUNCT', 'ADV', 'ADJ', 'PUNCT', 'DET', 'NOUN', 'AUX', 'ADV', 'ADV', 'VERB', 'PUNCT', 'NOUN', 'AUX', 'ADJ', 'PUNCT']","['Beautiful place', 'Great view', 'nice bars restaurants', 'beaches', 'some parts', 'Locals']",[],0.0
42582,5.0,"The Malecon is the heart of La Paz. There is a playground for children including special needs kids. Children, teens and adults skate, ride bikes, and walk their dogs or just stroll along watching the scenery. Across the street are restaurants and activities. I love it.","['DET', 'PROPN', 'AUX', 'DET', 'NOUN', 'ADP', 'PROPN', 'PROPN', 'PUNCT', 'PRON', 'VERB', 'DET', 'NOUN', 'ADP', 'NOUN', 'VERB', 'ADJ', 'NOUN', 'NOUN', 'PUNCT', 'NOUN', 'PUNCT', 'NOUN', 'CCONJ', 'NOUN', 'NOUN', 'PUNCT', 'NOUN', 'NOUN', 'PUNCT', 'CCONJ', 'VERB', 'PRON', 'NOUN', 'CCONJ', 'ADV', 'NOUN', 'ADP', 'VERB', 'DET', 'NOUN', 'PUNCT', 'ADP', 'DET', 'NOUN', 'AUX', 'NOUN', 'CCONJ', 'NOUN', 'PUNCT', 'PRON', 'VERB', 'PRON', 'PUNCT']","['The Malecon', 'the heart', 'La Paz', 'a playground', 'children', 'special needs kids', 'Children', 'teens', 'adults', 'skate', 'ride bikes', 'their dogs', 'just stroll', 'the scenery', 'the street', 'restaurants', 'activities', 'I', 'it']","[{'text': 'Malecon', 'label': 'ORG'}, {'text': 'La Paz', 'label': 'FAC'}]",0.037037037037037035
42584,5.0,"Several coastal cities in Mexico have a malecon, but this is the nicest by far. It has access to numerous restaurants , bars, bathrooms, and access to playgrounds and small parks. There is a great bike path adjacent to the malecon. A walk along the malecon at sunset is a must","['ADJ', 'ADJ', 'NOUN', 'ADP', 'PROPN', 'VERB', 'DET', 'NOUN', 'PUNCT', 'CCONJ', 'PRON', 'AUX', 'DET', 'ADJ', 'ADP', 'ADV', 'PUNCT', 'PRON', 'VERB', 'NOUN', 'ADP', 'ADJ', 'NOUN', 'PUNCT', 'NOUN', 'PUNCT', 'NOUN', 'PUNCT', 'CCONJ', 'NOUN', 'ADP', 'NOUN', 'CCONJ', 'ADJ', 'NOUN', 'PUNCT', 'PRON', 'VERB', 'DET', 'ADJ', 'NOUN', 'NOUN', 'ADJ', 'ADP', 'DET', 'NOUN', 'PUNCT', 'DET', 'NOUN', 'ADP', 'DET', 'NOUN', 'ADP', 'NOUN', 'AUX', 'DET', 'NOUN', 'PUNCT']","['Several coastal cities', 'Mexico', 'a malecon', 'this', 'It', 'access', 'numerous restaurants', 'bars', 'bathrooms', 'access', 'playgrounds', 'small parks', 'a great bike path', 'the malecon', 'A walk', 'the malecon', 'sunset', 'a must']","[{'text': 'Mexico', 'label': 'GPE'}]",0.017241379310344827
42585,5.0,"Nice relaxing place to be. Nice walk on the beach , a lot of restaurants. Nightlife is a great, nice music life band. To 99 everywhere dog friendly.","['ADJ', 'VERB', 'NOUN', 'PART', 'AUX', 'PUNCT', 'ADJ', 'NOUN', 'ADP', 'DET', 'NOUN', 'PUNCT', 'DET', 'NOUN', 'ADP', 'NOUN', 'PUNCT', 'NOUN', 'AUX', 'DET', 'ADJ', 'PUNCT', 'ADJ', 'NOUN', 'NOUN', 'NOUN', 'PUNCT', 'ADP', 'NUM', 'ADV', 'NOUN', 'ADJ', 'PUNCT']","['Nice relaxing place', 'Nice walk', 'the beach', 'restaurants', 'Nightlife', 'a great, nice music life band', 'dog']","[{'text': '99', 'label': 'CARDINAL'}]",0.030303030303030304
42587,5.0,"Great waterfront, plenty of benches, statues, local tour boats, and restaurants","['ADJ', 'NOUN', 'PUNCT', 'NOUN', 'ADP', 'NOUN', 'PUNCT', 'NOUN', 'PUNCT', 'ADJ', 'NOUN', 'NOUN', 'PUNCT', 'CCONJ', 'NOUN', 'PUNCT']","['Great waterfront', 'plenty', 'benches', 'statues', 'local tour boats', 'restaurants']",[],0.0
42588,5.0,Wonderful place for walking and families.,"['ADJ', 'NOUN', 'ADP', 'NOUN', 'CCONJ', 'NOUN', 'PUNCT']","['Wonderful place', 'walking', 'families']",[],0.0
42596,5.0,"A 5 km paradise on the malecon for walking, rollerskates, skateboarding, and bicycling The cement walking and bicycling paths continues for 25 km to the ferry terminal along the beautiful coastline and numerous beaches","['DET', 'NUM', 'NOUN', 'NOUN', 'ADP', 'DET', 'NOUN', 'ADP', 'NOUN', 'PUNCT', 'VERB', 'PUNCT', 'NOUN', 'PUNCT', 'CCONJ', 'NOUN', 'PUNCT', 'DET', 'NOUN', 'VERB', 'CCONJ', 'NOUN', 'NOUN', 'VERB', 'ADP', 'NUM', 'NOUN', 'ADP', 'DET', 'NOUN', 'NOUN', 'ADP', 'DET', 'ADJ', 'NOUN', 'CCONJ', 'ADJ', 'NOUN']","['A 5 km paradise', 'the malecon', 'walking', 'skateboarding', 'bicycling', 'The cement walking and bicycling paths', '25 km', 'the ferry terminal', 'the beautiful coastline']","[{'text': '5 km', 'label': 'QUANTITY'}, {'text': '25 km', 'label': 'QUANTITY'}]",0.05263157894736842
42606,5.0,Very good place.,"['ADV', 'ADJ', 'NOUN', 'PUNCT']",['Very good place'],[],0.0
42608,1.0,I drove from Cabo to la Paz let me tell you what thats not worth.,"['PRON', 'VERB', 'ADP', 'PROPN', 'ADP', 'PROPN', 'PROPN', 'VERB', 'PRON', 'VERB', 'PRON', 'PRON', 'PRON', 'AUX', 'PART', 'ADJ', 'PUNCT']","['I', 'Cabo', 'la', 'Paz', 'me', 'you', 'what', 'that']",[],0.0
42617,4.0,"Nice walk. Restaurants across the street Tour operators. Lots of statues. Rent bikes and scooters other items, ad well.","['ADJ', 'NOUN', 'PUNCT', 'NOUN', 'ADP', 'DET', 'NOUN', 'PROPN', 'NOUN', 'PUNCT', 'NOUN', 'ADP', 'NOUN', 'PUNCT', 'NOUN', 'NOUN', 'CCONJ', 'NOUN', 'ADJ', 'NOUN', 'PUNCT', 'NOUN', 'ADV', 'PUNCT']","['Nice walk', 'Restaurants', 'the street Tour operators', 'Lots', 'statues', 'Rent bikes', 'scooters', 'other items']",[],0.0
42621,1.0,"Please help me spread the word about visiting LA Paz with Caution The police here are more likely to to shake down foreigners. We had a great experience until we had been making our way out of La Paz back to Los Cabos. 1. The police will target foreigners to extort them for money. Usually these corrupt cops will make up something to stop you. For example I was stopped for speeding 90km in a 30km zone. I know I didnt, but hey if you argue they will arrest you and continue to extort you at the police station. I want to provide some tips for those that are traveling to Mexico and not fully staying a resort or have to drive as the corruption with police is anything like I have ever seen or experienced. 1. Be calm, respectful, but stern. 2. They will try to provoke, humiliate, or slightly threaten you. 3. Always try to stop in a well lit area 4. Carry 2 wallets and about 75100 for the eventual extortion you will need to pay 5. Dont go to La Paz unless you book a tour because it will cost you if you are likely stopped by the police. Dont try to pay them off immediately you might actually be dealing with a good cop and you are actually in the wrong. There are good cops... so be careful you dont get into more trouble for this. Usually you will get the hint this cop is corrupt. Contact your embassy if arrested. Trust me let them know you have been arrested and request assistance If it gets to this point. Corruption has its limits.","['INTJ', 'VERB', 'PRON', 'VERB', 'DET', 'NOUN', 'ADP', 'VERB', 'PROPN', 'PROPN', 'ADP', 'PROPN', 'PUNCT', 'DET', 'NOUN', 'ADV', 'AUX', 'ADV', 'ADJ', 'PART', 'PART', 'VERB', 'ADP', 'NOUN', 'PUNCT', 'PRON', 'VERB', 'DET', 'ADJ', 'NOUN', 'SCONJ', 'PRON', 'AUX', 'AUX', 'VERB', 'PRON', 'NOUN', 'ADP', 'ADP', 'PROPN', 'PROPN', 'ADV', 'ADP', 'PROPN', 'PROPN', 'PUNCT', 'X', 'PUNCT', 'DET', 'NOUN', 'AUX', 'VERB', 'NOUN', 'PART', 'VERB', 'PRON', 'ADP', 'NOUN', 'PUNCT', 'ADV', 'DET', 'ADJ', 'NOUN', 'AUX', 'VERB', 'ADP', 'PRON', 'PART', 'VERB', 'PRON', 'PUNCT', 'ADP', 'NOUN', 'PRON', 'AUX', 'VERB', 'ADP', 'VERB', 'NUM', 'NOUN', 'ADP', 'DET', 'NUM', 'NOUN', 'NOUN', 'PUNCT', 'PRON', 'VERB', 'PRON', 'VERB', 'PART', 'PUNCT', 'CCONJ', 'INTJ', 'SCONJ', 'PRON', 'VERB', 'PRON', 'AUX', 'VERB', 'PRON', 'CCONJ', 'VERB', 'PART', 'VERB', 'PRON', 'ADP', 'DET', 'NOUN', 'NOUN', 'PUNCT', 'PRON', 'VERB', 'PART', 'VERB', 'DET', 'NOUN', 'ADP', 'PRON', 'PRON', 'AUX', 'VERB', 'ADP', 'PROPN', 'CCONJ', 'PART', 'ADV', 'VERB', 'DET', 'NOUN', 'CCONJ', 'VERB', 'PART', 'VERB', 'ADP', 'DET', 'NOUN', 'ADP', 'NOUN', 'AUX', 'PRON', 'SCONJ', 'PRON', 'AUX', 'ADV', 'VERB', 'CCONJ', 'VERB', 'PUNCT', 'X', 'X', 'AUX', 'ADJ', 'PUNCT', 'ADJ', 'PUNCT', 'CCONJ', 'ADJ', 'PUNCT', 'X', 'X', 'PRON', 'AUX', 'VERB', 'PART', 'VERB', 'PUNCT', 'VERB', 'PUNCT', 'CCONJ', 'ADV', 'VERB', 'PRON', 'PUNCT', 'X', 'PUNCT', 'ADV', 'VERB', 'PART', 'VERB', 'ADP', 'DET', 'ADV', 'VERB', 'NOUN', 'NUM', 'PUNCT', 'VERB', 'NUM', 'NOUN', 'CCONJ', 'ADV', 'NUM', 'SYM', 'NUM', 'ADP', 'DET', 'ADJ', 'NOUN', 'PRON', 'AUX', 'VERB', 'PART', 'VERB', 'NUM', 'PUNCT', 'AUX', 'PART', 'VERB', 'ADP', 'PROPN', 'PROPN', 'SCONJ', 'PRON', 'VERB', 'DET', 'NOUN', 'SCONJ', 'PRON', 'AUX', 'VERB', 'PRON', 'SCONJ', 'PRON', 'AUX', 'ADV', 'VERB', 'ADP', 'DET', 'NOUN', 'PUNCT', 'AUX', 'PART', 'VERB', 'PART', 'VERB', 'PRON', 'ADP', 'ADV', 'PRON', 'AUX', 'ADV', 'AUX', 'VERB', 'ADP', 'DET', 'ADJ', 'NOUN', 'CCONJ', 'PRON', 'AUX', 'ADV', 'ADP', 'DET', 'NOUN', 'PUNCT', 'PRON', 'VERB', 'ADJ', 'NOUN', 'PUNCT', 'ADV', 'AUX', 'ADJ', 'PRON', 'AUX', 'PART', 'VERB', 'ADP', 'ADJ', 'NOUN', 'ADP', 'PRON', 'PUNCT', 'ADV', 'PRON', 'AUX', 'VERB', 'DET', 'NOUN', 'DET', 'NOUN', 'AUX', 'ADJ', 'PUNCT', 'NOUN', 'PRON', 'NOUN', 'SCONJ', 'VERB', 'PUNCT', 'VERB', 'PRON', 'VERB', 'PRON', 'VERB', 'PRON', 'AUX', 'AUX', 'VERB', 'CCONJ', 'VERB', 'NOUN', 'SCONJ', 'PRON', 'VERB', 'ADP', 'DET', 'NOUN', 'PUNCT', 'NOUN', 'VERB', 'PRON', 'NOUN', 'PUNCT']","['me', 'the word', 'LA Paz', 'Caution', 'The police', 'foreigners', 'We', 'a great experience', 'we', 'our way', 'La Paz', 'Los Cabos', 'The police', 'foreigners', 'them', 'money', 'these corrupt cops', 'something', 'you', 'example', 'I', '90km', 'a 30km zone', 'I', 'I', 'you', 'they', 'you', 'you', 'the police station', 'I', 'some tips', 'those', 'that', 'Mexico', 'a resort', 'the corruption', 'police', 'anything', 'I', 'They', 'you', 'a well lit area', '2 wallets', 'the eventual extortion', 'you', 'La Paz', 'you', 'a tour', 'it', 'you', 'you', 'the police', 'them', 'you', 'a good cop', 'you', 'the wrong', 'good cops', 'you', 'more trouble', 'this', 'you', 'the hint', 'this cop', 'Contact', 'your embassy', 'me', 'them', 'you', 'assistance', 'it', 'this point', 'Corruption', 'its limits']","[{'text': 'LA Paz', 'label': 'FAC'}, {'text': 'La Paz', 'label': 'FAC'}, {'text': 'Los Cabos', 'label': 'GPE'}, {'text': '1', 'label': 'CARDINAL'}, {'text': '90km', 'label': 'QUANTITY'}, {'text': '30km', 'label': 'QUANTITY'}, {'text': 'Mexico', 'label': 'GPE'}, {'text': '1.', 'label': 'CARDINAL'}, {'text': '2.', 'label': 'CARDINAL'}, {'text': '3', 'label': 'CARDINAL'}, {'text': '4', 'label': 'CARDINAL'}, {'text': 'Carry 2', 'label': 'PERSON'}, {'text': 'about 75-100', 'label': 'CARDINAL'}, {'text': '5', 'label': 'CARDINAL'}, {'text': 'La Paz', 'label': 'PERSON'}]",0.047619047619047616
42627,5.0,Lovely place to hang out and very secure,"['ADJ', 'NOUN', 'PART', 'VERB', 'ADV', 'CCONJ', 'ADV', 'ADJ', 'PUNCT']",['Lovely place'],[],0.0
42639,5.0,"The parks for kids here are great One for smaller kids and a larger one with a pirate ship. Lovely casual and nice restaurants along the walk, the Christmas lights were awesome and interactive as well as another free Christmas lights park a mile or so down. Plenty of places to hang out with family in the area.","['DET', 'NOUN', 'ADP', 'NOUN', 'ADV', 'AUX', 'ADJ', 'PUNCT', 'NUM', 'ADP', 'ADJ', 'NOUN', 'CCONJ', 'DET', 'ADJ', 'NUM', 'ADP', 'DET', 'NOUN', 'NOUN', 'PUNCT', 'ADJ', 'ADJ', 'CCONJ', 'ADJ', 'NOUN', 'ADP', 'DET', 'NOUN', 'PUNCT', 'DET', 'PROPN', 'NOUN', 'AUX', 'ADJ', 'CCONJ', 'ADP', 'ADV', 'ADV', 'ADP', 'DET', 'ADJ', 'PROPN', 'NOUN', 'VERB', 'DET', 'NOUN', 'CCONJ', 'ADV', 'ADV', 'PUNCT', 'NOUN', 'ADP', 'NOUN', 'PART', 'VERB', 'ADP', 'ADP', 'NOUN', 'ADP', 'DET', 'NOUN', 'PUNCT']","['The parks', 'kids', 'smaller kids', 'a pirate ship', 'the walk', 'the Christmas lights', 'Plenty', 'places', 'family', 'the area']","[{'text': 'One', 'label': 'CARDINAL'}, {'text': 'Christmas', 'label': 'DATE'}, {'text': 'Christmas', 'label': 'DATE'}]",0.047619047619047616
42644,5.0,Restaurant variety for eating with nice vews,"['NOUN', 'NOUN', 'ADP', 'VERB', 'ADP', 'ADJ', 'NOUN']","['Restaurant variety', 'nice vews']",[],0.0
42649,5.0,"It was a fantastic beautiful day with my wife. It was our first visit and I got over 17,000 steps that day.","['PRON', 'AUX', 'DET', 'ADJ', 'ADJ', 'NOUN', 'ADP', 'PRON', 'NOUN', 'PUNCT', 'PRON', 'AUX', 'PRON', 'ADJ', 'NOUN', 'CCONJ', 'PRON', 'VERB', 'ADP', 'NUM', 'NOUN', 'DET', 'NOUN', 'PUNCT']","['It', 'a fantastic beautiful day', 'my wife', 'It', 'our first visit', 'I', 'over 17,000 steps']","[{'text': 'first', 'label': 'ORDINAL'}, {'text': 'over 17,000', 'label': 'CARDINAL'}, {'text': 'that day', 'label': 'DATE'}]",0.125
42653,5.0,"A must see. Very clean, lots of cool sculptures, and no vendors Great shopping and food across from the malecon.","['PRON', 'AUX', 'VERB', 'PUNCT', 'ADV', 'ADJ', 'PUNCT', 'NOUN', 'ADP', 'ADJ', 'NOUN', 'PUNCT', 'CCONJ', 'DET', 'NOUN', 'PUNCT', 'ADJ', 'NOUN', 'CCONJ', 'NOUN', 'ADP', 'ADP', 'DET', 'NOUN', 'PUNCT']","['A', 'Very clean, lots', 'cool sculptures', 'no vendors', 'Great shopping', 'food', 'the malecon']",[],0.0
42656,5.0,Beautiful area along the water,"['ADJ', 'NOUN', 'ADP', 'DET', 'NOUN', 'PUNCT']","['Beautiful area', 'the water']",[],0.0
42668,5.0,"My family always eats here when we visit from Los Angeles. Everything on the menu is great I particularly enjoy the spaghetty, its my favorite. The best breakfast, lunch and dinner in town. The owners, Caesar and his lovely wife Ana, are very welcoming. Service is friendly. I recommend anyone who visits La Paz to make a visit to Itacate","['PRON', 'NOUN', 'ADV', 'VERB', 'ADV', 'SCONJ', 'PRON', 'VERB', 'ADP', 'PROPN', 'PROPN', 'PUNCT', 'PRON', 'ADP', 'DET', 'NOUN', 'AUX', 'ADJ', 'PUNCT', 'PRON', 'ADV', 'VERB', 'DET', 'NOUN', 'PUNCT', 'PRON', 'AUX', 'PRON', 'ADJ', 'PUNCT', 'DET', 'ADJ', 'NOUN', 'PUNCT', 'NOUN', 'CCONJ', 'NOUN', 'ADP', 'NOUN', 'PUNCT', 'DET', 'NOUN', 'PUNCT', 'PROPN', 'CCONJ', 'PRON', 'ADJ', 'NOUN', 'PROPN', 'PUNCT', 'AUX', 'ADV', 'ADJ', 'PUNCT', 'PROPN', 'AUX', 'ADJ', 'PUNCT', 'PRON', 'VERB', 'PRON', 'PRON', 'VERB', 'PROPN', 'PROPN', 'PART', 'VERB', 'DET', 'NOUN', 'AUX', 'VERB']","['My family', 'we', 'Los Angeles', 'Everything', 'the menu', 'I', 'the spaghetty', 'it', 'The best breakfast', 'lunch', 'dinner', 'town', 'The owners', 'Caesar', 'his lovely wife', 'Ana', 'Service', 'I', 'anyone', 'who', 'La Paz', 'a visit']","[{'text': 'Los Angeles', 'label': 'GPE'}, {'text': 'Caesar', 'label': 'ORG'}, {'text': 'La Paz', 'label': 'FAC'}, {'text': 'Itacate', 'label': 'ORG'}]",0.056338028169014086
42672,5.0,"This space is super quiet, during my stay I went to walk every morning and afternoon along the entire boardwalk, it has a bike path and many people jogging with their pets, the sunsets are beautiful, the heat is tolerable, many stores on the other sidewalk to buy water and souvenirs, I was impressed by how clean it is kept","['DET', 'NOUN', 'AUX', 'ADV', 'ADJ', 'PUNCT', 'ADP', 'PRON', 'NOUN', 'PRON', 'VERB', 'PART', 'VERB', 'DET', 'NOUN', 'CCONJ', 'NOUN', 'ADP', 'DET', 'ADJ', 'NOUN', 'PUNCT', 'PRON', 'VERB', 'DET', 'NOUN', 'NOUN', 'CCONJ', 'ADJ', 'NOUN', 'VERB', 'ADP', 'PRON', 'NOUN', 'PUNCT', 'DET', 'NOUN', 'AUX', 'ADJ', 'PUNCT', 'DET', 'NOUN', 'AUX', 'ADJ', 'PUNCT', 'ADJ', 'NOUN', 'ADP', 'DET', 'ADJ', 'NOUN', 'PART', 'VERB', 'NOUN', 'CCONJ', 'NOUN', 'PUNCT', 'PRON', 'AUX', 'VERB', 'ADP', 'SCONJ', 'ADJ', 'PRON', 'AUX', 'VERB', 'PUNCT']","['This space', 'my stay', 'I', 'the entire boardwalk', 'it', 'a bike path', 'many people', 'their pets', 'the sunsets', 'the heat', 'the other sidewalk', 'water', 'souvenirs', 'I', 'it']","[{'text': 'every morning', 'label': 'TIME'}, {'text': 'afternoon', 'label': 'TIME'}]",0.029850746268656716
42688,5.0,Great place to catch the sunset whether it be on the walking path or in one of the many patio restaurants along the strip,"['ADJ', 'NOUN', 'PART', 'VERB', 'DET', 'NOUN', 'SCONJ', 'PRON', 'VERB', 'ADP', 'DET', 'VERB', 'NOUN', 'CCONJ', 'ADP', 'NUM', 'ADP', 'DET', 'ADJ', 'NOUN', 'NOUN', 'ADP', 'DET', 'NOUN']","['Great place', 'the sunset', 'it', 'the walking path', 'the many patio restaurants', 'the strip']","[{'text': 'one', 'label': 'CARDINAL'}]",0.041666666666666664
42696,5.0,Always is a nice place to walk and eat full of wonderful places,"['ADV', 'AUX', 'DET', 'ADJ', 'NOUN', 'PART', 'VERB', 'CCONJ', 'VERB', 'ADJ', 'ADP', 'ADJ', 'NOUN']","['a nice place', 'wonderful places']",[],0.0
42700,5.0,What an adventure,"['PRON', 'DET', 'NOUN', 'PUNCT']",['What an adventure'],[],0.0
42750,5.0,Lugar top Top Top,"['PROPN', 'NOUN', 'PUNCT', 'ADJ', 'PUNCT', 'ADJ', 'PUNCT']",['Lugar top'],[],0.0
42756,4.0,"Recommend to only do walking down the esplanade in the eveningnight otherwise youll be burned and drenched in sweat. Lots of yummy street food and beautiful art installation around for pictures. Try Bismarkcito for pulpogrilled octopus and fish prawn ceviche. Beware of buskersstreet performers asking for a tip, best to ignore them otherwise youll be flocked with a never ending troop. Another spot for the best eat we had was at Claros Fish Jr. the ceviche tower was amazing with a good variety of tacos for very affordable local eat prices.","['VERB', 'PART', 'ADV', 'AUX', 'VERB', 'ADP', 'DET', 'NOUN', 'ADP', 'DET', 'NOUN', 'ADV', 'PRON', 'AUX', 'AUX', 'VERB', 'CCONJ', 'VERB', 'ADP', 'NOUN', 'PUNCT', 'NOUN', 'ADP', 'ADJ', 'NOUN', 'NOUN', 'CCONJ', 'ADJ', 'NOUN', 'NOUN', 'ADP', 'ADP', 'NOUN', 'PUNCT', 'VERB', 'PROPN', 'ADP', 'PROPN', 'PROPN', 'PUNCT', 'CCONJ', 'NOUN', 'NOUN', 'PROPN', 'PUNCT', 'VERB', 'ADP', 'PUNCT', 'ADJ', 'NOUN', 'VERB', 'ADP', 'DET', 'NOUN', 'PUNCT', 'ADJ', 'PART', 'VERB', 'PRON', 'ADV', 'PRON', 'AUX', 'AUX', 'VERB', 'ADP', 'DET', 'ADV', 'VERB', 'NOUN', 'PUNCT', 'DET', 'NOUN', 'ADP', 'DET', 'ADJ', 'NOUN', 'PRON', 'VERB', 'AUX', 'ADP', 'PROPN', 'PROPN', 'PROPN', 'DET', 'PROPN', 'NOUN', 'AUX', 'ADJ', 'ADP', 'DET', 'ADJ', 'NOUN', 'ADP', 'NOUN', 'ADP', 'ADV', 'ADJ', 'ADJ', 'NOUN', 'NOUN', 'PUNCT']","['the esplanade', 'the eveningnight', 'you', 'sweat', 'Lots', 'yummy street food', 'beautiful art installation', 'pictures', 'Bismarkcito', 'pulpo(grilled octopus', 'fish prawn ceviche', ""buskers'street performers"", 'a tip', 'them', 'you', 'a never ending troop', 'Another spot', 'the best eat', 'we', 'Claros Fish Jr.', 'the ceviche tower', 'a good variety', 'tacos', 'very affordable local eat prices']","[{'text': 'Bismarkcito', 'label': 'PERSON'}, {'text': 'Claros', 'label': 'GPE'}]",0.019801980198019802
42758,4.0,"Malecon of La Paz is long and peaceful, you can walk preferably in the night, because there are no more sun, the temperature is ok to walk and I think the most people go to walk in the night so it is no dangerous. Maybe the only problem is that I didnt see to much night life as I wanted.","['PROPN', 'ADP', 'PROPN', 'PROPN', 'AUX', 'ADJ', 'CCONJ', 'ADJ', 'PUNCT', 'PRON', 'AUX', 'VERB', 'ADV', 'ADP', 'DET', 'NOUN', 'PUNCT', 'SCONJ', 'PRON', 'VERB', 'DET', 'ADJ', 'NOUN', 'PUNCT', 'DET', 'NOUN', 'AUX', 'ADJ', 'PART', 'VERB', 'CCONJ', 'PRON', 'VERB', 'DET', 'ADJ', 'NOUN', 'VERB', 'PART', 'VERB', 'ADP', 'DET', 'NOUN', 'SCONJ', 'PRON', 'AUX', 'DET', 'ADJ', 'PUNCT', 'ADV', 'DET', 'ADJ', 'NOUN', 'AUX', 'SCONJ', 'PRON', 'AUX', 'PART', 'VERB', 'ADP', 'ADJ', 'NOUN', 'NOUN', 'SCONJ', 'PRON', 'VERB', 'PUNCT']","['Malecon', 'La Paz', 'you', 'the night', 'no more sun', 'the temperature', 'I', 'the most people', 'the night', 'it', 'the only problem', 'I', 'much night life', 'I']","[{'text': 'Malecon of La Paz', 'label': 'ORG'}, {'text': 'the night', 'label': 'TIME'}, {'text': 'the night', 'label': 'TIME'}]",0.045454545454545456
42784,5.0,"This place is so nice. But it is very hot in the summer time. We went in late August and it was too hot to enjoy really in the day but since we were on vacation I wasnt going to waste time. At 9am I was sweating bullets, I mean like drenched Theyre were some vendors but not much. The vendors come more out at night when it cold down some. Nice place to walk and just take in the scenery. There are bars and eateries across the street to enjoy also.","['DET', 'NOUN', 'AUX', 'ADV', 'ADJ', 'PUNCT', 'CCONJ', 'PRON', 'AUX', 'ADV', 'ADJ', 'ADP', 'DET', 'NOUN', 'NOUN', 'PUNCT', 'PRON', 'VERB', 'ADP', 'ADJ', 'PROPN', 'CCONJ', 'PRON', 'AUX', 'ADV', 'ADJ', 'PART', 'VERB', 'ADV', 'ADP', 'DET', 'NOUN', 'CCONJ', 'SCONJ', 'PRON', 'AUX', 'ADP', 'NOUN', 'PRON', 'AUX', 'PART', 'VERB', 'PART', 'VERB', 'NOUN', 'PUNCT', 'ADP', 'NUM', 'ADV', 'PRON', 'AUX', 'ADJ', 'NOUN', 'PUNCT', 'PRON', 'VERB', 'INTJ', 'VERB', 'PUNCT', 'PRON', 'AUX', 'AUX', 'DET', 'NOUN', 'CCONJ', 'PART', 'ADJ', 'PUNCT', 'DET', 'NOUN', 'VERB', 'ADV', 'ADP', 'ADP', 'NOUN', 'SCONJ', 'PRON', 'VERB', 'ADP', 'PRON', 'PUNCT', 'ADJ', 'NOUN', 'PART', 'VERB', 'CCONJ', 'ADV', 'VERB', 'ADP', 'DET', 'NOUN', 'PUNCT', 'PRON', 'VERB', 'NOUN', 'CCONJ', 'NOUN', 'ADP', 'DET', 'NOUN', 'PART', 'VERB', 'ADV', 'PUNCT']","['This place', 'it', 'the summer time', 'We', 'late August', 'it', 'the day', 'we', 'vacation', 'I', 'time', 'I', 'sweating bullets', 'I', 'They', 'some vendors', 'The vendors', 'night', 'it', 'some', 'Nice place', 'the scenery', 'bars', 'eateries', 'the street']","[{'text': 'the summer', 'label': 'DATE'}, {'text': 'late August', 'label': 'DATE'}, {'text': 'the day', 'label': 'DATE'}, {'text': '9am', 'label': 'TIME'}, {'text': 'night', 'label': 'TIME'}]",0.04807692307692308
42790,5.0,"We love La Pazs Malecon great views of Sea of Cortez and beautiful boats sailing out to explore Baja. The shops and food are all good morning, noon and the evening is super fun for the families enjoying the sunsets and festivities","['PRON', 'VERB', 'PROPN', 'PROPN', 'PART', 'PROPN', 'ADJ', 'NOUN', 'ADP', 'PROPN', 'ADP', 'PROPN', 'CCONJ', 'ADJ', 'NOUN', 'VERB', 'ADP', 'PART', 'VERB', 'PROPN', 'PUNCT', 'DET', 'NOUN', 'CCONJ', 'NOUN', 'AUX', 'PRON', 'ADJ', 'NOUN', 'PUNCT', 'NOUN', 'CCONJ', 'DET', 'NOUN', 'AUX', 'ADJ', 'NOUN', 'ADP', 'DET', 'NOUN', 'VERB', 'DET', 'NOUN', 'CCONJ', 'NOUN']","['We', ""La Paz's Malecon great views"", 'Sea', 'Cortez', 'beautiful boats', 'Baja', 'The shops', 'food', 'good morning', 'the evening', 'super fun', 'the families', 'the sunsets', 'festivities']","[{'text': ""La Paz's"", 'label': 'PERSON'}, {'text': 'Malecon', 'label': 'ORG'}, {'text': 'Sea of Cortez', 'label': 'LOC'}, {'text': 'Baja', 'label': 'GPE'}, {'text': 'noon', 'label': 'TIME'}]",0.1111111111111111
42826,4.0,The city does a great job maintaining the Malecón. The biggest con is no public restrooms directly on the Malecon. Theres one on the backside of the tourist information office.,"['DET', 'NOUN', 'VERB', 'DET', 'ADJ', 'NOUN', 'VERB', 'DET', 'PROPN', 'PUNCT', 'DET', 'ADJ', 'NOUN', 'AUX', 'DET', 'ADJ', 'NOUN', 'ADV', 'ADP', 'DET', 'PROPN', 'PUNCT', 'PRON', 'VERB', 'NUM', 'ADP', 'DET', 'NOUN', 'ADP', 'DET', 'NOUN', 'NOUN', 'NOUN', 'PUNCT']","['The city', 'a great job', 'the Malecón', 'The biggest con', 'no public restrooms', 'the Malecon', 'the backside', 'the tourist information office']","[{'text': 'Malecón', 'label': 'PRODUCT'}, {'text': 'Malecon', 'label': 'ORG'}, {'text': 'one', 'label': 'CARDINAL'}]",0.08823529411764706
42829,5.0,"Beautiful street to have a walk with family, friends or alone, There is a nice written of the town, a huge perl and a plaza for pictures. Several markets outside and I noticed lots of mini cars scooters around. I believe you can rent them somewhere on site for 1h next to the entrance of the dock, ask around to be sure. Beach is right there to sit and enjoy the waves. Free bathroom next to the pier entrance.","['ADJ', 'NOUN', 'PART', 'VERB', 'DET', 'NOUN', 'ADP', 'NOUN', 'PUNCT', 'NOUN', 'CCONJ', 'ADV', 'PUNCT', 'PRON', 'VERB', 'DET', 'ADJ', 'VERB', 'ADP', 'DET', 'NOUN', 'PUNCT', 'DET', 'ADJ', 'NOUN', 'CCONJ', 'DET', 'NOUN', 'ADP', 'NOUN', 'PUNCT', 'ADJ', 'NOUN', 'ADV', 'CCONJ', 'PRON', 'VERB', 'NOUN', 'ADP', 'ADJ', 'NOUN', 'NOUN', 'ADV', 'PUNCT', 'PRON', 'VERB', 'PRON', 'AUX', 'VERB', 'PRON', 'ADV', 'ADP', 'NOUN', 'ADP', 'NOUN', 'ADJ', 'ADP', 'DET', 'NOUN', 'ADP', 'DET', 'NOUN', 'PUNCT', 'VERB', 'ADP', 'PART', 'AUX', 'ADJ', 'PUNCT', 'PROPN', 'AUX', 'ADV', 'ADV', 'PART', 'VERB', 'CCONJ', 'VERB', 'DET', 'NOUN', 'PUNCT', 'ADJ', 'NOUN', 'ADV', 'ADP', 'DET', 'NOUN', 'NOUN', 'PUNCT']","['Beautiful street', 'a walk', 'family', 'friends', 'the town', 'a huge perl', 'a plaza', 'pictures', 'Several markets', 'I', 'lots', 'mini cars scooters', 'I', 'you', 'them', 'site', '1h', 'the entrance', 'the dock', 'Beach', 'the waves', 'Free bathroom', 'the pier entrance']","[{'text': '1h', 'label': 'CARDINAL'}]",0.011363636363636364
42835,5.0,"Love the malecon la paz. Recomended for walking with the family, girlfriend, bros. Pefect sunsets everyday. You have water on one side and restaurants on the other. Also at the famous perla la paz the lill ones have a nice playground to play and get tired out.","['VERB', 'DET', 'PROPN', 'PROPN', 'PROPN', 'PUNCT', 'VERB', 'ADP', 'VERB', 'ADP', 'DET', 'NOUN', 'PUNCT', 'PROPN', 'PUNCT', 'PROPN', 'PUNCT', 'PROPN', 'NOUN', 'ADV', 'PUNCT', 'PRON', 'VERB', 'NOUN', 'ADP', 'NUM', 'NOUN', 'CCONJ', 'NOUN', 'ADP', 'DET', 'ADJ', 'PUNCT', 'ADV', 'ADP', 'DET', 'ADJ', 'NOUN', 'PRON', 'PROPN', 'DET', 'ADJ', 'NOUN', 'VERB', 'DET', 'ADJ', 'NOUN', 'PART', 'VERB', 'CCONJ', 'VERB', 'ADJ', 'ADP', 'PUNCT']","['the malecon', 'the family', 'girlfriend', 'bros', 'Pefect sunsets', 'You', 'water', 'one side', 'restaurants', 'the famous perla', 'la paz', 'the lill ones', 'a nice playground']",[],0.0
42863,5.0,"The best  beautiful and lively beach front. A lot happening at night, we loved it and touristy La Paz is very nice","['DET', 'ADJ', 'PUNCT', 'PUNCT', 'ADJ', 'CCONJ', 'ADJ', 'NOUN', 'NOUN', 'PUNCT', 'DET', 'NOUN', 'VERB', 'ADP', 'NOUN', 'PUNCT', 'PRON', 'VERB', 'PRON', 'CCONJ', 'ADJ', 'PROPN', 'PROPN', 'AUX', 'ADV', 'ADJ']","['The best: - beautiful and lively beach front', 'night', 'we', 'it', 'La Paz']","[{'text': 'night', 'label': 'TIME'}, {'text': 'La Paz', 'label': 'PERSON'}]",0.07692307692307693
42868,5.0,Best place for walking around in the morning and sunset...,"['ADJ', 'NOUN', 'ADP', 'VERB', 'ADV', 'ADP', 'DET', 'NOUN', 'CCONJ', 'NOUN', 'PUNCT']","['Best place', 'the morning', 'sunset']",[],0.0
42872,5.0,The Malecon in La Paz is very well taken care of. The sidewalks are very clean. Great place to take a long walk.,"['DET', 'PROPN', 'ADP', 'PROPN', 'PROPN', 'AUX', 'ADV', 'ADV', 'VERB', 'NOUN', 'ADP', 'PUNCT', 'DET', 'NOUN', 'AUX', 'ADV', 'ADJ', 'PUNCT', 'ADJ', 'NOUN', 'PART', 'VERB', 'DET', 'ADJ', 'NOUN', 'PUNCT']","['The Malecon', 'La Paz', 'care', 'The sidewalks', 'Great place', 'a long walk']",[],0.0
42877,5.0,Awesome show,"['PROPN', 'NOUN', 'PUNCT', 'PUNCT', 'PUNCT']",['Awesome show'],[],0.0
42882,5.0,Family friendly Waterfront about three notches or four notches down from a Cabo Waterfront experience much more relaxing,"['NOUN', 'ADJ', 'PROPN', 'ADP', 'NUM', 'NOUN', 'CCONJ', 'NUM', 'NOUN', 'ADP', 'ADP', 'DET', 'PROPN', 'PROPN', 'VERB', 'ADV', 'ADV', 'ADJ']","['Family friendly Waterfront', 'about three notches', 'four notches', 'a Cabo Waterfront']","[{'text': 'about three', 'label': 'CARDINAL'}, {'text': 'four', 'label': 'CARDINAL'}, {'text': 'Cabo Waterfront', 'label': 'GPE'}]",0.16666666666666666
42898,5.0,Its always amazing visiting here we love it,"['PRON', 'ADV', 'ADJ', 'VERB', 'ADV', 'PRON', 'VERB', 'PRON']","['we', 'it']",[],0.0
42904,5.0,"Amazing place for exercising, swimming, socializing, eating, sight seeing and just chilling. Fun watching people at night as they all show up just to mingle and enjoy life. The place is always cleaned up and lots of places to visit.","['ADJ', 'NOUN', 'ADP', 'VERB', 'PUNCT', 'NOUN', 'PUNCT', 'NOUN', 'PUNCT', 'NOUN', 'PUNCT', 'NOUN', 'NOUN', 'CCONJ', 'ADV', 'ADJ', 'PUNCT', 'PROPN', 'VERB', 'NOUN', 'ADP', 'NOUN', 'SCONJ', 'PRON', 'PRON', 'VERB', 'ADP', 'ADV', 'PART', 'VERB', 'CCONJ', 'VERB', 'NOUN', 'PUNCT', 'DET', 'NOUN', 'AUX', 'ADV', 'VERB', 'ADP', 'CCONJ', 'NOUN', 'ADP', 'NOUN', 'PART', 'VERB', 'PUNCT']","['Amazing place', 'swimming', 'socializing', 'eating', 'sight seeing', 'Fun', 'people', 'night', 'they', 'all', 'life', 'The place', 'lots', 'places']","[{'text': 'night', 'label': 'TIME'}]",0.02127659574468085
42915,5.0,Love the area. Very peaceful to walk anyday,"['VERB', 'DET', 'NOUN', 'PUNCT', 'ADV', 'ADJ', 'PART', 'VERB', 'NOUN']",['the area'],[],0.0
42922,5.0,"A great place to combine a walk with people watching, enjoying unique sculptures, grabbing a snack, or eating a delicious meal. You can grab a bench and either watch the parade of cars and pedestrians or gaze out over the Bay at the array of anchored yachts. Basically theres just too much to enjoy to list them all here. Just discover this magical area on your own.","['DET', 'ADJ', 'NOUN', 'PART', 'VERB', 'DET', 'NOUN', 'ADP', 'NOUN', 'VERB', 'PUNCT', 'VERB', 'ADJ', 'NOUN', 'PUNCT', 'VERB', 'DET', 'NOUN', 'PUNCT', 'CCONJ', 'VERB', 'DET', 'ADJ', 'NOUN', 'PUNCT', 'PRON', 'AUX', 'VERB', 'DET', 'NOUN', 'CCONJ', 'CCONJ', 'VERB', 'DET', 'NOUN', 'ADP', 'NOUN', 'CCONJ', 'NOUN', 'CCONJ', 'VERB', 'ADP', 'ADP', 'DET', 'PROPN', 'ADP', 'DET', 'NOUN', 'ADP', 'VERB', 'NOUN', 'PUNCT', 'ADV', 'PRON', 'VERB', 'ADV', 'ADV', 'ADJ', 'PART', 'VERB', 'PART', 'VERB', 'PRON', 'PRON', 'ADV', 'PUNCT', 'ADV', 'VERB', 'DET', 'ADJ', 'NOUN', 'ADP', 'PRON', 'ADJ', 'PUNCT']","['A great place', 'a walk', 'people', 'unique sculptures', 'a snack', 'a delicious meal', 'You', 'a bench', 'the parade', 'cars', 'pedestrians', 'the Bay', 'the array', 'anchored yachts', 'them', 'all', 'this magical area']","[{'text': 'the Bay', 'label': 'LOC'}]",0.013333333333333334
42931,5.0,"Lovely, peaceful walk...breathtaking sunset","['ADJ', 'PUNCT', 'ADJ', 'NOUN', 'PUNCT', 'VERB', 'NOUN']","['Lovely, peaceful walk...breathtaking sunset']",[],0.0
42933,5.0,Nice place to get a morning walk in.,"['ADJ', 'NOUN', 'PART', 'VERB', 'DET', 'NOUN', 'NOUN', 'ADV', 'PUNCT']","['Nice place', 'a morning walk']","[{'text': 'a morning', 'label': 'TIME'}]",0.1111111111111111
42940,5.0,Beautiful place Hightly recommended,"['ADJ', 'NOUN', 'PUNCT', 'ADV', 'VERB']",['Beautiful place'],[],0.0
42957,4.0,"Its hot during daylight hours but once the sun sets it is very comfortable. Lots of businesses including restaurants, bars, tours etc.","['PRON', 'AUX', 'ADJ', 'ADP', 'NOUN', 'NOUN', 'CCONJ', 'ADV', 'DET', 'NOUN', 'VERB', 'PRON', 'AUX', 'ADV', 'ADJ', 'PUNCT', 'NOUN', 'ADP', 'NOUN', 'VERB', 'NOUN', 'PUNCT', 'NOUN', 'PUNCT', 'NOUN', 'X', 'PUNCT']","['It', 'daylight hours', 'the sun', 'it', 'Lots', 'businesses', 'restaurants', 'bars', 'tours']","[{'text': 'daylight hours', 'label': 'TIME'}]",0.037037037037037035
42959,5.0,Great place to visit Theres many restaurants and places to get desert.,"['ADJ', 'NOUN', 'PART', 'VERB', 'PUNCT', 'PRON', 'VERB', 'ADJ', 'NOUN', 'CCONJ', 'NOUN', 'PART', 'VERB', 'NOUN', 'PUNCT']","['Great place', 'many restaurants', 'places', 'desert']",[],0.0
42973,3.0,"Crowded and loud. Its a tourist trap The views are nice but debatable if the waters are ok to swim in. Our kiddo went to swim and spotted a broken danger, toxic chemical sign in the water. Look across towards the marina and youll see power plants.","['ADJ', 'CCONJ', 'ADJ', 'PUNCT', 'PRON', 'DET', 'NOUN', 'NOUN', 'PUNCT', 'DET', 'NOUN', 'AUX', 'ADJ', 'CCONJ', 'ADJ', 'SCONJ', 'DET', 'NOUN', 'AUX', 'ADJ', 'PART', 'VERB', 'ADV', 'PUNCT', 'PRON', 'NOUN', 'VERB', 'PART', 'VERB', 'CCONJ', 'VERB', 'DET', 'ADJ', 'NOUN', 'PUNCT', 'ADJ', 'NOUN', 'NOUN', 'ADP', 'DET', 'NOUN', 'PUNCT', 'VERB', 'ADP', 'ADP', 'DET', 'NOUN', 'CCONJ', 'PRON', 'AUX', 'VERB', 'NOUN', 'NOUN', 'PUNCT']","['Its a tourist trap', 'The views', 'the waters', 'Our kiddo', 'a broken danger', 'toxic chemical sign', 'the water', 'the marina', 'you', 'power plants']",[],0.0
42982,5.0,"Amazing place to walk, catch a sunset, with plenty of dining.","['ADJ', 'NOUN', 'PART', 'VERB', 'PUNCT', 'VERB', 'DET', 'NOUN', 'PUNCT', 'ADP', 'NOUN', 'ADP', 'NOUN', 'PUNCT']","['Amazing place', 'a sunset', 'plenty', 'dining']",[],0.0
42997,4.0,"Very cool place, nice and relaxed","['ADV', 'ADJ', 'NOUN', 'PUNCT', 'ADJ', 'CCONJ', 'ADJ']",['Very cool place'],[],0.0
43003,5.0,Beautiful place to walk and even get in the beach,"['ADJ', 'NOUN', 'PART', 'VERB', 'CCONJ', 'ADV', 'VERB', 'ADP', 'DET', 'NOUN']","['Beautiful place', 'the beach']",[],0.0
43006,5.0,"The most beautiful place, the sunsets look wonderful amazing Nice and comfortable place for skate 3","['DET', 'ADV', 'ADJ', 'NOUN', 'PUNCT', 'DET', 'NOUN', 'VERB', 'ADJ', 'ADJ', 'PUNCT', 'PUNCT', 'PUNCT', 'ADJ', 'CCONJ', 'ADJ', 'NOUN', 'ADP', 'NOUN', 'NUM']","['the sunsets', 'Nice and comfortable place', 'skate']","[{'text': '3', 'label': 'CARDINAL'}]",0.05
43030,5.0,Extremely nice place to hang and done.,"['ADV', 'ADJ', 'NOUN', 'PART', 'VERB', 'CCONJ', 'VERB', 'PUNCT']",['Extremely nice place'],[],0.0
43052,5.0,"The best pleace for a walk, do not miss the sunset..","['DET', 'ADJ', 'NOUN', 'ADP', 'DET', 'NOUN', 'PUNCT', 'AUX', 'PART', 'VERB', 'DET', 'NOUN', 'PUNCT']","['The best pleace', 'a walk', 'the sunset']",[],0.0
43053,5.0,"Way too much fun, so many interesting things happening at once, great food, great music and wonderful people","['VERB', 'ADV', 'ADJ', 'NOUN', 'PUNCT', 'ADV', 'ADJ', 'ADJ', 'NOUN', 'VERB', 'ADP', 'ADV', 'PUNCT', 'ADJ', 'NOUN', 'PUNCT', 'ADJ', 'NOUN', 'CCONJ', 'ADJ', 'NOUN', 'PUNCT']",['too much fun'],[],0.0
43056,5.0,"My town, great place to walk around and get an Helado. Excellent view to watch the sunset.","['PRON', 'NOUN', 'PUNCT', 'ADJ', 'NOUN', 'PART', 'VERB', 'ADV', 'CCONJ', 'VERB', 'DET', 'PROPN', 'PUNCT', 'ADJ', 'NOUN', 'PART', 'VERB', 'DET', 'NOUN', 'PUNCT']","['My town', 'great place', 'an Helado', 'Excellent view', 'the sunset']","[{'text': 'Helado', 'label': 'LOC'}]",0.05
43063,5.0,Love the Malecón here The sunsets are incredible and the people are friendly.,"['VERB', 'DET', 'PROPN', 'ADV', 'PUNCT', 'DET', 'NOUN', 'AUX', 'ADJ', 'CCONJ', 'DET', 'NOUN', 'AUX', 'ADJ', 'PUNCT']","['the Malecón', 'The sunsets', 'the people']",[],0.0
43072,5.0,"Perfect paseo for a run, walk...beautiful views, very clean and well kept, cute little beaches along the way","['VERB', 'NOUN', 'ADP', 'DET', 'NOUN', 'PUNCT', 'VERB', 'PUNCT', 'ADJ', 'NOUN', 'PUNCT', 'ADV', 'ADJ', 'CCONJ', 'ADV', 'ADJ', 'PUNCT', 'ADJ', 'ADJ', 'NOUN', 'ADP', 'DET', 'NOUN']","['paseo', 'a run', 'beautiful views', 'little beaches', 'the way']",[],0.0
43083,5.0,"So beautiful place, you can walk through the boulevard, or go in a bike. You definitely want to be there around 5 or 6 when sun is hiding, its beautiful","['ADV', 'ADJ', 'NOUN', 'PUNCT', 'PRON', 'AUX', 'VERB', 'ADP', 'DET', 'NOUN', 'PUNCT', 'CCONJ', 'VERB', 'ADP', 'DET', 'NOUN', 'PUNCT', 'PRON', 'ADV', 'VERB', 'PART', 'AUX', 'ADV', 'ADV', 'NUM', 'CCONJ', 'NUM', 'SCONJ', 'NOUN', 'AUX', 'VERB', 'PUNCT', 'PRON', 'AUX', 'ADJ']","['you', 'the boulevard', 'a bike', 'You', 'sun', 'it']","[{'text': '5', 'label': 'CARDINAL'}]",0.02857142857142857
43090,4.0,Its a beautiful and fun place to walk along with tons of options to eat and drink with friends and family.,"['PRON', 'AUX', 'DET', 'ADJ', 'CCONJ', 'ADJ', 'NOUN', 'PART', 'VERB', 'ADP', 'ADP', 'NOUN', 'ADP', 'NOUN', 'PART', 'VERB', 'CCONJ', 'VERB', 'ADP', 'NOUN', 'CCONJ', 'NOUN', 'PUNCT']","['It', 'a beautiful and fun place', 'tons', 'options', 'friends', 'family']",[],0.0
43095,5.0,Must go to place for restaurants entertainment and walking while in La Paz,"['AUX', 'VERB', 'ADP', 'NOUN', 'ADP', 'NOUN', 'NOUN', 'CCONJ', 'VERB', 'SCONJ', 'ADP', 'PROPN', 'PROPN']","['place', 'restaurants entertainment', 'La Paz']","[{'text': 'La Paz', 'label': 'FAC'}]",0.07692307692307693
43108,3.0,Beautiful place however it is a shame people have no respect and the local authorities do absolutely nothing about even though it is supposed to be the law. I collected these right after the carnaval just in the central part of El Malecón. No shame,"['ADJ', 'NOUN', 'ADV', 'PRON', 'AUX', 'DET', 'NOUN', 'NOUN', 'VERB', 'DET', 'NOUN', 'CCONJ', 'DET', 'ADJ', 'NOUN', 'VERB', 'ADV', 'PRON', 'ADP', 'ADV', 'SCONJ', 'PRON', 'AUX', 'VERB', 'PART', 'AUX', 'DET', 'NOUN', 'PUNCT', 'PRON', 'VERB', 'PRON', 'ADV', 'ADP', 'DET', 'NOUN', 'ADV', 'ADP', 'DET', 'ADJ', 'NOUN', 'ADP', 'PROPN', 'PROPN', 'PUNCT', 'DET', 'NOUN', 'PUNCT']","['it', 'a shame', 'people', 'no respect', 'the local authorities', 'nothing', 'it', 'the law', 'I', 'these', 'the carnaval', 'the central part', 'El Malecón', 'No shame']","[{'text': 'El Malecón', 'label': 'ORG'}]",0.020833333333333332
43119,4.0,"Nice place to visit, but the garbage is a shame. Would be nice to see some maintenance on the sculptures, walls and sidewalks.","['ADJ', 'NOUN', 'PART', 'VERB', 'PUNCT', 'CCONJ', 'DET', 'NOUN', 'AUX', 'DET', 'NOUN', 'PUNCT', 'AUX', 'AUX', 'ADJ', 'PART', 'VERB', 'DET', 'NOUN', 'ADP', 'DET', 'NOUN', 'PUNCT', 'NOUN', 'CCONJ', 'NOUN', 'PUNCT']","['Nice place', 'the garbage', 'a shame', 'some maintenance', 'the sculptures', 'walls', 'sidewalks']",[],0.0
43122,4.0,Nice walk along La Paz waterfront with some nice statues along the way. La Paz es nice but we found some of the other BCS towns more quaint and beautiful.,"['ADJ', 'NOUN', 'ADP', 'PROPN', 'PROPN', 'NOUN', 'ADP', 'DET', 'ADJ', 'NOUN', 'ADP', 'DET', 'NOUN', 'PUNCT', 'PROPN', 'PROPN', 'X', 'ADJ', 'CCONJ', 'PRON', 'VERB', 'PRON', 'ADP', 'DET', 'ADJ', 'PROPN', 'NOUN', 'ADJ', 'NOUN', 'CCONJ', 'ADJ', 'PUNCT']","['Nice walk', 'La Paz waterfront', 'some nice statues', 'the way', 'we', 'some', 'the other BCS towns']","[{'text': 'La Paz', 'label': 'FAC'}, {'text': 'La Paz', 'label': 'PERSON'}, {'text': 'BCS', 'label': 'ORG'}]",0.09375
43124,5.0,"Busy place in the evening for sunsets, beautiful","['ADJ', 'NOUN', 'ADP', 'DET', 'NOUN', 'ADP', 'NOUN', 'PUNCT', 'ADJ', 'PUNCT']","['Busy place', 'the evening', 'sunsets']",[],0.0
43131,5.0,"These are two different sunsets. Lots of good food. We were also there for Carnival, huge street festival and parade.","['PRON', 'AUX', 'NUM', 'ADJ', 'NOUN', 'PUNCT', 'NOUN', 'ADP', 'ADJ', 'NOUN', 'PUNCT', 'PRON', 'AUX', 'ADV', 'ADV', 'ADP', 'PROPN', 'PUNCT', 'ADJ', 'NOUN', 'NOUN', 'CCONJ', 'NOUN', 'PUNCT']","['These', 'two different sunsets', 'Lots', 'good food', 'We', 'Carnival', 'huge street festival', 'parade']","[{'text': 'two', 'label': 'CARDINAL'}, {'text': 'Carnival', 'label': 'ORG'}]",0.08333333333333333
43134,1.0,"I would not recommend visiting La Paz unfortunately. The city is oppressing its people, forcing people to wear masks still like we are living in 2020. Especially kids and workers. In a silent protest to free the residents I hope we can boycott La Paz in support. For example, the subway store would not serve me because I didnt have a mask. And one of the more popular bars forced me to buy a mask just to walk through the door, into a bar where nobody was wearing one. Complete theater.","['PRON', 'AUX', 'PART', 'VERB', 'VERB', 'PROPN', 'PROPN', 'ADV', 'PUNCT', 'DET', 'NOUN', 'AUX', 'VERB', 'PRON', 'NOUN', 'PUNCT', 'VERB', 'NOUN', 'PART', 'VERB', 'NOUN', 'ADV', 'INTJ', 'PRON', 'AUX', 'VERB', 'ADP', 'NUM', 'PUNCT', 'ADV', 'NOUN', 'CCONJ', 'NOUN', 'PUNCT', 'ADP', 'DET', 'ADJ', 'NOUN', 'PART', 'VERB', 'DET', 'NOUN', 'PRON', 'VERB', 'PRON', 'AUX', 'VERB', 'PROPN', 'PROPN', 'ADP', 'NOUN', 'PUNCT', 'ADP', 'NOUN', 'PUNCT', 'DET', 'NOUN', 'NOUN', 'AUX', 'PART', 'VERB', 'PRON', 'SCONJ', 'PRON', 'AUX', 'PART', 'VERB', 'DET', 'NOUN', 'PUNCT', 'CCONJ', 'NUM', 'ADP', 'DET', 'ADV', 'ADJ', 'NOUN', 'VERB', 'PRON', 'PART', 'VERB', 'DET', 'NOUN', 'ADV', 'PART', 'VERB', 'ADP', 'DET', 'NOUN', 'PUNCT', 'ADP', 'DET', 'NOUN', 'SCONJ', 'PRON', 'AUX', 'VERB', 'NUM', 'PUNCT', 'ADJ', 'NOUN', 'PUNCT']","['I', 'La Paz', 'The city', 'its people', 'people', 'masks', 'we', 'Especially kids', 'workers', 'a silent protest', 'the residents', 'I', 'we', 'La Paz', 'support', 'example', 'the subway store', 'me', 'I', 'a mask', 'the more popular bars', 'me', 'a mask', 'the door', 'a bar', 'nobody', 'Complete theater']","[{'text': 'La Paz', 'label': 'FAC'}, {'text': '2020', 'label': 'DATE'}, {'text': 'La Paz', 'label': 'PERSON'}, {'text': 'one', 'label': 'CARDINAL'}]",0.0392156862745098
43144,5.0,"Great walk, jog, or stroll along Malecon lined with really unique art. Should you venture farther along the seashore there are many sights to view.","['ADJ', 'NOUN', 'PUNCT', 'NOUN', 'PUNCT', 'CCONJ', 'NOUN', 'ADP', 'PROPN', 'VERB', 'ADP', 'ADV', 'ADJ', 'NOUN', 'PUNCT', 'AUX', 'PRON', 'VERB', 'ADV', 'ADP', 'DET', 'NOUN', 'PRON', 'VERB', 'ADJ', 'NOUN', 'PART', 'VERB', 'PUNCT']","['Great walk', 'jog', 'stroll', 'Malecon', 'really unique art', 'you', 'the seashore', 'many sights']","[{'text': 'Malecon', 'label': 'ORG'}]",0.034482758620689655
43145,5.0,"Its a great pleasure coming back after a couple years everything was very clean and everyone is ready to help you have a great culinary and vacation time. Food its every where between american, mediterranean, italian, argentinian and so more.","['PRON', 'DET', 'ADJ', 'NOUN', 'VERB', 'ADV', 'ADP', 'DET', 'NOUN', 'NOUN', 'PRON', 'AUX', 'ADV', 'ADJ', 'CCONJ', 'PRON', 'AUX', 'ADJ', 'PART', 'VERB', 'PRON', 'VERB', 'DET', 'ADJ', 'ADJ', 'CCONJ', 'NOUN', 'NOUN', 'PUNCT', 'NOUN', 'PRON', 'PRON', 'SCONJ', 'ADP', 'PROPN', 'PUNCT', 'PROPN', 'PUNCT', 'ADJ', 'PUNCT', 'ADJ', 'CCONJ', 'ADV', 'ADJ', 'PUNCT']","['Its a great pleasure', 'a couple years', 'everything', 'everyone', 'you', 'a great culinary and vacation time', 'Food', 'its every', 'american', 'mediterranean']","[{'text': 'a couple years', 'label': 'DATE'}, {'text': 'american', 'label': 'NORP'}, {'text': 'mediterranean', 'label': 'LOC'}, {'text': 'italian', 'label': 'NORP'}, {'text': 'argentinian', 'label': 'NORP'}]",0.1111111111111111
43153,5.0,Delightful experience great place for getting to know the local folklore,"['ADJ', 'NOUN', 'ADJ', 'NOUN', 'ADP', 'VERB', 'PART', 'VERB', 'DET', 'ADJ', 'NOUN']","['Delightful experience great place', 'the local folklore']",[],0.0
43162,5.0,"Beautiful waterfront prominad with lots of shops,cafes and vendors. So much to see and do. Parking can be an issue at times but you can always get a spot a block or two up from the main drag. Best explored on foot anyways.","['ADJ', 'NOUN', 'NOUN', 'ADP', 'NOUN', 'ADP', 'NOUN', 'PUNCT', 'NOUN', 'CCONJ', 'NOUN', 'PUNCT', 'ADV', 'ADV', 'PART', 'VERB', 'CCONJ', 'VERB', 'PUNCT', 'NOUN', 'AUX', 'AUX', 'DET', 'NOUN', 'ADP', 'NOUN', 'CCONJ', 'PRON', 'AUX', 'ADV', 'VERB', 'DET', 'NOUN', 'DET', 'NOUN', 'CCONJ', 'NUM', 'ADV', 'ADP', 'DET', 'ADJ', 'NOUN', 'PUNCT', 'ADV', 'VERB', 'ADP', 'NOUN', 'ADJ', 'PUNCT']","['Beautiful waterfront prominad', 'lots', 'shops', 'cafes', 'vendors', 'Parking', 'an issue', 'times', 'you', 'a spot', 'a block', 'the main drag']","[{'text': 'two', 'label': 'CARDINAL'}]",0.02040816326530612
43174,5.0,I love the charming vibe you can enjoy there with your couple. What a beautiful place to visit,"['PRON', 'VERB', 'DET', 'ADJ', 'NOUN', 'PRON', 'AUX', 'VERB', 'ADV', 'ADP', 'PRON', 'NOUN', 'PUNCT', 'PRON', 'DET', 'ADJ', 'NOUN', 'PART', 'VERB']","['I', 'the charming vibe', 'you', 'your couple', 'What a beautiful place']",[],0.0
43177,5.0,Awesome experience,"['NOUN', 'NOUN']",['Awesome experience'],[],0.0
43180,5.0,"The heart of the city of Peace. Where scenic magnificence provides the perfect celestial canvas for the hearts and minds of all those that are drawn here, to share in the grandeur","['DET', 'NOUN', 'ADP', 'DET', 'NOUN', 'ADP', 'PROPN', 'PUNCT', 'SCONJ', 'ADJ', 'NOUN', 'VERB', 'DET', 'ADJ', 'ADJ', 'NOUN', 'ADP', 'DET', 'NOUN', 'CCONJ', 'NOUN', 'ADP', 'DET', 'PRON', 'PRON', 'AUX', 'VERB', 'ADV', 'PUNCT', 'PART', 'VERB', 'ADP', 'DET', 'NOUN']","['The heart', 'the city', 'Peace', 'scenic magnificence', 'the perfect celestial canvas', 'the hearts', 'minds', 'all those', 'that', 'the grandeur']","[{'text': 'Peace', 'label': 'LOC'}]",0.029411764705882353
43181,5.0,"Cool park, lots of people, lots of cool statues to see, kids play ground down the road and as much food and drink as you could hope for just across the street.","['PROPN', 'NOUN', 'PUNCT', 'NOUN', 'ADP', 'NOUN', 'PUNCT', 'NOUN', 'ADP', 'ADJ', 'NOUN', 'PART', 'VERB', 'PUNCT', 'NOUN', 'VERB', 'NOUN', 'ADP', 'DET', 'NOUN', 'CCONJ', 'ADV', 'ADJ', 'NOUN', 'CCONJ', 'VERB', 'SCONJ', 'PRON', 'AUX', 'VERB', 'ADP', 'ADV', 'ADP', 'DET', 'NOUN', 'PUNCT']","['lots', 'people', 'lots', 'cool statues', 'kids', 'ground', 'the road', 'as much food', 'you', 'the street']",[],0.0
43190,5.0,Beautiful because its not very busy and still very comfortable. Probably in 10 to 20 years it will be overbuilt. But for now its Cabo from 50 years ago. Some nice places to sit outside and have a margarita easy access from that town.,"['ADJ', 'SCONJ', 'PRON', 'AUX', 'PART', 'ADV', 'ADJ', 'CCONJ', 'ADV', 'ADV', 'ADJ', 'PUNCT', 'ADV', 'ADP', 'NUM', 'PART', 'NUM', 'NOUN', 'PRON', 'AUX', 'AUX', 'ADJ', 'PUNCT', 'CCONJ', 'ADP', 'ADV', 'PRON', 'AUX', 'PROPN', 'ADP', 'NUM', 'NOUN', 'ADV', 'PUNCT', 'DET', 'ADJ', 'NOUN', 'PART', 'VERB', 'ADV', 'CCONJ', 'VERB', 'DET', 'PROPN', 'ADJ', 'NOUN', 'ADP', 'DET', 'NOUN', 'PUNCT']","['it', '10 to 20 years', 'it', 'it', 'Cabo', 'Some nice places', 'a margarita easy access', 'that town']","[{'text': '10 to 20 years', 'label': 'DATE'}, {'text': '50 years ago', 'label': 'DATE'}]",0.04
43196,5.0,Great place to be in the evenings,"['ADJ', 'NOUN', 'PART', 'AUX', 'ADP', 'DET', 'NOUN']","['Great place', 'the evenings']",[],0.0
43197,5.0,Great place for running swimming or just browsing.,"['ADJ', 'NOUN', 'ADP', 'VERB', 'NOUN', 'CCONJ', 'ADV', 'VERB', 'PUNCT']","['Great place', 'swimming']",[],0.0
43199,1.0,"Malecon area fine for yuppies. La Paz is a dirty, industrial city. Whales shark swim and other ocean activities great, but theres nothing more the city offers. Ps was cheated by whale shark trip leader, so be cautious.","['PROPN', 'NOUN', 'ADJ', 'ADP', 'NOUN', 'PUNCT', 'PROPN', 'PROPN', 'AUX', 'DET', 'ADJ', 'PUNCT', 'ADJ', 'NOUN', 'PUNCT', 'PROPN', 'NOUN', 'NOUN', 'CCONJ', 'ADJ', 'NOUN', 'NOUN', 'ADJ', 'PUNCT', 'CCONJ', 'PRON', 'VERB', 'PRON', 'ADJ', 'DET', 'NOUN', 'VERB', 'PUNCT', 'PROPN', 'AUX', 'VERB', 'ADP', 'ADJ', 'PROPN', 'NOUN', 'NOUN', 'PUNCT', 'ADV', 'AUX', 'ADJ', 'PUNCT']","['Malecon area', 'yuppies', 'La Paz', 'a dirty, industrial city', 'Whales shark swim', 'other ocean activities', 'nothing', 'the city', 'Ps', 'whale shark trip leader']","[{'text': 'Malecon', 'label': 'ORG'}, {'text': 'La Paz', 'label': 'PERSON'}, {'text': 'Whales', 'label': 'PERSON'}, {'text': 'Ps', 'label': 'PERSON'}]",0.08695652173913043
43215,5.0,The place to go in la paz,"['DET', 'NOUN', 'PART', 'VERB', 'ADP', 'PROPN', 'NOUN']","['The place', 'la paz']",[],0.0
43220,5.0,"Malecon was clean, beautiful with a lot of places to eat and things to see.","['PROPN', 'AUX', 'ADJ', 'PUNCT', 'ADJ', 'ADP', 'DET', 'NOUN', 'ADP', 'NOUN', 'PART', 'VERB', 'CCONJ', 'NOUN', 'PART', 'VERB', 'PUNCT']","['Malecon', 'a lot', 'places', 'things']","[{'text': 'Malecon', 'label': 'ORG'}]",0.058823529411764705
43229,5.0,"Nice 5.5 km  long. Smooth as a skating rink. A lot of banches, excersise places, and dogs. Dogs área everywhere","['PROPN', 'NUM', 'NOUN', 'PUNCT', 'ADV', 'PUNCT', 'ADJ', 'ADP', 'DET', 'NOUN', 'NOUN', 'PUNCT', 'DET', 'NOUN', 'ADP', 'NOUN', 'PUNCT', 'ADJ', 'NOUN', 'PUNCT', 'CCONJ', 'NOUN', 'PUNCT', 'NOUN', 'ADV', 'ADV']","['Nice', '5.5 km', 'a skating rink', 'A lot', 'banches', 'excersise places', 'dogs']",[],0.0
43230,5.0,I love the Malecon. Very clean with a lot to do and see. Beautiful view and great restaurants all around. We did the Whale Shark swim and had a great time. Rent a bike or walk either way you will have a amazing time.,"['PRON', 'VERB', 'DET', 'PROPN', 'PUNCT', 'ADV', 'ADJ', 'ADP', 'DET', 'NOUN', 'PART', 'VERB', 'CCONJ', 'VERB', 'PUNCT', 'ADJ', 'NOUN', 'CCONJ', 'ADJ', 'NOUN', 'ADV', 'ADV', 'PUNCT', 'PRON', 'VERB', 'DET', 'PROPN', 'PROPN', 'NOUN', 'CCONJ', 'VERB', 'DET', 'ADJ', 'NOUN', 'PUNCT', 'VERB', 'DET', 'NOUN', 'CCONJ', 'VERB', 'DET', 'NOUN', 'PRON', 'AUX', 'VERB', 'DET', 'ADJ', 'NOUN', 'PUNCT']","['I', 'the Malecon', 'a lot', 'Beautiful view', 'great restaurants', 'We', 'the Whale Shark swim', 'a great time', 'a bike', 'you', 'a amazing time']","[{'text': 'Malecon', 'label': 'GPE'}, {'text': 'Whale Shark', 'label': 'LOC'}]",0.04081632653061224
43231,5.0,"Great views and a great way to get your walking exercise. Lots of great food choices, ice cream or just a drink.","['ADJ', 'NOUN', 'CCONJ', 'DET', 'ADJ', 'NOUN', 'PART', 'VERB', 'PRON', 'NOUN', 'NOUN', 'PUNCT', 'NOUN', 'ADP', 'ADJ', 'NOUN', 'NOUN', 'PUNCT', 'NOUN', 'NOUN', 'CCONJ', 'ADV', 'DET', 'NOUN', 'PUNCT']","['Great views', 'a great way', 'your walking exercise', 'Lots', 'great food choices', 'ice cream', 'just a drink']",[],0.0
43235,4.0,Happening tourist area,"['VERB', 'NOUN', 'NOUN']",['Happening tourist area'],[],0.0
43240,5.0,Loved walking the malecon,"['VERB', 'VERB', 'DET', 'NOUN']",['the malecon'],[],0.0
43245,5.0,"It is a beautiful walk with art, activities and places to eat. The water is beautiful, and at low tide you can walk and see the life that lies under water at shore.","['PRON', 'AUX', 'DET', 'ADJ', 'NOUN', 'ADP', 'NOUN', 'PUNCT', 'NOUN', 'CCONJ', 'NOUN', 'PART', 'VERB', 'PUNCT', 'DET', 'NOUN', 'AUX', 'ADJ', 'PUNCT', 'CCONJ', 'ADP', 'ADJ', 'NOUN', 'PRON', 'AUX', 'VERB', 'CCONJ', 'VERB', 'DET', 'NOUN', 'PRON', 'VERB', 'ADP', 'NOUN', 'ADP', 'NOUN', 'PUNCT']","['It', 'a beautiful walk', 'art', 'activities', 'places', 'The water', 'low tide', 'you', 'the life', 'that', 'water', 'shore']",[],0.0
43251,4.0,"Its a must to see and take a stroll down the Malecón but not with so much to do in the area dont spend the day there. Nevertheless, its better to see something once than be told about it 1000 times.","['PRON', 'DET', 'NOUN', 'PART', 'VERB', 'CCONJ', 'VERB', 'DET', 'NOUN', 'ADP', 'DET', 'PROPN', 'CCONJ', 'PART', 'ADP', 'ADV', 'ADJ', 'PART', 'VERB', 'ADP', 'DET', 'NOUN', 'AUX', 'PART', 'VERB', 'DET', 'NOUN', 'ADV', 'PUNCT', 'ADV', 'PUNCT', 'PRON', 'ADJ', 'PART', 'VERB', 'PRON', 'ADV', 'SCONJ', 'AUX', 'VERB', 'ADP', 'PRON', 'NUM', 'NOUN', 'PUNCT']","['Its a must', 'a stroll', 'the Malecón', 'the area', 'the day', 'something', 'it']","[{'text': 'Malecón', 'label': 'PERSON'}, {'text': 'the day', 'label': 'DATE'}, {'text': 'about it', 'label': 'CARDINAL'}, {'text': '1000', 'label': 'CARDINAL'}]",0.08888888888888889
43254,5.0,"About as good use of public space as it gets. Clean, safe, family friendly fun.","['ADV', 'ADP', 'ADJ', 'NOUN', 'ADP', 'ADJ', 'NOUN', 'SCONJ', 'PRON', 'VERB', 'PUNCT', 'ADJ', 'PUNCT', 'ADJ', 'PUNCT', 'NOUN', 'ADJ', 'NOUN', 'PUNCT']","['good use', 'public space', 'it', 'Clean, safe, family friendly fun']",[],0.0
43257,1.0,Not my favorite. No one spoke English. No one knew prices. A lovely cab driver with limited English saved the day.,"['PART', 'PRON', 'NOUN', 'PUNCT', 'DET', 'NOUN', 'VERB', 'PROPN', 'PUNCT', 'DET', 'NOUN', 'VERB', 'NOUN', 'PUNCT', 'DET', 'ADJ', 'NOUN', 'NOUN', 'ADP', 'VERB', 'PROPN', 'VERB', 'DET', 'NOUN', 'PUNCT']","['Not my favorite', 'No one', 'English', 'No one', 'prices', 'A lovely cab driver', 'limited English', 'the day']","[{'text': 'English', 'label': 'LANGUAGE'}, {'text': 'English', 'label': 'LANGUAGE'}, {'text': 'the day', 'label': 'DATE'}]",0.12
43269,5.0,Nice atmosphere and breathtaking sunsets Felt safe.,"['ADJ', 'NOUN', 'CCONJ', 'VERB', 'NOUN', 'PUNCT', 'VERB', 'ADJ', 'PUNCT']","['Nice atmosphere', 'breathtaking sunsets']","[{'text': 'Felt', 'label': 'PERSON'}]",0.1111111111111111
43272,5.0,"Great spot with plenty of stores, restaurants, and or spots for pictures if you dont want to have to spend dinero. Highly recommend taking a walk down the boardwalk when visiting la paz","['ADJ', 'NOUN', 'ADP', 'NOUN', 'ADP', 'NOUN', 'PUNCT', 'NOUN', 'PUNCT', 'CCONJ', 'CCONJ', 'NOUN', 'ADP', 'NOUN', 'SCONJ', 'PRON', 'AUX', 'PART', 'VERB', 'PART', 'VERB', 'PART', 'VERB', 'NOUN', 'PUNCT', 'ADV', 'VERB', 'VERB', 'DET', 'NOUN', 'ADP', 'DET', 'NOUN', 'SCONJ', 'VERB', 'ADP', 'NOUN']","['Great spot', 'plenty', 'stores', 'restaurants', 'spots', 'pictures', 'you', 'dinero', 'a walk', 'the boardwalk', 'paz']",[],0.0
43275,5.0,"Best malecon in Mexico not ruined by resorts. Walking lanes, dedicated bike lanes, skate parks, bike parks, nice dog park.","['ADJ', 'NOUN', 'ADP', 'PROPN', 'PART', 'VERB', 'ADP', 'NOUN', 'PUNCT', 'VERB', 'NOUN', 'PUNCT', 'ADJ', 'NOUN', 'NOUN', 'PUNCT', 'ADJ', 'NOUN', 'PUNCT', 'NOUN', 'NOUN', 'PUNCT', 'ADJ', 'NOUN', 'NOUN', 'PUNCT']","['Best malecon', 'Mexico', 'resorts', 'lanes', 'skate parks', 'bike parks', 'nice dog park']","[{'text': 'Mexico', 'label': 'GPE'}]",0.038461538461538464
43282,5.0,Friendly and interesting homemade waffle cones,"['ADJ', 'CCONJ', 'ADJ', 'ADJ', 'NOUN', 'NOUN']",['Friendly and interesting homemade waffle cones'],[],0.0
43289,5.0,Lovely place,"['ADJ', 'NOUN', 'PUNCT', 'PUNCT', 'PUNCT']",['Lovely place'],[],0.0
43290,5.0,"Beautiful walking area. Kids, families, tourists, everyone. Cool sculptures along the way. Restaurants and bars and coffee shops. Great any time of the day.","['ADJ', 'VERB', 'NOUN', 'PUNCT', 'NOUN', 'PUNCT', 'NOUN', 'PUNCT', 'NOUN', 'PUNCT', 'PRON', 'PUNCT', 'ADJ', 'NOUN', 'ADP', 'DET', 'NOUN', 'PUNCT', 'NOUN', 'CCONJ', 'NOUN', 'CCONJ', 'NOUN', 'NOUN', 'PUNCT', 'ADJ', 'DET', 'NOUN', 'ADP', 'DET', 'NOUN', 'PUNCT']","['Beautiful walking area', 'Kids', 'families', 'tourists', 'everyone', 'Cool sculptures', 'the way', 'Restaurants', 'bars', 'coffee shops', 'Great any time', 'the day']","[{'text': 'the day', 'label': 'DATE'}]",0.03125
43292,5.0,Its always nice for a stroll and enjoying a sunset,"['PRON', 'AUX', 'ADV', 'ADJ', 'ADP', 'DET', 'NOUN', 'CCONJ', 'VERB', 'DET', 'NOUN']","['It', 'a stroll', 'a sunset']",[],0.0
43293,5.0,"Broad walk, not too busy though rocky beach in many places. Lots of restaurant choices","['ADJ', 'NOUN', 'PUNCT', 'PART', 'ADV', 'ADJ', 'SCONJ', 'ADJ', 'NOUN', 'ADP', 'ADJ', 'NOUN', 'PUNCT', 'NOUN', 'ADP', 'NOUN', 'NOUN']","['Broad walk', 'rocky beach', 'many places', 'Lots', 'restaurant choices']","[{'text': 'rocky beach', 'label': 'GPE'}]",0.058823529411764705
43296,5.0,"Love the Malecon Lots of friendly people, very safe, usually some cool markets and events going on. If we lived here, Id walk it every day","['VERB', 'DET', 'PROPN', 'PUNCT', 'NOUN', 'ADP', 'ADJ', 'NOUN', 'PUNCT', 'ADV', 'ADJ', 'PUNCT', 'ADV', 'DET', 'ADJ', 'NOUN', 'CCONJ', 'NOUN', 'VERB', 'ADP', 'PUNCT', 'SCONJ', 'PRON', 'VERB', 'ADV', 'PUNCT', 'PRON', 'AUX', 'VERB', 'PRON', 'DET', 'NOUN', 'PUNCT']","['the Malecon', 'Lots', 'friendly people', 'very safe, usually some cool markets', 'events', 'we', 'I', 'it']",[],0.0
43305,5.0,"Great place for a stroll, The sunset is fantastic from here. There are a lot of tabletop stalls that sell food, beer, and artisanal stuff. Definitely recommended","['ADJ', 'NOUN', 'ADP', 'DET', 'NOUN', 'PUNCT', 'DET', 'NOUN', 'AUX', 'ADJ', 'ADP', 'ADV', 'PUNCT', 'PRON', 'VERB', 'DET', 'NOUN', 'ADP', 'ADJ', 'NOUN', 'PRON', 'VERB', 'NOUN', 'PUNCT', 'NOUN', 'PUNCT', 'CCONJ', 'ADJ', 'NOUN', 'PUNCT', 'ADV', 'VERB']","['a stroll', 'The sunset', 'a lot', 'tabletop stalls', 'that', 'food', 'beer', 'artisanal stuff']",[],0.0
43324,4.0,Great place with several restaurants,"['ADJ', 'NOUN', 'ADP', 'ADJ', 'NOUN']","['Great place', 'several restaurants']",[],0.0
43331,5.0,Whats not to like. Lol,"['PRON', 'AUX', 'PART', 'PART', 'VERB', 'PUNCT', 'VERB']",['What'],[],0.0
43341,5.0,Very nice walkway along the bay with interesting artistic sculptures and great views of the surrounding mountains. Many families enjoy the evenings and there are restaurants and shops across the road.,"['ADV', 'ADJ', 'NOUN', 'ADP', 'DET', 'NOUN', 'ADP', 'ADJ', 'ADJ', 'NOUN', 'CCONJ', 'ADJ', 'NOUN', 'ADP', 'DET', 'VERB', 'NOUN', 'PUNCT', 'ADJ', 'NOUN', 'VERB', 'DET', 'NOUN', 'CCONJ', 'PRON', 'VERB', 'NOUN', 'CCONJ', 'NOUN', 'ADP', 'DET', 'NOUN', 'PUNCT']","['Very nice walkway', 'the bay', 'interesting artistic sculptures', 'great views', 'the surrounding mountains', 'Many families', 'the evenings', 'restaurants', 'shops', 'the road']",[],0.0
43347,5.0,Great place to visit,"['ADJ', 'NOUN', 'PART', 'VERB', 'PUNCT']",['Great place'],[],0.0
43358,5.0,"The gem of La Paz Great place to walk along the water, have a delicious meal, and interact with the community","['DET', 'NOUN', 'ADP', 'PROPN', 'PROPN', 'PUNCT', 'ADJ', 'NOUN', 'PART', 'VERB', 'ADP', 'DET', 'NOUN', 'PUNCT', 'VERB', 'DET', 'ADJ', 'NOUN', 'PUNCT', 'CCONJ', 'VERB', 'ADP', 'DET', 'NOUN']","['The gem', 'La Paz', 'Great place', 'the water', 'a delicious meal', 'the community']","[{'text': 'La Paz', 'label': 'ORG'}]",0.041666666666666664
43375,5.0,"What a beautiful, well done, clean place Feels safe even middle of the night. Nice art, play areas, wading areas was told its ok but would probably not swim too much in this area. Great for a walk, ice cream, dinner, breakfast. Just a super place.","['PRON', 'DET', 'ADJ', 'PUNCT', 'ADV', 'VERB', 'PUNCT', 'ADJ', 'NOUN', 'PUNCT', 'VERB', 'ADJ', 'ADV', 'NOUN', 'ADP', 'DET', 'NOUN', 'PUNCT', 'ADJ', 'NOUN', 'PUNCT', 'VERB', 'NOUN', 'PUNCT', 'VERB', 'NOUN', 'PUNCT', 'AUX', 'VERB', 'PRON', 'NOUN', 'CCONJ', 'AUX', 'ADV', 'PART', 'VERB', 'ADV', 'ADV', 'ADP', 'DET', 'NOUN', 'PUNCT', 'PUNCT', 'ADJ', 'ADP', 'DET', 'NOUN', 'PUNCT', 'NOUN', 'PUNCT', 'NOUN', 'PUNCT', 'PUNCT', 'NOUN', 'PUNCT', 'NOUN', 'PUNCT', 'ADV', 'DET', 'ADJ', 'NOUN', 'PUNCT']","['What a beautiful, well done, clean place', 'even middle', 'the night', 'Nice art', 'areas', 'wading areas', 'its ok', 'this area', 'a walk, ice (cream), dinner, breakfast', 'Just a super place']",[],0.0
43392,5.0,Fun place to walk with the family,"['NOUN', 'NOUN', 'PART', 'VERB', 'ADP', 'DET', 'NOUN']","['Fun place', 'the family']",[],0.0
43393,4.0,"Good food. But drinks can be better, especially mojito, too saury and watery.","['ADJ', 'NOUN', 'PUNCT', 'CCONJ', 'NOUN', 'AUX', 'AUX', 'ADJ', 'PUNCT', 'ADV', 'ADJ', 'PUNCT', 'ADV', 'NOUN', 'CCONJ', 'PROPN', 'PUNCT']","['Good food', 'drinks']",[],0.0
43398,5.0,Beautiful beach promenade with restaurant on other side of the road.,"['ADJ', 'NOUN', 'NOUN', 'ADP', 'NOUN', 'ADP', 'ADJ', 'NOUN', 'ADP', 'DET', 'NOUN', 'PUNCT']","['Beautiful beach promenade', 'restaurant', 'other side', 'the road']",[],0.0
43411,5.0,Beautiful and clean Loved laPaz,"['ADJ', 'CCONJ', 'ADJ', 'PUNCT', 'PUNCT', 'PROPN', 'PROPN']",['Loved laPaz'],[],0.0
43420,5.0,Nice walk along the harbor. Very very hot for me.,"['ADJ', 'VERB', 'ADP', 'DET', 'NOUN', 'PUNCT', 'ADV', 'ADV', 'ADJ', 'ADP', 'PRON', 'PUNCT']","['the harbor', 'me']",[],0.0
43473,5.0,"A hotel on the Malecon is a good spot to stay at while in La Paz as everything is a few blocks away. You can choose to walk, rent a scooter, or a car to move around but parking is a bit scarce. Once you do find a parking spot you can walk to where you need to at only a few blocks away.","['DET', 'NOUN', 'ADP', 'DET', 'PROPN', 'AUX', 'DET', 'ADJ', 'NOUN', 'PART', 'VERB', 'ADP', 'NOUN', 'ADP', 'PROPN', 'PROPN', 'SCONJ', 'PRON', 'AUX', 'DET', 'ADJ', 'NOUN', 'ADV', 'PUNCT', 'PRON', 'AUX', 'VERB', 'PART', 'VERB', 'PUNCT', 'VERB', 'DET', 'NOUN', 'PUNCT', 'CCONJ', 'DET', 'NOUN', 'PART', 'VERB', 'ADV', 'CCONJ', 'NOUN', 'AUX', 'DET', 'NOUN', 'ADJ', 'PUNCT', 'SCONJ', 'PRON', 'AUX', 'VERB', 'DET', 'NOUN', 'NOUN', 'PRON', 'AUX', 'VERB', 'ADP', 'SCONJ', 'PRON', 'VERB', 'PART', 'ADP', 'ADV', 'DET', 'ADJ', 'NOUN', 'ADV', 'PUNCT']","['A hotel', 'the Malecon', 'a good spot', 'while', 'La Paz', 'everything', 'You', 'a scooter', 'a car', 'parking', 'you', 'a parking spot', 'you', 'you']","[{'text': 'Malecon', 'label': 'ORG'}, {'text': 'La Paz', 'label': 'FAC'}]",0.028985507246376812
43480,5.0,Public area. Sunsets are incredible. It gets busy at night time.,"['ADJ', 'NOUN', 'PUNCT', 'NOUN', 'AUX', 'ADJ', 'PUNCT', 'PRON', 'VERB', 'ADJ', 'ADP', 'NOUN', 'NOUN', 'PUNCT']","['Public area', 'Sunsets', 'It', 'night time']","[{'text': 'night', 'label': 'TIME'}]",0.07142857142857142
43485,5.0,We love walking exploring near the malecon,"['PRON', 'VERB', 'VERB', 'VERB', 'ADP', 'DET', 'NOUN', 'PUNCT']","['We', 'the malecon']",[],0.0
43533,5.0,The best pastime in La Paz And its free,"['DET', 'ADJ', 'NOUN', 'ADP', 'PROPN', 'PROPN', 'PUNCT', 'CCONJ', 'PRON', 'ADJ']","['The best pastime', 'La Paz']","[{'text': 'La Paz', 'label': 'FAC'}]",0.1
43549,4.0,"Beautiful coast walk, many small monuments have been erected on the way to the main square.. Must visit place in La Paz","['ADJ', 'NOUN', 'NOUN', 'PUNCT', 'ADJ', 'ADJ', 'NOUN', 'AUX', 'AUX', 'VERB', 'ADP', 'DET', 'NOUN', 'ADP', 'DET', 'ADJ', 'NOUN', 'PUNCT', 'AUX', 'VERB', 'NOUN', 'ADP', 'PROPN', 'PROPN']","['Beautiful coast walk', 'many small monuments', 'the way', 'the main square', 'place', 'La Paz']","[{'text': 'La Paz', 'label': 'FAC'}]",0.041666666666666664
43560,5.0,Nice place to visit.,"['ADJ', 'NOUN', 'PART', 'VERB', 'PUNCT']",['Nice place'],[],0.0
43618,4.0,"Beautiful, beware of traffic...","['ADJ', 'PUNCT', 'VERB', 'ADP', 'NOUN', 'PUNCT']",['traffic'],[],0.0
43646,5.0,The Malecón is a truly awesomely place to hang out.,"['DET', 'PROPN', 'AUX', 'DET', 'ADV', 'ADV', 'NOUN', 'PART', 'VERB', 'ADP', 'PUNCT']","['The Malecón', 'a truly awesomely place']","[{'text': 'Malecón', 'label': 'PERSON'}]",0.09090909090909091
43678,5.0,Very nice and clean place to visit,"['ADV', 'ADJ', 'CCONJ', 'ADJ', 'NOUN', 'PART', 'VERB']",['Very nice and clean place'],[],0.0
43698,5.0,Very nice Malecon with a variety of shops and restaurants. A nice break and away from the hustle of Cabo San Lucas.,"['ADV', 'ADJ', 'PROPN', 'ADP', 'DET', 'NOUN', 'ADP', 'NOUN', 'CCONJ', 'NOUN', 'PUNCT', 'DET', 'ADJ', 'NOUN', 'CCONJ', 'ADV', 'ADP', 'DET', 'NOUN', 'ADP', 'PROPN', 'PROPN', 'PROPN', 'PUNCT']","['Very nice Malecon', 'a variety', 'shops', 'restaurants', 'A nice break', 'the hustle', 'Cabo San Lucas']","[{'text': 'Cabo San Lucas', 'label': 'LOC'}]",0.041666666666666664
43701,5.0,"Beautiful promenade to take a walk, ride a bike, rollerblading, etc. Great to take a walk and catch the sunset.","['ADJ', 'NOUN', 'PART', 'VERB', 'DET', 'NOUN', 'PUNCT', 'VERB', 'DET', 'NOUN', 'PUNCT', 'NOUN', 'PUNCT', 'X', 'X', 'ADJ', 'PART', 'VERB', 'DET', 'NOUN', 'CCONJ', 'VERB', 'DET', 'NOUN', 'PUNCT']","['Beautiful promenade', 'a walk', 'a bike', 'rollerblading', 'a walk', 'the sunset']",[],0.0
43711,5.0,"Lovely sunsets, family friendly lots of places to sit eat, have ice cream... Many things to do. There is even a volleyball court","['ADJ', 'NOUN', 'PUNCT', 'NOUN', 'ADJ', 'NOUN', 'ADP', 'NOUN', 'PART', 'VERB', 'NOUN', 'PUNCT', 'VERB', 'NOUN', 'NOUN', 'PUNCT', 'ADJ', 'NOUN', 'PART', 'VERB', 'PUNCT', 'PRON', 'VERB', 'ADV', 'DET', 'NOUN', 'NOUN', 'PUNCT']","['Lovely sunsets', 'family friendly lots', 'places', 'eat', 'ice cream', 'Many things', 'even a volleyball court']",[],0.0
43714,5.0,Lots of stuff going on. Most wonderful sunsets,"['NOUN', 'ADP', 'NOUN', 'VERB', 'ADP', 'PUNCT', 'ADJ', 'ADJ', 'NOUN', 'PUNCT', 'PUNCT']","['Lots', 'stuff', 'Most wonderful sunsets']",[],0.0
43737,5.0,"The Malecon in La Paz is incredible, full of natural beauty, statues and incredible people from all over Mexico.","['DET', 'PROPN', 'ADP', 'PROPN', 'PROPN', 'AUX', 'ADJ', 'PUNCT', 'ADJ', 'ADP', 'ADJ', 'NOUN', 'PUNCT', 'NOUN', 'CCONJ', 'ADJ', 'NOUN', 'ADP', 'ADV', 'ADP', 'PROPN', 'PUNCT']","['The Malecon', 'La Paz', 'natural beauty', 'statues', 'incredible people', 'Mexico']","[{'text': 'Mexico', 'label': 'GPE'}]",0.045454545454545456
43756,5.0,This best tour,"['DET', 'ADJ', 'NOUN', 'PUNCT']",['This best tour'],[],0.0
43763,5.0,I love watching the sunsets here,"['PRON', 'VERB', 'VERB', 'DET', 'NOUN', 'ADV']","['I', 'the sunsets']",[],0.0
43795,3.0,"Its my opinion the Malecon is overrated. Amongst other things, it could use many more pieces of public art. It could include food, art and other vendors on both sides of the promenade especially outdoor vendors. One shouldnt have to cross a busy thoroughfare to get to restaurants and vendors. I dont mean to be snooty but in my opinion it doesnt compare favorably to many other public seaside boardwalks.","['PRON', 'PRON', 'NOUN', 'DET', 'PROPN', 'AUX', 'VERB', 'PUNCT', 'ADP', 'ADJ', 'NOUN', 'PUNCT', 'PRON', 'AUX', 'VERB', 'ADJ', 'ADJ', 'NOUN', 'ADP', 'ADJ', 'NOUN', 'PUNCT', 'PRON', 'AUX', 'VERB', 'NOUN', 'PUNCT', 'NOUN', 'CCONJ', 'ADJ', 'NOUN', 'ADP', 'DET', 'NOUN', 'ADP', 'DET', 'NOUN', 'ADV', 'ADJ', 'NOUN', 'PUNCT', 'NUM', 'AUX', 'PART', 'VERB', 'PART', 'VERB', 'DET', 'ADJ', 'NOUN', 'PART', 'VERB', 'ADP', 'NOUN', 'CCONJ', 'NOUN', 'PUNCT', 'PRON', 'AUX', 'PART', 'VERB', 'PART', 'AUX', 'ADJ', 'CCONJ', 'ADP', 'PRON', 'NOUN', 'PRON', 'AUX', 'PART', 'VERB', 'ADV', 'ADP', 'ADJ', 'ADJ', 'ADJ', 'NOUN', 'NOUN', 'PUNCT']","['the Malecon', 'other things', 'it', 'many more pieces', 'public art', 'It', 'food', 'art', 'other vendors', 'both sides', 'the promenade', 'especially outdoor vendors', 'a busy thoroughfare', 'restaurants', 'vendors', 'I', 'my opinion', 'it', 'many other public seaside boardwalks']","[{'text': 'Malecon', 'label': 'ORG'}]",0.0125
43818,4.0,Lovely walk on the ocean front with restaurants and shops galore.,"['ADJ', 'NOUN', 'ADP', 'DET', 'NOUN', 'NOUN', 'ADP', 'NOUN', 'CCONJ', 'NOUN', 'NOUN', 'PUNCT']","['Lovely walk', 'the ocean front', 'restaurants and shops galore']",[],0.0
43819,5.0,Great for lunch and night life,"['ADJ', 'ADP', 'NOUN', 'CCONJ', 'NOUN', 'NOUN']","['lunch', 'night']",[],0.0
43821,5.0,Great family atmosphere. Bring your skate board or some roller blades to take advantage of the wide smooth surfaces of the Malecon.,"['ADJ', 'NOUN', 'NOUN', 'PUNCT', 'VERB', 'PRON', 'NOUN', 'NOUN', 'CCONJ', 'DET', 'NOUN', 'NOUN', 'PART', 'VERB', 'NOUN', 'ADP', 'DET', 'ADJ', 'ADJ', 'NOUN', 'ADP', 'DET', 'PROPN', 'PUNCT']","['Great family atmosphere', 'your skate board', 'some roller blades', 'advantage', 'the wide smooth surfaces', 'the Malecon']","[{'text': 'Malecon', 'label': 'ORG'}]",0.041666666666666664
43825,5.0,"So many things to do and experience. Its a great place to spend the day. Enjoy the beach, shop, and eat. Great food anywhere you go at the Malecon","['ADV', 'ADJ', 'NOUN', 'PART', 'VERB', 'CCONJ', 'VERB', 'PUNCT', 'PRON', 'AUX', 'DET', 'ADJ', 'NOUN', 'PART', 'VERB', 'DET', 'NOUN', 'PUNCT', 'VERB', 'DET', 'NOUN', 'PUNCT', 'NOUN', 'PUNCT', 'CCONJ', 'VERB', 'PUNCT', 'ADJ', 'NOUN', 'ADV', 'PRON', 'VERB', 'ADP', 'DET', 'PROPN']","['So many things', 'It', 'a great place', 'the day', 'the beach', 'shop', 'Great food', 'you', 'the Malecon']","[{'text': 'the day', 'label': 'DATE'}, {'text': 'Malecon', 'label': 'ORG'}]",0.05714285714285714
43830,5.0,Nice place to go out for a nice walk and catch some fresh air. Love this place always clean and some great views,"['ADJ', 'NOUN', 'PART', 'VERB', 'ADP', 'ADP', 'DET', 'ADJ', 'NOUN', 'CCONJ', 'VERB', 'DET', 'ADJ', 'NOUN', 'PUNCT', 'VERB', 'DET', 'NOUN', 'ADV', 'ADJ', 'CCONJ', 'DET', 'ADJ', 'NOUN']","['Nice place', 'a nice walk', 'some fresh air', 'this place', 'some great views']",[],0.0
43849,5.0,"Its clean, and its a perfect for skating","['PRON', 'AUX', 'ADJ', 'PUNCT', 'CCONJ', 'PRON', 'AUX', 'DET', 'NOUN', 'ADP', 'VERB', 'PUNCT']","['It', 'it', 'a perfect']",[],0.0
43850,5.0,Great maleon. Great food Great sunsets,"['ADJ', 'NOUN', 'PUNCT', 'ADJ', 'NOUN', 'ADJ', 'NOUN']","['Great maleon', 'Great food Great sunsets']",[],0.0
43862,5.0,Amazing must visit place Great records,"['ADJ', 'AUX', 'VERB', 'NOUN', 'PUNCT', 'ADJ', 'NOUN', 'PUNCT']","['place', 'Great records']",[],0.0
43873,5.0,"Nice, clean, newish, cycle path, quite long. Many restaurants and bars. Some small beaches. Always full of people but not crowded except maybe Saturday night when it becomes the cruising strip with lines of cars going back and forth. Obviously, quite a fun place","['ADJ', 'PUNCT', 'ADJ', 'PUNCT', 'ADJ', 'PUNCT', 'NOUN', 'NOUN', 'PUNCT', 'ADV', 'ADV', 'PUNCT', 'ADJ', 'NOUN', 'CCONJ', 'NOUN', 'PUNCT', 'DET', 'ADJ', 'NOUN', 'PUNCT', 'ADV', 'ADJ', 'ADP', 'NOUN', 'CCONJ', 'PART', 'VERB', 'SCONJ', 'ADV', 'PROPN', 'NOUN', 'SCONJ', 'PRON', 'VERB', 'DET', 'VERB', 'NOUN', 'ADP', 'NOUN', 'ADP', 'NOUN', 'VERB', 'ADV', 'CCONJ', 'ADV', 'PUNCT', 'ADV', 'PUNCT', 'DET', 'DET', 'ADJ', 'NOUN', 'PUNCT']","['Nice, clean, newish, cycle path', 'Many restaurants', 'bars', 'Some small beaches', 'people', 'maybe Saturday night', 'it', 'the cruising strip', 'lines', 'cars', 'Obviously, quite a fun place']","[{'text': 'Saturday night', 'label': 'TIME'}]",0.018518518518518517
43886,4.0,"Beautiful place to go for a stroll, very well taken care of and lots of restaurants and beautiful sunsets.","['ADJ', 'NOUN', 'PART', 'VERB', 'ADP', 'DET', 'NOUN', 'PUNCT', 'ADV', 'ADV', 'VERB', 'NOUN', 'ADP', 'CCONJ', 'NOUN', 'ADP', 'NOUN', 'CCONJ', 'ADJ', 'NOUN', 'PUNCT']","['Beautiful place', 'a stroll', 'care', 'lots', 'restaurants', 'beautiful sunsets']",[],0.0
43895,5.0,Lovely malecon with several sculptures to view. Free palapas available on the beach,"['ADJ', 'NOUN', 'ADP', 'ADJ', 'NOUN', 'PART', 'VERB', 'PUNCT', 'ADJ', 'NOUN', 'ADJ', 'ADP', 'DET', 'NOUN']","['Lovely malecon', 'several sculptures', 'Free palapas', 'the beach']",[],0.0
43898,5.0,"Nice smooth concrete pathway, people roller skating and walking, good bike path along side. Ocean on one side road and lots of cafes on the other.","['ADJ', 'ADJ', 'ADJ', 'NOUN', 'PUNCT', 'NOUN', 'NOUN', 'NOUN', 'CCONJ', 'NOUN', 'PUNCT', 'ADJ', 'NOUN', 'NOUN', 'ADP', 'NOUN', 'PUNCT', 'NOUN', 'ADP', 'NUM', 'NOUN', 'NOUN', 'CCONJ', 'NOUN', 'ADP', 'NOUN', 'ADP', 'DET', 'ADJ', 'PUNCT']","['Nice smooth concrete pathway', 'people roller skating', 'walking', 'good bike path', 'side', 'Ocean', 'one side road', 'lots', 'cafes']",[],0.0
43900,5.0,"Well kept and bustling of people most of the time. Restaurants are a bit more pricey here, but you get the view of the sea and the people","['INTJ', 'VERB', 'CCONJ', 'VERB', 'ADP', 'NOUN', 'ADJ', 'ADP', 'DET', 'NOUN', 'PUNCT', 'NOUN', 'AUX', 'DET', 'NOUN', 'ADV', 'ADJ', 'ADV', 'PUNCT', 'CCONJ', 'PRON', 'VERB', 'DET', 'NOUN', 'ADP', 'DET', 'NOUN', 'CCONJ', 'DET', 'NOUN']","['people', 'the time', 'Restaurants', 'you', 'the view', 'the sea', 'the people']",[],0.0
43902,5.0,"Boardwalk along a beautiful beach with restaurants, bars and shops opposite the beach.","['VERB', 'ADP', 'DET', 'ADJ', 'NOUN', 'ADP', 'NOUN', 'PUNCT', 'NOUN', 'CCONJ', 'NOUN', 'ADP', 'DET', 'NOUN', 'PUNCT']","['a beautiful beach', 'restaurants', 'bars', 'shops', 'the beach']",[],0.0
43918,5.0,"Nice seafront with people walking, jogging, rollerblading and generally enjoying themselves.","['ADJ', 'NOUN', 'ADP', 'NOUN', 'VERB', 'PUNCT', 'NOUN', 'PUNCT', 'VERB', 'CCONJ', 'ADV', 'VERB', 'PRON', 'PUNCT']","['Nice seafront', 'people', 'jogging', 'themselves']",[],0.0
43923,5.0,"Very clean, streets nice atmosphere","['ADV', 'ADJ', 'PUNCT', 'VERB', 'ADJ', 'NOUN']",['nice atmosphere'],[],0.0
43925,5.0,Beautiful sea drive walk. Plenty of place to eat. The place looks so beautiful at night.,"['ADJ', 'NOUN', 'NOUN', 'NOUN', 'PUNCT', 'NOUN', 'ADP', 'NOUN', 'PART', 'VERB', 'PUNCT', 'DET', 'NOUN', 'VERB', 'ADV', 'ADJ', 'ADP', 'NOUN', 'PUNCT']","['Beautiful sea drive walk', 'Plenty', 'place', 'The place', 'night']","[{'text': 'night', 'label': 'TIME'}]",0.05263157894736842
43952,4.0,"Delicioso desayuno Nice View and service, delicious an variety of plates","['PROPN', 'NOUN', 'PUNCT', 'ADJ', 'NOUN', 'CCONJ', 'NOUN', 'PUNCT', 'ADJ', 'DET', 'NOUN', 'ADP', 'NOUN']","['Delicioso desayuno', 'Nice View', 'service', 'an variety', 'plates']","[{'text': 'Nice View', 'label': 'FAC'}]",0.07692307692307693
43971,5.0,Great local beach spits much restaurants and shopping spits at least 3 different icecream places...,"['ADJ', 'ADJ', 'NOUN', 'VERB', 'ADJ', 'NOUN', 'CCONJ', 'NOUN', 'NOUN', 'ADV', 'ADV', 'NUM', 'ADJ', 'NOUN', 'NOUN', 'PUNCT']","['Great local beach', 'much restaurants', 'shopping spits', 'at least 3 different icecream places']","[{'text': 'at least 3', 'label': 'CARDINAL'}]",0.0625
43985,5.0,Wonderful place to walk and enjoy the bay and the people.,"['ADJ', 'NOUN', 'PART', 'VERB', 'CCONJ', 'VERB', 'DET', 'NOUN', 'CCONJ', 'DET', 'NOUN', 'PUNCT']","['Wonderful place', 'the bay', 'the people']",[],0.0
43992,5.0,Great walk in one of the best Malecon s of Mexico,"['ADJ', 'NOUN', 'ADP', 'NUM', 'ADP', 'DET', 'ADJ', 'PROPN', 'NOUN', 'ADP', 'PROPN']","['Great walk', 'the best Malecon s', 'Mexico']","[{'text': 'Malecon s', 'label': 'ORG'}, {'text': 'Mexico', 'label': 'GPE'}]",0.18181818181818182
43997,5.0,"The La Paz Malecón was great Beautiful views, not many people. We ate at a great restaurant looking out and the water","['DET', 'PROPN', 'PROPN', 'PROPN', 'AUX', 'ADJ', 'PUNCT', 'ADJ', 'NOUN', 'PUNCT', 'PART', 'ADJ', 'NOUN', 'PUNCT', 'PRON', 'VERB', 'ADP', 'DET', 'ADJ', 'NOUN', 'VERB', 'ADV', 'CCONJ', 'DET', 'NOUN', 'PUNCT']","['The La Paz Malecón', 'Beautiful views', 'not many people', 'We', 'a great restaurant', 'the water']",[],0.0
44008,5.0,"This is where to be to people watch, see the sunset, roller bladeskate, cycle, eat ice cream, hold hands, sit under a palapa,walk your dog, and take photos of friends, family, and art sculptures. Locals come every night, because this is the only smooth surface to enjoy your new skates and scooter Very impressed with the handicap playground Great bike lane that gets hand swept frequently. Covid Update masks are required around town. In the evening, police will tell you to keep it on, even between sips of smoothie. 01.04.2022","['PRON', 'AUX', 'SCONJ', 'PART', 'AUX', 'ADP', 'NOUN', 'VERB', 'PUNCT', 'VERB', 'DET', 'NOUN', 'PUNCT', 'NOUN', 'ADJ', 'PUNCT', 'NOUN', 'PUNCT', 'VERB', 'NOUN', 'NOUN', 'PUNCT', 'VERB', 'NOUN', 'PUNCT', 'VERB', 'ADP', 'DET', 'VERB', 'PUNCT', 'VERB', 'PRON', 'NOUN', 'PUNCT', 'CCONJ', 'VERB', 'NOUN', 'ADP', 'NOUN', 'PUNCT', 'NOUN', 'PUNCT', 'CCONJ', 'NOUN', 'NOUN', 'PUNCT', 'NOUN', 'VERB', 'DET', 'NOUN', 'PUNCT', 'SCONJ', 'PRON', 'AUX', 'DET', 'ADJ', 'ADJ', 'NOUN', 'PART', 'VERB', 'PRON', 'ADJ', 'NOUN', 'CCONJ', 'NOUN', 'PUNCT', 'ADV', 'ADJ', 'ADP', 'DET', 'ADJ', 'NOUN', 'PUNCT', 'ADJ', 'NOUN', 'NOUN', 'PRON', 'VERB', 'NOUN', 'VERB', 'ADV', 'PUNCT', 'PROPN', 'PROPN', 'NOUN', 'AUX', 'VERB', 'ADP', 'NOUN', 'PUNCT', 'ADP', 'DET', 'NOUN', 'PUNCT', 'NOUN', 'AUX', 'VERB', 'PRON', 'PART', 'VERB', 'PRON', 'ADP', 'PUNCT', 'ADV', 'ADP', 'NOUN', 'ADP', 'PROPN', 'PUNCT', 'X']","['This', 'people', 'the sunset', 'cycle', 'ice cream', 'hands', 'your dog', 'photos', 'friends', 'family', 'art sculptures', 'Locals', 'this', 'the only smooth surface', 'your new skates', 'scooter', 'the handicap playground', 'Great bike lane', 'that', 'hand', 'Covid Update masks', 'town', 'the evening', 'police', 'you', 'it', 'sips', 'smoothie']","[{'text': 'every night', 'label': 'TIME'}, {'text': 'Covid Update', 'label': 'PERSON'}]",0.01818181818181818
44016,4.0,Clean and fast,"['ADJ', 'CCONJ', 'ADJ']",[],[],0.0
44026,5.0,Probably the best Malecon in all of Mexico,"['ADV', 'DET', 'ADJ', 'PROPN', 'ADP', 'PRON', 'ADP', 'PROPN']","['Probably the best Malecon', 'all', 'Mexico']","[{'text': 'Malecon', 'label': 'ORG'}, {'text': 'Mexico', 'label': 'GPE'}]",0.25
44027,5.0,Nice stroll with scenic vistas enhanced by a series of marvelous civic statues. Public playitas with palapas. Some sweet baroque architecture and mural art.,"['ADJ', 'NOUN', 'ADP', 'ADJ', 'NOUN', 'VERB', 'ADP', 'DET', 'NOUN', 'ADP', 'ADJ', 'ADJ', 'NOUN', 'PUNCT', 'ADJ', 'NOUN', 'ADP', 'NOUN', 'PUNCT', 'DET', 'ADJ', 'ADJ', 'NOUN', 'CCONJ', 'ADJ', 'NOUN', 'PUNCT']","['Nice stroll', 'scenic vistas', 'a series', 'marvelous civic statues', 'Public playitas', 'palapas', 'Some sweet baroque architecture', 'mural art']",[],0.0
44031,4.0,Generous portions and tasty food.,"['ADJ', 'NOUN', 'CCONJ', 'ADJ', 'NOUN', 'PUNCT']","['Generous portions', 'tasty food']",[],0.0
44042,5.0,"The only way to end the day, strolling along the malacon watching the sun set","['DET', 'ADJ', 'NOUN', 'PART', 'VERB', 'DET', 'NOUN', 'PUNCT', 'VERB', 'ADP', 'DET', 'NOUN', 'VERB', 'DET', 'NOUN', 'NOUN']","['The only way', 'the day', 'the malacon', 'the sun']","[{'text': 'the day', 'label': 'DATE'}]",0.0625
44046,5.0,Always something cool on the malecón. Visit the skate park. Lots of talented kids having a wholesome good time just like they should and deserve. All smiles here. I love this place.,"['ADV', 'PRON', 'ADJ', 'ADP', 'DET', 'NOUN', 'PUNCT', 'VERB', 'DET', 'NOUN', 'NOUN', 'PUNCT', 'NOUN', 'ADP', 'ADJ', 'NOUN', 'VERB', 'DET', 'ADJ', 'ADJ', 'NOUN', 'ADV', 'SCONJ', 'PRON', 'AUX', 'CCONJ', 'VERB', 'PUNCT', 'DET', 'NOUN', 'ADV', 'PUNCT', 'PRON', 'VERB', 'DET', 'NOUN', 'PUNCT']","['Always something', 'the malecón', 'the skate park', 'Lots', 'talented kids', 'a wholesome good time', 'they', 'All smiles', 'I', 'this place']",[],0.0
44053,5.0,Bautiful place to walk,"['ADJ', 'NOUN', 'PART', 'VERB']",['Bautiful place'],[],0.0
44086,5.0,Beautiful boardwalk with tons of shops and restaurants along the way. Great sight seeing and very relaxing place to be. Also very handicapped friendly. I was surprised to see very accessible wheelchair ramps.,"['ADJ', 'NOUN', 'ADP', 'NOUN', 'ADP', 'NOUN', 'CCONJ', 'NOUN', 'ADP', 'DET', 'NOUN', 'PUNCT', 'ADJ', 'NOUN', 'NOUN', 'CCONJ', 'ADV', 'VERB', 'NOUN', 'PART', 'AUX', 'PUNCT', 'ADV', 'ADV', 'ADJ', 'ADJ', 'PUNCT', 'PRON', 'AUX', 'ADJ', 'PART', 'VERB', 'ADV', 'ADJ', 'NOUN', 'NOUN', 'PUNCT']","['Beautiful boardwalk', 'tons', 'shops', 'restaurants', 'the way', 'Great sight seeing', 'very relaxing place', 'I', 'very accessible wheelchair ramps']",[],0.0
44094,5.0,Peaceful and alive at the same time,"['ADJ', 'CCONJ', 'ADJ', 'ADP', 'DET', 'ADJ', 'NOUN', 'PUNCT']",['the same time'],[],0.0
44101,5.0,"It is beautiful to walk, run or bike","['PRON', 'AUX', 'ADJ', 'PART', 'VERB', 'PUNCT', 'VERB', 'CCONJ', 'NOUN']",['It'],[],0.0
44105,4.0,Its long lots of art great space for all,"['PRON', 'ADJ', 'NOUN', 'ADP', 'NOUN', 'ADJ', 'NOUN', 'ADP', 'PRON']","['Its long lots', 'art great space', 'all']",[],0.0
44109,5.0,"Beautiful view, very safe and relaxing to walk on the Malecon.","['ADJ', 'NOUN', 'PUNCT', 'ADV', 'ADJ', 'CCONJ', 'VERB', 'PART', 'VERB', 'ADP', 'DET', 'PROPN', 'PUNCT']","['Beautiful view', 'the Malecon']","[{'text': 'Malecon', 'label': 'ORG'}]",0.07692307692307693
44124,5.0,Must visit when you travel to Baja.,"['AUX', 'VERB', 'SCONJ', 'PRON', 'VERB', 'ADP', 'PROPN', 'PUNCT']","['you', 'Baja']","[{'text': 'Baja', 'label': 'GPE'}]",0.125
44130,5.0,Its beautiful,"['PRON', 'AUX', 'ADJ']",['It'],[],0.0
44132,5.0,A very na e place to go to walk and eat,"['DET', 'ADV', 'ADP', 'NOUN', 'NOUN', 'PART', 'VERB', 'PART', 'VERB', 'CCONJ', 'VERB']",['A very na e place'],[],0.0
44142,5.0,"Beautiful walkway along the water that is about 3 miles long. Great place to people watch and stop in restaurants, bars and shops. Great views of the sunset as well. Its extremely lively on the weekend with both tourists and locals. There are small beaches you can hang out on as well. They arent the nicest beaches but its what to expect for a city beach.","['ADJ', 'NOUN', 'ADP', 'DET', 'NOUN', 'PRON', 'AUX', 'ADV', 'NUM', 'NOUN', 'ADJ', 'PUNCT', 'ADJ', 'NOUN', 'ADP', 'NOUN', 'VERB', 'CCONJ', 'VERB', 'ADP', 'NOUN', 'PUNCT', 'NOUN', 'CCONJ', 'NOUN', 'PUNCT', 'ADJ', 'NOUN', 'ADP', 'DET', 'NOUN', 'ADV', 'ADV', 'PUNCT', 'PRON', 'ADV', 'ADJ', 'ADP', 'DET', 'NOUN', 'ADP', 'CCONJ', 'NOUN', 'CCONJ', 'NOUN', 'PUNCT', 'PRON', 'VERB', 'ADJ', 'NOUN', 'PRON', 'AUX', 'VERB', 'ADP', 'ADP', 'ADV', 'ADV', 'PUNCT', 'PRON', 'AUX', 'PART', 'DET', 'ADJ', 'NOUN', 'CCONJ', 'PRON', 'PRON', 'PART', 'VERB', 'ADP', 'DET', 'NOUN', 'NOUN', 'PUNCT']","['Beautiful walkway', 'the water', 'that', 'Great place', 'people', 'restaurants', 'bars', 'shops', 'Great views', 'the sunset', 'the weekend', 'both tourists', 'locals', 'small beaches', 'you', 'They', 'the nicest beaches', 'its what', 'a city beach']","[{'text': 'about 3 miles', 'label': 'QUANTITY'}, {'text': 'the weekend', 'label': 'DATE'}]",0.02702702702702703
44151,5.0,"Must visit if you visit, nice place to walk around and take some pictures, in front of the malecón are so many bars and restaurants as well souvenir stores if you want to buy something, banks and ice cream shops as well.","['AUX', 'VERB', 'SCONJ', 'PRON', 'VERB', 'PUNCT', 'ADJ', 'NOUN', 'PART', 'VERB', 'ADV', 'CCONJ', 'VERB', 'DET', 'NOUN', 'PUNCT', 'ADP', 'NOUN', 'ADP', 'DET', 'NOUN', 'AUX', 'ADV', 'ADJ', 'NOUN', 'CCONJ', 'NOUN', 'ADV', 'ADV', 'NOUN', 'NOUN', 'SCONJ', 'PRON', 'VERB', 'PART', 'VERB', 'PRON', 'PUNCT', 'NOUN', 'CCONJ', 'NOUN', 'NOUN', 'NOUN', 'ADV', 'ADV', 'PUNCT']","['you', 'nice place', 'some pictures', 'front', 'the malecón', 'so many bars', 'restaurants', 'souvenir stores', 'you', 'something', 'banks', 'ice cream shops']",[],0.0
44155,5.0,Charming place to have a safe walk. People go to take anything from an ice cream to a bike ride while watching a show of unique sunsets every single day. A feeling of safety adds up to the perfect formula for this quiet and steady town...no rush.,"['ADJ', 'NOUN', 'PART', 'VERB', 'DET', 'ADJ', 'NOUN', 'PUNCT', 'NOUN', 'VERB', 'PART', 'VERB', 'PRON', 'ADP', 'DET', 'NOUN', 'NOUN', 'ADP', 'DET', 'NOUN', 'NOUN', 'SCONJ', 'VERB', 'DET', 'NOUN', 'ADP', 'ADJ', 'NOUN', 'DET', 'ADJ', 'NOUN', 'PUNCT', 'DET', 'NOUN', 'ADP', 'NOUN', 'VERB', 'ADP', 'ADP', 'DET', 'ADJ', 'NOUN', 'ADP', 'DET', 'ADJ', 'CCONJ', 'ADJ', 'NOUN', 'PUNCT', 'DET', 'NOUN', 'PUNCT']","['Charming place', 'a safe walk', 'People', 'anything', 'an ice cream', 'a bike ride', 'a show', 'unique sunsets', 'A feeling', 'safety', 'the perfect formula', 'this quiet and steady town', 'no rush']","[{'text': 'every single day', 'label': 'DATE'}]",0.019230769230769232
44180,5.0,So beautiful Love seeing people and families come out each evening.,"['ADV', 'ADJ', 'PUNCT', 'NOUN', 'VERB', 'NOUN', 'CCONJ', 'NOUN', 'VERB', 'ADP', 'DET', 'NOUN', 'PUNCT']","['Love', 'people', 'families']","[{'text': 'each evening', 'label': 'TIME'}]",0.07692307692307693
44184,5.0,Nice great family place need to go..,"['ADJ', 'ADJ', 'NOUN', 'NOUN', 'VERB', 'PART', 'VERB', 'PUNCT']",['Nice great family place'],[],0.0
44205,3.0,"The view is beautiful the whole malecón is awesome but people on bicicleta dont take their line so they are riding on the pedestrians side and people gotta be taking care of them, there is not police officers taking care of that.","['DET', 'NOUN', 'AUX', 'ADJ', 'DET', 'ADJ', 'NOUN', 'AUX', 'ADJ', 'CCONJ', 'NOUN', 'ADP', 'NOUN', 'AUX', 'PART', 'VERB', 'PRON', 'NOUN', 'SCONJ', 'PRON', 'AUX', 'VERB', 'ADP', 'DET', 'NOUN', 'NOUN', 'CCONJ', 'NOUN', 'VERB', 'PART', 'AUX', 'VERB', 'NOUN', 'ADP', 'PRON', 'PUNCT', 'PRON', 'VERB', 'PART', 'NOUN', 'NOUN', 'VERB', 'NOUN', 'ADP', 'PRON', 'PUNCT']","['The view', 'the whole malecón', 'people', 'bicicleta', 'their line', 'they', 'the pedestrians side', 'people', 'care', 'them', 'police officers', 'care', 'that']",[],0.0
44208,5.0,Fan Tastic,"['PROPN', 'PROPN', 'PUNCT']",['Fan Tastic'],"[{'text': 'Fan Tastic', 'label': 'ORG'}]",0.3333333333333333
44240,5.0,"Tons of shops, night life, amazing sunsets with great food and cheap drinks everywhere.","['NOUN', 'ADP', 'NOUN', 'PUNCT', 'NOUN', 'NOUN', 'PUNCT', 'ADJ', 'NOUN', 'ADP', 'ADJ', 'NOUN', 'CCONJ', 'ADJ', 'NOUN', 'ADV', 'PUNCT']","['Tons', 'shops', 'night life', 'amazing sunsets', 'great food', 'cheap drinks']","[{'text': 'Tons', 'label': 'PERSON'}]",0.058823529411764705
44242,5.0,One of my favorite beaches with warm water almost all day and a peaceful environment.,"['NUM', 'ADP', 'PRON', 'ADJ', 'NOUN', 'ADP', 'ADJ', 'NOUN', 'ADV', 'PRON', 'NOUN', 'CCONJ', 'DET', 'ADJ', 'NOUN', 'PUNCT']","['my favorite beaches', 'warm water']","[{'text': 'One', 'label': 'CARDINAL'}]",0.0625
44279,5.0,"A great walk before or after eating, there are places to swim and in the afternoon you can play in a pick up game of volleyball.","['DET', 'ADJ', 'NOUN', 'ADV', 'CCONJ', 'ADP', 'VERB', 'PUNCT', 'PRON', 'VERB', 'NOUN', 'PART', 'VERB', 'CCONJ', 'ADP', 'DET', 'NOUN', 'PRON', 'AUX', 'VERB', 'ADP', 'DET', 'NOUN', 'ADP', 'NOUN', 'ADP', 'NOUN', 'PUNCT']","['places', 'the afternoon', 'you', 'a pick up game', 'volleyball']",[],0.0
44280,5.0,Best malecón in Mexico,"['ADJ', 'NOUN', 'ADP', 'PROPN']","['Best malecón', 'Mexico']","[{'text': 'Mexico', 'label': 'GPE'}]",0.25
44313,5.0,"Nice smooth boardwalk that can get a little congested, but that is a small price to pay for the views of the beach and sunsets.","['ADJ', 'ADJ', 'NOUN', 'PRON', 'AUX', 'VERB', 'DET', 'ADJ', 'ADJ', 'PUNCT', 'CCONJ', 'PRON', 'AUX', 'DET', 'ADJ', 'NOUN', 'PART', 'VERB', 'ADP', 'DET', 'NOUN', 'ADP', 'DET', 'NOUN', 'CCONJ', 'NOUN', 'PUNCT']","['Nice smooth boardwalk', 'that', 'that', 'a small price', 'the views', 'the beach and sunsets']",[],0.0
44330,5.0,Great place to visit Awesome sunset....,"['ADJ', 'NOUN', 'PART', 'VERB', 'PROPN', 'NOUN', 'PUNCT']","['Great place', 'Awesome sunset']","[{'text': 'Awesome', 'label': 'ORG'}]",0.14285714285714285
44338,5.0,"Beautiful city, and much less people than Cabo","['ADJ', 'NOUN', 'PUNCT', 'CCONJ', 'ADV', 'ADJ', 'NOUN', 'ADP', 'PROPN']","['Beautiful city', 'much less people', 'Cabo']",[],0.0
44353,5.0,Pretty galore. Sunset in July is beautiful here.,"['ADV', 'NOUN', 'PUNCT', 'NOUN', 'ADP', 'PROPN', 'AUX', 'ADJ', 'ADV', 'PUNCT']","['Pretty galore', 'Sunset', 'July']","[{'text': 'July', 'label': 'DATE'}]",0.1
44366,5.0,beautiful place. beaches are gorgeous. the people are awesome,"['ADJ', 'NOUN', 'PUNCT', 'NOUN', 'AUX', 'ADJ', 'PUNCT', 'DET', 'NOUN', 'AUX', 'ADJ', 'PUNCT', 'PUNCT', 'PUNCT']","['beautiful place', 'beaches', 'the people']",[],0.0
44409,5.0,"Nice to walk, spectacular view, many places for meals and drinks...","['ADJ', 'PART', 'VERB', 'PUNCT', 'ADJ', 'NOUN', 'PUNCT', 'ADJ', 'NOUN', 'ADP', 'NOUN', 'CCONJ', 'NOUN', 'PUNCT']","['Nice to walk, spectacular view', 'many places', 'meals', 'drinks']",[],0.0
44430,4.0,"Nice area to go for a walk or early morning run, lots of restaurants to enjoy and at least 3 shops.","['ADJ', 'NOUN', 'PART', 'VERB', 'ADP', 'DET', 'NOUN', 'CCONJ', 'ADJ', 'NOUN', 'NOUN', 'PUNCT', 'NOUN', 'ADP', 'NOUN', 'PART', 'VERB', 'CCONJ', 'ADV', 'ADV', 'NUM', 'NOUN', 'PUNCT']","['a walk', 'early morning run', 'restaurants', 'at least 3 shops']","[{'text': 'early morning', 'label': 'TIME'}, {'text': 'at least 3', 'label': 'CARDINAL'}]",0.08695652173913043
44433,5.0,"The malecón is lovely to walk. Wishing I had a bicycle to see beyond each end. Nice statuary. Love the palapas on the beach free to stop and stay a while. Places to eat and drink are a good option and we enjoy the Tues and Sat market that is on a side street just off the malecón. We like that walkers, cyclists and vehicles are all separate.","['DET', 'NOUN', 'AUX', 'ADJ', 'PART', 'VERB', 'PUNCT', 'VERB', 'PRON', 'VERB', 'DET', 'NOUN', 'PART', 'VERB', 'ADP', 'DET', 'NOUN', 'PUNCT', 'ADJ', 'NOUN', 'PUNCT', 'VERB', 'DET', 'NOUN', 'ADP', 'DET', 'NOUN', 'PUNCT', 'ADJ', 'PUNCT', 'PART', 'VERB', 'CCONJ', 'VERB', 'DET', 'NOUN', 'PUNCT', 'NOUN', 'PART', 'VERB', 'CCONJ', 'VERB', 'AUX', 'DET', 'ADJ', 'NOUN', 'CCONJ', 'PRON', 'VERB', 'DET', 'PROPN', 'CCONJ', 'PROPN', 'NOUN', 'PRON', 'AUX', 'ADP', 'DET', 'NOUN', 'NOUN', 'ADV', 'ADP', 'DET', 'NOUN', 'PUNCT', 'PRON', 'VERB', 'DET', 'NOUN', 'PUNCT', 'NOUN', 'CCONJ', 'NOUN', 'AUX', 'ADV', 'ADJ', 'PUNCT']","['The malecón', 'I', 'a bicycle', 'each end', 'Nice statuary', 'the palapas', 'the beach', 'Places', 'a good option', 'we', 'the Tues', 'Sat market', 'that', 'a side street', 'the malecón', 'We', 'that walkers', 'cyclists', 'vehicles']","[{'text': 'Tues', 'label': 'PERSON'}, {'text': 'Sat', 'label': 'PRODUCT'}]",0.025974025974025976
44436,5.0,A great place to spend the day.,"['DET', 'ADJ', 'NOUN', 'PART', 'VERB', 'DET', 'NOUN', 'PUNCT']","['A great place', 'the day']","[{'text': 'the day', 'label': 'DATE'}]",0.125
44439,5.0,I do my morning bike rides there...very nice,"['PRON', 'VERB', 'PRON', 'NOUN', 'NOUN', 'VERB', 'ADV', 'PUNCT', 'ADV', 'ADJ', 'PUNCT']","['I', 'my morning bike']","[{'text': 'morning', 'label': 'TIME'}]",0.09090909090909091
44443,5.0,Honestly there are NO better Views than This Area. Well I havent ran across them Yet The Artwork has Truly changed walking along the Malecon.,"['ADV', 'PRON', 'VERB', 'DET', 'ADJ', 'NOUN', 'ADP', 'DET', 'NOUN', 'PUNCT', 'INTJ', 'PRON', 'AUX', 'PART', 'VERB', 'ADP', 'PRON', 'CCONJ', 'DET', 'PROPN', 'AUX', 'ADV', 'VERB', 'VERB', 'ADP', 'DET', 'PROPN', 'PUNCT']","['NO better Views', 'This Area', 'I', 'them', 'The Artwork', 'the Malecon']","[{'text': 'Views', 'label': 'ORG'}, {'text': 'Truly', 'label': 'ORG'}, {'text': 'Malecon', 'label': 'ORG'}]",0.10714285714285714
44444,5.0,"I have watched some of the most beautiful sunsets from this malecón. Its a beautiful walk during sundown. Parts of the malecón especially closer the the kiosk do get busy, but you can usually find a quite spot on the sand or a bench to just watch the sunset.","['PRON', 'AUX', 'VERB', 'PRON', 'ADP', 'DET', 'ADV', 'ADJ', 'NOUN', 'ADP', 'DET', 'NOUN', 'PUNCT', 'PRON', 'DET', 'ADJ', 'NOUN', 'ADP', 'NOUN', 'PUNCT', 'NOUN', 'ADP', 'DET', 'NOUN', 'ADV', 'ADV', 'DET', 'DET', 'NOUN', 'AUX', 'VERB', 'ADJ', 'PUNCT', 'CCONJ', 'PRON', 'AUX', 'ADV', 'VERB', 'DET', 'ADJ', 'NOUN', 'ADP', 'DET', 'NOUN', 'CCONJ', 'DET', 'NOUN', 'PART', 'ADV', 'VERB', 'DET', 'NOUN', 'PUNCT']","['I', 'some', 'the most beautiful sunsets', 'this malecón', 'Its a beautiful walk', 'sundown', 'Parts', 'the malecón', 'the the kiosk', 'you', 'a quite spot', 'the sand', 'a bench', 'the sunset']",[],0.0
44471,5.0,"Amazing, great Views, A Lot to do on each step","['ADJ', 'PUNCT', 'ADJ', 'NOUN', 'PUNCT', 'DET', 'NOUN', 'PART', 'VERB', 'ADP', 'DET', 'NOUN']","['Amazing, great Views', 'A Lot', 'each step']","[{'text': 'Views', 'label': 'ORG'}]",0.08333333333333333
44476,5.0,The boardwalk area is stunning and breathtaking Thanks La Pz for such and amazing experience,"['DET', 'NOUN', 'NOUN', 'AUX', 'ADJ', 'CCONJ', 'ADJ', 'PUNCT', 'NOUN', 'PROPN', 'PROPN', 'ADP', 'ADJ', 'CCONJ', 'ADJ', 'NOUN', 'PUNCT']","['The boardwalk area', 'Thanks La Pz', 'such and amazing experience']",[],0.0
44494,5.0,"Beautiful clean Malecón, breathtaking view","['ADJ', 'ADJ', 'PROPN', 'PUNCT', 'ADJ', 'NOUN', 'PUNCT']","['Beautiful clean Malecón', 'breathtaking view']","[{'text': 'Malecón', 'label': 'PERSON'}]",0.14285714285714285
44519,5.0,"The malecón seems huge. Ive seen a lot of it, but Ive never witnessed either end. Possibly this is an island Theres a merry go round here for wheelchairbound people. And an observation area by the water only for wheelchairs so people in chairs can enjoy the scenery without getting stuck in sand or grass. And statues and statuelike objects. Theyre all about. Some grand ones have no name plates but places for names to be inscribed, so I shall name them for you right here where only we will know that weve named them according to our particular dreams and all that. Its hot. This is Mexico but somehow much more prosperous than Tijuana with 85 percent fewer trip hazards but no immigrants yearning to be free.","['DET', 'NOUN', 'VERB', 'ADJ', 'PUNCT', 'PRON', 'AUX', 'VERB', 'DET', 'NOUN', 'ADP', 'PRON', 'PUNCT', 'CCONJ', 'PRON', 'AUX', 'ADV', 'VERB', 'DET', 'NOUN', 'PUNCT', 'ADV', 'PRON', 'AUX', 'DET', 'NOUN', 'PUNCT', 'PRON', 'VERB', 'DET', 'NOUN', 'VERB', 'ADV', 'ADV', 'ADP', 'NOUN', 'PUNCT', 'VERB', 'NOUN', 'PUNCT', 'CCONJ', 'DET', 'NOUN', 'NOUN', 'ADP', 'DET', 'NOUN', 'ADV', 'ADP', 'NOUN', 'SCONJ', 'NOUN', 'ADP', 'NOUN', 'AUX', 'VERB', 'DET', 'NOUN', 'ADP', 'AUX', 'VERB', 'ADP', 'NOUN', 'CCONJ', 'NOUN', 'PUNCT', 'CCONJ', 'NOUN', 'CCONJ', 'NOUN', 'PUNCT', 'ADJ', 'NOUN', 'PUNCT', 'PRON', 'AUX', 'ADV', 'ADP', 'PUNCT', 'DET', 'ADJ', 'NOUN', 'VERB', 'DET', 'NOUN', 'NOUN', 'CCONJ', 'NOUN', 'ADP', 'NOUN', 'PART', 'AUX', 'VERB', 'PUNCT', 'ADV', 'PRON', 'AUX', 'VERB', 'PRON', 'ADP', 'PRON', 'ADV', 'ADV', 'SCONJ', 'ADV', 'PRON', 'AUX', 'VERB', 'SCONJ', 'PRON', 'AUX', 'VERB', 'PRON', 'VERB', 'ADP', 'PRON', 'ADJ', 'NOUN', 'CCONJ', 'DET', 'PRON', 'PUNCT', 'PRON', 'AUX', 'ADJ', 'PUNCT', 'PRON', 'AUX', 'PROPN', 'CCONJ', 'ADV', 'ADV', 'ADV', 'ADJ', 'ADP', 'PROPN', 'ADP', 'NUM', 'NOUN', 'ADJ', 'NOUN', 'NOUN', 'CCONJ', 'DET', 'NOUN', 'VERB', 'PART', 'AUX', 'ADJ', 'PUNCT']","['The malecón', 'I', 'a lot', 'it', 'I', 'this', 'an island', 'wheelchair-bound people', 'an observation area', 'the water', 'wheelchairs', 'people', 'chairs', 'the scenery', 'sand', 'grass', 'And statues and statue-like objects', 'They', 'Some grand ones', 'no name plates', 'places', 'names', 'I', 'them', 'you', 'we', 'we', 'them', 'our particular dreams', 'all that', 'It', 'This', 'Mexico', 'Tijuana', '85 percent fewer trip hazards', 'no immigrants']","[{'text': 'Mexico', 'label': 'GPE'}, {'text': 'Tijuana', 'label': 'GPE'}, {'text': '85 percent', 'label': 'PERCENT'}]",0.02
44545,5.0,Strong service and attentive service.,"['ADJ', 'NOUN', 'CCONJ', 'ADJ', 'NOUN', 'PUNCT']","['Strong service', 'attentive service']",[],0.0
44568,5.0,Loved the malecon area.,"['VERB', 'DET', 'PROPN', 'NOUN', 'PUNCT']",['the malecon area'],[],0.0
44619,5.0,So much fun and 90 open,"['ADV', 'ADJ', 'NOUN', 'CCONJ', 'NUM', 'ADJ', 'PUNCT', 'PUNCT', 'PUNCT']",['So much fun'],"[{'text': '90', 'label': 'CARDINAL'}]",0.1111111111111111
44641,5.0,Beautiful path along the water. We could not walk there because of covid restrictions but even though we got a sense of how beautiful it is to walk there during the sunset.,"['ADJ', 'NOUN', 'ADP', 'DET', 'NOUN', 'PUNCT', 'PRON', 'AUX', 'PART', 'VERB', 'ADV', 'SCONJ', 'ADP', 'ADJ', 'NOUN', 'CCONJ', 'ADV', 'SCONJ', 'PRON', 'VERB', 'DET', 'NOUN', 'ADP', 'SCONJ', 'ADJ', 'PRON', 'AUX', 'PART', 'VERB', 'ADV', 'ADP', 'DET', 'NOUN', 'PUNCT']","['Beautiful path', 'the water', 'We', 'covid restrictions', 'we', 'a sense', 'it', 'the sunset']",[],0.0
44647,4.0,Nice very relax place with a lot of bars and places to eat. Easy parking. Beautiful views of the bay...,"['PROPN', 'ADV', 'VERB', 'NOUN', 'ADP', 'DET', 'NOUN', 'ADP', 'NOUN', 'CCONJ', 'NOUN', 'PART', 'VERB', 'PUNCT', 'ADJ', 'NOUN', 'PUNCT', 'ADJ', 'NOUN', 'ADP', 'DET', 'NOUN', 'PUNCT']","['Nice', 'place', 'a lot', 'bars', 'places', 'Easy parking', 'Beautiful views', 'the bay']",[],0.0
44660,5.0,Love this place every time Im here it amazes me as if is the first time see it,"['VERB', 'DET', 'NOUN', 'DET', 'NOUN', 'PRON', 'AUX', 'ADV', 'PRON', 'VERB', 'PRON', 'SCONJ', 'SCONJ', 'AUX', 'DET', 'ADJ', 'NOUN', 'VERB', 'PRON', 'PUNCT', 'PUNCT']","['this place', 'I', 'it', 'me', 'the first time', 'it']","[{'text': 'first', 'label': 'ORDINAL'}]",0.047619047619047616
44664,3.0,I really disliked the cruise shop sight this time...,"['PRON', 'ADV', 'VERB', 'DET', 'NOUN', 'NOUN', 'NOUN', 'DET', 'NOUN', 'PUNCT']","['I', 'the cruise shop sight']",[],0.0
44684,5.0,"Great job with the space Modern, classic combined. Excellent value and excellent location.","['ADJ', 'NOUN', 'ADP', 'DET', 'NOUN', 'PUNCT', 'ADJ', 'PUNCT', 'ADJ', 'VERB', 'PUNCT', 'ADJ', 'NOUN', 'CCONJ', 'ADJ', 'NOUN', 'PUNCT']","['Great job', 'the space', 'Excellent value', 'excellent location']",[],0.0
44714,5.0,Nice very nice boardwalk so smooth,"['PROPN', 'ADV', 'ADJ', 'NOUN', 'ADV', 'ADJ']",['Nice very nice boardwalk'],[],0.0
44718,5.0,Lovely walkway along the water.,"['ADJ', 'NOUN', 'ADP', 'DET', 'NOUN', 'PUNCT']","['Lovely walkway', 'the water']",[],0.0
44766,3.0,"This is a great malecón, but unfortunately its closed. The local officials keep closing it because apparently they think covid spreads by people walking outdoors Sí, es loco. Youre not allowed to walk here unless you ignore the perimeter tape, but sometimes la policía is there enforcing but you can walk on the other side of the street on the sidewalk where its more crowded and you might have to weave around some restaurant tables. And you can dine indoors, get a haircut without a mask on or join one of the local nighttime parties. But walking on the malecón with a mask on is too dangerous.","['PRON', 'AUX', 'DET', 'ADJ', 'NOUN', 'PUNCT', 'CCONJ', 'ADV', 'PRON', 'AUX', 'VERB', 'PUNCT', 'DET', 'ADJ', 'NOUN', 'VERB', 'VERB', 'PRON', 'SCONJ', 'ADV', 'PRON', 'VERB', 'ADJ', 'NOUN', 'ADP', 'NOUN', 'VERB', 'ADV', 'PUNCT', 'PROPN', 'PUNCT', 'PROPN', 'PROPN', 'PUNCT', 'PRON', 'AUX', 'PART', 'VERB', 'PART', 'VERB', 'ADV', 'PUNCT', 'SCONJ', 'PRON', 'VERB', 'DET', 'NOUN', 'NOUN', 'PUNCT', 'CCONJ', 'ADV', 'DET', 'NOUN', 'AUX', 'ADV', 'VERB', 'PUNCT', 'CCONJ', 'PRON', 'AUX', 'VERB', 'ADP', 'DET', 'ADJ', 'NOUN', 'ADP', 'DET', 'NOUN', 'PUNCT', 'ADP', 'DET', 'NOUN', 'PUNCT', 'SCONJ', 'PRON', 'AUX', 'ADV', 'ADJ', 'CCONJ', 'PRON', 'AUX', 'VERB', 'PART', 'VERB', 'ADP', 'DET', 'NOUN', 'NOUN', 'PUNCT', 'CCONJ', 'PRON', 'AUX', 'VERB', 'NOUN', 'PUNCT', 'VERB', 'DET', 'NOUN', 'ADP', 'DET', 'NOUN', 'ADP', 'CCONJ', 'VERB', 'NUM', 'ADP', 'DET', 'ADJ', 'ADJ', 'NOUN', 'PUNCT', 'CCONJ', 'VERB', 'ADP', 'DET', 'NOUN', 'ADP', 'DET', 'NOUN', 'ADP', 'AUX', 'ADV', 'ADJ', 'PUNCT']","['This', 'a great malecón', 'it', 'The local officials', 'it', 'they', 'covid spreads', 'people', 'Sí', 'es loco', 'You', 'you', 'the perimeter tape', 'la policía', 'you', 'the other side', 'the street', 'the sidewalk', 'it', 'you', 'some restaurant tables', 'you', 'indoors', 'a haircut', 'a mask', 'the local nighttime parties', 'the malecón', 'a mask']","[{'text': 'one', 'label': 'CARDINAL'}]",0.008064516129032258
44768,5.0,Its great but its closed during covid,"['PRON', 'ADJ', 'CCONJ', 'PRON', 'ADJ', 'ADP', 'NOUN']",['covid'],[],0.0
44770,5.0,Beautiful walkway along the sea. Lots of things to keep your interest.,"['ADJ', 'NOUN', 'ADP', 'DET', 'NOUN', 'PUNCT', 'NOUN', 'ADP', 'NOUN', 'PART', 'VERB', 'PRON', 'NOUN', 'PUNCT']","['Beautiful walkway', 'the sea', 'Lots', 'things', 'your interest']",[],0.0
44783,5.0,Amazing place to be. The people are so kind and the view is just wow Purrrfecto,"['ADJ', 'NOUN', 'PART', 'AUX', 'PUNCT', 'DET', 'NOUN', 'AUX', 'ADV', 'ADJ', 'CCONJ', 'DET', 'NOUN', 'AUX', 'ADV', 'INTJ', 'PUNCT', 'PUNCT', 'PUNCT', 'PROPN']","['Amazing place', 'The people', 'the view', 'Purrrfecto']","[{'text': 'Purrrfecto', 'label': 'PERSON'}]",0.05
44793,5.0,"This is a wonderful walk along the ocean full of restaurants, shopping and interesting sculptures. Its a perfect place to grab an ice cream and sit down to people watch walking, strolling and skating by. The area is super clean and very enjoyable to spend some time.","['PRON', 'AUX', 'DET', 'ADJ', 'NOUN', 'ADP', 'DET', 'NOUN', 'ADJ', 'ADP', 'NOUN', 'PUNCT', 'NOUN', 'CCONJ', 'ADJ', 'NOUN', 'PUNCT', 'PRON', 'AUX', 'DET', 'ADJ', 'NOUN', 'PART', 'VERB', 'DET', 'NOUN', 'NOUN', 'CCONJ', 'VERB', 'ADP', 'ADP', 'NOUN', 'VERB', 'VERB', 'PUNCT', 'VERB', 'CCONJ', 'NOUN', 'ADP', 'PUNCT', 'DET', 'NOUN', 'AUX', 'ADV', 'ADJ', 'CCONJ', 'ADV', 'ADJ', 'PART', 'VERB', 'DET', 'NOUN', 'PUNCT']","['This', 'a wonderful walk', 'the ocean', 'restaurants', 'shopping', 'interesting sculptures', 'It', 'a perfect place', 'an ice cream', 'people', 'The area', 'some time']",[],0.0
44798,5.0,Great place to walk and get good food. It is right by the water and there are some sandy areas for swimming. There is also a playground and a few nice statues.,"['ADJ', 'NOUN', 'PART', 'VERB', 'CCONJ', 'VERB', 'ADJ', 'NOUN', 'PUNCT', 'PRON', 'AUX', 'ADJ', 'ADP', 'DET', 'NOUN', 'CCONJ', 'PRON', 'VERB', 'DET', 'ADJ', 'NOUN', 'ADP', 'NOUN', 'PUNCT', 'PRON', 'VERB', 'ADV', 'DET', 'NOUN', 'CCONJ', 'DET', 'ADJ', 'ADJ', 'NOUN', 'PUNCT']","['Great place', 'good food', 'It', 'the water', 'some sandy areas', 'swimming', 'a playground', 'a few nice statues']",[],0.0
44847,5.0,"This is the cleanest and most beautiful malecón Ive ever been to. It is wide and good for a walk any time of the day  during winter time, that is.","['PRON', 'AUX', 'DET', 'ADJ', 'CCONJ', 'ADV', 'ADJ', 'NOUN', 'PRON', 'AUX', 'ADV', 'AUX', 'ADP', 'PUNCT', 'PRON', 'AUX', 'ADJ', 'CCONJ', 'ADJ', 'ADP', 'DET', 'NOUN', 'DET', 'NOUN', 'ADP', 'DET', 'NOUN', 'PUNCT', 'ADP', 'NOUN', 'NOUN', 'PUNCT', 'ADV', 'AUX', 'PUNCT', 'PUNCT']","['This', 'the cleanest and most beautiful malecón', 'I', 'It', 'a walk', 'any time', 'the day', 'winter time']","[{'text': 'winter', 'label': 'DATE'}]",0.027777777777777776
44853,5.0,I love the sculptures and art from one end to another.,"['PRON', 'VERB', 'DET', 'NOUN', 'CCONJ', 'NOUN', 'ADP', 'NUM', 'NOUN', 'ADP', 'PRON', 'PUNCT']","['I', 'the sculptures', 'art', 'one end', 'another']",[],0.0
44861,5.0,The night life is great,"['DET', 'NOUN', 'NOUN', 'AUX', 'ADJ']",['The night life'],[],0.0
44886,5.0,"The cleanest, most well kept malecon in Mexico. Beautiful","['DET', 'ADJ', 'PUNCT', 'ADV', 'ADV', 'VERB', 'PROPN', 'ADP', 'PROPN', 'PUNCT', 'ADJ', 'PUNCT']","['malecon', 'Mexico']","[{'text': 'Mexico', 'label': 'GPE'}]",0.08333333333333333
44945,5.0,First class Beach Walk,"['ADJ', 'NOUN', 'PROPN', 'PROPN']",['First class Beach Walk'],"[{'text': 'First', 'label': 'ORDINAL'}]",0.25
44959,4.0,Great at night. Very fresh after 6 and its possible to walk peacefully with the night breeze.,"['ADJ', 'ADP', 'NOUN', 'PUNCT', 'ADV', 'ADJ', 'ADP', 'NUM', 'CCONJ', 'PRON', 'AUX', 'ADJ', 'PART', 'VERB', 'ADV', 'ADP', 'DET', 'NOUN', 'NOUN', 'PUNCT']","['night', 'it', 'the night breeze']","[{'text': 'night', 'label': 'TIME'}, {'text': '6', 'label': 'CARDINAL'}]",0.1
44977,5.0,Beautiful boardwalk to watch the sunset. Great stores along the way as well. Feels very safe.,"['ADJ', 'NOUN', 'PART', 'VERB', 'DET', 'NOUN', 'PUNCT', 'ADJ', 'NOUN', 'ADP', 'DET', 'NOUN', 'ADV', 'ADV', 'PUNCT', 'VERB', 'ADV', 'ADJ', 'PUNCT']","['Beautiful boardwalk', 'the sunset', 'Great stores', 'the way']",[],0.0
44994,5.0,Estrella del mar used to be called Stellas. It is at the entrance to the Malecon. Food service are excellent Choose to have a table on the beach or in the open air restaurant as we did Fabulous view gorgeous sunsets,"['PROPN', 'PROPN', 'PROPN', 'VERB', 'PART', 'AUX', 'VERB', 'PROPN', 'PART', 'PUNCT', 'PRON', 'AUX', 'ADP', 'DET', 'NOUN', 'ADP', 'DET', 'PROPN', 'PUNCT', 'NOUN', 'NOUN', 'AUX', 'ADJ', 'PUNCT', 'VERB', 'PART', 'VERB', 'DET', 'NOUN', 'ADP', 'DET', 'NOUN', 'CCONJ', 'ADP', 'DET', 'ADJ', 'NOUN', 'NOUN', 'SCONJ', 'PRON', 'VERB', 'PUNCT', 'ADJ', 'NOUN', 'ADJ', 'NOUN', 'PUNCT']","['Estrella del mar', 'Stella', 'It', 'the entrance', 'the Malecon', 'Food service', 'a table', 'the beach', 'the open air restaurant', 'we', 'Fabulous view gorgeous sunsets']","[{'text': 'Estrella', 'label': 'PERSON'}, {'text': 'Stella', 'label': 'PERSON'}, {'text': 'Malecon', 'label': 'ORG'}]",0.06382978723404255
45007,5.0,Beautiful view and very clean,"['ADJ', 'NOUN', 'CCONJ', 'ADV', 'ADJ', 'PUNCT']",['Beautiful view'],[],0.0
45027,5.0,Love the Sunset at the Malecon,"['VERB', 'DET', 'PROPN', 'ADP', 'DET', 'PROPN']","['the Sunset', 'the Malecon']","[{'text': 'Malecon', 'label': 'ORG'}]",0.16666666666666666
45040,5.0,Great place to visit,"['ADJ', 'NOUN', 'PART', 'VERB']",['Great place'],[],0.0
45052,5.0,Beautiful atmosphere for walks and shopping for merchandise and food.,"['ADJ', 'NOUN', 'ADP', 'NOUN', 'CCONJ', 'VERB', 'ADP', 'NOUN', 'CCONJ', 'NOUN', 'PUNCT']","['Beautiful atmosphere', 'walks', 'merchandise', 'food']",[],0.0
45054,5.0,"The Malecon in normal times is a wonderful place to walk, stop at cafes and others ride bikes all beside the water. There are markets to buy local artesans goods and local fresh vegetables, home made cheeses and other delicacies. While rates of the virus are increasing the Malecon has been closed to foot traffic and only open to vehicles.","['DET', 'PROPN', 'ADP', 'ADJ', 'NOUN', 'AUX', 'DET', 'ADJ', 'NOUN', 'PART', 'VERB', 'PUNCT', 'VERB', 'ADP', 'NOUN', 'CCONJ', 'NOUN', 'VERB', 'NOUN', 'ADV', 'ADP', 'DET', 'NOUN', 'PUNCT', 'PRON', 'VERB', 'NOUN', 'PART', 'VERB', 'ADJ', 'NOUN', 'NOUN', 'CCONJ', 'ADJ', 'ADJ', 'NOUN', 'PUNCT', 'NOUN', 'VERB', 'NOUN', 'CCONJ', 'ADJ', 'NOUN', 'PUNCT', 'SCONJ', 'NOUN', 'ADP', 'DET', 'NOUN', 'AUX', 'VERB', 'DET', 'PROPN', 'AUX', 'AUX', 'VERB', 'PART', 'VERB', 'NOUN', 'CCONJ', 'ADV', 'ADJ', 'ADP', 'NOUN', 'PUNCT']","['The Malecon', 'normal times', 'a wonderful place', 'cafes', 'others', 'bikes', 'the water', 'markets', 'local artesans goods', 'local fresh vegetables', 'home', 'cheeses', 'other delicacies', 'rates', 'the virus', 'the Malecon', 'traffic', 'vehicles']","[{'text': 'Malecon', 'label': 'ORG'}, {'text': 'Malecon', 'label': 'ORG'}]",0.03076923076923077
45060,5.0,We really enjoy coming to La Paz. Just spent 5 days here. Always making friends. Most businesses were still closed but still had a good time at a few of our favorite spots.,"['PRON', 'ADV', 'AUX', 'VERB', 'ADP', 'PROPN', 'PROPN', 'PUNCT', 'ADV', 'VERB', 'NUM', 'NOUN', 'ADV', 'PUNCT', 'ADV', 'VERB', 'NOUN', 'PUNCT', 'ADJ', 'NOUN', 'AUX', 'ADV', 'VERB', 'CCONJ', 'ADV', 'VERB', 'DET', 'ADJ', 'NOUN', 'ADP', 'DET', 'ADJ', 'ADP', 'PRON', 'ADJ', 'NOUN', 'PUNCT']","['We', 'La Paz', '5 days', 'friends', 'Most businesses', 'a good time', 'our favorite spots']","[{'text': 'La Paz', 'label': 'PERSON'}, {'text': '5 days', 'label': 'DATE'}]",0.05405405405405406
45085,5.0,Great location. Whale shark experience excellent,"['ADJ', 'NOUN', 'PUNCT', 'ADJ', 'NOUN', 'NOUN', 'ADJ']","['Great location', 'Whale shark experience']",[],0.0
45086,5.0,nice walk lots of shops,"['ADJ', 'NOUN', 'NOUN', 'ADP', 'NOUN']","['nice walk lots', 'shops']",[],0.0
45102,5.0,Very laid back. Everyone is exceptionally polite.,"['ADV', 'VERB', 'ADP', 'PUNCT', 'PRON', 'AUX', 'ADV', 'ADJ', 'PUNCT']",['Everyone'],[],0.0
45104,5.0,This is the best pavilion I have ever visited. It is lined with artwork. Really beautiful sculptures of sea creatures and sea people. Its coean and safe and wonderful for families and couples. Fun to watch the rollerblading and skateboarding in the evenings.,"['PRON', 'AUX', 'DET', 'ADJ', 'NOUN', 'PRON', 'AUX', 'ADV', 'VERB', 'PUNCT', 'PRON', 'AUX', 'VERB', 'ADP', 'NOUN', 'PUNCT', 'ADV', 'ADJ', 'NOUN', 'ADP', 'NOUN', 'NOUN', 'CCONJ', 'NOUN', 'NOUN', 'PUNCT', 'PRON', 'ADJ', 'CCONJ', 'ADJ', 'CCONJ', 'ADJ', 'ADP', 'NOUN', 'CCONJ', 'NOUN', 'PUNCT', 'NOUN', 'PART', 'VERB', 'DET', 'NOUN', 'CCONJ', 'VERB', 'ADP', 'DET', 'NOUN', 'PUNCT']","['This', 'the best pavilion', 'I', 'It', 'artwork', 'Really beautiful sculptures', 'sea creatures', 'sea people', 'families', 'couples', 'Fun', 'the rollerblading', 'the evenings']",[],0.0
45152,5.0,"They have made a beautiful malecon even better, great for dog walking  please clean up after your pet, sunsets, exercise and nature viewing... gorgeous","['PRON', 'AUX', 'VERB', 'DET', 'ADJ', 'NOUN', 'ADV', 'ADV', 'PUNCT', 'ADJ', 'ADP', 'NOUN', 'NOUN', 'PUNCT', 'INTJ', 'VERB', 'ADP', 'ADP', 'PRON', 'NOUN', 'PUNCT', 'PUNCT', 'NOUN', 'PUNCT', 'NOUN', 'CCONJ', 'NOUN', 'VERB', 'PUNCT', 'ADJ']","['They', 'a beautiful malecon', 'dog walking', 'your pet']",[],0.0
45169,5.0,Newly furnished and very clean. Only missing the street vendors.,"['ADV', 'ADJ', 'CCONJ', 'ADV', 'ADJ', 'PUNCT', 'ADV', 'VERB', 'DET', 'NOUN', 'NOUN', 'PUNCT']",['the street vendors'],[],0.0
45187,4.0,"Nice walk along the beach. The beach does not look cery good for swimming. Lots of restaurants and bars along the entire Malecon. Great vibe, lovely place. Must see the whalesharks when you are visiting La Paz","['ADJ', 'VERB', 'ADP', 'DET', 'NOUN', 'PUNCT', 'DET', 'NOUN', 'AUX', 'PART', 'VERB', 'NOUN', 'ADJ', 'ADP', 'NOUN', 'PUNCT', 'NOUN', 'ADP', 'NOUN', 'CCONJ', 'NOUN', 'ADP', 'DET', 'ADJ', 'PROPN', 'PUNCT', 'ADJ', 'NOUN', 'PUNCT', 'ADJ', 'NOUN', 'PUNCT', 'AUX', 'VERB', 'DET', 'NOUN', 'SCONJ', 'PRON', 'AUX', 'VERB', 'PROPN', 'PROPN', 'PUNCT']","['the beach', 'The beach', 'cery', 'swimming', 'Lots', 'restaurants', 'bars', 'the entire Malecon', 'Great vibe', 'lovely place', 'the whalesharks', 'you', 'La Paz']","[{'text': 'Malecon', 'label': 'GPE'}, {'text': 'La Paz', 'label': 'FAC'}]",0.046511627906976744
45192,5.0,"The Malecon in La Paz has to be seen to really appreciate its beauty...a long mile of wide polished concrete sprinkled liberally with small parks, statues, piers, beaches, benches, gathering places with the bay on one side and bistros, souvenir shops, ice cream parlors, coffee shops et al on the other side...a separate set of bike lanes included...you have to watch the sun go down from a sidewalk bistro  dont ask why, just do it","['DET', 'PROPN', 'ADP', 'PROPN', 'PROPN', 'VERB', 'PART', 'AUX', 'VERB', 'PART', 'ADV', 'VERB', 'PRON', 'NOUN', 'PUNCT', 'DET', 'ADJ', 'NOUN', 'ADP', 'ADJ', 'ADJ', 'NOUN', 'VERB', 'ADV', 'ADP', 'ADJ', 'NOUN', 'PUNCT', 'NOUN', 'PUNCT', 'NOUN', 'PUNCT', 'NOUN', 'PUNCT', 'NOUN', 'PUNCT', 'VERB', 'NOUN', 'ADP', 'DET', 'NOUN', 'ADP', 'NUM', 'NOUN', 'CCONJ', 'ADJ', 'PUNCT', 'NOUN', 'NOUN', 'PUNCT', 'NOUN', 'NOUN', 'NOUN', 'PUNCT', 'NOUN', 'NOUN', 'X', 'PROPN', 'ADP', 'DET', 'ADJ', 'NOUN', 'PUNCT', 'DET', 'ADJ', 'NOUN', 'ADP', 'NOUN', 'NOUN', 'VERB', 'PUNCT', 'PRON', 'VERB', 'PART', 'VERB', 'DET', 'NOUN', 'VERB', 'ADP', 'ADP', 'DET', 'NOUN', 'NOUN', 'PUNCT', 'AUX', 'PART', 'VERB', 'SCONJ', 'PUNCT', 'ADV', 'AUX', 'PRON', 'PUNCT']","['The Malecon', 'La Paz', 'its beauty', 'a long mile', 'wide polished concrete', 'small parks', 'statues', 'piers', 'beaches', 'benches', 'places', 'the bay', 'one side', 'souvenir shops', 'ice cream parlors', 'coffee shops', 'et al', 'the other side', 'a separate set', 'bike lanes', 'you', 'the sun', 'a sidewalk bistro', 'it']","[{'text': 'one', 'label': 'CARDINAL'}]",0.010752688172043012
45197,5.0,"Lots of walking, restaurants, coffee shops, and small bars. The whole town is based around the malecon.","['NOUN', 'ADP', 'VERB', 'PUNCT', 'NOUN', 'PUNCT', 'NOUN', 'NOUN', 'PUNCT', 'CCONJ', 'ADJ', 'NOUN', 'PUNCT', 'DET', 'ADJ', 'NOUN', 'AUX', 'VERB', 'ADP', 'DET', 'NOUN', 'PUNCT']","['Lots', 'restaurants', 'coffee shops', 'small bars', 'The whole town', 'the malecon']",[],0.0
45206,5.0,Super hermoso,"['PROPN', 'NOUN']",['Super hermoso'],"[{'text': 'Super', 'label': 'ORG'}]",0.5
45247,4.0,Lots of selection at low prices. Only problem was product labels are hard to read and a bit unorganized. May be difficult to find English speaking staff but they are patient and friendly.,"['NOUN', 'ADP', 'NOUN', 'ADP', 'ADJ', 'NOUN', 'PUNCT', 'ADV', 'NOUN', 'AUX', 'NOUN', 'NOUN', 'AUX', 'ADJ', 'PART', 'VERB', 'CCONJ', 'DET', 'NOUN', 'ADJ', 'PUNCT', 'AUX', 'AUX', 'ADJ', 'PART', 'VERB', 'PROPN', 'VERB', 'NOUN', 'CCONJ', 'PRON', 'AUX', 'ADJ', 'CCONJ', 'ADJ', 'PUNCT']","['Lots', 'selection', 'low prices', 'Only problem', 'product labels', 'English speaking staff', 'they']","[{'text': 'English', 'label': 'LANGUAGE'}]",0.027777777777777776
45248,5.0,"The Malecon is wonderful. Clean great views lots of things to do on it, with plenty of different restaurants, authentic Mexican, Sushi, coffee shops, bars etc.. Theres a market there on Saturdays with fresh vegetables, fresh breads, jewelery etc... Great place to walk to tons of activities. Especially busy on the weekends, especially at night.","['DET', 'PROPN', 'AUX', 'ADJ', 'PUNCT', 'ADJ', 'ADJ', 'NOUN', 'NOUN', 'ADP', 'NOUN', 'PART', 'VERB', 'ADP', 'PRON', 'PUNCT', 'ADP', 'NOUN', 'ADP', 'ADJ', 'NOUN', 'PUNCT', 'ADJ', 'PROPN', 'PUNCT', 'PROPN', 'PUNCT', 'NOUN', 'NOUN', 'PUNCT', 'NOUN', 'X', 'PUNCT', 'PRON', 'VERB', 'DET', 'NOUN', 'ADV', 'ADP', 'PROPN', 'ADP', 'ADJ', 'NOUN', 'PUNCT', 'ADJ', 'NOUN', 'PUNCT', 'NOUN', 'X', 'PUNCT', 'ADJ', 'NOUN', 'PART', 'VERB', 'ADP', 'NOUN', 'ADP', 'NOUN', 'PUNCT', 'ADV', 'ADJ', 'ADP', 'DET', 'NOUN', 'PUNCT', 'ADV', 'ADP', 'NOUN', 'PUNCT']","['The Malecon', 'things', 'it', 'plenty', 'different restaurants', 'authentic Mexican, Sushi, coffee shops', 'bars', 'a market', 'Saturdays', 'fresh vegetables', 'fresh breads', 'Great place', 'tons', 'activities', 'the weekends', 'night']","[{'text': 'Malecon', 'label': 'ORG'}, {'text': 'Mexican', 'label': 'NORP'}, {'text': 'Sushi', 'label': 'PERSON'}, {'text': 'Saturdays', 'label': 'DATE'}, {'text': 'the weekends', 'label': 'DATE'}, {'text': 'night', 'label': 'TIME'}]",0.08695652173913043
45249,5.0,"Loved it  Quite, Clean, no one selling timeshares","['VERB', 'PRON', 'PUNCT', 'ADV', 'PUNCT', 'PROPN', 'PUNCT', 'DET', 'NOUN', 'VERB', 'NOUN']","['it', 'Quite, Clean', 'no one', 'timeshares']",[],0.0
45279,5.0,"Great family place to explore, see La Paz, visit with friends.","['ADJ', 'NOUN', 'NOUN', 'PART', 'VERB', 'PUNCT', 'VERB', 'PROPN', 'PROPN', 'PUNCT', 'NOUN', 'ADP', 'NOUN', 'PUNCT']","['Great family place', 'La Paz', 'friends']","[{'text': 'La Paz', 'label': 'PERSON'}]",0.07142857142857142
45295,4.0,One of the better malecons. Refurbished this year 19 it has a clean and young vibe. Dedicated cycle lanes and a few fun things to do like a water jet in the ground that the kids like to run staying in up the town end to outdoor gym at the other. Watch out for roller skaters wobbling around and hirelay down bikes. Some very nice resistants here and the shrimp tacos are the best.,"['NUM', 'ADP', 'DET', 'ADJ', 'NOUN', 'PUNCT', 'VERB', 'DET', 'NOUN', 'PUNCT', 'NUM', 'PUNCT', 'PRON', 'VERB', 'DET', 'ADJ', 'CCONJ', 'ADJ', 'NOUN', 'PUNCT', 'ADJ', 'NOUN', 'NOUN', 'CCONJ', 'DET', 'ADJ', 'ADJ', 'NOUN', 'PART', 'VERB', 'INTJ', 'DET', 'NOUN', 'NOUN', 'ADP', 'DET', 'NOUN', 'SCONJ', 'DET', 'NOUN', 'VERB', 'PART', 'VERB', 'VERB', 'ADP', 'ADP', 'DET', 'NOUN', 'NOUN', 'ADP', 'ADJ', 'NOUN', 'ADP', 'DET', 'ADJ', 'PUNCT', 'VERB', 'ADP', 'ADP', 'NOUN', 'NOUN', 'VERB', 'ADV', 'CCONJ', 'VERB', 'ADP', 'PUNCT', 'NOUN', 'PUNCT', 'DET', 'ADV', 'ADJ', 'NOUN', 'ADV', 'CCONJ', 'DET', 'NOUN', 'NOUN', 'AUX', 'DET', 'ADJ', 'PUNCT']","['the better malecons', 'it', 'a clean and young vibe', 'Dedicated cycle lanes', 'a few fun things', 'a water jet', 'the ground', 'the kids', 'the town end', 'outdoor gym', 'roller skaters', '"" bikes', 'Some very nice resistants', 'the shrimp tacos']","[{'text': 'One', 'label': 'CARDINAL'}, {'text': 'this year', 'label': 'DATE'}, {'text': '19', 'label': 'CARDINAL'}]",0.036585365853658534
45323,5.0,Impressed on the passenger walking and skating and sealed cement surfaces and wellmarked bike Lanes while two lanes of traffic one each way were very courteous 2 passengers. Ice cream shops three or four right near here and most enjoyable. The seven crown hotel is outstanding,"['ADJ', 'ADP', 'DET', 'NOUN', 'NOUN', 'CCONJ', 'NOUN', 'CCONJ', 'VERB', 'NOUN', 'NOUN', 'CCONJ', 'ADV', 'PUNCT', 'VERB', 'NOUN', 'NOUN', 'SCONJ', 'NUM', 'NOUN', 'ADP', 'NOUN', 'NUM', 'DET', 'NOUN', 'PRON', 'AUX', 'ADV', 'ADJ', 'NUM', 'NOUN', 'PUNCT', 'NOUN', 'NOUN', 'NOUN', 'NUM', 'CCONJ', 'NUM', 'NOUN', 'ADV', 'ADV', 'CCONJ', 'ADV', 'ADJ', 'PUNCT', 'DET', 'NUM', 'NOUN', 'NOUN', 'AUX', 'ADJ']","['the passenger walking', 'skating', 'sealed cement surfaces', 'well-marked bike Lanes', 'traffic', 'we', 'very courteous 2 passengers', 'Ice cream shops', 'three or four right', 'The seven crown hotel']","[{'text': 'Lanes', 'label': 'ORG'}, {'text': 'two', 'label': 'CARDINAL'}, {'text': '2', 'label': 'CARDINAL'}, {'text': 'three', 'label': 'CARDINAL'}, {'text': 'four', 'label': 'CARDINAL'}, {'text': 'seven', 'label': 'CARDINAL'}]",0.11764705882352941
45329,5.0,Beautiful and lots of restaurants... good food and margaritas along the beach,"['ADJ', 'CCONJ', 'NOUN', 'ADP', 'NOUN', 'PUNCT', 'ADJ', 'NOUN', 'CCONJ', 'NOUN', 'ADP', 'DET', 'NOUN']","['restaurants', 'margaritas', 'the beach']",[],0.0
45346,5.0,Beautiful walk and so many different things to see and restaurants to stop at along the way,"['ADJ', 'NOUN', 'CCONJ', 'ADV', 'ADJ', 'ADJ', 'NOUN', 'PART', 'VERB', 'CCONJ', 'NOUN', 'PART', 'VERB', 'ADP', 'ADP', 'DET', 'NOUN']","['Beautiful walk', 'so many different things', 'restaurants', 'the way']",[],0.0
45357,4.0,So clean and lively.,"['ADV', 'ADJ', 'CCONJ', 'ADJ', 'PUNCT']",[],[],0.0
45368,5.0,"Malecon is great I walked the Malecon during a parade, during the day, and at different times of the night. I felt safe the entire time. One thing that makes it great is that there are locals there and it is not a tourist trap. No one is trying to sell you something, no one is pulling you into a shop. It has been very clean each time. La Paz is the capital of the state, and Im not sure if that is the reason, but there are plenty of officers, and has added to the feeling of safety. There are lots of great restaurants on the Malecon, and just off the Malecon too. I have been to Cabo several times, and I would choose La Paz every time in the future.","['PROPN', 'AUX', 'ADJ', 'PUNCT', 'PRON', 'VERB', 'DET', 'PROPN', 'ADP', 'DET', 'NOUN', 'PUNCT', 'ADP', 'DET', 'NOUN', 'PUNCT', 'CCONJ', 'ADP', 'ADJ', 'NOUN', 'ADP', 'DET', 'NOUN', 'PUNCT', 'PRON', 'VERB', 'ADJ', 'DET', 'ADJ', 'NOUN', 'PUNCT', 'NUM', 'NOUN', 'PRON', 'VERB', 'PRON', 'ADJ', 'AUX', 'SCONJ', 'PRON', 'VERB', 'NOUN', 'ADV', 'CCONJ', 'PRON', 'AUX', 'PART', 'DET', 'NOUN', 'NOUN', 'PUNCT', 'DET', 'NOUN', 'AUX', 'VERB', 'PART', 'VERB', 'PRON', 'PRON', 'PUNCT', 'DET', 'NOUN', 'AUX', 'VERB', 'PRON', 'ADP', 'DET', 'NOUN', 'PUNCT', 'PRON', 'AUX', 'AUX', 'ADV', 'ADJ', 'DET', 'NOUN', 'PUNCT', 'PROPN', 'PROPN', 'AUX', 'DET', 'NOUN', 'ADP', 'DET', 'NOUN', 'PUNCT', 'CCONJ', 'PRON', 'AUX', 'PART', 'ADJ', 'SCONJ', 'PRON', 'AUX', 'DET', 'NOUN', 'PUNCT', 'CCONJ', 'PRON', 'VERB', 'NOUN', 'ADP', 'NOUN', 'PUNCT', 'CCONJ', 'AUX', 'VERB', 'ADP', 'DET', 'NOUN', 'ADP', 'NOUN', 'PUNCT', 'PRON', 'VERB', 'NOUN', 'ADP', 'ADJ', 'NOUN', 'ADP', 'DET', 'PROPN', 'PUNCT', 'CCONJ', 'ADV', 'ADP', 'DET', 'PROPN', 'ADV', 'PUNCT', 'PRON', 'AUX', 'AUX', 'ADP', 'PROPN', 'ADJ', 'NOUN', 'PUNCT', 'CCONJ', 'PRON', 'AUX', 'VERB', 'PROPN', 'PROPN', 'DET', 'NOUN', 'ADP', 'DET', 'NOUN', 'PUNCT']","['Malecon', 'I', 'the Malecon', 'a parade', 'the day', 'different times', 'the night', 'I', 'One thing', 'that', 'it', 'locals', 'it', 'a tourist trap', 'No one', 'you', 'something', 'no one', 'you', 'a shop', 'It', 'La Paz', 'the capital', 'the state', 'I', 'that', 'the reason', 'plenty', 'officers', 'the feeling', 'safety', 'lots', 'great restaurants', 'the Malecon', 'the Malecon', 'I', 'Cabo', 'I', 'La Paz', 'the future']","[{'text': 'Malecon', 'label': 'ORG'}, {'text': 'Malecon', 'label': 'ORG'}, {'text': 'the day', 'label': 'DATE'}, {'text': 'One', 'label': 'CARDINAL'}, {'text': 'La Paz', 'label': 'PERSON'}, {'text': 'Malecon', 'label': 'ORG'}, {'text': 'Malecon', 'label': 'ORG'}, {'text': 'La Paz', 'label': 'PERSON'}]",0.05333333333333334
45390,5.0,Was happy to see this place because on my 1st visit to La Paz in 2008 this place was something else. Great transformation.,"['AUX', 'ADJ', 'PART', 'VERB', 'DET', 'NOUN', 'SCONJ', 'ADP', 'PRON', 'ADJ', 'NOUN', 'ADP', 'PROPN', 'PROPN', 'ADP', 'NUM', 'DET', 'NOUN', 'AUX', 'PRON', 'ADV', 'PUNCT', 'ADJ', 'NOUN', 'PUNCT']","['this place', 'my 1st visit', 'La Paz', 'this place', 'something', 'Great transformation']","[{'text': 'La Paz', 'label': 'FAC'}, {'text': '2008', 'label': 'DATE'}]",0.08
45407,5.0,"The new and expanded Malecón or board walk is beautiful Also, you can see the locals with their families really enjoying the casual walk.","['DET', 'ADJ', 'CCONJ', 'VERB', 'PROPN', 'CCONJ', 'NOUN', 'NOUN', 'AUX', 'ADJ', 'PUNCT', 'ADV', 'PUNCT', 'PRON', 'AUX', 'VERB', 'DET', 'NOUN', 'ADP', 'PRON', 'NOUN', 'ADV', 'VERB', 'DET', 'ADJ', 'NOUN', 'PUNCT']","['The new and expanded Malecón', 'board walk', 'you', 'the locals', 'their families', 'the casual walk']","[{'text': 'Malecón', 'label': 'PERSON'}]",0.037037037037037035
45425,5.0,INCREIBLE LUGAR..... ATARDECERES INCREIBLES....,"['PROPN', 'PROPN', 'PUNCT', 'PROPN', 'PROPN', 'PUNCT']","['INCREIBLE LUGAR', 'ATARDECERES INCREIBLES']",[],0.0
45482,5.0,A beautiful sunset walk on this super clean and glowing promenade will ease your soul.,"['DET', 'ADJ', 'NOUN', 'NOUN', 'ADP', 'DET', 'ADJ', 'ADJ', 'CCONJ', 'VERB', 'NOUN', 'AUX', 'VERB', 'PRON', 'NOUN', 'PUNCT']","['A beautiful sunset walk', 'this super clean and glowing promenade', 'your soul']",[],0.0
45483,5.0,"Nice clean area for a stroll, not many beggers and people selling junk","['ADJ', 'ADJ', 'NOUN', 'ADP', 'DET', 'NOUN', 'PUNCT', 'PART', 'ADJ', 'NOUN', 'CCONJ', 'NOUN', 'VERB', 'NOUN']","['a stroll', 'people', 'junk']",[],0.0
45503,5.0,"Cool place to stroll and enjoy the ocean breeze. Sidewalk is smooth so you can skateboard, roller blade, scooter walk or run. There are rental blaces for scooters and trikes.","['ADJ', 'NOUN', 'PART', 'VERB', 'CCONJ', 'VERB', 'DET', 'NOUN', 'NOUN', 'PUNCT', 'PROPN', 'AUX', 'ADJ', 'SCONJ', 'PRON', 'AUX', 'ADV', 'PUNCT', 'NOUN', 'NOUN', 'PUNCT', 'NOUN', 'NOUN', 'CCONJ', 'VERB', 'PUNCT', 'PRON', 'VERB', 'ADJ', 'NOUN', 'ADP', 'NOUN', 'CCONJ', 'NOUN', 'PUNCT']","['Cool place', 'the ocean breeze', 'Sidewalk', 'you', 'roller blade', 'scooter walk', 'rental blaces', 'scooters', 'trikes']",[],0.0
45513,5.0,"Amazing place to watch the sunset, ride bikes or scooters and be with the family","['ADJ', 'NOUN', 'PART', 'VERB', 'DET', 'NOUN', 'PUNCT', 'NOUN', 'NOUN', 'CCONJ', 'NOUN', 'CCONJ', 'AUX', 'ADP', 'DET', 'NOUN']","['Amazing place', 'the sunset', 'ride bikes', 'scooters', 'the family']",[],0.0
45566,5.0,Its a great place to visit and beautiful sunsets to enjoy,"['PRON', 'DET', 'ADJ', 'NOUN', 'PART', 'VERB', 'CCONJ', 'ADJ', 'NOUN', 'PART', 'VERB']","['Its a great place', 'beautiful sunsets']",[],0.0
45595,5.0,"Nice...nice place, was there on vacation and enjoyed while in La Paz BCS","['ADJ', 'PUNCT', 'ADJ', 'NOUN', 'PUNCT', 'AUX', 'ADV', 'ADP', 'NOUN', 'CCONJ', 'VERB', 'SCONJ', 'ADP', 'PROPN', 'PROPN', 'PROPN']","['Nice...nice place', 'vacation', 'La Paz BCS']","[{'text': 'La Paz BCS', 'label': 'FAC'}]",0.0625
45616,5.0,"A thing to do in La Paz Stroll along and enjoy the view, shopping, food, and various sculptures along the way","['DET', 'NOUN', 'PART', 'VERB', 'ADP', 'PROPN', 'PROPN', 'PUNCT', 'PROPN', 'ADV', 'CCONJ', 'VERB', 'DET', 'NOUN', 'PUNCT', 'NOUN', 'PUNCT', 'NOUN', 'PUNCT', 'CCONJ', 'ADJ', 'NOUN', 'ADP', 'DET', 'NOUN']","['A thing', 'La Paz', 'Stroll', 'the view', 'shopping', 'food', 'various sculptures', 'the way']","[{'text': 'La Paz', 'label': 'FAC'}]",0.04
45619,5.0,Paradise with the best sunsets,"['NOUN', 'ADP', 'DET', 'ADJ', 'NOUN']","['Paradise', 'the best sunsets']",[],0.0
45640,5.0,Excelente place for a stroll in the afternoon and at night,"['NOUN', 'NOUN', 'ADP', 'DET', 'NOUN', 'ADP', 'DET', 'NOUN', 'CCONJ', 'ADP', 'NOUN']","['Excelente place', 'a stroll', 'the afternoon', 'night']","[{'text': 'the afternoon', 'label': 'TIME'}, {'text': 'night', 'label': 'TIME'}]",0.18181818181818182
45660,5.0,"Beautiful beaches, Good authentic Mexicana sea food and more.","['ADJ', 'NOUN', 'PUNCT', 'ADJ', 'ADJ', 'PROPN', 'NOUN', 'NOUN', 'CCONJ', 'ADJ', 'PUNCT']","['Beautiful beaches', 'Good authentic Mexicana sea food']","[{'text': 'Mexicana sea food and more', 'label': 'ORG'}]",0.09090909090909091
45712,5.0,"Fun, clean and friendly.","['PROPN', 'PUNCT', 'ADJ', 'CCONJ', 'ADJ', 'PUNCT']",['Fun'],[],0.0
45722,5.0,Great place to walk around and spend day while getting to know some parts of La Paz,"['ADJ', 'NOUN', 'PART', 'VERB', 'ADV', 'CCONJ', 'VERB', 'NOUN', 'SCONJ', 'VERB', 'PART', 'VERB', 'DET', 'NOUN', 'ADP', 'PROPN', 'PROPN']","['Great place', 'day', 'some parts', 'La Paz']","[{'text': 'La Paz', 'label': 'FAC'}]",0.058823529411764705
45735,4.0,"Nothing but beach, no amenities","['PRON', 'CCONJ', 'NOUN', 'PUNCT', 'DET', 'NOUN']","['Nothing', 'beach', 'no amenities']",[],0.0
45736,5.0,Peaceful and quiet place to connect with land and water,"['ADJ', 'CCONJ', 'ADJ', 'NOUN', 'PART', 'VERB', 'ADP', 'NOUN', 'CCONJ', 'NOUN']","['Peaceful and quiet place', 'land', 'water']",[],0.0
45740,4.0,"Really interesting place to check out. The water is exceedingly shallow for quite a ways out, which allows you to see cracks and fish easily. There were plenty of people lounging in the water and along the shore. Important to note they recently added an entrance fee that must be paid online. There is no service within 1520 mins of the entrance so make sure you buy tickets ahead of time unlike me and my friends. They also have a cap on the number of people who can enter in the morning and then in the afternoon. They also require everyone to leave their morning or afternoon sessions at a set time, and blast a loud horn to signal its time to go. Glad we took the time to visit","['ADV', 'ADJ', 'NOUN', 'PART', 'VERB', 'ADP', 'PUNCT', 'DET', 'NOUN', 'AUX', 'ADV', 'ADJ', 'ADP', 'DET', 'DET', 'NOUN', 'ADP', 'PUNCT', 'PRON', 'VERB', 'PRON', 'PART', 'VERB', 'NOUN', 'CCONJ', 'VERB', 'ADV', 'PUNCT', 'PRON', 'VERB', 'NOUN', 'ADP', 'NOUN', 'VERB', 'ADP', 'DET', 'NOUN', 'CCONJ', 'ADP', 'DET', 'NOUN', 'PUNCT', 'ADJ', 'PART', 'VERB', 'PUNCT', 'PRON', 'ADV', 'VERB', 'DET', 'NOUN', 'NOUN', 'PRON', 'AUX', 'AUX', 'VERB', 'ADV', 'PUNCT', 'PRON', 'VERB', 'DET', 'NOUN', 'ADP', 'NUM', 'NOUN', 'ADP', 'DET', 'NOUN', 'ADV', 'VERB', 'ADJ', 'PRON', 'VERB', 'NOUN', 'ADV', 'ADP', 'NOUN', 'PUNCT', 'ADP', 'PRON', 'CCONJ', 'PRON', 'NOUN', 'PUNCT', 'PUNCT', 'PRON', 'ADV', 'VERB', 'DET', 'NOUN', 'ADP', 'DET', 'NOUN', 'ADP', 'NOUN', 'PRON', 'AUX', 'VERB', 'ADP', 'DET', 'NOUN', 'CCONJ', 'ADV', 'ADP', 'DET', 'NOUN', 'PUNCT', 'PRON', 'ADV', 'VERB', 'PRON', 'PART', 'VERB', 'PRON', 'NOUN', 'CCONJ', 'NOUN', 'NOUN', 'ADP', 'DET', 'ADJ', 'NOUN', 'PUNCT', 'CCONJ', 'VERB', 'DET', 'ADJ', 'NOUN', 'PART', 'VERB', 'PRON', 'NOUN', 'PART', 'VERB', 'PUNCT', 'ADJ', 'PRON', 'VERB', 'DET', 'NOUN', 'PART', 'VERB', 'PUNCT']","['Really interesting place', 'The water', 'which', 'you', 'cracks', 'plenty', 'people', 'the water', 'the shore', 'they', 'an entrance fee', 'that', 'no service', '1520 mins', 'the entrance', 'you', 'tickets', 'time', 'me', 'my friends', 'They', 'a cap', 'the number', 'people', 'who', 'the morning', 'the afternoon', 'They', 'everyone', 'their morning', 'afternoon sessions', 'a set time', 'a loud horn', 'its time', 'we', 'the time']","[{'text': '1520', 'label': 'DATE'}, {'text': 'the morning', 'label': 'TIME'}, {'text': 'their morning', 'label': 'TIME'}, {'text': 'afternoon', 'label': 'TIME'}]",0.027972027972027972
45744,5.0,What an amazing beach,"['PRON', 'DET', 'ADJ', 'NOUN', 'PUNCT', 'PUNCT']",['What an amazing beach'],[],0.0
45748,3.0,Its okay. Water does not even come to knee level. Very smooth to walk in. Very pretty spot though not as nice or as pretty as the beach we visited on island espiritu santo.,"['PRON', 'INTJ', 'PUNCT', 'NOUN', 'AUX', 'PART', 'ADV', 'VERB', 'PART', 'VERB', 'NOUN', 'PUNCT', 'ADV', 'ADJ', 'PART', 'VERB', 'ADV', 'PUNCT', 'ADV', 'ADV', 'NOUN', 'ADV', 'PART', 'ADV', 'ADJ', 'CCONJ', 'ADV', 'ADV', 'ADP', 'DET', 'NOUN', 'PRON', 'VERB', 'ADP', 'NOUN', 'ADJ', 'PRON', 'PUNCT']","['Water', 'level', 'Very pretty spot', 'the beach', 'we', 'island', 'espiritu santo']",[],0.0
45751,5.0,"We had an amazing experience at Playa Balandra. Important tip you must purchase your entry ticket digital bracelet in advance through the official CONANP websiteits required to access the beach. The process was easy and made everything very organized. We arrived around 100 PM and were already settled by 115super efficient. The controlled entry system really helps keep the beach peaceful and uncrowded. The area is absolutely stunningcalm, pristine, and incredibly well preserved. You can truly feel that its a protected natural reserve. Theres a visible presence of authorities, which makes everything feel safe and well managed. Everyone follows the rules, and the beach stays clean and serene. The water is crystal clear and shallow, almost like a natural poolhonestly one of the most magical beaches weve visited. Parking was accessible, and there are restrooms available, which is always a plus. Overall, a perfect experience. If youre visiting La Paz, this is a mustbut plan ahead and get your bracelet","['PRON', 'VERB', 'DET', 'ADJ', 'NOUN', 'ADP', 'PROPN', 'PROPN', 'PUNCT', 'ADJ', 'NOUN', 'PUNCT', 'PRON', 'AUX', 'VERB', 'PRON', 'NOUN', 'NOUN', 'PUNCT', 'ADJ', 'NOUN', 'PUNCT', 'ADP', 'NOUN', 'ADP', 'DET', 'ADJ', 'NOUN', 'NOUN', 'VERB', 'PART', 'VERB', 'DET', 'NOUN', 'PUNCT', 'DET', 'NOUN', 'AUX', 'ADJ', 'CCONJ', 'VERB', 'PRON', 'ADV', 'ADJ', 'PUNCT', 'PRON', 'VERB', 'ADP', 'NUM', 'NOUN', 'CCONJ', 'AUX', 'ADV', 'VERB', 'ADP', 'NUM', 'ADJ', 'PUNCT', 'DET', 'VERB', 'NOUN', 'NOUN', 'ADV', 'VERB', 'VERB', 'DET', 'NOUN', 'ADJ', 'CCONJ', 'ADJ', 'PUNCT', 'DET', 'NOUN', 'AUX', 'ADV', 'ADJ', 'PUNCT', 'ADJ', 'PUNCT', 'CCONJ', 'ADV', 'ADV', 'VERB', 'PUNCT', 'PRON', 'AUX', 'ADV', 'VERB', 'SCONJ', 'PRON', 'DET', 'VERB', 'ADJ', 'NOUN', 'PUNCT', 'PRON', 'VERB', 'DET', 'ADJ', 'NOUN', 'ADP', 'NOUN', 'PUNCT', 'PRON', 'VERB', 'PRON', 'VERB', 'ADJ', 'CCONJ', 'ADV', 'VERB', 'PUNCT', 'PRON', 'VERB', 'DET', 'NOUN', 'PUNCT', 'CCONJ', 'DET', 'NOUN', 'VERB', 'ADJ', 'CCONJ', 'ADJ', 'PUNCT', 'DET', 'NOUN', 'AUX', 'NOUN', 'ADJ', 'CCONJ', 'ADJ', 'PUNCT', 'ADV', 'ADP', 'DET', 'ADJ', 'ADV', 'NUM', 'ADP', 'DET', 'ADV', 'ADJ', 'NOUN', 'PRON', 'AUX', 'VERB', 'PUNCT', 'NOUN', 'AUX', 'ADJ', 'PUNCT', 'CCONJ', 'PRON', 'VERB', 'NOUN', 'ADJ', 'PUNCT', 'PRON', 'AUX', 'ADV', 'DET', 'NOUN', 'PUNCT', 'ADV', 'PUNCT', 'DET', 'ADJ', 'NOUN', 'PUNCT', 'SCONJ', 'PRON', 'AUX', 'VERB', 'PROPN', 'PROPN', 'PUNCT', 'PRON', 'AUX', 'DET', 'NOUN', 'NOUN', 'ADV', 'CCONJ', 'VERB', 'PRON', 'NOUN', 'PUNCT']","['We', 'an amazing experience', 'Playa Balandra', 'you', 'your entry ticket', '(digital bracelet', 'advance', 'the official CONANP websiteits', 'the beach', 'The process', 'everything', 'We', 'The controlled entry system', 'the beach', 'The area', 'You', 'a visible presence', 'authorities', 'which', 'everything', 'Everyone', 'the rules', 'the beach', 'The water', 'the most magical beaches', 'we', 'Parking', 'restrooms', 'which', 'a plus', 'Overall, a perfect experience', 'you', 'La Paz', 'this', 'a mustbut plan', 'your bracelet']","[{'text': 'Playa Balandra', 'label': 'FAC'}, {'text': 'CONANP', 'label': 'GPE'}, {'text': '1:00 PM', 'label': 'TIME'}, {'text': '1:15super', 'label': 'CARDINAL'}, {'text': 'La Paz', 'label': 'FAC'}]",0.026595744680851064
45756,5.0,Awsome beach,"['PROPN', 'NOUN']",['Awsome beach'],[],0.0
45763,1.0,"Balandra Beach was a true disappointment. Accessing it is unnecessarily complicated and not worth the effort. You need to purchase bracelets online about 15 per person, then drive to a designated supermarket to physically pick them up. After that, you still need to arrive early to secure entry during your assigned time slot. We arrived around 1230 pm for the afternoon entry and were able to get in fairly quickly, which initially seemed promising. However, once we reached the beach, the experience fell far short of expectations. The beach does not look nearly as impressive as it does in photos. The water is extremely shallow, and there is absolutely no shade. Most importantly, there are no amenitiesno chairs, umbrellas, or food options. As a visitor, youre expected to bring and carry everything yourself, which makes the whole experience inconvenient and uncomfortable. We left after just a few minutes and genuinely couldnt understand why this place is so heavily promoted as a mustsee in La Paz. Instead, we went to Tecolote Beach, which was a much better experience. It offers restaurants, chairs, and shaded areas for renteverything you need for an enjoyable and relaxing beach day. I wish there were more honest reviews about Balandrait would have saved us both time and money.","['PROPN', 'PROPN', 'AUX', 'DET', 'ADJ', 'NOUN', 'PUNCT', 'VERB', 'PRON', 'AUX', 'ADV', 'ADJ', 'CCONJ', 'PART', 'ADJ', 'DET', 'NOUN', 'PUNCT', 'PRON', 'VERB', 'PART', 'VERB', 'NOUN', 'ADV', 'PUNCT', 'ADV', 'NUM', 'ADP', 'NOUN', 'PUNCT', 'PUNCT', 'ADV', 'VERB', 'ADP', 'DET', 'ADJ', 'NOUN', 'PART', 'ADV', 'VERB', 'PRON', 'ADP', 'PUNCT', 'ADP', 'PRON', 'PUNCT', 'PRON', 'ADV', 'VERB', 'PART', 'VERB', 'ADV', 'PART', 'VERB', 'NOUN', 'ADP', 'PRON', 'VERB', 'NOUN', 'NOUN', 'PUNCT', 'PRON', 'VERB', 'ADP', 'NUM', 'NOUN', 'ADP', 'DET', 'NOUN', 'NOUN', 'CCONJ', 'AUX', 'ADJ', 'PART', 'VERB', 'ADP', 'ADV', 'ADV', 'PUNCT', 'PRON', 'ADV', 'VERB', 'VERB', 'PUNCT', 'ADV', 'PUNCT', 'SCONJ', 'PRON', 'VERB', 'DET', 'NOUN', 'PUNCT', 'DET', 'NOUN', 'VERB', 'ADV', 'ADV', 'ADP', 'NOUN', 'PUNCT', 'DET', 'NOUN', 'AUX', 'PART', 'VERB', 'ADV', 'ADV', 'ADJ', 'SCONJ', 'PRON', 'AUX', 'ADP', 'NOUN', 'PUNCT', 'DET', 'NOUN', 'AUX', 'ADV', 'ADJ', 'PUNCT', 'CCONJ', 'PRON', 'VERB', 'ADV', 'DET', 'NOUN', 'PUNCT', 'ADV', 'ADV', 'PUNCT', 'PRON', 'VERB', 'DET', 'ADJ', 'NOUN', 'PUNCT', 'NOUN', 'PUNCT', 'CCONJ', 'NOUN', 'NOUN', 'PUNCT', 'ADP', 'DET', 'NOUN', 'PUNCT', 'PRON', 'AUX', 'VERB', 'PART', 'VERB', 'CCONJ', 'VERB', 'PRON', 'PRON', 'PUNCT', 'PRON', 'VERB', 'DET', 'ADJ', 'NOUN', 'ADJ', 'CCONJ', 'ADJ', 'PUNCT', 'PRON', 'VERB', 'ADP', 'ADV', 'DET', 'ADJ', 'NOUN', 'CCONJ', 'ADV', 'AUX', 'PART', 'VERB', 'SCONJ', 'DET', 'NOUN', 'AUX', 'ADV', 'ADV', 'VERB', 'ADP', 'DET', 'AUX', 'PUNCT', 'VERB', 'ADP', 'PROPN', 'PROPN', 'PUNCT', 'ADV', 'PUNCT', 'PRON', 'VERB', 'ADP', 'PROPN', 'PROPN', 'PUNCT', 'PRON', 'AUX', 'DET', 'ADV', 'ADJ', 'NOUN', 'PUNCT', 'PRON', 'VERB', 'NOUN', 'PUNCT', 'NOUN', 'PUNCT', 'CCONJ', 'VERB', 'NOUN', 'ADP', 'VERB', 'PRON', 'VERB', 'ADP', 'DET', 'ADJ', 'CCONJ', 'VERB', 'NOUN', 'NOUN', 'PUNCT', 'PRON', 'VERB', 'PRON', 'VERB', 'ADV', 'ADJ', 'NOUN', 'ADP', 'PROPN', 'AUX', 'AUX', 'VERB', 'PRON', 'DET', 'NOUN', 'CCONJ', 'NOUN', 'PUNCT']","['Balandra Beach', 'a true disappointment', 'it', 'You', 'bracelets', 'person', 'a designated supermarket', 'them', 'that', 'you', 'entry', 'your assigned time slot', 'We', '12:30 pm', 'the afternoon entry', 'which', 'we', 'the beach', 'the experience', 'expectations', 'The beach', 'it', 'photos', 'The water', 'no shade', 'no amenitiesno chairs', 'umbrellas', 'food options', 'a visitor', 'you', 'everything', 'yourself', 'which', 'the whole experience', 'We', 'just a few minutes', 'this place', 'La Paz', 'we', 'Tecolote Beach', 'which', 'a much better experience', 'It', 'restaurants', 'chairs', 'shaded areas', 'you', 'an enjoyable and relaxing beach day', 'I', 'more honest reviews', 'Balandrait', 'us']","[{'text': 'Balandra Beach', 'label': 'GPE'}, {'text': 'about 15', 'label': 'CARDINAL'}, {'text': 'around 12:30 pm', 'label': 'TIME'}, {'text': 'afternoon', 'label': 'TIME'}, {'text': 'just a few minutes', 'label': 'TIME'}, {'text': 'La Paz', 'label': 'FAC'}, {'text': 'Tecolote Beach', 'label': 'GPE'}, {'text': 'Balandrait', 'label': 'PERSON'}]",0.032388663967611336
45768,5.0,"A gorgeous and unusual location, with warm, pristine blue water, surrounded by barren hills and teaming with marine life. A truly remarkable beach worth the drive.","['DET', 'ADJ', 'CCONJ', 'ADJ', 'NOUN', 'PUNCT', 'ADP', 'ADJ', 'PUNCT', 'ADJ', 'ADJ', 'NOUN', 'PUNCT', 'VERB', 'ADP', 'PROPN', 'NOUN', 'CCONJ', 'VERB', 'ADP', 'ADJ', 'NOUN', 'PUNCT', 'DET', 'ADV', 'ADJ', 'NOUN', 'ADJ', 'DET', 'NOUN', 'PUNCT']","['A gorgeous and unusual location', 'warm, pristine blue water', 'barren hills', 'marine life', 'A truly remarkable beach']","[{'text': 'barren hills', 'label': 'PERSON'}]",0.03225806451612903
45774,4.0,"I arrived 7am early on a Friday morning and there were only 1020 people ahead of me. A vendor was selling fruit for 100MX per cup. The deal with the bracelets from the MX govt website, you have to make a login that usually doesnt work because their IT sucks or you can go in person to their office I bought mine for 15US from a 3rd party vendor, YachtMX, and picked it up from a convenience store on the way there The ranger asked to see the bracelet, so you need one if your not one of the exceptions local, senior, student Unavoidable creatures that bitesting sand fliesfleasmidges jellyfish larvaeadult The missing star is for all the bites I got.","['PRON', 'VERB', 'NUM', 'ADV', 'ADV', 'ADP', 'DET', 'PROPN', 'NOUN', 'CCONJ', 'PRON', 'VERB', 'ADV', 'NUM', 'SYM', 'NUM', 'NOUN', 'ADV', 'ADP', 'PRON', 'PUNCT', 'DET', 'NOUN', 'AUX', 'VERB', 'NOUN', 'ADP', 'PROPN', 'ADP', 'NOUN', 'PUNCT', 'DET', 'NOUN', 'ADP', 'DET', 'NOUN', 'PUNCT', 'ADP', 'DET', 'PROPN', 'NOUN', 'NOUN', 'PUNCT', 'PRON', 'VERB', 'PART', 'VERB', 'DET', 'NOUN', 'PRON', 'ADV', 'AUX', 'PART', 'VERB', 'SCONJ', 'PRON', 'NOUN', 'VERB', 'INTJ', 'PRON', 'AUX', 'VERB', 'ADP', 'NOUN', 'ADP', 'PRON', 'NOUN', 'NOUN', 'VERB', 'NOUN', 'ADP', 'NUM', 'ADP', 'DET', 'ADJ', 'NOUN', 'NOUN', 'PUNCT', 'PROPN', 'PUNCT', 'CCONJ', 'VERB', 'PRON', 'ADP', 'ADP', 'DET', 'NOUN', 'NOUN', 'ADP', 'DET', 'NOUN', 'ADV', 'DET', 'NOUN', 'VERB', 'PART', 'VERB', 'DET', 'NOUN', 'PUNCT', 'SCONJ', 'PRON', 'VERB', 'NUM', 'SCONJ', 'PRON', 'PART', 'NUM', 'ADP', 'DET', 'NOUN', 'PUNCT', 'ADJ', 'PUNCT', 'ADJ', 'PUNCT', 'NOUN', 'NOUN', 'NOUN', 'PRON', 'VERB', 'ADP', 'NOUN', 'VERB', 'NOUN', 'DET', 'VERB', 'NOUN', 'AUX', 'ADP', 'DET', 'DET', 'NOUN', 'PRON', 'VERB', 'PUNCT']","['I', 'a Friday morning', 'only 10-20 people', 'me', 'A vendor', 'fruit', '100MX', 'cup', 'The deal', 'the bracelets', 'the MX govt website', 'you', 'a login', 'that', 'their IT', 'you', 'person', 'their office', '-I', 'mine', 'a 3rd party vendor', 'YachtMX', 'it', 'a convenience store', 'the way', 'The ranger', 'the bracelet', 'you', 'the exceptions', 'local, senior, student Unavoidable creatures', 'that', 'fliesfleasmidges', 'The missing star', 'all the bites', 'I']","[{'text': '7am', 'label': 'TIME'}, {'text': 'Friday', 'label': 'DATE'}, {'text': 'morning', 'label': 'TIME'}, {'text': '10-20', 'label': 'CARDINAL'}, {'text': 'MX', 'label': 'PRODUCT'}, {'text': '3rd', 'label': 'ORDINAL'}, {'text': 'YachtMX', 'label': 'EVENT'}]",0.051470588235294115
45777,4.0,The entry process continues to evolve. 2 months ago I tried to reserve entry tickets for March 19. The official website had a button for making reservations but it was disabled. My airbnb host told me to just go to Balandra and pay at entry. When we got to the front of the line we were told you have to pay online. But there is no cell coverage at Balandra. But a nearby food truck was selling WiFi service for 150 pesos. Apparently this is a recent process change. After 30 minutes of online struggles we got our tickets and enjoyed the beach. It is a nice beach. It competes with many other nice beaches in the world.,"['DET', 'NOUN', 'NOUN', 'VERB', 'PART', 'VERB', 'PUNCT', 'NUM', 'NOUN', 'ADV', 'PRON', 'VERB', 'PART', 'VERB', 'NOUN', 'NOUN', 'ADP', 'PROPN', 'NUM', 'PUNCT', 'DET', 'ADJ', 'NOUN', 'VERB', 'DET', 'NOUN', 'ADP', 'VERB', 'NOUN', 'CCONJ', 'PRON', 'AUX', 'ADJ', 'PUNCT', 'PRON', 'ADJ', 'NOUN', 'VERB', 'PRON', 'PART', 'ADV', 'VERB', 'ADP', 'PROPN', 'CCONJ', 'VERB', 'ADP', 'NOUN', 'PUNCT', 'SCONJ', 'PRON', 'VERB', 'ADP', 'DET', 'NOUN', 'ADP', 'DET', 'NOUN', 'PRON', 'AUX', 'VERB', 'PRON', 'VERB', 'PART', 'VERB', 'ADV', 'PUNCT', 'CCONJ', 'PRON', 'VERB', 'DET', 'NOUN', 'NOUN', 'ADP', 'PROPN', 'PUNCT', 'CCONJ', 'DET', 'ADJ', 'NOUN', 'NOUN', 'AUX', 'VERB', 'PROPN', 'NOUN', 'ADP', 'NUM', 'NOUN', 'PUNCT', 'ADV', 'PRON', 'AUX', 'DET', 'ADJ', 'NOUN', 'NOUN', 'PUNCT', 'ADP', 'NUM', 'NOUN', 'ADP', 'ADJ', 'NOUN', 'PRON', 'VERB', 'PRON', 'NOUN', 'CCONJ', 'VERB', 'DET', 'NOUN', 'PUNCT', 'PRON', 'AUX', 'DET', 'ADJ', 'NOUN', 'PUNCT', 'PRON', 'VERB', 'ADP', 'ADJ', 'ADJ', 'ADJ', 'NOUN', 'ADP', 'DET', 'NOUN', 'PUNCT']","['The entry process', 'I', 'entry tickets', 'March', 'The official website', 'a button', 'reservations', 'it', 'My airbnb host', 'me', 'Balandra', 'entry', 'we', 'the front', 'the line', 'we', 'you', 'no cell coverage', 'Balandra', 'a nearby food truck', 'WiFi service', '150 pesos', 'this', 'a recent process change', '30 minutes', 'online struggles', 'we', 'our tickets', 'the beach', 'It', 'a nice beach', 'It', 'many other nice beaches', 'the world']","[{'text': '2 months ago', 'label': 'DATE'}, {'text': 'March 19', 'label': 'DATE'}, {'text': 'Balandra', 'label': 'GPE'}, {'text': 'Balandra', 'label': 'GPE'}, {'text': 'WiFi', 'label': 'PERSON'}, {'text': '150', 'label': 'CARDINAL'}, {'text': '30 minutes', 'label': 'TIME'}]",0.05426356589147287
45780,5.0,"Beautiful beach, little 15 min hike to one of the mountain tops, and clear waters Make sure you get tickets online beforehand, as they only let two groups a day into this beach and they must have reservations.","['ADJ', 'NOUN', 'PUNCT', 'ADJ', 'NUM', 'NOUN', 'NOUN', 'ADP', 'NUM', 'ADP', 'DET', 'NOUN', 'NOUN', 'PUNCT', 'CCONJ', 'ADJ', 'NOUN', 'PUNCT', 'VERB', 'ADJ', 'PRON', 'VERB', 'NOUN', 'ADV', 'ADV', 'PUNCT', 'SCONJ', 'PRON', 'ADV', 'VERB', 'NUM', 'NOUN', 'DET', 'NOUN', 'ADP', 'DET', 'NOUN', 'CCONJ', 'PRON', 'AUX', 'VERB', 'NOUN', 'PUNCT']","['Beautiful beach', 'little 15 min hike', 'the mountain tops', 'clear waters', 'you', 'tickets', 'they', 'two groups', 'this beach', 'they', 'reservations']","[{'text': 'Beautiful beach', 'label': 'GPE'}, {'text': '15', 'label': 'CARDINAL'}, {'text': 'two', 'label': 'CARDINAL'}]",0.06976744186046512
45781,1.0,"This place was amazing a few years ago.... Now you have to purchase a pass the get in and they kick you out 20 minutes before your pass is up, the staff was rude and confused...After driving 2 hours to make the one of two time slots for the day. Im so glad I got to experience this beach before it changed... I will not be back to Balandras Just a big money pit now, so sad","['DET', 'NOUN', 'AUX', 'ADJ', 'DET', 'ADJ', 'NOUN', 'ADV', 'PUNCT', 'ADV', 'PRON', 'VERB', 'PART', 'VERB', 'DET', 'NOUN', 'DET', 'NOUN', 'ADP', 'CCONJ', 'PRON', 'VERB', 'PRON', 'ADP', 'NUM', 'NOUN', 'SCONJ', 'PRON', 'NOUN', 'AUX', 'ADV', 'PUNCT', 'DET', 'NOUN', 'AUX', 'ADJ', 'CCONJ', 'ADJ', 'PUNCT', 'ADP', 'VERB', 'NUM', 'NOUN', 'PART', 'VERB', 'DET', 'NUM', 'ADP', 'NUM', 'NOUN', 'NOUN', 'ADP', 'DET', 'NOUN', 'PUNCT', 'PRON', 'AUX', 'ADV', 'ADJ', 'PRON', 'VERB', 'PART', 'VERB', 'DET', 'NOUN', 'SCONJ', 'PRON', 'VERB', 'PUNCT', 'PRON', 'AUX', 'PART', 'AUX', 'ADV', 'ADP', 'PROPN', 'PART', 'ADV', 'DET', 'ADJ', 'NOUN', 'NOUN', 'ADV', 'PUNCT', 'ADV', 'ADJ']","['This place', 'you', 'a pass', 'the get', 'they', 'you', 'your pass', 'the staff', '2 hours', 'two time slots', 'the day', 'I', 'I', 'this beach', 'it', 'I', ""Balandra's Just a big money pit""]","[{'text': 'a few years ago', 'label': 'DATE'}, {'text': '20 minutes', 'label': 'TIME'}, {'text': '2 hours', 'label': 'TIME'}, {'text': 'one', 'label': 'CARDINAL'}, {'text': 'two', 'label': 'CARDINAL'}, {'text': 'the day', 'label': 'DATE'}, {'text': 'Balandra', 'label': 'PERSON'}]",0.08139534883720931
45782,5.0,Drove here from Cabo. We made some stops in between so I think it was worth it. Incredibly beautiful. I did however get stung by a jellyfish. Oh well.,"['VERB', 'ADV', 'ADP', 'PROPN', 'PUNCT', 'PRON', 'VERB', 'DET', 'NOUN', 'ADP', 'ADP', 'ADV', 'PRON', 'VERB', 'PRON', 'AUX', 'ADJ', 'PRON', 'PUNCT', 'ADV', 'ADJ', 'PUNCT', 'PRON', 'AUX', 'ADV', 'AUX', 'VERB', 'ADP', 'DET', 'NOUN', 'PUNCT', 'INTJ', 'INTJ', 'PUNCT']","['Cabo', 'We', 'some stops', 'I', 'it', 'I', 'a jellyfish']",[],0.0
45787,5.0,"Beautiful clear water, stays shallow for a long time. Nice temperature. Saw eels and puffer fish. No natural shade so bring your own.","['ADJ', 'ADJ', 'NOUN', 'PUNCT', 'VERB', 'ADJ', 'ADP', 'DET', 'ADJ', 'NOUN', 'PUNCT', 'ADJ', 'NOUN', 'PUNCT', 'VERB', 'NOUN', 'CCONJ', 'VERB', 'NOUN', 'PUNCT', 'DET', 'ADJ', 'NOUN', 'ADV', 'VERB', 'PRON', 'ADJ', 'PUNCT']","['Beautiful clear water', 'a long time', 'Nice temperature', 'eels', 'puffer fish', 'No natural shade']",[],0.0
45795,5.0,"Left La Paz at 7am on a Thursday and made a quick coffee stop on our way. No problem getting in. It happened to be a cool and very windy morning, so went for a walk along the length of the beach. Thankfully it calmed down and we went out into the water. Beautiful","['VERB', 'PROPN', 'PROPN', 'ADP', 'NUM', 'NOUN', 'ADP', 'DET', 'PROPN', 'CCONJ', 'VERB', 'DET', 'ADJ', 'NOUN', 'NOUN', 'ADP', 'PRON', 'NOUN', 'PUNCT', 'DET', 'NOUN', 'VERB', 'ADP', 'PUNCT', 'PRON', 'VERB', 'PART', 'AUX', 'DET', 'ADJ', 'CCONJ', 'ADV', 'ADJ', 'NOUN', 'PUNCT', 'ADV', 'VERB', 'ADP', 'DET', 'NOUN', 'ADP', 'DET', 'NOUN', 'ADP', 'DET', 'NOUN', 'PUNCT', 'ADV', 'PRON', 'VERB', 'ADP', 'CCONJ', 'PRON', 'VERB', 'ADP', 'ADP', 'DET', 'NOUN', 'PUNCT', 'ADJ', 'PUNCT']","['Left La Paz', 'am', 'a Thursday', 'a quick coffee stop', 'our way', 'No problem', 'It', 'a cool and very windy morning', 'a walk', 'the length', 'the beach', 'it', 'we', 'the water']","[{'text': '7am', 'label': 'TIME'}, {'text': 'Thursday', 'label': 'DATE'}]",0.03278688524590164
45798,2.0,"It was a free, only 4 hours at a time. Not good snorkeling, but I did get stung by jelly fish beach. The sand is nice.","['PRON', 'AUX', 'DET', 'ADJ', 'PUNCT', 'ADV', 'NUM', 'NOUN', 'ADP', 'DET', 'NOUN', 'PUNCT', 'PART', 'ADJ', 'NOUN', 'PUNCT', 'CCONJ', 'PRON', 'AUX', 'AUX', 'VERB', 'ADP', 'ADJ', 'NOUN', 'NOUN', 'PUNCT', 'DET', 'NOUN', 'AUX', 'ADJ', 'PUNCT']","['It', 'a free, only 4 hours', 'a time', 'Not good snorkeling', 'I', 'jelly fish beach', 'The sand']","[{'text': 'only 4 hours', 'label': 'TIME'}]",0.03225806451612903
45799,1.0,"I would NOT recommend this place to anyone. There is absolutely no clear information about needing a reservation in advance. When you arrive, after driving all the way there, they suddenly ask where your reservation was made and then casually explain that you were supposed to book through a specific platform or system. This information is not clearly communicated beforehand, and there are no proper signs or clear instructions. So you end up wasting your time, fuel, and energy driving there, only to be turned away and forced to go back. It feels disorganized and unprofessional. A place that operates like this clearly does not respect visitors time. Very disappointing experience. I would not return, and I would not recommend it to anyone.","['PRON', 'AUX', 'PART', 'VERB', 'DET', 'NOUN', 'ADP', 'PRON', 'PUNCT', 'PRON', 'VERB', 'ADV', 'DET', 'ADJ', 'NOUN', 'ADP', 'VERB', 'DET', 'NOUN', 'ADP', 'NOUN', 'PUNCT', 'SCONJ', 'PRON', 'VERB', 'PUNCT', 'ADP', 'VERB', 'DET', 'DET', 'NOUN', 'ADV', 'PUNCT', 'PRON', 'ADV', 'VERB', 'SCONJ', 'PRON', 'NOUN', 'AUX', 'VERB', 'CCONJ', 'ADV', 'ADV', 'VERB', 'SCONJ', 'PRON', 'AUX', 'VERB', 'PART', 'VERB', 'ADP', 'DET', 'ADJ', 'NOUN', 'CCONJ', 'NOUN', 'PUNCT', 'DET', 'NOUN', 'AUX', 'PART', 'ADV', 'VERB', 'ADV', 'PUNCT', 'CCONJ', 'PRON', 'VERB', 'DET', 'ADJ', 'NOUN', 'CCONJ', 'ADJ', 'NOUN', 'PUNCT', 'ADV', 'PRON', 'VERB', 'ADP', 'VERB', 'PRON', 'NOUN', 'PUNCT', 'NOUN', 'PUNCT', 'CCONJ', 'NOUN', 'VERB', 'ADV', 'PUNCT', 'ADV', 'PART', 'AUX', 'VERB', 'ADV', 'CCONJ', 'VERB', 'PART', 'VERB', 'ADV', 'PUNCT', 'PRON', 'VERB', 'ADJ', 'CCONJ', 'ADJ', 'PUNCT', 'DET', 'NOUN', 'PRON', 'VERB', 'ADP', 'PRON', 'ADV', 'AUX', 'PART', 'VERB', 'NOUN', 'NOUN', 'PUNCT', 'ADV', 'ADJ', 'NOUN', 'PUNCT', 'PRON', 'AUX', 'PART', 'VERB', 'PUNCT', 'CCONJ', 'PRON', 'AUX', 'PART', 'VERB', 'PRON', 'ADP', 'PRON', 'PUNCT']","['I', 'this place', 'anyone', 'absolutely no clear information', 'a reservation', 'advance', 'you', 'all the way', 'they', 'your reservation', 'you', 'a specific platform', 'system', 'This information', 'no proper signs', 'clear instructions', 'you', 'your time', 'fuel', 'energy', 'It', 'A place', 'that', 'this', 'visitors time', 'Very disappointing experience', 'I', 'I', 'it', 'anyone']",[],0.0
45804,5.0,One of the most beautiful beaches Ive ever visited. You need to book ahead of time which was simple enough. Its awesome they limit number of people per day We got small jellyfish stings but they faded quick and just itched a little. Awesome spot.,"['NUM', 'ADP', 'DET', 'ADV', 'ADJ', 'NOUN', 'PRON', 'AUX', 'ADV', 'VERB', 'PUNCT', 'PRON', 'VERB', 'PART', 'VERB', 'ADV', 'ADP', 'NOUN', 'PRON', 'AUX', 'ADJ', 'ADV', 'PUNCT', 'PRON', 'ADJ', 'PRON', 'VERB', 'NOUN', 'ADP', 'NOUN', 'ADP', 'NOUN', 'PUNCT', 'PRON', 'VERB', 'ADJ', 'ADJ', 'NOUN', 'CCONJ', 'PRON', 'VERB', 'ADJ', 'CCONJ', 'ADV', 'VERB', 'DET', 'ADJ', 'PUNCT', 'NOUN', 'NOUN', 'PUNCT']","['the most beautiful beaches', 'I', 'You', 'time', 'which', 'they', 'number', 'people', 'day', 'We', 'small jellyfish stings', 'they', 'Awesome spot']","[{'text': 'One', 'label': 'CARDINAL'}]",0.0196078431372549
45816,5.0,"Best beach around, beautiful water and kayaks to rent. Bathrooms are sketchy. bring a spare bag to pick up trash from litterbugs to help keep the beach clean.","['ADJ', 'NOUN', 'ADV', 'PUNCT', 'ADJ', 'NOUN', 'CCONJ', 'NOUN', 'PART', 'VERB', 'PUNCT', 'NOUN', 'AUX', 'ADJ', 'PUNCT', 'VERB', 'DET', 'ADJ', 'NOUN', 'PART', 'VERB', 'ADP', 'NOUN', 'ADP', 'NOUN', 'PART', 'VERB', 'VERB', 'DET', 'NOUN', 'ADJ', 'PUNCT']","['Best beach', 'beautiful water', 'kayaks', 'Bathrooms', 'a spare bag', 'trash', 'litterbugs', 'the beach']","[{'text': 'Best beach', 'label': 'GPE'}]",0.03125
45817,4.0,Super awesome views. We went on a Tuesday morning around 830 am. Got parking and entry. Snorkelled in the beach. But got stung by micro jellyfish. Its a beautiful swim. The sting wasnt serious and went away in a day.,"['ADJ', 'ADJ', 'NOUN', 'PUNCT', 'PRON', 'VERB', 'ADP', 'DET', 'PROPN', 'NOUN', 'ADP', 'NUM', 'NOUN', 'PUNCT', 'VERB', 'NOUN', 'CCONJ', 'NOUN', 'PUNCT', 'VERB', 'ADP', 'DET', 'NOUN', 'PUNCT', 'CCONJ', 'AUX', 'VERB', 'ADP', 'PROPN', 'PROPN', 'PUNCT', 'PRON', 'DET', 'ADJ', 'NOUN', 'PUNCT', 'DET', 'NOUN', 'AUX', 'PART', 'ADJ', 'CCONJ', 'VERB', 'ADV', 'ADP', 'DET', 'NOUN', 'PUNCT']","['Super awesome views', 'We', 'a Tuesday morning', '8:30 am', 'parking', 'entry', 'the beach', 'micro jellyfish', 'Its a beautiful swim', 'The sting', 'a day']","[{'text': 'Super', 'label': 'ORG'}, {'text': 'Tuesday', 'label': 'DATE'}, {'text': 'morning', 'label': 'TIME'}, {'text': '8:30 am', 'label': 'TIME'}, {'text': 'micro jellyfish', 'label': 'ORG'}, {'text': 'a day', 'label': 'DATE'}]",0.125
45822,5.0,Worth going. The view is breathtaking.,"['ADJ', 'VERB', 'PUNCT', 'DET', 'NOUN', 'AUX', 'VERB', 'PUNCT']",['The view'],[],0.0
45828,4.0,Beautiful beach and very relaxing. Unfortunately I got some pretty bad jelly fish stings on my feet and lower legs on 2626.,"['ADJ', 'NOUN', 'CCONJ', 'ADV', 'ADJ', 'PUNCT', 'ADV', 'PRON', 'VERB', 'DET', 'ADV', 'ADJ', 'ADJ', 'NOUN', 'NOUN', 'ADP', 'PRON', 'NOUN', 'CCONJ', 'ADJ', 'NOUN', 'ADP', 'NUM', 'PUNCT']","['Beautiful beach', 'I', 'some pretty bad jelly fish stings', 'my feet', 'legs']","[{'text': '2626', 'label': 'DATE'}]",0.041666666666666664
45840,1.0,Closed at 3pm,"['VERB', 'ADP', 'NUM', 'NOUN']",['3pm'],"[{'text': '3pm', 'label': 'TIME'}]",0.25
45849,5.0,"Balandra is very beautiful and a unique place to relax and take in the scenery. The water is very clear and warm, and there is an abundance of wildlife that live in the waters You do not need to reserve a time slot or buy ticketsbracelets or anything to get in. Pit toilets in the parking lot ask for a donation, and provide toilet paper. Be careful to follow the speed limit and all traffic laws heading into Balandra and the road is small and police are on alert.","['PROPN', 'AUX', 'ADV', 'ADJ', 'CCONJ', 'DET', 'ADJ', 'NOUN', 'PART', 'VERB', 'CCONJ', 'VERB', 'ADP', 'DET', 'NOUN', 'PUNCT', 'DET', 'NOUN', 'AUX', 'ADV', 'ADJ', 'CCONJ', 'ADJ', 'PUNCT', 'CCONJ', 'PRON', 'VERB', 'DET', 'NOUN', 'ADP', 'NOUN', 'PRON', 'VERB', 'ADP', 'DET', 'NOUN', 'PUNCT', 'PRON', 'AUX', 'PART', 'VERB', 'PART', 'VERB', 'DET', 'NOUN', 'NOUN', 'CCONJ', 'VERB', 'NOUN', 'CCONJ', 'PRON', 'PART', 'VERB', 'ADP', 'PUNCT', 'NOUN', 'NOUN', 'ADP', 'DET', 'NOUN', 'NOUN', 'NOUN', 'ADP', 'DET', 'NOUN', 'PUNCT', 'CCONJ', 'VERB', 'NOUN', 'NOUN', 'PUNCT', 'AUX', 'ADJ', 'PART', 'VERB', 'DET', 'NOUN', 'NOUN', 'CCONJ', 'DET', 'NOUN', 'NOUN', 'VERB', 'ADP', 'PROPN', 'CCONJ', 'DET', 'NOUN', 'AUX', 'ADJ', 'CCONJ', 'NOUN', 'AUX', 'ADP', 'NOUN', 'PUNCT']","['Balandra', 'a unique place', 'the scenery', 'The water', 'an abundance', 'wildlife', 'that', 'the waters', 'You', 'a time slot', 'ticketsbracelets', 'anything', 'Pit toilets', 'the parking lot', 'a donation', 'toilet paper', 'the speed limit', 'all traffic laws', 'Balandra', 'the road', 'police', 'alert']","[{'text': 'Balandra', 'label': 'GPE'}, {'text': 'Balandra', 'label': 'GPE'}]",0.020833333333333332
45854,5.0,One of the best beaches Ive ever been to.,"['NUM', 'ADP', 'DET', 'ADJ', 'NOUN', 'PRON', 'AUX', 'ADV', 'AUX', 'ADP', 'PUNCT']","['the best beaches', 'I']","[{'text': 'One', 'label': 'CARDINAL'}]",0.09090909090909091
45864,5.0,Beautiful FREE beach Stunning views from short hike. No need to make a reservation just show up 1 hour prior to opening at either 9am or 1pm Highly recommend,"['ADJ', 'ADJ', 'NOUN', 'PUNCT', 'PUNCT', 'ADJ', 'NOUN', 'ADP', 'ADJ', 'NOUN', 'PUNCT', 'DET', 'NOUN', 'PART', 'VERB', 'DET', 'NOUN', 'ADV', 'VERB', 'ADP', 'NUM', 'NOUN', 'ADV', 'ADP', 'NOUN', 'ADP', 'CCONJ', 'NUM', 'ADP', 'CCONJ', 'NUM', 'NOUN', 'PUNCT', 'ADV', 'ADJ']","['Beautiful FREE beach', 'Stunning views', 'short hike', 'No need', 'a reservation', 'opening', '1pm']","[{'text': '1 hour', 'label': 'TIME'}, {'text': '9am or 1pm', 'label': 'TIME'}]",0.05714285714285714
45870,5.0,Nice place for the kids...,"['ADJ', 'NOUN', 'ADP', 'DET', 'NOUN', 'PUNCT']","['Nice place', 'the kids']",[],0.0
45872,5.0,"This is my favorite beach in Mexico. Its beautiful and quiet. Access is limited, only 200 people per shift can enter the beach daily. No food or drinks are available at the beach, so get prepared and bring some food.","['PRON', 'AUX', 'PRON', 'ADJ', 'NOUN', 'ADP', 'PROPN', 'PUNCT', 'PRON', 'ADJ', 'CCONJ', 'ADJ', 'PUNCT', 'NOUN', 'AUX', 'ADJ', 'PUNCT', 'ADV', 'NUM', 'NOUN', 'ADP', 'NOUN', 'AUX', 'VERB', 'DET', 'NOUN', 'ADV', 'PUNCT', 'DET', 'NOUN', 'CCONJ', 'NOUN', 'AUX', 'ADJ', 'ADP', 'DET', 'NOUN', 'PUNCT', 'ADV', 'AUX', 'ADJ', 'CCONJ', 'VERB', 'DET', 'NOUN', 'PUNCT']","['This', 'my favorite beach', 'Mexico', 'Access', 'only 200 people', 'shift', 'the beach', 'No food', 'drinks', 'the beach', 'some food']","[{'text': 'Mexico', 'label': 'GPE'}, {'text': 'only 200', 'label': 'CARDINAL'}]",0.043478260869565216
45873,5.0,Beautiful beach. It was free. Lots of ants though. Did not see any stingrays.,"['ADJ', 'NOUN', 'PUNCT', 'PRON', 'AUX', 'ADJ', 'PUNCT', 'NOUN', 'ADP', 'NOUN', 'ADV', 'PUNCT', 'AUX', 'PART', 'VERB', 'DET', 'NOUN', 'PUNCT']","['Beautiful beach', 'It', 'Lots', 'ants', 'any stingrays']",[],0.0
45874,5.0,"Beautiful protected bay and sand dunes. Water is shallow and great for wading around. Nice views from the bluffs abo e the bay. To note We were told before the gate we couldnt bring our own food and lawn chairsumbrellas, which is false. Many people could be seen with their own stuff and food on the beach. The guy at the gate was just trying to rent his chairs and umbrella for 400 pesos.","['ADJ', 'VERB', 'NOUN', 'CCONJ', 'NOUN', 'NOUN', 'PUNCT', 'NOUN', 'AUX', 'ADJ', 'CCONJ', 'ADJ', 'ADP', 'VERB', 'ADV', 'PUNCT', 'ADJ', 'NOUN', 'ADP', 'DET', 'NOUN', 'PROPN', 'PROPN', 'DET', 'NOUN', 'PUNCT', 'PART', 'VERB', 'PUNCT', 'PRON', 'AUX', 'VERB', 'ADP', 'DET', 'NOUN', 'PRON', 'AUX', 'PART', 'VERB', 'PRON', 'ADJ', 'NOUN', 'CCONJ', 'NOUN', 'NOUN', 'PUNCT', 'PRON', 'AUX', 'ADJ', 'PUNCT', 'ADJ', 'NOUN', 'AUX', 'AUX', 'VERB', 'ADP', 'PRON', 'ADJ', 'NOUN', 'CCONJ', 'NOUN', 'ADP', 'DET', 'NOUN', 'PUNCT', 'DET', 'NOUN', 'ADP', 'DET', 'NOUN', 'AUX', 'ADV', 'VERB', 'PART', 'VERB', 'PRON', 'NOUN', 'CCONJ', 'NOUN', 'ADP', 'NUM', 'NOUN', 'PUNCT']","['Beautiful protected bay and sand dunes', 'Water', 'Nice views', 'the bluffs', 'abo e', 'the bay', 'We', 'the gate', 'we', 'our own food and lawn chairsumbrellas', 'which', 'Many people', 'their own stuff', 'food', 'the beach', 'The guy', 'the gate', 'his chairs', 'umbrella', '400 pesos']","[{'text': '400', 'label': 'CARDINAL'}]",0.012048192771084338
45877,3.0,"Beautiful place but as I walked around I was shocked to see painted graffiti on the rocks around the beach. As I paid to get onto the beach, maybe that money could be used to remove the graffiti.","['ADJ', 'NOUN', 'CCONJ', 'SCONJ', 'PRON', 'VERB', 'ADV', 'PRON', 'AUX', 'ADJ', 'PART', 'VERB', 'VERB', 'PROPN', 'ADP', 'DET', 'NOUN', 'ADP', 'DET', 'NOUN', 'PUNCT', 'SCONJ', 'PRON', 'VERB', 'PART', 'VERB', 'ADP', 'DET', 'NOUN', 'PUNCT', 'ADV', 'DET', 'NOUN', 'AUX', 'AUX', 'VERB', 'PART', 'VERB', 'DET', 'PROPN', 'PUNCT']","['Beautiful place', 'I', 'I', 'painted graffiti', 'the rocks', 'the beach', 'I', 'the beach', 'that money', 'the graffiti']",[],0.0
45885,5.0,"Water is shallow and clear for ages, clean beach, loads of fish to see, lots of places to escape the sun under rocks. Within 5 minutes of snorkeling here, i saw a pufferfish and needlefish. Unfortunately i got stung by a stray jellyfish stinger in the water, but it was a minor inconvenience.","['NOUN', 'AUX', 'ADJ', 'CCONJ', 'ADJ', 'ADP', 'NOUN', 'PUNCT', 'ADJ', 'NOUN', 'PUNCT', 'NOUN', 'ADP', 'NOUN', 'PART', 'VERB', 'PUNCT', 'NOUN', 'ADP', 'NOUN', 'PART', 'VERB', 'DET', 'NOUN', 'ADP', 'NOUN', 'PUNCT', 'ADP', 'NUM', 'NOUN', 'ADP', 'NOUN', 'ADV', 'PUNCT', 'PRON', 'VERB', 'DET', 'NOUN', 'CCONJ', 'ADJ', 'PUNCT', 'ADV', 'PRON', 'AUX', 'VERB', 'ADP', 'DET', 'ADJ', 'PROPN', 'NOUN', 'ADP', 'DET', 'NOUN', 'PUNCT', 'CCONJ', 'PRON', 'AUX', 'DET', 'ADJ', 'NOUN', 'PUNCT']","['Water', 'ages', 'clean beach', 'loads', 'fish', 'lots', 'places', 'the sun', 'rocks', '5 minutes', 'snorkeling', 'i', 'a pufferfish', 'i', 'a stray jellyfish stinger', 'the water', 'it', 'a minor inconvenience']","[{'text': 'clean beach', 'label': 'GPE'}, {'text': '5 minutes', 'label': 'TIME'}]",0.03278688524590164
45886,5.0,"Great, most beautiful beach ever. Get online and buy your spot.","['ADJ', 'PUNCT', 'ADV', 'ADJ', 'NOUN', 'ADV', 'PUNCT', 'VERB', 'ADV', 'CCONJ', 'VERB', 'PRON', 'NOUN', 'PUNCT']","['Great, most beautiful beach', 'your spot']",[],0.0
45894,5.0,"Very beautiful beach with crystal clear water. Two available time slots 800 and 1200 We recommend to arrive at least 30 minutes before these time slots. Once the maximum of people is reached, you will not be able to get in. YOU DO NOT NEED ANY TICKET The Beach is free, you just need to wait in the queue. Dont forget to walk up the hill for a beautiful view point go at least one hour before closing the beach, otherwise they will not let you walk up. Toilets available on the parking around 1020 MXN.","['ADV', 'ADJ', 'NOUN', 'ADP', 'PROPN', 'ADJ', 'NOUN', 'PUNCT', 'NUM', 'ADJ', 'NOUN', 'NOUN', 'PUNCT', 'NUM', 'CCONJ', 'NUM', 'PRON', 'VERB', 'PART', 'VERB', 'ADV', 'ADV', 'NUM', 'NOUN', 'ADP', 'DET', 'NOUN', 'NOUN', 'PUNCT', 'SCONJ', 'DET', 'NOUN', 'ADP', 'NOUN', 'AUX', 'VERB', 'PUNCT', 'PRON', 'AUX', 'PART', 'AUX', 'ADJ', 'PART', 'VERB', 'ADP', 'PUNCT', 'PRON', 'AUX', 'PART', 'VERB', 'DET', 'NOUN', 'PUNCT', 'DET', 'PROPN', 'AUX', 'ADJ', 'PUNCT', 'PRON', 'ADV', 'VERB', 'PART', 'VERB', 'ADP', 'DET', 'NOUN', 'PUNCT', 'AUX', 'PART', 'VERB', 'PART', 'VERB', 'ADP', 'DET', 'NOUN', 'ADP', 'DET', 'ADJ', 'NOUN', 'NOUN', 'PUNCT', 'VERB', 'ADV', 'ADV', 'NUM', 'NOUN', 'ADP', 'VERB', 'DET', 'NOUN', 'PUNCT', 'ADV', 'PRON', 'AUX', 'PART', 'VERB', 'PRON', 'VERB', 'ADV', 'PUNCT', 'PUNCT', 'NOUN', 'ADJ', 'ADP', 'DET', 'NOUN', 'PUNCT', 'ADV', 'NUM', 'SYM', 'NUM', 'PROPN', 'PUNCT', 'PUNCT']","['Very beautiful beach', 'crystal clear water', '8:00 and 12:00 We', 'these time slots', 'the maximum', 'people', 'you', 'YOU', 'ANY TICKET', 'The Beach', 'you', 'the queue', 'the hill', 'a beautiful view point', 'the beach', 'they', 'you', 'Toilets', 'the parking', 'around 10-20 MXN']","[{'text': 'Two', 'label': 'CARDINAL'}, {'text': '8:00', 'label': 'TIME'}, {'text': '12:00', 'label': 'DATE'}, {'text': 'at least 30 minutes', 'label': 'CARDINAL'}, {'text': '10-20', 'label': 'CARDINAL'}]",0.043859649122807015
45898,3.0,For all the hype it truly disappointed. This place is a big shallow swimming pool with absolutely no waves. If you have small children and want to wait in line to HOPEFULLY gain access to it even though you paid entrance fee of about 8 dollars a person with no food or any type of service with the exception of 3 DRY bathroom stalls then this is the place for you. Personally I dont recommend it but if tou decide to go dont waste your money on the passes they never ask for them.,"['ADP', 'DET', 'DET', 'NOUN', 'PRON', 'ADV', 'ADJ', 'PUNCT', 'DET', 'NOUN', 'AUX', 'DET', 'ADJ', 'ADJ', 'NOUN', 'NOUN', 'ADP', 'ADV', 'DET', 'NOUN', 'PUNCT', 'SCONJ', 'PRON', 'VERB', 'ADJ', 'NOUN', 'CCONJ', 'VERB', 'PART', 'VERB', 'ADP', 'NOUN', 'ADP', 'PROPN', 'VERB', 'NOUN', 'ADP', 'PRON', 'ADV', 'SCONJ', 'PRON', 'VERB', 'NOUN', 'NOUN', 'ADP', 'ADV', 'NUM', 'NOUN', 'DET', 'NOUN', 'ADP', 'DET', 'NOUN', 'CCONJ', 'DET', 'NOUN', 'ADP', 'NOUN', 'ADP', 'DET', 'NOUN', 'ADP', 'NUM', 'PROPN', 'NOUN', 'NOUN', 'ADV', 'PRON', 'AUX', 'DET', 'NOUN', 'ADP', 'PRON', 'PUNCT', 'ADV', 'PRON', 'AUX', 'PART', 'VERB', 'PRON', 'CCONJ', 'SCONJ', 'NOUN', 'VERB', 'PART', 'VERB', 'AUX', 'PART', 'VERB', 'PRON', 'NOUN', 'ADP', 'DET', 'NOUN', 'PRON', 'ADV', 'VERB', 'ADP', 'PRON', 'PUNCT']","['all the hype', 'it', 'This place', 'a big shallow swimming pool', 'absolutely no waves', 'you', 'small children', 'line', 'HOPEFULLY', 'access', 'it', 'you', 'entrance fee', 'about 8 dollars', 'a person', 'no food', 'any type', 'service', 'the exception', '3 DRY bathroom stalls', 'this', 'the place', 'you', 'I', 'it', 'tou', 'your money', 'the passes', 'they', 'them']","[{'text': 'HOPEFULLY', 'label': 'ORG'}, {'text': 'about 8 dollars', 'label': 'MONEY'}, {'text': '3', 'label': 'CARDINAL'}, {'text': 'DRY', 'label': 'ORG'}]",0.04
45900,5.0,Beautiful beach with calm warm water. Fine candy bottom. Toilets but no water.,"['ADJ', 'NOUN', 'ADP', 'ADJ', 'ADJ', 'NOUN', 'PUNCT', 'ADJ', 'NOUN', 'NOUN', 'PUNCT', 'NOUN', 'CCONJ', 'DET', 'NOUN', 'PUNCT']","['Beautiful beach', 'calm warm water', 'Fine candy bottom', 'Toilets', 'no water']",[],0.0
45913,5.0,"This place is absolutely beautiful. The water is crystal clear, easy to swim, snorkel, and relax with no waves Easy walk to mushroom rock for a great photo opportunity Its regulated pretty heavily with limitations on how long you can stay, which is the only bummer. Highly recommend","['DET', 'NOUN', 'AUX', 'ADV', 'ADJ', 'PUNCT', 'DET', 'NOUN', 'AUX', 'NOUN', 'ADJ', 'PUNCT', 'ADJ', 'PART', 'VERB', 'PUNCT', 'NOUN', 'PUNCT', 'CCONJ', 'VERB', 'ADP', 'DET', 'NOUN', 'PUNCT', 'ADJ', 'NOUN', 'ADP', 'NOUN', 'NOUN', 'ADP', 'DET', 'ADJ', 'NOUN', 'NOUN', 'PUNCT', 'PRON', 'VERB', 'ADV', 'ADV', 'ADP', 'NOUN', 'ADP', 'SCONJ', 'ADV', 'PRON', 'AUX', 'VERB', 'PUNCT', 'PRON', 'AUX', 'DET', 'ADJ', 'NOUN', 'PUNCT', 'ADV', 'ADJ', 'PUNCT']","['This place', 'The water', 'no waves', 'Easy walk', 'mushroom rock', 'a great photo opportunity', 'Its', 'limitations', 'you', 'which', 'the only bummer']",[],0.0
45914,5.0,"There are a few time windows you can be in the beach 8001200, and 13001700. Just buy the tickets online on the website and come whenever. Highly recommend to rent sun umbrella. The beach itself is great. Shallow water with many fish.","['PRON', 'VERB', 'DET', 'ADJ', 'NOUN', 'NOUN', 'PRON', 'AUX', 'AUX', 'ADP', 'DET', 'NOUN', 'PUNCT', 'NUM', 'SYM', 'NUM', 'PUNCT', 'CCONJ', 'NUM', 'SYM', 'NUM', 'PUNCT', 'PUNCT', 'ADV', 'VERB', 'DET', 'NOUN', 'ADV', 'ADP', 'DET', 'NOUN', 'CCONJ', 'VERB', 'ADV', 'PUNCT', 'ADV', 'VERB', 'PART', 'VERB', 'NOUN', 'NOUN', 'PUNCT', 'DET', 'NOUN', 'PRON', 'AUX', 'ADJ', 'PUNCT', 'ADJ', 'NOUN', 'ADP', 'ADJ', 'NOUN', 'PUNCT']","['a few time windows', 'you', 'the beach', 'the tickets', 'the website', 'sun umbrella', 'The beach', 'itself', 'Shallow water', 'many fish']","[{'text': '8:00-12:00', 'label': 'DATE'}, {'text': '13:00-17:00', 'label': 'TIME'}]",0.037037037037037035
45917,5.0,One of the most beautiful beaches Ive seen. The water is so shallow you can see the bottom. Theres a short hike to the top of the hill where you can take the best photos. Make sure to wear the right footwear since the trail is a bit rocky. Theres lots of marine life I saw plenty of fish and an eel Get there early to beat the crowds. Parking fills up fast get there before 9 AM.,"['NUM', 'ADP', 'DET', 'ADV', 'ADJ', 'NOUN', 'PRON', 'AUX', 'VERB', 'PUNCT', 'DET', 'NOUN', 'AUX', 'ADV', 'ADJ', 'PRON', 'AUX', 'VERB', 'DET', 'NOUN', 'PUNCT', 'PRON', 'VERB', 'DET', 'ADJ', 'NOUN', 'ADP', 'DET', 'NOUN', 'ADP', 'DET', 'NOUN', 'SCONJ', 'PRON', 'AUX', 'VERB', 'DET', 'ADJ', 'NOUN', 'PUNCT', 'VERB', 'ADJ', 'PART', 'VERB', 'DET', 'ADJ', 'NOUN', 'SCONJ', 'DET', 'NOUN', 'AUX', 'DET', 'NOUN', 'ADJ', 'PUNCT', 'PRON', 'VERB', 'NOUN', 'ADP', 'ADJ', 'NOUN', 'PRON', 'VERB', 'NOUN', 'ADP', 'NOUN', 'CCONJ', 'DET', 'NOUN', 'PUNCT', 'VERB', 'ADV', 'ADV', 'PART', 'VERB', 'DET', 'NOUN', 'PUNCT', 'NOUN', 'VERB', 'ADP', 'ADV', 'VERB', 'ADV', 'ADP', 'NUM', 'PROPN', 'PUNCT']","['the most beautiful beaches', 'I', 'The water', 'you', 'the bottom', 'a short hike', 'the top', 'the hill', 'you', 'the best photos', 'the right footwear', 'the trail', 'lots', 'marine life', 'I', 'plenty', 'fish', 'an eel', 'the crowds', 'Parking', '9 AM']","[{'text': 'One', 'label': 'CARDINAL'}, {'text': '9 AM', 'label': 'TIME'}]",0.022727272727272728
45921,5.0,Gorgeous beach with crystal clear waters that is super shallow so you can walk out forever. Make sure and come early to the entry times as they limit the number of people.,"['ADJ', 'NOUN', 'ADP', 'PROPN', 'ADJ', 'NOUN', 'PRON', 'AUX', 'ADV', 'ADJ', 'SCONJ', 'PRON', 'AUX', 'VERB', 'ADV', 'ADV', 'PUNCT', 'VERB', 'ADJ', 'CCONJ', 'VERB', 'ADV', 'ADP', 'DET', 'NOUN', 'NOUN', 'SCONJ', 'PRON', 'VERB', 'DET', 'NOUN', 'ADP', 'NOUN', 'PUNCT']","['Gorgeous beach', 'crystal clear waters', 'that', 'you', 'the entry times', 'they', 'the number', 'people']",[],0.0
45922,5.0,"Besides shallow water, great beach","['SCONJ', 'ADJ', 'NOUN', 'PUNCT', 'ADJ', 'NOUN']","['shallow water', 'great beach']",[],0.0
45929,5.0,"Weve traveled a lot, seen beaches all over the world but Playa Balandra is different. The first thing that hits you is the water impossibly clear, shifting between turquoise, teal, and soft jade as the light moves. Its shallow for what feels like forever, so you can wade out and still see the ripples dancing around your feet. The whole place feels untouched, almost sacred. The hills cradle the bay in this perfect natural curve, and the calmness is something you feel as much as you see. No crowds, no noise just wind, salt, and that unreal blue stretching out to the horizon. THE PARK IS FREE DONT LET ANY VENDOR TELL YOU OTHERWISE 20 minutes from La Paz. We took a scooter","['PRON', 'AUX', 'VERB', 'DET', 'NOUN', 'PUNCT', 'VERB', 'NOUN', 'ADV', 'ADP', 'DET', 'NOUN', 'CCONJ', 'PROPN', 'PROPN', 'AUX', 'ADJ', 'PUNCT', 'DET', 'ADJ', 'NOUN', 'PRON', 'VERB', 'PRON', 'AUX', 'DET', 'NOUN', 'ADV', 'ADJ', 'PUNCT', 'VERB', 'ADP', 'NOUN', 'PUNCT', 'NOUN', 'PUNCT', 'CCONJ', 'ADJ', 'NOUN', 'ADP', 'DET', 'ADJ', 'NOUN', 'PUNCT', 'PRON', 'NOUN', 'ADP', 'PRON', 'VERB', 'ADP', 'ADV', 'PUNCT', 'SCONJ', 'PRON', 'AUX', 'VERB', 'ADP', 'CCONJ', 'ADV', 'VERB', 'DET', 'NOUN', 'VERB', 'ADP', 'PRON', 'NOUN', 'PUNCT', 'DET', 'ADJ', 'NOUN', 'VERB', 'ADJ', 'PUNCT', 'ADV', 'ADJ', 'PUNCT', 'DET', 'NOUN', 'VERB', 'DET', 'NOUN', 'ADP', 'DET', 'ADJ', 'ADJ', 'NOUN', 'PUNCT', 'CCONJ', 'DET', 'NOUN', 'AUX', 'PRON', 'PRON', 'VERB', 'ADV', 'ADV', 'SCONJ', 'PRON', 'VERB', 'PUNCT', 'DET', 'NOUN', 'PUNCT', 'DET', 'NOUN', 'ADV', 'NOUN', 'PUNCT', 'NOUN', 'PUNCT', 'CCONJ', 'DET', 'ADJ', 'ADJ', 'VERB', 'ADP', 'ADP', 'DET', 'NOUN', 'PUNCT', 'DET', 'PROPN', 'AUX', 'ADJ', 'NOUN', 'VERB', 'DET', 'NOUN', 'VERB', 'PRON', 'ADV', 'NUM', 'NOUN', 'ADP', 'PROPN', 'PROPN', 'PUNCT', 'PRON', 'VERB', 'DET', 'NOUN']","['We', 'beaches', 'the world', 'Playa Balandra', 'The first thing', 'that', 'you', 'the water', 'turquoise, teal, and soft jade', 'the light moves', 'what', 'you', 'the ripples', 'your feet', 'The whole place', 'The hills', 'the bay', 'this perfect natural curve', 'the calmness', 'something', 'you', 'you', 'No crowds', 'no noise', 'just wind', 'salt', 'the horizon', 'THE PARK', 'FREE DONT', 'ANY VENDOR', 'YOU', 'La Paz', 'We', 'a scooter']","[{'text': 'Playa Balandra', 'label': 'PERSON'}, {'text': 'first', 'label': 'ORDINAL'}, {'text': '20 minutes', 'label': 'TIME'}, {'text': 'La Paz', 'label': 'FAC'}]",0.028368794326241134
45941,5.0,Very beautiful public beach,"['ADV', 'ADJ', 'ADJ', 'NOUN']",['Very beautiful public beach'],[],0.0
45949,5.0,"It is fantastic, very photogenic, unfortunately we were only there 2 hours.i recommend it highly.","['PRON', 'AUX', 'ADJ', 'PUNCT', 'ADV', 'ADJ', 'PUNCT', 'ADV', 'PRON', 'AUX', 'ADV', 'ADV', 'NUM', 'PROPN', 'VERB', 'PRON', 'ADV', 'PUNCT']","['It', 'we', 'it']","[{'text': '2', 'label': 'CARDINAL'}]",0.05555555555555555
45954,5.0,"Beautiful beach. Silky sand, clear water, no waves. Perfect for kids","['ADJ', 'NOUN', 'PUNCT', 'ADJ', 'NOUN', 'PUNCT', 'ADJ', 'NOUN', 'PUNCT', 'DET', 'NOUN', 'PUNCT', 'VERB', 'ADP', 'NOUN', 'PUNCT']","['Beautiful beach', 'Silky sand', 'clear water', 'no waves', 'kids']",[],0.0
45987,5.0,"Beautiful beach Its a beautiful place in which you can pass some hours of nice views You can bring your own fooddrinks. Avoid glass and please take the garbage with you. There is 2 possible access at 800h and 1200 The maximum stay is 4 hours. The have a limited access for every group. You need to stay in the line for 40 minutes During the line some guys are selling drinks, food ceviche and its good. Be prepared because inside there is no option to buy nothing. The beach is clean, after every group the staff clean the place. The water is cold after Augsep but its still a must to do activity. Consider there is some sea wildlife jellyfish, mantas, etc, step grounding your feet and cover your skin with large clothes jellyfish can burn your skin, nothing to die but its better to avoid it. portable toilet is on the place if needed Parking lot is free of charge and safe","['ADJ', 'NOUN', 'PRON', 'AUX', 'DET', 'ADJ', 'NOUN', 'ADP', 'PRON', 'PRON', 'AUX', 'VERB', 'DET', 'NOUN', 'ADP', 'ADJ', 'NOUN', 'PRON', 'AUX', 'VERB', 'PRON', 'ADJ', 'NOUN', 'PUNCT', 'VERB', 'NOUN', 'CCONJ', 'INTJ', 'VERB', 'DET', 'NOUN', 'ADP', 'PRON', 'PUNCT', 'PRON', 'VERB', 'NUM', 'ADJ', 'NOUN', 'PUNCT', 'ADP', 'PROPN', 'CCONJ', 'NUM', 'DET', 'ADJ', 'NOUN', 'AUX', 'NUM', 'NOUN', 'PUNCT', 'PRON', 'VERB', 'DET', 'ADJ', 'NOUN', 'ADP', 'DET', 'NOUN', 'PUNCT', 'PRON', 'VERB', 'PART', 'VERB', 'ADP', 'DET', 'NOUN', 'ADP', 'NUM', 'NOUN', 'ADP', 'DET', 'NOUN', 'DET', 'NOUN', 'AUX', 'VERB', 'NOUN', 'PUNCT', 'NOUN', 'PUNCT', 'PROPN', 'PUNCT', 'CCONJ', 'PRON', 'AUX', 'ADJ', 'PUNCT', 'AUX', 'ADJ', 'SCONJ', 'ADV', 'PRON', 'VERB', 'DET', 'NOUN', 'PART', 'VERB', 'PRON', 'PUNCT', 'DET', 'NOUN', 'AUX', 'ADJ', 'PUNCT', 'SCONJ', 'DET', 'NOUN', 'DET', 'NOUN', 'VERB', 'DET', 'NOUN', 'PUNCT', 'DET', 'NOUN', 'AUX', 'ADJ', 'ADP', 'PROPN', 'CCONJ', 'PRON', 'AUX', 'ADV', 'DET', 'NOUN', 'PART', 'AUX', 'NOUN', 'PUNCT', 'VERB', 'PRON', 'VERB', 'DET', 'NOUN', 'NOUN', 'PUNCT', 'ADJ', 'PUNCT', 'NOUN', 'PUNCT', 'X', 'PUNCT', 'PUNCT', 'NOUN', 'VERB', 'PRON', 'NOUN', 'CCONJ', 'VERB', 'PRON', 'NOUN', 'ADP', 'ADJ', 'NOUN', 'PUNCT', 'VERB', 'AUX', 'VERB', 'PRON', 'NOUN', 'PUNCT', 'PRON', 'PART', 'VERB', 'CCONJ', 'PRON', 'AUX', 'ADJ', 'PART', 'VERB', 'PRON', 'PUNCT', 'PUNCT', 'ADJ', 'NOUN', 'AUX', 'ADP', 'DET', 'NOUN', 'SCONJ', 'VERB', 'NOUN', 'NOUN', 'AUX', 'ADJ', 'ADP', 'NOUN', 'CCONJ', 'ADJ']","['It', 'a beautiful place', 'which', 'you', 'some hours', 'nice views', 'You', 'your own fooddrinks', 'glass', 'the garbage', 'you', '2 possible access', '8:00h', 'The maximum stay', '4 hours', 'The', 'a limited access', 'every group', 'You', 'the line', '40 minutes', 'the line', 'some guys', 'drinks', 'food', 'ceviche', 'it', 'no option', 'nothing', 'The beach', 'every group', 'the staff', 'the place', 'The water', 'Augsep', 'it', 'a must', 'activity', 'some sea wildlife', 'mantas', 'your feet', 'your skin', 'large clothes', 'your skin', 'it', 'it', 'portable toilet', 'the place', 'Parking lot', 'charge']","[{'text': 'some hours', 'label': 'TIME'}, {'text': '2', 'label': 'CARDINAL'}, {'text': '12:00', 'label': 'TIME'}, {'text': '4 hours', 'label': 'TIME'}, {'text': '40 minutes', 'label': 'TIME'}, {'text': 'ceviche', 'label': 'ORG'}, {'text': 'Augsep', 'label': 'ORG'}]",0.03684210526315789
45997,5.0,"Quite possibly the most beautiful beach in the world. Be forewarned, parking is brutal on the weekends.","['ADV', 'ADV', 'DET', 'ADV', 'ADJ', 'NOUN', 'ADP', 'DET', 'NOUN', 'PUNCT', 'AUX', 'ADJ', 'PUNCT', 'NOUN', 'AUX', 'ADJ', 'ADP', 'DET', 'NOUN', 'PUNCT']","['Quite possibly the most beautiful beach', 'the world', 'parking', 'the weekends']","[{'text': 'the weekends', 'label': 'DATE'}]",0.05
46005,5.0,It s a 30 minute drive front the centro of la paz. Get there before 8 am to line up. The first group they let in is from 8 to 11301145 so the next group goes could in.,"['PRON', 'VERB', 'DET', 'NUM', 'NOUN', 'NOUN', 'NOUN', 'DET', 'NOUN', 'ADP', 'PROPN', 'PROPN', 'PUNCT', 'VERB', 'ADV', 'SCONJ', 'NUM', 'AUX', 'PART', 'VERB', 'ADP', 'PUNCT', 'DET', 'ADJ', 'NOUN', 'PRON', 'VERB', 'ADP', 'AUX', 'ADP', 'NUM', 'ADP', 'NUM', 'SYM', 'NUM', 'ADV', 'DET', 'ADJ', 'NOUN', 'VERB', 'AUX', 'ADP', 'PUNCT']","['It', 'a 30 minute drive front', 'the centro', 'la paz', 'The first group', 'they', 'the next group']","[{'text': '30 minute', 'label': 'TIME'}, {'text': 'la paz', 'label': 'FAC'}, {'text': '8 am', 'label': 'TIME'}, {'text': 'first', 'label': 'ORDINAL'}, {'text': '8 to 1130-1145', 'label': 'DATE'}]",0.11627906976744186
46009,5.0,"Beautiful beach to visit near La Paz. We came in the August heat, when the water was very warm. Saw a puffer fish  and lots of little fish, but no manta rays. Also many impressive birds flying the thermals above. Its amazing how many people arrive at the beach without supplies, creating a great business opportunity for the locals. As a protected beach they only allow a limited group in the morning, clear them out at noon, and another limited group in the afternoon, with closure at 5 pm.","['ADJ', 'NOUN', 'PART', 'VERB', 'ADP', 'PROPN', 'PROPN', 'PUNCT', 'PRON', 'VERB', 'ADP', 'DET', 'PROPN', 'NOUN', 'PUNCT', 'SCONJ', 'DET', 'NOUN', 'AUX', 'ADV', 'ADJ', 'PUNCT', 'VERB', 'DET', 'NOUN', 'NOUN', 'PUNCT', 'PUNCT', 'PUNCT', 'CCONJ', 'NOUN', 'ADP', 'ADJ', 'NOUN', 'PUNCT', 'CCONJ', 'DET', 'NOUN', 'NOUN', 'PUNCT', 'ADV', 'ADJ', 'ADJ', 'NOUN', 'VERB', 'DET', 'NOUN', 'ADV', 'PUNCT', 'PRON', 'ADJ', 'SCONJ', 'ADJ', 'NOUN', 'VERB', 'ADP', 'DET', 'NOUN', 'ADP', 'NOUN', 'PUNCT', 'VERB', 'DET', 'ADJ', 'NOUN', 'NOUN', 'ADP', 'DET', 'NOUN', 'PUNCT', 'ADP', 'DET', 'VERB', 'NOUN', 'PRON', 'ADV', 'VERB', 'DET', 'ADJ', 'NOUN', 'ADP', 'DET', 'NOUN', 'PUNCT', 'VERB', 'PRON', 'ADP', 'ADP', 'NOUN', 'PUNCT', 'CCONJ', 'DET', 'ADJ', 'NOUN', 'ADP', 'DET', 'NOUN', 'PUNCT', 'ADP', 'NOUN', 'ADP', 'NUM', 'NOUN', 'PUNCT']","['Beautiful beach', 'La Paz', 'We', 'the August heat', 'the water', 'a puffer fish', 'and lots', 'little fish', 'no manta rays', 'many impressive birds', 'the thermals', 'how many people', 'the beach', 'supplies', 'a great business opportunity', 'the locals', 'a protected beach', 'they', 'a limited group', 'the morning', 'them', 'noon', 'another limited group', 'the afternoon', 'closure', '5 pm']","[{'text': 'La Paz', 'label': 'FAC'}, {'text': 'August', 'label': 'DATE'}, {'text': 'the morning', 'label': 'TIME'}, {'text': 'noon', 'label': 'TIME'}, {'text': 'the afternoon', 'label': 'TIME'}, {'text': '5 pm', 'label': 'TIME'}]",0.057692307692307696
46011,5.0,By far my favorite beach in Baja Sur and went to many. Getting tickets in advance is a plus as it helps with over crowding. We spent the whole day kayaking and exploring every little corner of this magical place. Be sure to book a guide so you can get a chance to see the mangroves. Those are not to be missed.,"['ADP', 'ADV', 'PRON', 'ADJ', 'NOUN', 'ADP', 'PROPN', 'PROPN', 'CCONJ', 'VERB', 'ADP', 'ADJ', 'PUNCT', 'VERB', 'NOUN', 'ADP', 'NOUN', 'AUX', 'DET', 'NOUN', 'SCONJ', 'PRON', 'VERB', 'ADP', 'ADP', 'NOUN', 'PUNCT', 'PRON', 'VERB', 'DET', 'ADJ', 'NOUN', 'VERB', 'CCONJ', 'VERB', 'DET', 'ADJ', 'NOUN', 'ADP', 'DET', 'ADJ', 'NOUN', 'PUNCT', 'AUX', 'ADJ', 'PART', 'VERB', 'DET', 'NOUN', 'SCONJ', 'PRON', 'AUX', 'VERB', 'DET', 'NOUN', 'PART', 'VERB', 'DET', 'NOUN', 'PUNCT', 'PRON', 'AUX', 'PART', 'PART', 'AUX', 'VERB', 'PUNCT']","['my favorite beach', 'Baja Sur', 'tickets', 'advance', 'a plus', 'it', 'crowding', 'We', 'the whole day', 'every little corner', 'this magical place', 'a guide', 'you', 'a chance', 'the mangroves', 'Those']","[{'text': 'Baja Sur', 'label': 'FAC'}]",0.014925373134328358
46016,4.0,"Really nice. Buy tickets in advance. They let just 450 people in a day really good. Double the price for foreigners. The water is not really deep there, thats a little sad.","['ADV', 'ADJ', 'PUNCT', 'ADJ', 'NOUN', 'ADP', 'NOUN', 'PUNCT', 'PRON', 'VERB', 'ADV', 'NUM', 'NOUN', 'ADP', 'DET', 'NOUN', 'PUNCT', 'ADV', 'ADJ', 'PUNCT', 'PUNCT', 'ADJ', 'DET', 'NOUN', 'ADP', 'NOUN', 'PUNCT', 'DET', 'NOUN', 'AUX', 'PART', 'ADV', 'ADV', 'ADV', 'PUNCT', 'PRON', 'AUX', 'DET', 'ADJ', 'ADJ', 'PUNCT']","['tickets', 'advance', 'They', 'just 450 people', 'a day', 'the price', 'foreigners', 'The water', 'that']","[{'text': '450', 'label': 'CARDINAL'}, {'text': 'a day', 'label': 'DATE'}]",0.04878048780487805
46023,5.0,WOW what a breathtaking beautiful beach. Definitely worth being on the Top 50 list and worth the drive from Cabo. This is a must beach to visit.,"['INTJ', 'PRON', 'DET', 'ADJ', 'ADJ', 'NOUN', 'PUNCT', 'ADV', 'ADJ', 'AUX', 'ADP', 'DET', 'PROPN', 'NUM', 'NOUN', 'CCONJ', 'ADJ', 'DET', 'NOUN', 'ADP', 'PROPN', 'PUNCT', 'PRON', 'AUX', 'DET', 'AUX', 'VERB', 'PART', 'VERB', 'PUNCT']","['what a breathtaking beautiful beach', 'the Top 50 list', 'the drive', 'Cabo', 'This']","[{'text': 'WOW', 'label': 'ORG'}, {'text': '50', 'label': 'CARDINAL'}, {'text': 'Cabo', 'label': 'DATE'}]",0.1
46032,5.0,This has to be the most beautiful beach I have ever been to by far I cannot recommend this place enough,"['PRON', 'VERB', 'PART', 'AUX', 'DET', 'ADV', 'ADJ', 'NOUN', 'PRON', 'AUX', 'ADV', 'AUX', 'ADP', 'ADP', 'ADV', 'PRON', 'AUX', 'PART', 'VERB', 'DET', 'NOUN', 'ADV']","['This', 'the most beautiful beach', 'I', 'I', 'this place']",[],0.0
46038,5.0,One of the best beaches in the world,"['NUM', 'ADP', 'DET', 'ADJ', 'NOUN', 'ADP', 'DET', 'NOUN', 'PUNCT']","['the best beaches', 'the world']","[{'text': 'One', 'label': 'CARDINAL'}]",0.1111111111111111
46049,4.0,"This was a really cool spot, but your experience will definitely depend on when you arrive. The day is split into two timeframes the first one runs until noon, and the second starts at 1 pm. Once the first session ends, everyone has to clear out, and a new group is let in an hour later. We had no problem getting into the morning session, but when we left, the line for the afternoon was already super long. And this was on a Tuesday morning I can only imagine how packed it must get on the weekends. The beach itself is peaceful and scenic, with calm, shallow water that only goes up to your knees, making it super safe for nonswimmers and perfect for families with kids. I was hoping for a good swim, but its not deep enough for that though honestly, it wasnt a dealbreaker. There are also a handful of palapas available for shade, but youll want to grab one early if you can. Its definitely worth checking out, but if youre aiming for the afternoon session, Id highly recommend arriving well ahead of time to beat the crowds.","['PRON', 'AUX', 'DET', 'ADV', 'ADJ', 'NOUN', 'PUNCT', 'CCONJ', 'PRON', 'NOUN', 'AUX', 'ADV', 'VERB', 'ADP', 'SCONJ', 'PRON', 'VERB', 'PUNCT', 'DET', 'NOUN', 'AUX', 'VERB', 'ADP', 'NUM', 'NOUN', 'DET', 'ADJ', 'NUM', 'NOUN', 'ADP', 'NOUN', 'PUNCT', 'CCONJ', 'DET', 'ADJ', 'VERB', 'ADP', 'NUM', 'NOUN', 'PUNCT', 'SCONJ', 'DET', 'ADJ', 'NOUN', 'VERB', 'PUNCT', 'PRON', 'VERB', 'PART', 'VERB', 'ADP', 'PUNCT', 'CCONJ', 'DET', 'ADJ', 'NOUN', 'AUX', 'VERB', 'ADP', 'DET', 'NOUN', 'ADV', 'PUNCT', 'PRON', 'VERB', 'DET', 'NOUN', 'VERB', 'ADP', 'DET', 'NOUN', 'NOUN', 'PUNCT', 'CCONJ', 'SCONJ', 'PRON', 'VERB', 'PUNCT', 'DET', 'NOUN', 'ADP', 'DET', 'NOUN', 'AUX', 'ADV', 'ADV', 'ADJ', 'PUNCT', 'CCONJ', 'PRON', 'AUX', 'ADP', 'DET', 'PROPN', 'NOUN', 'PRON', 'AUX', 'ADV', 'VERB', 'SCONJ', 'ADJ', 'PRON', 'AUX', 'VERB', 'ADP', 'DET', 'NOUN', 'PUNCT', 'DET', 'NOUN', 'PRON', 'AUX', 'ADJ', 'CCONJ', 'ADJ', 'PUNCT', 'ADP', 'ADJ', 'PUNCT', 'ADJ', 'NOUN', 'PRON', 'ADV', 'VERB', 'ADV', 'ADP', 'PRON', 'NOUN', 'PUNCT', 'VERB', 'PRON', 'ADV', 'ADJ', 'ADP', 'NOUN', 'NOUN', 'NOUN', 'CCONJ', 'ADJ', 'ADP', 'NOUN', 'ADP', 'NOUN', 'PUNCT', 'PRON', 'AUX', 'VERB', 'ADP', 'DET', 'ADJ', 'NOUN', 'PUNCT', 'CCONJ', 'PRON', 'PART', 'ADJ', 'ADV', 'ADP', 'PRON', 'SCONJ', 'ADV', 'PUNCT', 'PRON', 'AUX', 'PART', 'DET', 'NOUN', 'PUNCT', 'PRON', 'VERB', 'ADV', 'DET', 'NOUN', 'ADP', 'NOUN', 'ADJ', 'ADP', 'NOUN', 'PUNCT', 'CCONJ', 'PRON', 'AUX', 'VERB', 'PART', 'VERB', 'NUM', 'ADV', 'SCONJ', 'PRON', 'AUX', 'PUNCT', 'PRON', 'ADV', 'ADJ', 'VERB', 'ADP', 'PUNCT', 'CCONJ', 'SCONJ', 'PRON', 'AUX', 'VERB', 'ADP', 'DET', 'NOUN', 'NOUN', 'PUNCT', 'PROPN', 'PROPN', 'ADV', 'VERB', 'VERB', 'ADV', 'ADV', 'ADP', 'NOUN', 'PART', 'VERB', 'DET', 'NOUN', 'PUNCT']","['This', 'a really cool spot', 'your experience', 'you', 'The day', 'two timeframes', 'the first one runs', 'noon', '1 pm', 'the first session', 'everyone', 'a new group', 'We', 'no problem', 'the morning session', 'we', 'the line', 'the afternoon', 'this', 'a Tuesday morning', 'I', 'it', 'the weekends', 'The beach', 'itself', 'calm, shallow water', 'that', 'your knees', 'it', 'non', '-', 'swimmers', 'families', 'kids', 'I', 'a good swim', 'that', 'it', 'a dealbreaker', 'a handful', 'palapas', 'shade', 'you', 'you', 'Its', 'you', 'the afternoon session', 'I', 'time', 'the crowds']","[{'text': 'two', 'label': 'CARDINAL'}, {'text': 'first', 'label': 'ORDINAL'}, {'text': 'one', 'label': 'CARDINAL'}, {'text': 'noon', 'label': 'TIME'}, {'text': 'second', 'label': 'ORDINAL'}, {'text': '1 pm', 'label': 'TIME'}, {'text': 'first', 'label': 'ORDINAL'}, {'text': 'an hour later', 'label': 'TIME'}, {'text': 'morning', 'label': 'TIME'}, {'text': 'the afternoon', 'label': 'TIME'}, {'text': 'Tuesday', 'label': 'DATE'}, {'text': 'morning', 'label': 'TIME'}, {'text': 'the weekends', 'label': 'DATE'}, {'text': 'afternoon', 'label': 'TIME'}]",0.06334841628959276
46050,5.0,"Totally worth the drive from Cabo for an excellent day trip to this beautiful beach. Goes knee deep for a long stretch, and although we were warned about stingrays, we didnt see any. You do have to walk shuffling your feet to avoid stepping on one but its totally worth it. Great view from the top of the hike, definitely check it out","['ADV', 'ADJ', 'DET', 'NOUN', 'ADP', 'PROPN', 'ADP', 'DET', 'ADJ', 'NOUN', 'NOUN', 'ADP', 'DET', 'ADJ', 'NOUN', 'PUNCT', 'VERB', 'NOUN', 'ADV', 'ADP', 'DET', 'ADJ', 'NOUN', 'PUNCT', 'CCONJ', 'SCONJ', 'PRON', 'AUX', 'VERB', 'ADP', 'NOUN', 'PUNCT', 'PRON', 'AUX', 'PART', 'VERB', 'PRON', 'PUNCT', 'PRON', 'AUX', 'VERB', 'PART', 'VERB', 'VERB', 'PRON', 'NOUN', 'PART', 'VERB', 'VERB', 'ADP', 'NUM', 'CCONJ', 'PRON', 'ADV', 'ADJ', 'PRON', 'PUNCT', 'ADJ', 'NOUN', 'ADP', 'DET', 'NOUN', 'ADP', 'DET', 'NOUN', 'PUNCT', 'ADV', 'VERB', 'PRON', 'ADP']","['the drive', 'Cabo', 'an excellent day trip', 'this beautiful beach', 'knee', 'a long stretch', 'we', 'stingrays', 'we', 'any', 'You', 'your feet', 'its totally worth it', 'Great view', 'the top', 'the hike', 'it']",[],0.0
46062,4.0,Great places to see. Beware of the sand flies. I have over 100 bites all over my body. Cover yourself in bug spray especially if you are going in the morning.,"['ADJ', 'NOUN', 'PART', 'VERB', 'PUNCT', 'VERB', 'ADP', 'DET', 'NOUN', 'VERB', 'PUNCT', 'PRON', 'VERB', 'ADV', 'NUM', 'NOUN', 'ADV', 'ADP', 'PRON', 'NOUN', 'PUNCT', 'VERB', 'PRON', 'ADP', 'NOUN', 'NOUN', 'ADV', 'SCONJ', 'PRON', 'AUX', 'VERB', 'ADP', 'DET', 'NOUN', 'PUNCT']","['Great places', 'I', 'over 100 bites', 'my body', 'yourself', 'bug spray', 'you', 'the morning']",[],0.0
46064,5.0,Great Beach it looks like a huge swimming pool  Water great n the Best its that they dont charge for the entrance The beach was really nice n clean .,"['ADJ', 'PROPN', 'PRON', 'VERB', 'ADP', 'DET', 'ADJ', 'NOUN', 'NOUN', 'PUNCT', 'PUNCT', 'NOUN', 'ADV', 'DET', 'DET', 'ADJ', 'PRON', 'PRON', 'PRON', 'AUX', 'PART', 'VERB', 'ADP', 'DET', 'NOUN', 'PUNCT', 'DET', 'NOUN', 'AUX', 'ADV', 'ADJ', 'ADV', 'ADJ', 'PUNCT']","['it', 'a huge swimming pool', 'Water', 'its', 'that', 'they', 'the entrance', 'The beach']","[{'text': 'Great Beach', 'label': 'GPE'}]",0.029411764705882353
46084,5.0,Most serene beautiful beach  watch out for the scammers at the entrance.,"['ADV', 'ADJ', 'ADJ', 'NOUN', 'PUNCT', 'VERB', 'ADP', 'ADP', 'DET', 'NOUN', 'ADP', 'DET', 'NOUN', 'PUNCT']","['the scammers', 'the entrance']",[],0.0
46089,5.0,"Beautiful beach. Truly one of the best in the world. Its a shallow beach so you cant really swim. They limit the amount of people that can go in as well as limit on time. Get there before opening for each slot time. One is at 8am and the second is at 1pm so each wave of people are only allowed about 4 hours on the beach and they limit how many can enter. They sell snacks and rental umbrellas and chairs at the entrance before going in by vendors. All legit so its safe. Bring your own snacks and drinks before going as they dont sell anything inside the beach. Overall it was a great experience, we enjoyed it. There is a simple hike up a small hill to get a nice view of the beaches from the top. Worth doing as well.","['ADJ', 'NOUN', 'PUNCT', 'ADV', 'NUM', 'ADP', 'DET', 'ADJ', 'ADP', 'DET', 'NOUN', 'PUNCT', 'PRON', 'AUX', 'DET', 'ADJ', 'NOUN', 'SCONJ', 'PRON', 'AUX', 'PART', 'ADV', 'VERB', 'PUNCT', 'PRON', 'VERB', 'DET', 'NOUN', 'ADP', 'NOUN', 'PRON', 'AUX', 'VERB', 'ADP', 'ADV', 'ADV', 'ADP', 'NOUN', 'ADP', 'NOUN', 'PUNCT', 'VERB', 'ADV', 'ADP', 'NOUN', 'ADP', 'DET', 'NOUN', 'NOUN', 'PUNCT', 'NUM', 'AUX', 'ADP', 'NUM', 'ADV', 'CCONJ', 'DET', 'ADJ', 'AUX', 'ADP', 'NUM', 'ADV', 'ADV', 'DET', 'NOUN', 'ADP', 'NOUN', 'AUX', 'ADV', 'VERB', 'ADP', 'NUM', 'NOUN', 'ADP', 'DET', 'NOUN', 'CCONJ', 'PRON', 'VERB', 'SCONJ', 'ADJ', 'AUX', 'VERB', 'PUNCT', 'PRON', 'VERB', 'NOUN', 'CCONJ', 'ADJ', 'NOUN', 'CCONJ', 'NOUN', 'ADP', 'DET', 'NOUN', 'ADP', 'VERB', 'ADP', 'ADP', 'NOUN', 'PUNCT', 'PRON', 'NOUN', 'SCONJ', 'PRON', 'AUX', 'ADJ', 'PUNCT', 'VERB', 'PRON', 'ADJ', 'NOUN', 'CCONJ', 'NOUN', 'ADP', 'VERB', 'SCONJ', 'PRON', 'AUX', 'PART', 'VERB', 'PRON', 'ADP', 'DET', 'NOUN', 'PUNCT', 'ADV', 'PRON', 'AUX', 'DET', 'ADJ', 'NOUN', 'PUNCT', 'PRON', 'VERB', 'PRON', 'PUNCT', 'PRON', 'VERB', 'DET', 'ADJ', 'NOUN', 'ADP', 'DET', 'ADJ', 'NOUN', 'PART', 'VERB', 'DET', 'ADJ', 'NOUN', 'ADP', 'DET', 'NOUN', 'ADP', 'DET', 'NOUN', 'PUNCT', 'ADJ', 'VERB', 'ADV', 'ADV', 'PUNCT']","['Beautiful beach', 'the world', 'It', 'a shallow beach', 'you', 'They', 'the amount', 'people', 'that', 'time', 'opening', 'each slot time', 'each wave', 'people', 'the beach', 'they', 'They', 'snacks', 'rental umbrellas', 'chairs', 'the entrance', 'vendors', 'All', 'it', 'your own snacks', 'drinks', 'they', 'anything', 'the beach', 'it', 'a great experience', 'we', 'it', 'a simple hike', 'a small hill', 'a nice view', 'the beaches', 'the top']","[{'text': 'one', 'label': 'CARDINAL'}, {'text': 'One', 'label': 'CARDINAL'}, {'text': '8am', 'label': 'TIME'}, {'text': 'second', 'label': 'ORDINAL'}, {'text': '1pm', 'label': 'TIME'}, {'text': 'about 4 hours', 'label': 'TIME'}]",0.03680981595092025
46100,5.0,"Beautiful but hot The cool temperature of the beach helps a lot. They rent umbrellas and chairs prior to the entrance which I highly recommend Come prepared with your drinks and snacks, take all your trash with you and help keep this beach immaculate","['ADJ', 'CCONJ', 'ADJ', 'PUNCT', 'DET', 'ADJ', 'NOUN', 'ADP', 'DET', 'NOUN', 'VERB', 'DET', 'NOUN', 'PUNCT', 'PRON', 'VERB', 'NOUN', 'CCONJ', 'NOUN', 'ADV', 'ADP', 'DET', 'NOUN', 'PRON', 'PRON', 'ADV', 'VERB', 'PUNCT', 'VERB', 'ADJ', 'ADP', 'PRON', 'NOUN', 'CCONJ', 'NOUN', 'PUNCT', 'VERB', 'DET', 'PRON', 'NOUN', 'ADP', 'PRON', 'CCONJ', 'VERB', 'VERB', 'DET', 'NOUN', 'NOUN']","['The cool temperature', 'the beach', 'They', 'umbrellas', 'chairs', 'the entrance', 'which', 'I', 'your drinks', 'snacks', 'all your trash', 'you', 'this beach', 'immaculate']",[],0.0
46105,5.0,Beautiful beach with turquoise water. You can walk and walk in the water and it will only be waist high. You can rent chairs and an umbrella at the entrance. Highly recommend checking it out. You wont be disappointed.,"['ADJ', 'NOUN', 'ADP', 'NOUN', 'NOUN', 'PUNCT', 'PRON', 'AUX', 'VERB', 'CCONJ', 'VERB', 'ADP', 'DET', 'NOUN', 'CCONJ', 'PRON', 'AUX', 'ADV', 'AUX', 'NOUN', 'ADJ', 'PUNCT', 'PRON', 'AUX', 'VERB', 'NOUN', 'CCONJ', 'DET', 'NOUN', 'ADP', 'DET', 'NOUN', 'PUNCT', 'ADV', 'VERB', 'VERB', 'PRON', 'ADP', 'PUNCT', 'PRON', 'AUX', 'PART', 'AUX', 'VERB', 'PUNCT']","['Beautiful beach', 'turquoise water', 'You', 'the water', 'it', 'You', 'chairs', 'an umbrella', 'the entrance', 'it', 'You']",[],0.0
46106,5.0,"Beautiful beach, very nice place to visit. Need to get your tickets in advance online. 2 turns 8am and 12","['ADJ', 'NOUN', 'PUNCT', 'ADV', 'ADJ', 'NOUN', 'PART', 'VERB', 'PUNCT', 'VERB', 'PART', 'VERB', 'PRON', 'NOUN', 'ADP', 'NOUN', 'ADV', 'PUNCT', 'NUM', 'VERB', 'NUM', 'ADV', 'CCONJ', 'NUM']","['Beautiful beach', 'very nice place', 'your tickets', 'advance']","[{'text': '2', 'label': 'CARDINAL'}, {'text': '8am', 'label': 'TIME'}, {'text': '12', 'label': 'CARDINAL'}]",0.125
46111,5.0,"A must see when you are here. AM schedule starts line at 730am 8am12pm PM schedule starts 15 pm so be in line at least an 45min to an hour prior. Only limited amount of people allowed at once. If you are in the front of the line when coming in you can secure stationary umbrellas and no need to rent one. We saw sea turtles, small ray, puffer fish, sardines, and a bunch of humans.","['PRON', 'AUX', 'VERB', 'SCONJ', 'PRON', 'AUX', 'ADV', 'PUNCT', 'PROPN', 'NOUN', 'VERB', 'NOUN', 'ADP', 'PROPN', 'PUNCT', 'PROPN', 'PUNCT', 'NOUN', 'NOUN', 'VERB', 'NUM', 'SYM', 'NUM', 'NOUN', 'ADV', 'AUX', 'ADP', 'NOUN', 'ADP', 'ADJ', 'DET', 'NOUN', 'ADP', 'DET', 'NOUN', 'ADV', 'PUNCT', 'ADV', 'ADJ', 'NOUN', 'ADP', 'NOUN', 'VERB', 'ADP', 'ADV', 'PUNCT', 'SCONJ', 'PRON', 'AUX', 'ADP', 'DET', 'NOUN', 'ADP', 'DET', 'NOUN', 'SCONJ', 'VERB', 'ADP', 'PRON', 'AUX', 'VERB', 'ADJ', 'NOUN', 'CCONJ', 'DET', 'NOUN', 'PART', 'VERB', 'NUM', 'PUNCT', 'PRON', 'VERB', 'NOUN', 'NOUN', 'PUNCT', 'ADJ', 'NOUN', 'PUNCT', 'NOUN', 'NOUN', 'PUNCT', 'NOUN', 'PUNCT', 'CCONJ', 'DET', 'NOUN', 'ADP', 'NOUN', 'PUNCT']","['A', 'you', 'AM schedule', 'line', '730am', '8am-12pm', 'PM schedule', 'line', 'at least an 45min', 'Only limited amount', 'people', 'you', 'the front', 'the line', 'you', 'stationary umbrellas', 'no need', 'We', 'sea turtles', 'small ray', 'puffer fish', 'sardines', 'a bunch', 'humans']","[{'text': '730am', 'label': 'FAC'}, {'text': '8am-12pm', 'label': 'CARDINAL'}, {'text': '1-5 pm', 'label': 'TIME'}, {'text': 'at least an 45min', 'label': 'CARDINAL'}]",0.0449438202247191
46116,3.0,Beautiful beach but too shallow to swim. All the tour buses go there.,"['ADJ', 'NOUN', 'CCONJ', 'ADV', 'ADJ', 'PART', 'VERB', 'PUNCT', 'DET', 'DET', 'NOUN', 'NOUN', 'VERB', 'ADV', 'PUNCT']","['Beautiful beach', 'All the tour buses']",[],0.0
46119,5.0,Best beach ever Bring your own food and umbrella and chairs. If not you can rent some before you enter the premises,"['ADJ', 'NOUN', 'ADV', 'PUNCT', 'PUNCT', 'PUNCT', 'VERB', 'PRON', 'ADJ', 'NOUN', 'CCONJ', 'NOUN', 'CCONJ', 'NOUN', 'PUNCT', 'SCONJ', 'PART', 'PRON', 'AUX', 'VERB', 'PRON', 'SCONJ', 'PRON', 'VERB', 'DET', 'NOUN', 'PUNCT']","['Best beach', 'your own food', 'umbrella', 'chairs', 'you', 'some', 'you', 'the premises']",[],0.0
46122,5.0,Picture take from the plan before landing.,"['NOUN', 'VERB', 'ADP', 'DET', 'NOUN', 'ADP', 'VERB', 'PUNCT']","['Picture', 'the plan']",[],0.0
46131,5.0,One of my favorite beaches in La Paz  The water is crystal clear and you can walk almost a mile and the water never gets deeper then waist deep. They have a morning and afternoon time slot for visiting 3 to 4 hours so make sure yo u plan your trip accordingly bring a cooler and bury inexpensive and dont forget to rent umbrellas and chairs on your way in from the people that were great you there as youre driving into the park  Am I still if youre in the combo or La Paz area,"['NUM', 'ADP', 'PRON', 'ADJ', 'NOUN', 'ADP', 'PROPN', 'PROPN', 'PUNCT', 'PUNCT', 'PUNCT', 'DET', 'NOUN', 'AUX', 'NOUN', 'ADJ', 'CCONJ', 'PRON', 'AUX', 'VERB', 'ADV', 'DET', 'NOUN', 'CCONJ', 'DET', 'NOUN', 'ADV', 'VERB', 'ADJ', 'ADV', 'NOUN', 'ADV', 'PUNCT', 'PRON', 'VERB', 'DET', 'NOUN', 'CCONJ', 'NOUN', 'NOUN', 'NOUN', 'ADP', 'VERB', 'NUM', 'PART', 'NUM', 'NOUN', 'ADV', 'VERB', 'ADJ', 'PROPN', 'PRON', 'VERB', 'PRON', 'NOUN', 'ADV', 'VERB', 'DET', 'ADJ', 'CCONJ', 'VERB', 'ADJ', 'CCONJ', 'AUX', 'PART', 'VERB', 'PART', 'VERB', 'NOUN', 'CCONJ', 'NOUN', 'ADP', 'PRON', 'NOUN', 'ADV', 'ADP', 'DET', 'NOUN', 'PRON', 'AUX', 'ADJ', 'PRON', 'ADV', 'SCONJ', 'PRON', 'AUX', 'VERB', 'ADP', 'DET', 'NOUN', 'PUNCT', 'PUNCT', 'PUNCT', 'AUX', 'PRON', 'ADV', 'SCONJ', 'PRON', 'AUX', 'ADP', 'DET', 'NOUN', 'CCONJ', 'PROPN', 'PROPN', 'NOUN']","['my favorite beaches', 'La Paz', 'The water', 'you', 'the water', 'They', 'a morning and afternoon time slot', '3 to 4 hours', 'u', 'your trip', 'umbrellas', 'chairs', 'your way', 'the people', 'that', 'you', 'you', 'the park', 'I', 'you', 'the combo', 'La Paz area']","[{'text': 'One', 'label': 'CARDINAL'}, {'text': 'almost a mile', 'label': 'QUANTITY'}, {'text': 'a morning and afternoon', 'label': 'TIME'}, {'text': '3 to 4 hours', 'label': 'TIME'}, {'text': 'La Paz', 'label': 'FAC'}]",0.04716981132075472
46161,5.0,Beautiful beach. But we were not able to come in as the available spots were sold out.,"['ADJ', 'NOUN', 'PUNCT', 'CCONJ', 'PRON', 'AUX', 'PART', 'ADJ', 'PART', 'VERB', 'ADP', 'SCONJ', 'DET', 'ADJ', 'NOUN', 'AUX', 'VERB', 'ADP', 'PUNCT']","['Beautiful beach', 'we', 'the available spots']",[],0.0
46174,5.0,"Gorgeous beach and a mustvisit if you are in the area Wading through it feels like being in a vast infinity pool of waisthigh cool turquoise waters, white sands and shoals of fishes swimming by. Arrive early at 7am for the 8am12pm slot and get a digital pass in advance because they dont allow more than 400 people in at a time. Come prepared with food and water as there wont be any on location. Its very hot, so either get your own umbrella or rent one on location and wear lots of sunscreen and a rashguard to avoid sunburn. Bathroom facilities exist but its a portable sort and not clean enough  I would have removed one star for it just for the state of the bathrooms if the venue wasnt as breathtakingly beautiful . Remember to shuffle through the sands as you wade because there might be sting rays underneath","['ADJ', 'NOUN', 'CCONJ', 'DET', 'AUX', 'PUNCT', 'VERB', 'SCONJ', 'PRON', 'AUX', 'ADP', 'DET', 'NOUN', 'PUNCT', 'VERB', 'ADP', 'PRON', 'VERB', 'ADP', 'AUX', 'ADP', 'DET', 'ADJ', 'NOUN', 'NOUN', 'ADP', 'NOUN', 'PUNCT', 'ADJ', 'ADJ', 'NOUN', 'NOUN', 'PUNCT', 'ADJ', 'NOUN', 'CCONJ', 'NOUN', 'ADP', 'NOUN', 'VERB', 'ADP', 'PUNCT', 'NOUN', 'ADV', 'ADP', 'NUM', 'AUX', 'ADP', 'DET', 'NOUN', 'NOUN', 'CCONJ', 'VERB', 'DET', 'ADJ', 'NOUN', 'ADP', 'NOUN', 'SCONJ', 'PRON', 'AUX', 'PART', 'VERB', 'ADJ', 'ADP', 'NUM', 'NOUN', 'ADP', 'ADP', 'DET', 'NOUN', 'PUNCT', 'VERB', 'ADJ', 'ADP', 'NOUN', 'CCONJ', 'NOUN', 'SCONJ', 'PRON', 'AUX', 'PART', 'AUX', 'PRON', 'ADP', 'NOUN', 'PUNCT', 'PRON', 'ADV', 'ADJ', 'PUNCT', 'ADV', 'CCONJ', 'VERB', 'PRON', 'ADJ', 'NOUN', 'CCONJ', 'VERB', 'NUM', 'ADP', 'NOUN', 'CCONJ', 'VERB', 'NOUN', 'ADP', 'NOUN', 'CCONJ', 'DET', 'NOUN', 'PART', 'VERB', 'NOUN', 'PUNCT', 'NOUN', 'NOUN', 'VERB', 'CCONJ', 'PRON', 'DET', 'ADJ', 'NOUN', 'CCONJ', 'PART', 'ADJ', 'ADV', 'PUNCT', 'PRON', 'AUX', 'AUX', 'VERB', 'NUM', 'NOUN', 'ADP', 'PRON', 'ADV', 'ADP', 'DET', 'NOUN', 'ADP', 'DET', 'NOUN', 'SCONJ', 'DET', 'NOUN', 'AUX', 'PART', 'ADV', 'ADV', 'ADJ', 'PUNCT', 'VERB', 'PART', 'VERB', 'ADP', 'DET', 'NOUN', 'SCONJ', 'PRON', 'VERB', 'SCONJ', 'PRON', 'AUX', 'AUX', 'VERB', 'NOUN', 'ADP']","['Gorgeous beach', 'you', 'the area', 'it', 'a vast infinity pool', 'waist-high cool turquoise waters', 'white sands', 'shoals', 'fishes', 'Arrive', 'the 8am-12pm slot', 'a digital pass', 'advance', 'they', 'more than 400 people', 'a time', 'food', 'water', 'any', 'location', 'your own umbrella', 'location', 'lots', 'sunscreen', 'a rashguard', 'sunburn', 'Bathroom facilities', 'I', 'one star', 'it', 'the state', 'the bathrooms', 'the venue', 'the sands', 'you', 'rays']","[{'text': '7am', 'label': 'TIME'}, {'text': '8am-12pm', 'label': 'CARDINAL'}, {'text': 'more than 400', 'label': 'CARDINAL'}, {'text': 'one', 'label': 'CARDINAL'}, {'text': 'one', 'label': 'CARDINAL'}]",0.029940119760479042
46175,4.0,"This is one of the most gorgeous beach around La Paz. Unfortunately the fact that its a natural reserve and that the access is limited twice a day doesnt prevent it from bad human behavior. Some garbage are still there and people with their behavior are a but ruining the place . Loud music people settling close by the others. We did enjoy the place at the early stage but when it become too crowded, too much music and noise, the magic went away.","['PRON', 'AUX', 'NUM', 'ADP', 'DET', 'ADV', 'ADJ', 'NOUN', 'ADP', 'PROPN', 'PROPN', 'PUNCT', 'ADV', 'DET', 'NOUN', 'SCONJ', 'PRON', 'DET', 'ADJ', 'NOUN', 'CCONJ', 'SCONJ', 'DET', 'NOUN', 'AUX', 'ADJ', 'DET', 'DET', 'NOUN', 'AUX', 'PART', 'VERB', 'PRON', 'ADP', 'ADJ', 'ADJ', 'NOUN', 'PUNCT', 'DET', 'NOUN', 'AUX', 'ADV', 'ADV', 'CCONJ', 'NOUN', 'ADP', 'PRON', 'NOUN', 'AUX', 'PRON', 'CCONJ', 'VERB', 'DET', 'NOUN', 'PUNCT', 'ADJ', 'NOUN', 'NOUN', 'VERB', 'ADV', 'ADP', 'DET', 'NOUN', 'PUNCT', 'PRON', 'AUX', 'VERB', 'DET', 'NOUN', 'ADP', 'DET', 'ADJ', 'NOUN', 'CCONJ', 'SCONJ', 'PRON', 'VERB', 'ADV', 'ADJ', 'PUNCT', 'ADV', 'ADJ', 'NOUN', 'CCONJ', 'NOUN', 'PUNCT', 'DET', 'NOUN', 'VERB', 'ADV', 'PUNCT']","['This', 'the most gorgeous beach', 'La Paz', 'the fact', 'the access', 'it', 'bad human behavior', 'Some garbage', 'people', 'their behavior', 'a', 'the place', 'Loud music people', 'the others', 'We', 'the place', 'the early stage', 'it', 'too crowded, too much music', 'noise', 'the magic']","[{'text': 'La Paz', 'label': 'FAC'}]",0.01098901098901099
46178,5.0,Must visit  Something which is very rare.,"['AUX', 'VERB', 'PUNCT', 'PUNCT', 'PRON', 'PRON', 'AUX', 'ADV', 'ADJ', 'PUNCT']","['Something', 'which']",[],0.0
46182,5.0,The most beautiful beach and bay. So memorable and lovely. Walking knee deep among the puffer fish and other small fish was fun. Pelicans landed right next to me as I was walking in the bay. We rented an umbrella from the vendors there at the park entrance for 20mxn.,"['DET', 'ADV', 'ADJ', 'NOUN', 'CCONJ', 'NOUN', 'PUNCT', 'ADV', 'ADJ', 'CCONJ', 'ADJ', 'PUNCT', 'VERB', 'NOUN', 'ADV', 'ADP', 'DET', 'NOUN', 'NOUN', 'CCONJ', 'ADJ', 'ADJ', 'NOUN', 'AUX', 'ADJ', 'PUNCT', 'NOUN', 'VERB', 'ADV', 'ADV', 'ADP', 'PRON', 'SCONJ', 'PRON', 'AUX', 'VERB', 'ADP', 'DET', 'NOUN', 'PUNCT', 'PRON', 'VERB', 'DET', 'NOUN', 'ADP', 'DET', 'NOUN', 'ADV', 'ADP', 'DET', 'NOUN', 'NOUN', 'ADP', 'NOUN', 'PUNCT']","['The most beautiful beach', 'bay', 'knee', 'the puffer fish', 'other small fish', 'Pelicans', 'me', 'I', 'the bay', 'We', 'an umbrella', 'the vendors', 'the park entrance', '20mxn']","[{'text': 'Pelicans', 'label': 'NORP'}, {'text': '20mxn', 'label': 'DATE'}]",0.03636363636363636
46188,5.0,Gorgeous crystal clear shallow water beach. You can walk hundreds of meters out from shore and water still at waste level. Remember to buy bracelet online before going,"['ADJ', 'NOUN', 'ADJ', 'ADJ', 'NOUN', 'NOUN', 'PUNCT', 'PRON', 'AUX', 'VERB', 'NOUN', 'ADP', 'NOUN', 'ADP', 'ADP', 'NOUN', 'CCONJ', 'NOUN', 'ADV', 'ADP', 'NOUN', 'NOUN', 'PUNCT', 'VERB', 'PART', 'VERB', 'NOUN', 'ADV', 'ADP', 'VERB']","['Gorgeous crystal clear shallow water beach', 'You', 'hundreds', 'meters', 'shore', 'water', 'waste level', 'bracelet']","[{'text': 'hundreds of meters', 'label': 'QUANTITY'}]",0.03333333333333333
46189,5.0,"Its true what they say. A beautiful place. Like most beaches near La Paz, its good all around. Theres a beach for you if you like big waves, theres a beach for you if you want to post up all day and be near a restaurant for afterwards. Theres a beach for you if you want to be alone. Not bothered by a single person all day long. Playa Balandra is the safest, cleanest, flattest, brightest, the most biologically pristine beaches ever. If you like that sort of playa","['PRON', 'ADJ', 'PRON', 'PRON', 'VERB', 'PUNCT', 'DET', 'ADJ', 'NOUN', 'PUNCT', 'ADP', 'ADJ', 'NOUN', 'ADP', 'PROPN', 'PROPN', 'PUNCT', 'PRON', 'NOUN', 'ADV', 'ADV', 'PUNCT', 'PRON', 'VERB', 'DET', 'NOUN', 'ADP', 'PRON', 'SCONJ', 'PRON', 'VERB', 'ADJ', 'NOUN', 'PUNCT', 'PRON', 'VERB', 'DET', 'NOUN', 'ADP', 'PRON', 'SCONJ', 'PRON', 'VERB', 'PART', 'VERB', 'ADP', 'DET', 'NOUN', 'CCONJ', 'AUX', 'ADP', 'DET', 'NOUN', 'ADP', 'ADV', 'PUNCT', 'PRON', 'VERB', 'DET', 'NOUN', 'ADP', 'PRON', 'SCONJ', 'PRON', 'VERB', 'PART', 'AUX', 'ADJ', 'PUNCT', 'PART', 'VERB', 'ADP', 'DET', 'ADJ', 'NOUN', 'DET', 'NOUN', 'ADV', 'PUNCT', 'PROPN', 'PROPN', 'AUX', 'DET', 'ADJ', 'PUNCT', 'ADJ', 'PUNCT', 'ADJ', 'PUNCT', 'ADJ', 'PUNCT', 'DET', 'ADV', 'ADV', 'ADJ', 'NOUN', 'ADV', 'PUNCT', 'SCONJ', 'PRON', 'VERB', 'DET', 'NOUN', 'ADP', 'NOUN']","['what', 'they', 'A beautiful place', 'most beaches', 'La Paz', 'a beach', 'you', 'you', 'big waves', 'a beach', 'you', 'you', 'a restaurant', 'a beach', 'you', 'you', 'a single person', 'Playa Balandra', 'the safest, cleanest, flattest, brightest, the most biologically pristine beaches', 'you', 'that sort', 'playa']","[{'text': 'La Paz', 'label': 'FAC'}, {'text': 'all day', 'label': 'DATE'}, {'text': 'Playa Balandra', 'label': 'PERSON'}, {'text': 'cleanest', 'label': 'GPE'}]",0.0380952380952381
46190,5.0,Best beach in the world,"['ADJ', 'NOUN', 'ADP', 'DET', 'NOUN']","['Best beach', 'the world']","[{'text': 'Best beach', 'label': 'GPE'}]",0.2
46196,5.0,"I dont usually write reviews but Im hoping this can help someone who might be similarly confused about the new online ticketing system. In March, we were told to purchase the digital bracelets for entry online. We could not select which time slot we wanted, but we were able to use them to enter the beach during the morning session from 8am. On a Monday, we arrived at 7.45am to about 10 cars in front of us. As soon as it turned 8am we all moved in very quickly, showing the digital pdf on my phone to the staff, and it was an easy process. After reading reviews we were expecting a bit of a hectic tourist trap but it was very relaxed and it didnt feel at all crowded. The tide went out quickly and it was probably possible to walk the entire way to the other side of the bay before noon. Super shallow, super child friendly. We rented an umbrella and two chairs from a vendor while lined up at the entrance for 350 pesos there werent any inside, which gave us the freedom to sit anywhere we wanted on the beach, would recommend. The kayaks werent available for rent when we were there, so if youre super keen on that it might be worthwhile booking a tour.","['PRON', 'AUX', 'PART', 'ADV', 'VERB', 'NOUN', 'CCONJ', 'PRON', 'AUX', 'VERB', 'PRON', 'AUX', 'VERB', 'PRON', 'PRON', 'AUX', 'AUX', 'ADV', 'ADJ', 'ADP', 'DET', 'ADJ', 'ADJ', 'NOUN', 'NOUN', 'PUNCT', 'ADP', 'PROPN', 'PUNCT', 'PRON', 'AUX', 'VERB', 'PART', 'VERB', 'DET', 'ADJ', 'NOUN', 'ADP', 'NOUN', 'ADV', 'PUNCT', 'PRON', 'AUX', 'PART', 'VERB', 'DET', 'NOUN', 'NOUN', 'PRON', 'VERB', 'PUNCT', 'CCONJ', 'PRON', 'AUX', 'ADJ', 'PART', 'VERB', 'PRON', 'PART', 'VERB', 'DET', 'NOUN', 'ADP', 'DET', 'NOUN', 'NOUN', 'PUNCT', 'ADP', 'NUM', 'NOUN', 'PUNCT', 'PUNCT', 'ADP', 'DET', 'PROPN', 'PUNCT', 'PRON', 'VERB', 'ADP', 'NUM', 'ADP', 'ADV', 'NUM', 'NOUN', 'ADP', 'NOUN', 'ADP', 'PRON', 'PUNCT', 'ADV', 'ADV', 'SCONJ', 'PRON', 'VERB', 'NUM', 'ADV', 'PRON', 'PRON', 'VERB', 'ADV', 'ADV', 'ADV', 'PUNCT', 'VERB', 'DET', 'ADJ', 'NOUN', 'ADP', 'PRON', 'NOUN', 'ADP', 'DET', 'NOUN', 'PUNCT', 'CCONJ', 'PRON', 'AUX', 'DET', 'ADJ', 'NOUN', 'PUNCT', 'ADP', 'VERB', 'NOUN', 'PRON', 'AUX', 'VERB', 'DET', 'NOUN', 'ADP', 'DET', 'ADJ', 'NOUN', 'NOUN', 'CCONJ', 'PRON', 'AUX', 'ADV', 'ADJ', 'CCONJ', 'PRON', 'AUX', 'PART', 'VERB', 'ADV', 'ADV', 'VERB', 'PUNCT', 'DET', 'NOUN', 'VERB', 'ADP', 'ADV', 'CCONJ', 'PRON', 'AUX', 'ADV', 'ADJ', 'PART', 'VERB', 'DET', 'ADJ', 'NOUN', 'ADP', 'DET', 'ADJ', 'NOUN', 'ADP', 'DET', 'NOUN', 'ADP', 'NOUN', 'PUNCT', 'PROPN', 'ADJ', 'PUNCT', 'ADJ', 'NOUN', 'ADJ', 'PUNCT', 'PRON', 'VERB', 'DET', 'NOUN', 'CCONJ', 'NUM', 'NOUN', 'ADP', 'DET', 'NOUN', 'SCONJ', 'VERB', 'ADP', 'ADP', 'DET', 'NOUN', 'ADP', 'NUM', 'NOUN', 'PUNCT', 'PRON', 'VERB', 'PART', 'PRON', 'ADV', 'PUNCT', 'PUNCT', 'PRON', 'VERB', 'PRON', 'DET', 'NOUN', 'PART', 'VERB', 'ADV', 'PRON', 'VERB', 'ADP', 'DET', 'NOUN', 'PUNCT', 'AUX', 'VERB', 'PUNCT', 'DET', 'NOUN', 'AUX', 'PART', 'ADJ', 'ADP', 'NOUN', 'SCONJ', 'PRON', 'AUX', 'ADV', 'PUNCT', 'CCONJ', 'SCONJ', 'PRON', 'VERB', 'ADV', 'ADJ', 'SCONJ', 'SCONJ', 'PRON', 'AUX', 'AUX', 'ADJ', 'VERB', 'DET', 'NOUN', 'PUNCT']","['I', 'reviews', 'I', 'this', 'someone', 'who', 'the new online ticketing system', 'March', 'we', 'the digital bracelets', 'entry', 'We', 'we', 'we', 'them', 'the beach', 'the morning session', '8am', 'a Monday', 'we', 'about 10 cars', 'front', 'us', 'it', 'we', 'all', 'the digital pdf', 'my phone', 'the staff', 'it', 'an easy process', 'reviews', 'we', 'a bit', 'a hectic tourist trap', 'it', 'it', 'The tide', 'it', 'the entire way', 'the other side', 'the bay', 'noon', 'We', 'an umbrella', 'two chairs', 'a vendor', 'the entrance', '350 pesos', 'which', 'us', 'the freedom', 'we', 'the beach', 'The kayaks', 'rent', 'we', 'you', 'it', 'a tour']","[{'text': 'March', 'label': 'DATE'}, {'text': 'the morning', 'label': 'TIME'}, {'text': '8am', 'label': 'TIME'}, {'text': 'Monday', 'label': 'DATE'}, {'text': '7.45am', 'label': 'CARDINAL'}, {'text': 'about 10', 'label': 'CARDINAL'}, {'text': '8am', 'label': 'TIME'}, {'text': 'two', 'label': 'CARDINAL'}, {'text': '350', 'label': 'CARDINAL'}]",0.03571428571428571
46197,5.0,Some of the clearest ocean water I have ever seen in my life. Very tranquil.,"['PRON', 'ADP', 'DET', 'ADJ', 'NOUN', 'NOUN', 'PRON', 'AUX', 'ADV', 'VERB', 'ADP', 'PRON', 'NOUN', 'PUNCT', 'ADV', 'PROPN', 'PUNCT']","['Some', 'the clearest ocean water', 'I', 'my life', 'Very tranquil']",[],0.0
46201,5.0,Amazing Try to get there early as its getting more and more popular and they limit how many ppl per day are allowed in,"['ADJ', 'VERB', 'PART', 'VERB', 'ADV', 'ADV', 'SCONJ', 'PRON', 'AUX', 'VERB', 'ADJ', 'CCONJ', 'ADV', 'ADJ', 'CCONJ', 'PRON', 'VERB', 'SCONJ', 'ADJ', 'NOUN', 'ADP', 'NOUN', 'AUX', 'VERB', 'ADP']","['it', 'they', 'how many ppl', 'day']",[],0.0
46232,5.0,Beautiful beach near LaPaz. Check tide charts before going. High tide is best. Crystal clear water thats around 4 foot deep at high tide. Several hiking trails that have wonderful views intermediate level hiking.,"['ADJ', 'NOUN', 'ADP', 'PROPN', 'PUNCT', 'VERB', 'NOUN', 'NOUN', 'ADP', 'VERB', 'PUNCT', 'ADJ', 'NOUN', 'AUX', 'ADJ', 'PUNCT', 'PROPN', 'ADJ', 'NOUN', 'PRON', 'VERB', 'ADV', 'NUM', 'NOUN', 'ADV', 'ADP', 'ADJ', 'NOUN', 'PUNCT', 'ADJ', 'NOUN', 'NOUN', 'PRON', 'VERB', 'ADJ', 'NOUN', 'ADJ', 'NOUN', 'NOUN', 'PUNCT']","['Beautiful beach', 'LaPaz', 'tide charts', 'High tide', 'Crystal', 'clear water', 'that', 'high tide', 'Several hiking trails', 'that', 'wonderful views', 'intermediate level hiking']","[{'text': 'LaPaz', 'label': 'GPE'}, {'text': 'around 4 foot', 'label': 'QUANTITY'}]",0.05
46237,5.0,We visited on a Monday and left around 4am from Cabo San Lucas and arrived first in line at 7am. They limit the number of people who enter the beach so we made sure to get there super early but the beach never got too crowded. Entrance was free but they do charge to use the bathrooms so make sure to bring some cash. They have permanent umbrellas at the beach that you can use but there is also a gentleman at the entrance that rents out chairsumbrellas. They take your ID as collateral and will return it once you return the chairs back. They also had kayak and stand up paddle boards to rent. But no food vendors so make sure to come prepared Beautiful beach and very low tides. The hike up the hill was super easy we hiked in flip flops and the views were totally worth it. This was my first time visiting this beach and I will definitely be back,"['PRON', 'VERB', 'ADP', 'DET', 'PROPN', 'CCONJ', 'VERB', 'ADV', 'NUM', 'ADV', 'ADP', 'PROPN', 'PROPN', 'PROPN', 'CCONJ', 'VERB', 'ADV', 'ADP', 'NOUN', 'ADP', 'NUM', 'ADV', 'PUNCT', 'PRON', 'VERB', 'DET', 'NOUN', 'ADP', 'NOUN', 'PRON', 'VERB', 'DET', 'NOUN', 'SCONJ', 'PRON', 'VERB', 'ADJ', 'PART', 'VERB', 'ADV', 'ADV', 'ADJ', 'CCONJ', 'DET', 'NOUN', 'ADV', 'VERB', 'ADV', 'ADJ', 'PUNCT', 'PROPN', 'AUX', 'ADJ', 'CCONJ', 'PRON', 'AUX', 'VERB', 'PART', 'VERB', 'DET', 'NOUN', 'ADV', 'VERB', 'ADJ', 'PART', 'VERB', 'DET', 'NOUN', 'PUNCT', 'PRON', 'VERB', 'ADJ', 'NOUN', 'ADP', 'DET', 'NOUN', 'PRON', 'PRON', 'AUX', 'VERB', 'CCONJ', 'PRON', 'VERB', 'ADV', 'DET', 'NOUN', 'ADP', 'DET', 'NOUN', 'PRON', 'VERB', 'ADP', 'NOUN', 'PUNCT', 'PRON', 'VERB', 'PRON', 'PROPN', 'ADP', 'NOUN', 'CCONJ', 'AUX', 'VERB', 'PRON', 'SCONJ', 'PRON', 'VERB', 'DET', 'NOUN', 'ADP', 'PUNCT', 'PRON', 'ADV', 'VERB', 'NOUN', 'CCONJ', 'VERB', 'ADP', 'NOUN', 'NOUN', 'PART', 'VERB', 'PUNCT', 'CCONJ', 'DET', 'NOUN', 'NOUN', 'ADV', 'VERB', 'ADJ', 'PART', 'VERB', 'VERB', 'PUNCT', 'ADJ', 'NOUN', 'CCONJ', 'ADV', 'ADJ', 'NOUN', 'PUNCT', 'DET', 'NOUN', 'ADP', 'DET', 'NOUN', 'AUX', 'ADV', 'ADJ', 'PUNCT', 'PRON', 'VERB', 'ADP', 'ADJ', 'NOUN', 'PUNCT', 'CCONJ', 'DET', 'NOUN', 'AUX', 'ADV', 'ADJ', 'PRON', 'PUNCT', 'PRON', 'AUX', 'PRON', 'ADJ', 'NOUN', 'VERB', 'DET', 'NOUN', 'CCONJ', 'PRON', 'AUX', 'ADV', 'AUX', 'ADV', 'PUNCT', 'PUNCT']","['We', 'a Monday', 'Cabo San Lucas', 'line', 'They', 'the number', 'people', 'who', 'the beach', 'we', 'the beach', 'Entrance', 'they', 'the bathrooms', 'some cash', 'They', 'permanent umbrellas', 'the beach', 'that', 'you', 'a gentleman', 'the entrance', 'that', 'chairsumbrellas', 'They', 'your ID', 'collateral', 'it', 'you', 'the chairs', 'They', 'kayak', 'paddle boards', 'no food vendors', 'Beautiful beach and very low tides', 'The hike', 'the hill', 'we', 'flip flops', 'the views', 'This', 'my first time', 'this beach', 'I']","[{'text': 'Monday', 'label': 'DATE'}, {'text': '4am', 'label': 'TIME'}, {'text': 'Cabo San Lucas', 'label': 'LOC'}, {'text': 'first', 'label': 'ORDINAL'}, {'text': '7am', 'label': 'TIME'}, {'text': 'kayak', 'label': 'ORG'}, {'text': 'first', 'label': 'ORDINAL'}]",0.03888888888888889
46238,5.0,"The water is spectacularly clear, but a word of caution, theres no place to buy water or food once inside the park","['DET', 'NOUN', 'AUX', 'ADV', 'ADJ', 'PUNCT', 'CCONJ', 'DET', 'NOUN', 'ADP', 'NOUN', 'PUNCT', 'PRON', 'VERB', 'DET', 'NOUN', 'PART', 'VERB', 'NOUN', 'CCONJ', 'NOUN', 'ADV', 'ADP', 'DET', 'NOUN']","['The water', 'caution', 'no place', 'water', 'food', 'the park']",[],0.0
46240,1.0,"Arrived at 4 PM. Was told they are full for the day. Guard wouldnt let us in, even though there were cars leaving. Guard said we had to be there at 7 AM to get in at 8, or at 1130 to get in at 1 PM. Seems like a big effort and a long time to wait to go to the beach.","['VERB', 'ADP', 'NUM', 'NOUN', 'PUNCT', 'AUX', 'VERB', 'PRON', 'AUX', 'ADJ', 'ADP', 'DET', 'NOUN', 'PUNCT', 'PROPN', 'AUX', 'PART', 'VERB', 'PRON', 'ADP', 'PUNCT', 'ADV', 'SCONJ', 'PRON', 'VERB', 'NOUN', 'VERB', 'PUNCT', 'PROPN', 'VERB', 'PRON', 'VERB', 'PART', 'AUX', 'ADV', 'ADP', 'NUM', 'NOUN', 'PART', 'VERB', 'ADP', 'ADP', 'NUM', 'PUNCT', 'CCONJ', 'ADP', 'NUM', 'PART', 'VERB', 'ADP', 'ADP', 'NUM', 'NOUN', 'PUNCT', 'VERB', 'ADP', 'DET', 'ADJ', 'NOUN', 'CCONJ', 'DET', 'ADJ', 'NOUN', 'PART', 'VERB', 'PART', 'VERB', 'ADP', 'DET', 'NOUN', 'PUNCT']","['4 PM', 'they', 'the day', 'Guard', 'us', 'cars', 'Guard', 'we', '7 AM', '1 PM', 'a big effort', 'a long time', 'the beach']","[{'text': '4 PM', 'label': 'TIME'}, {'text': 'the day', 'label': 'DATE'}, {'text': '7 AM', 'label': 'TIME'}, {'text': '8', 'label': 'DATE'}, {'text': '11:30', 'label': 'TIME'}, {'text': '1 PM', 'label': 'TIME'}]",0.08450704225352113
46241,5.0,"Playa Balandra is a place where the sea meets the desert. This beach offers a stunning and unique landscape. Its the best beach to relax and enjoy the natural beauty of La Paz, BCS","['PROPN', 'PROPN', 'AUX', 'DET', 'NOUN', 'SCONJ', 'DET', 'NOUN', 'VERB', 'DET', 'NOUN', 'PUNCT', 'DET', 'NOUN', 'VERB', 'DET', 'ADJ', 'CCONJ', 'ADJ', 'NOUN', 'PUNCT', 'PRON', 'DET', 'ADJ', 'NOUN', 'PART', 'VERB', 'CCONJ', 'VERB', 'DET', 'ADJ', 'NOUN', 'ADP', 'PROPN', 'PROPN', 'PUNCT', 'PROPN', 'PUNCT']","['Playa Balandra', 'a place', 'the sea', 'the desert', 'This beach', 'a stunning and unique landscape', 'Its the best beach', 'the natural beauty', 'La Paz', ', BCS']","[{'text': 'Playa Balandra', 'label': 'PERSON'}, {'text': 'La Paz', 'label': 'FAC'}, {'text': 'BCS', 'label': 'ORG'}]",0.07894736842105263
46243,5.0,One of the best beaches I have ever been,"['NUM', 'ADP', 'DET', 'ADJ', 'NOUN', 'PRON', 'AUX', 'ADV', 'AUX']","['the best beaches', 'I']","[{'text': 'One', 'label': 'CARDINAL'}]",0.1111111111111111
46252,5.0,Beautiful white sandy beach. If you arrive at low tide there wont be enough water for swimming but its still beautiful. They allow morning and afternoon shifts of people so it doesnt get too overcrowded. The views from the short hike near the playa are fabulous.,"['ADJ', 'ADJ', 'ADJ', 'NOUN', 'PUNCT', 'SCONJ', 'PRON', 'VERB', 'ADP', 'ADJ', 'NOUN', 'PRON', 'AUX', 'PART', 'AUX', 'ADJ', 'NOUN', 'ADP', 'NOUN', 'CCONJ', 'PRON', 'AUX', 'ADV', 'ADJ', 'PUNCT', 'PRON', 'VERB', 'NOUN', 'CCONJ', 'NOUN', 'NOUN', 'ADP', 'NOUN', 'SCONJ', 'PRON', 'AUX', 'PART', 'VERB', 'ADV', 'ADJ', 'PUNCT', 'DET', 'NOUN', 'ADP', 'DET', 'ADJ', 'NOUN', 'ADP', 'DET', 'NOUN', 'AUX', 'ADJ', 'PUNCT']","['Beautiful white sandy beach', 'you', 'low tide', 'enough water', 'swimming', 'it', 'They', 'morning and afternoon shifts', 'people', 'it', 'The views', 'the short hike', 'the playa']","[{'text': 'afternoon', 'label': 'TIME'}]",0.018867924528301886
46259,5.0,"Beautiful beach, a lot of space for people to spread out. If youre coming from La Paz on the playa bus, take the noon bus and you will get in for the 1pm opening.","['ADJ', 'NOUN', 'PUNCT', 'DET', 'NOUN', 'ADP', 'NOUN', 'SCONJ', 'NOUN', 'PART', 'VERB', 'ADP', 'PUNCT', 'SCONJ', 'PRON', 'AUX', 'VERB', 'ADP', 'PROPN', 'PROPN', 'ADP', 'DET', 'NOUN', 'NOUN', 'PUNCT', 'VERB', 'DET', 'NOUN', 'NOUN', 'CCONJ', 'PRON', 'AUX', 'VERB', 'ADP', 'ADP', 'DET', 'NUM', 'NOUN', 'NOUN', 'PUNCT']","['Beautiful beach', 'a lot', 'space', 'people', 'you', 'La Paz', 'the playa bus', 'the noon bus', 'you', 'the 1pm opening']","[{'text': 'La Paz', 'label': 'FAC'}, {'text': 'the noon', 'label': 'TIME'}, {'text': '1pm opening', 'label': 'TIME'}]",0.075
46262,4.0,They limit the number of of cars to enter so make sure to arrive early,"['PRON', 'VERB', 'DET', 'NOUN', 'ADP', 'ADP', 'NOUN', 'PART', 'VERB', 'ADV', 'VERB', 'ADJ', 'PART', 'VERB', 'ADJ']","['They', 'the number', 'cars']",[],0.0
46269,5.0,"It is a beautiful beach, but maybe not the best beach in Mexico as they claim.","['PRON', 'AUX', 'DET', 'ADJ', 'NOUN', 'PUNCT', 'CCONJ', 'ADV', 'PART', 'DET', 'ADJ', 'NOUN', 'ADP', 'PROPN', 'SCONJ', 'PRON', 'VERB', 'PUNCT']","['It', 'a beautiful beach', 'maybe not the best beach', 'Mexico', 'they']","[{'text': 'Mexico', 'label': 'GPE'}]",0.05555555555555555
46270,4.0,Nice spot. Better when high tide.,"['ADJ', 'NOUN', 'PUNCT', 'ADV', 'SCONJ', 'ADJ', 'NOUN', 'PUNCT']",['Nice spot'],[],0.0
46280,5.0,Early January 2025 and it was EXQUISITELY beautiful,"['ADV', 'PROPN', 'NUM', 'CCONJ', 'PRON', 'AUX', 'PROPN', 'ADJ', 'PUNCT', 'PUNCT', 'PUNCT']","['it', 'EXQUISITELY']","[{'text': 'Early January 2025', 'label': 'DATE'}, {'text': 'EXQUISITELY', 'label': 'ORG'}]",0.18181818181818182
46286,5.0,"Most beautiful beach in Baja, maybe in the world. Try to be there at low tide so you can enjoy it more.","['ADV', 'ADJ', 'NOUN', 'ADP', 'PROPN', 'PUNCT', 'ADV', 'ADP', 'DET', 'NOUN', 'PUNCT', 'VERB', 'PART', 'AUX', 'ADV', 'ADP', 'ADJ', 'NOUN', 'SCONJ', 'PRON', 'AUX', 'VERB', 'PRON', 'ADJ', 'PUNCT']","['Most beautiful beach', 'Baja', 'the world', 'low tide', 'you', 'it']","[{'text': 'Baja', 'label': 'GPE'}]",0.04
46291,5.0,Beautiful bay and beach Get there early for parking spot or walk in if they havent reached capacity.,"['ADJ', 'NOUN', 'CCONJ', 'NOUN', 'PUNCT', 'VERB', 'ADV', 'ADV', 'ADP', 'NOUN', 'NOUN', 'CCONJ', 'VERB', 'ADP', 'SCONJ', 'PRON', 'AUX', 'PART', 'VERB', 'NOUN', 'PUNCT']","['Beautiful bay', 'beach', 'parking spot', 'they', 'capacity']",[],0.0
46299,5.0,Heaven on earth You can walk in the water for miles and the water still wont reach your hips.,"['PROPN', 'ADP', 'NOUN', 'PUNCT', 'PRON', 'AUX', 'VERB', 'ADP', 'DET', 'NOUN', 'ADP', 'NOUN', 'CCONJ', 'DET', 'NOUN', 'ADV', 'AUX', 'PART', 'VERB', 'PRON', 'NOUN', 'PUNCT']","['Heaven', 'earth', 'You', 'the water', 'miles', 'the water', 'your hips']",[],0.0
46303,5.0,Best beach Ive been to so far in baja California,"['ADJ', 'NOUN', 'PRON', 'AUX', 'AUX', 'PART', 'ADV', 'ADV', 'ADP', 'NOUN', 'PROPN']","['I', 'baja']","[{'text': 'California', 'label': 'GPE'}]",0.09090909090909091
46312,3.0,Such a gong show. Only limited people allowed and you drive all the way there and theyll turn you back after waiting in line. And its 500pesos per person. Also when the tide is low it looks like crap in some places. Boat entry is better. Once you take in the view not a lot there but shallow water. Place is worth seeing once otherwise meh. I appreciate the limits but come on figure out some system.,"['DET', 'DET', 'NOUN', 'NOUN', 'PUNCT', 'ADV', 'ADJ', 'NOUN', 'VERB', 'CCONJ', 'PRON', 'VERB', 'DET', 'DET', 'NOUN', 'ADV', 'CCONJ', 'PRON', 'AUX', 'VERB', 'PRON', 'ADV', 'ADP', 'VERB', 'ADP', 'NOUN', 'PUNCT', 'CCONJ', 'PRON', 'AUX', 'PROPN', 'ADP', 'NOUN', 'PUNCT', 'ADV', 'SCONJ', 'DET', 'NOUN', 'AUX', 'ADJ', 'PRON', 'VERB', 'ADP', 'NOUN', 'ADP', 'DET', 'NOUN', 'PUNCT', 'NOUN', 'NOUN', 'AUX', 'ADJ', 'PUNCT', 'SCONJ', 'PRON', 'VERB', 'ADP', 'DET', 'NOUN', 'PART', 'DET', 'NOUN', 'ADV', 'CCONJ', 'ADJ', 'NOUN', 'PUNCT', 'NOUN', 'AUX', 'ADJ', 'VERB', 'ADV', 'ADV', 'PROPN', 'PUNCT', 'PRON', 'VERB', 'DET', 'NOUN', 'CCONJ', 'VERB', 'ADP', 'VERB', 'ADP', 'DET', 'NOUN', 'PUNCT']","['Such a gong show', 'Only limited people', 'you', 'they', 'you', 'line', 'it', '500pesos', 'person', 'the tide', 'it', 'crap', 'some places', 'Boat entry', 'you', 'the view', 'Place', 'meh', 'I', 'the limits', 'some system']","[{'text': '500pesos', 'label': 'CARDINAL'}]",0.011494252873563218
46313,3.0,"It was OK. The view and the water was good, but I feel limiting the number of people is a marketing ploy, and after seeing the bay, I would say, if it wasnt for the marketing and limiting the number of people in, I probably wouldnt have gone out of my way to visit. But, I did, so it works. It wasnt a total waste of time, and I probably would have enjoyed it more if it wasnt built up so much.","['PRON', 'AUX', 'ADJ', 'PUNCT', 'DET', 'NOUN', 'CCONJ', 'DET', 'NOUN', 'AUX', 'ADJ', 'PUNCT', 'CCONJ', 'PRON', 'VERB', 'VERB', 'DET', 'NOUN', 'ADP', 'NOUN', 'AUX', 'DET', 'NOUN', 'NOUN', 'PUNCT', 'CCONJ', 'ADP', 'VERB', 'DET', 'NOUN', 'PUNCT', 'PRON', 'AUX', 'VERB', 'PUNCT', 'SCONJ', 'PRON', 'AUX', 'PART', 'ADP', 'DET', 'NOUN', 'CCONJ', 'VERB', 'DET', 'NOUN', 'ADP', 'NOUN', 'ADP', 'PUNCT', 'PRON', 'ADV', 'AUX', 'PART', 'AUX', 'VERB', 'ADP', 'ADP', 'PRON', 'NOUN', 'PART', 'VERB', 'PUNCT', 'CCONJ', 'PUNCT', 'PRON', 'VERB', 'PUNCT', 'ADV', 'PRON', 'VERB', 'PUNCT', 'PRON', 'AUX', 'PART', 'DET', 'ADJ', 'NOUN', 'ADP', 'NOUN', 'PUNCT', 'CCONJ', 'PRON', 'ADV', 'AUX', 'AUX', 'VERB', 'PRON', 'ADV', 'SCONJ', 'PRON', 'AUX', 'PART', 'VERB', 'ADP', 'ADV', 'ADV', 'PUNCT']","['It', 'The view', 'the water', 'I', 'the number', 'people', 'a marketing ploy', 'the bay', 'I', 'it', 'the marketing', 'the number', 'people', 'I', 'my way', 'I', 'it', 'It', 'a total waste', 'time', 'I', 'it', 'it']",[],0.0
46317,5.0,"Absolutely beautiful and unique. Bring food, as no cafes there. Amazing how far you can walk out in the shallow water. Came in the Winter midmorning when it was still a little windy and chilly. Warmed up by 11am but then they close and kick you out 121pm cant even do the short hike to see view during that time. People start lining up for entry before noon for afternoon session. Would recommend coming by 113012pm, line up and then you have longer to spend on the beach in the afternoon and weather is better. Andor go next door to Playa Tecolote. No line, beautiful views, bigger, parking right next to beach, cafes, hammocks, not quite as shallow. Best setup of cafehammocksbeach is all the way to the left. Either beach are a must see and spend halfday or all day","['ADV', 'ADJ', 'CCONJ', 'ADJ', 'PUNCT', 'VERB', 'NOUN', 'PUNCT', 'ADP', 'DET', 'NOUN', 'ADV', 'PUNCT', 'ADJ', 'SCONJ', 'ADV', 'PRON', 'AUX', 'VERB', 'ADV', 'ADP', 'DET', 'ADJ', 'NOUN', 'PUNCT', 'VERB', 'ADP', 'DET', 'PROPN', 'NOUN', 'NOUN', 'NOUN', 'SCONJ', 'PRON', 'AUX', 'ADV', 'DET', 'ADJ', 'ADJ', 'CCONJ', 'ADJ', 'PUNCT', 'VERB', 'ADP', 'ADP', 'NUM', 'ADV', 'CCONJ', 'ADV', 'PRON', 'VERB', 'CCONJ', 'VERB', 'PRON', 'ADP', 'NUM', 'PUNCT', 'NOUN', 'PUNCT', 'AUX', 'PART', 'ADV', 'AUX', 'DET', 'ADJ', 'NOUN', 'PART', 'VERB', 'NOUN', 'ADP', 'DET', 'NOUN', 'PUNCT', 'PUNCT', 'NOUN', 'VERB', 'VERB', 'ADP', 'ADP', 'NOUN', 'ADP', 'NOUN', 'ADP', 'NOUN', 'NOUN', 'PUNCT', 'AUX', 'VERB', 'VERB', 'ADP', 'PROPN', 'PUNCT', 'NOUN', 'ADP', 'CCONJ', 'ADV', 'PRON', 'VERB', 'ADJ', 'PART', 'VERB', 'ADP', 'DET', 'NOUN', 'ADP', 'DET', 'NOUN', 'CCONJ', 'NOUN', 'AUX', 'ADJ', 'PUNCT', 'PROPN', 'VERB', 'ADJ', 'NOUN', 'ADP', 'PROPN', 'PROPN', 'PUNCT', 'DET', 'NOUN', 'PUNCT', 'ADJ', 'NOUN', 'PUNCT', 'ADJ', 'PUNCT', 'NOUN', 'ADV', 'ADV', 'ADP', 'NOUN', 'PUNCT', 'NOUN', 'PUNCT', 'NOUN', 'PUNCT', 'PART', 'ADV', 'ADV', 'ADJ', 'PUNCT', 'ADJ', 'NOUN', 'ADP', 'NOUN', 'AUX', 'DET', 'DET', 'NOUN', 'ADP', 'DET', 'NOUN', 'PUNCT', 'CCONJ', 'NOUN', 'AUX', 'PRON', 'AUX', 'VERB', 'CCONJ', 'VERB', 'ADJ', 'PUNCT', 'NOUN', 'CCONJ', 'DET', 'NOUN']","['food', 'no cafes', 'you', 'the shallow water', 'the Winter mid', '-', 'morning', 'it', 'they', 'you', 'the short hike', 'view', 'that time', 'People', 'entry', 'noon', 'afternoon session', '11:3012pm', 'line', 'you', 'the beach', 'the afternoon', 'weather', 'Andor', 'Playa Tecolote', 'No line', 'beautiful views', 'beach', 'cafes', 'hammocks', 'Best setup', 'cafehammocksbeach', 'the left', 'Either beach', 'a', 'half-day', 'all day']","[{'text': 'mid-morning', 'label': 'TIME'}, {'text': '11am', 'label': 'TIME'}, {'text': '12-1pm', 'label': 'CARDINAL'}, {'text': 'before noon', 'label': 'TIME'}, {'text': 'afternoon', 'label': 'TIME'}, {'text': 'Playa Tecolote', 'label': 'ORG'}, {'text': 'half-day', 'label': 'DATE'}]",0.04142011834319527
46327,5.0,Wonderful beach with interesting geological structures. Tide was out when we were there so we go to see much more of the area.,"['ADJ', 'NOUN', 'ADP', 'ADJ', 'ADJ', 'NOUN', 'PUNCT', 'PROPN', 'AUX', 'ADP', 'SCONJ', 'PRON', 'AUX', 'ADV', 'ADV', 'PRON', 'VERB', 'PART', 'VERB', 'ADV', 'ADJ', 'ADP', 'DET', 'NOUN', 'PUNCT']","['Wonderful beach', 'interesting geological structures', 'Tide', 'we', 'we', 'the area']","[{'text': 'Wonderful', 'label': 'GPE'}]",0.04
46328,4.0,Crystal clear water. White sands. The authority limits the amount of visitors so that the beach is never too crowded. Be aware that you may have to Wait in a queue before you can actually reach the beach. It is a great foto spot and worth the drive from la Paz,"['PROPN', 'ADJ', 'NOUN', 'PUNCT', 'ADJ', 'NOUN', 'PUNCT', 'DET', 'NOUN', 'VERB', 'DET', 'NOUN', 'ADP', 'NOUN', 'SCONJ', 'SCONJ', 'DET', 'NOUN', 'AUX', 'ADV', 'ADV', 'ADJ', 'PUNCT', 'AUX', 'ADJ', 'SCONJ', 'PRON', 'AUX', 'VERB', 'PART', 'VERB', 'ADP', 'DET', 'NOUN', 'SCONJ', 'PRON', 'AUX', 'ADV', 'VERB', 'DET', 'NOUN', 'PUNCT', 'PRON', 'AUX', 'DET', 'ADJ', 'NOUN', 'NOUN', 'CCONJ', 'ADJ', 'DET', 'NOUN', 'ADP', 'PROPN', 'PROPN']","['Crystal clear water', 'White sands', 'The authority', 'the amount', 'visitors', 'the beach', 'you', 'a queue', 'you', 'the beach', 'It', 'a great foto spot', 'the drive', 'la Paz']",[],0.0
46330,5.0,BEAUTIFUL beach LOVED this beach. I could spend hours out there. Just LOVE the colors and the wildlife.,"['PROPN', 'NOUN', 'PUNCT', 'PROPN', 'DET', 'NOUN', 'PUNCT', 'PRON', 'AUX', 'VERB', 'NOUN', 'ADV', 'ADV', 'PUNCT', 'ADV', 'VERB', 'DET', 'NOUN', 'CCONJ', 'DET', 'NOUN', 'PUNCT']","['BEAUTIFUL beach', 'LOVED', 'I', 'hours', 'the colors', 'the wildlife']","[{'text': 'BEAUTIFUL', 'label': 'ORG'}, {'text': 'LOVED', 'label': 'PERSON'}, {'text': 'hours', 'label': 'TIME'}]",0.13636363636363635
46332,5.0,"Gorgeous perfect for little kids. As others have stated, pack in alot of your needed items towels, umbrella etc. We went to the morning slot they come do a sweep and clean up any garbage left behind please do your part but we didnt feel rushed out and it was slow so you couldve gotten back in the line to reenter. We had to leave at 1145 and the next session was let in at 1pm. It was def the slow season early December temperature was perfect and alot less people.","['ADV', 'ADJ', 'ADP', 'ADJ', 'NOUN', 'PUNCT', 'SCONJ', 'NOUN', 'AUX', 'VERB', 'PUNCT', 'NOUN', 'ADP', 'NOUN', 'ADP', 'PRON', 'VERB', 'ADJ', 'NOUN', 'PUNCT', 'PROPN', 'X', 'PUNCT', 'PRON', 'VERB', 'ADP', 'DET', 'NOUN', 'NOUN', 'PRON', 'VERB', 'VERB', 'DET', 'NOUN', 'CCONJ', 'VERB', 'ADP', 'DET', 'NOUN', 'VERB', 'ADV', 'PUNCT', 'INTJ', 'VERB', 'PRON', 'NOUN', 'PUNCT', 'CCONJ', 'PRON', 'AUX', 'PART', 'VERB', 'VERB', 'ADP', 'CCONJ', 'PRON', 'AUX', 'ADJ', 'SCONJ', 'PRON', 'AUX', 'AUX', 'VERB', 'ADV', 'ADP', 'DET', 'NOUN', 'ADP', 'NOUN', 'PUNCT', 'PRON', 'VERB', 'PART', 'VERB', 'ADP', 'NUM', 'CCONJ', 'DET', 'ADJ', 'NOUN', 'AUX', 'VERB', 'ADP', 'ADP', 'NUM', 'NOUN', 'PUNCT', 'PRON', 'AUX', 'VERB', 'DET', 'ADJ', 'NOUN', 'PUNCT', 'ADJ', 'PROPN', 'PUNCT', 'NOUN', 'AUX', 'ADJ', 'CCONJ', 'NOUN', 'ADJ', 'NOUN', 'PUNCT']","['little kids', 'others', 'alot', 'your needed items- towels', 'We', 'the morning slot-', 'they', 'a sweep', 'any garbage', 'your part', 'we', 'it', 'you', 'the line', 'reenter', 'We', 'the next session', '1pm', 'It', 'the slow season', 'early December', 'temperature', 'alot less people']","[{'text': 'morning', 'label': 'TIME'}, {'text': '1145', 'label': 'DATE'}, {'text': '1pm', 'label': 'TIME'}, {'text': 'early December', 'label': 'DATE'}]",0.0380952380952381
46333,5.0,Great Beach for kids to explore...,"['ADJ', 'PROPN', 'SCONJ', 'NOUN', 'PART', 'VERB', 'PUNCT', 'PUNCT', 'PUNCT']","['Great Beach', 'kids']","[{'text': 'Great Beach', 'label': 'GPE'}]",0.1111111111111111
46342,5.0,"Since Balandra is a protected area, keep in mind theres a limited capacity, so its essential to arrive early. You can get a spot either at 800 am or 100 pm. Unfortunately, they close at 500 pm, so catching the sunset there is hard. Its also important to note that phone reception is hard to find, so plan accordingly. Remember, there are no stores around, so its important to bring your own snacks and drinks. Also, pack an umbrella or chairs because there arent any available for rent onsite.","['SCONJ', 'PROPN', 'AUX', 'DET', 'VERB', 'NOUN', 'PUNCT', 'VERB', 'ADP', 'NOUN', 'PRON', 'VERB', 'DET', 'ADJ', 'NOUN', 'PUNCT', 'SCONJ', 'PRON', 'AUX', 'ADJ', 'PART', 'VERB', 'ADV', 'PUNCT', 'PRON', 'AUX', 'VERB', 'DET', 'NOUN', 'CCONJ', 'ADP', 'NUM', 'NOUN', 'CCONJ', 'NUM', 'NOUN', 'PUNCT', 'ADV', 'PUNCT', 'PRON', 'VERB', 'ADP', 'NUM', 'NOUN', 'PUNCT', 'ADV', 'VERB', 'DET', 'NOUN', 'PRON', 'VERB', 'ADJ', 'PUNCT', 'PRON', 'AUX', 'ADV', 'ADJ', 'PART', 'VERB', 'SCONJ', 'NOUN', 'NOUN', 'AUX', 'ADJ', 'PART', 'VERB', 'PUNCT', 'ADV', 'VERB', 'ADV', 'PUNCT', 'VERB', 'PUNCT', 'PRON', 'VERB', 'DET', 'NOUN', 'ADV', 'PUNCT', 'SCONJ', 'PRON', 'AUX', 'ADJ', 'PART', 'VERB', 'PRON', 'ADJ', 'NOUN', 'CCONJ', 'NOUN', 'PUNCT', 'ADV', 'PUNCT', 'VERB', 'DET', 'NOUN', 'CCONJ', 'NOUN', 'SCONJ', 'PRON', 'VERB', 'PART', 'PRON', 'ADJ', 'ADP', 'NOUN', 'ADP', 'PUNCT', 'NOUN', 'PUNCT']","['Balandra', 'a protected area', 'mind', 'a limited capacity', 'it', 'You', 'a spot', '8:00 am', '1:00 pm', 'they', '5:00 pm', 'the sunset', 'It', 'phone reception', 'no stores', 'it', 'your own snacks', 'drinks', 'an umbrella', 'chairs', 'rent', 'site']","[{'text': 'Balandra', 'label': 'PERSON'}, {'text': '8:00 am or', 'label': 'TIME'}, {'text': '1:00 pm', 'label': 'TIME'}, {'text': '5:00 pm', 'label': 'TIME'}]",0.03636363636363636
46346,3.0,"Overrated in my opinion. We went there very and found ourselves in a beach with too many people. As soon as the buses arrived the place was crowded. Everyone just going for the picture, very silly","['VERB', 'ADP', 'PRON', 'NOUN', 'PUNCT', 'PRON', 'VERB', 'ADV', 'ADV', 'CCONJ', 'VERB', 'PRON', 'ADP', 'DET', 'NOUN', 'ADP', 'ADV', 'ADJ', 'NOUN', 'PUNCT', 'ADV', 'ADV', 'SCONJ', 'DET', 'NOUN', 'VERB', 'DET', 'NOUN', 'AUX', 'VERB', 'PUNCT', 'PRON', 'ADV', 'VERB', 'ADP', 'DET', 'NOUN', 'PUNCT', 'ADV', 'ADJ']","['my opinion', 'We', 'ourselves', 'a beach', 'too many people', 'the buses', 'the place', 'Everyone', 'the picture']",[],0.0
46350,5.0,Beautiful beach. Controlled so it is not slammed. Two times to go. 8 and 1pm. Get in line early,"['ADJ', 'NOUN', 'PUNCT', 'VERB', 'SCONJ', 'PRON', 'AUX', 'PART', 'VERB', 'PUNCT', 'NUM', 'NOUN', 'PART', 'VERB', 'PUNCT', 'NUM', 'CCONJ', 'NUM', 'NOUN', 'PUNCT', 'VERB', 'ADP', 'NOUN', 'ADV']","['Beautiful beach', 'it', 'Two times', '8 and 1pm', 'line']","[{'text': 'Two', 'label': 'CARDINAL'}, {'text': '8 and 1pm', 'label': 'TIME'}]",0.08333333333333333
46352,5.0,"The is the rightfully famous, beautiful beach near La Paz.This spot has a timed entry policy in place. There is a AM slot that runs till midday and a PM slot that runs the afternoon. We arrived mid morning and went directly to gate attendant and he allowed us to go in to use the remaining time left for someone who had left early. We had about an hour at the beach, which was perfect. We then went next door Tecolote beach, which has restaurant service and no time limit.","['PRON', 'AUX', 'DET', 'ADV', 'ADJ', 'PUNCT', 'ADJ', 'NOUN', 'ADP', 'PROPN', 'PROPN', 'PUNCT', 'DET', 'NOUN', 'VERB', 'DET', 'ADJ', 'NOUN', 'NOUN', 'ADP', 'NOUN', 'PUNCT', 'PRON', 'VERB', 'DET', 'NOUN', 'NOUN', 'PRON', 'VERB', 'SCONJ', 'NOUN', 'CCONJ', 'DET', 'NOUN', 'NOUN', 'PRON', 'VERB', 'DET', 'NOUN', 'PUNCT', 'PRON', 'VERB', 'ADJ', 'NOUN', 'CCONJ', 'VERB', 'ADV', 'PART', 'VERB', 'NOUN', 'CCONJ', 'PRON', 'VERB', 'PRON', 'PART', 'VERB', 'ADP', 'PART', 'VERB', 'DET', 'VERB', 'NOUN', 'VERB', 'ADP', 'PRON', 'PRON', 'AUX', 'VERB', 'ADV', 'PUNCT', 'PRON', 'VERB', 'ADV', 'PRON', 'NOUN', 'ADP', 'DET', 'NOUN', 'PUNCT', 'PRON', 'AUX', 'ADJ', 'PUNCT', 'PRON', 'ADV', 'VERB', 'ADJ', 'NOUN', 'PROPN', 'NOUN', 'PUNCT', 'PRON', 'VERB', 'NOUN', 'NOUN', 'CCONJ', 'DET', 'NOUN', 'NOUN', 'PUNCT']","['The', 'the rightfully famous, beautiful beach', 'La Paz', 'This spot', 'a timed entry policy', 'place', 'a AM slot', 'that', 'midday', 'a PM slot', 'that', 'We', 'attendant', 'he', 'us', 'the remaining time', 'someone', 'who', 'We', 'about an hour', 'the beach', 'which', 'We', 'which', 'restaurant service', 'no time limit']","[{'text': 'La Paz', 'label': 'FAC'}, {'text': 'midday', 'label': 'TIME'}, {'text': 'mid morning', 'label': 'TIME'}, {'text': 'about an hour', 'label': 'TIME'}, {'text': 'Tecolote beach', 'label': 'GPE'}]",0.05
46353,5.0,This beach is a rare beauty. Highly recommend checking it out if you are in La Paz. There is so much wildlife so watch and it a cast area that is well protected by the conservation ministry.,"['DET', 'NOUN', 'AUX', 'DET', 'ADJ', 'NOUN', 'PUNCT', 'ADV', 'VERB', 'VERB', 'PRON', 'ADP', 'SCONJ', 'PRON', 'AUX', 'ADP', 'PROPN', 'PROPN', 'PUNCT', 'PRON', 'VERB', 'ADV', 'ADJ', 'NOUN', 'ADV', 'VERB', 'CCONJ', 'PRON', 'DET', 'NOUN', 'NOUN', 'PRON', 'AUX', 'ADV', 'VERB', 'ADP', 'DET', 'NOUN', 'NOUN', 'PUNCT']","['This beach', 'a rare beauty', 'it', 'you', 'La Paz', 'so much wildlife', 'and it', 'a cast area', 'that', 'the conservation ministry']","[{'text': 'La Paz', 'label': 'FAC'}]",0.025
46365,5.0,"Got to overview from the water on our boat tour, beautiful beach","['VERB', 'PART', 'VERB', 'ADP', 'DET', 'NOUN', 'ADP', 'PRON', 'NOUN', 'NOUN', 'PUNCT', 'ADJ', 'NOUN', 'PUNCT']","['the water', 'our boat tour', 'beautiful beach']",[],0.0
46373,5.0,Nice for a few hours or a day . Not really for snorkeling. Just to enjoy the incredible views,"['INTJ', 'ADP', 'DET', 'ADJ', 'NOUN', 'CCONJ', 'DET', 'NOUN', 'PUNCT', 'PART', 'ADV', 'ADP', 'NOUN', 'PUNCT', 'ADV', 'PART', 'VERB', 'DET', 'ADJ', 'NOUN', 'PUNCT']","['a few hours', 'a day', 'snorkeling', 'the incredible views']","[{'text': 'a few hours or', 'label': 'TIME'}]",0.047619047619047616
46380,4.0,"Balandra beach is a mustsee beach in La Paz. Warm, clear bluegreen, calm waters, you just may never want to get out. The water is shallow enough you can walk across the other side of the bay. Balandra has limited palapas 1520, recommend you bring your own umbrellas, chairs or blankie. You just have to find the right spot for you, on the beach. While youre at the beach, make sure you check out the famous mushroom rock, approximately a 15 minute walk or swim through shallow waters. Recommend water shoes. Traveling group and I visited in September. We arrived at the entrance gate and were told that beach was full to come back the following morning. We ended up going to neighboring beach, Playa Tecolote since we were in the area. Balandra has limited parking lot. No food vendors or restaurants. Bring your own food and drinks. Still recommend Playa Balandra","['PROPN', 'NOUN', 'AUX', 'DET', 'AUX', 'PUNCT', 'VERB', 'NOUN', 'ADP', 'PROPN', 'PROPN', 'PUNCT', 'ADJ', 'PUNCT', 'ADJ', 'ADJ', 'PUNCT', 'ADJ', 'PUNCT', 'ADJ', 'NOUN', 'PUNCT', 'PRON', 'ADV', 'AUX', 'ADV', 'VERB', 'PART', 'VERB', 'ADP', 'PUNCT', 'DET', 'NOUN', 'AUX', 'ADJ', 'ADV', 'PRON', 'AUX', 'VERB', 'ADP', 'DET', 'ADJ', 'NOUN', 'ADP', 'DET', 'NOUN', 'PUNCT', 'PROPN', 'AUX', 'VERB', 'NOUN', 'PUNCT', 'NUM', 'SYM', 'NUM', 'PUNCT', 'PUNCT', 'VERB', 'PRON', 'VERB', 'PRON', 'ADJ', 'NOUN', 'PUNCT', 'NOUN', 'CCONJ', 'PROPN', 'PUNCT', 'PRON', 'ADV', 'VERB', 'PART', 'VERB', 'DET', 'ADJ', 'NOUN', 'ADP', 'PRON', 'PUNCT', 'ADP', 'DET', 'NOUN', 'PUNCT', 'SCONJ', 'PRON', 'VERB', 'ADP', 'DET', 'NOUN', 'PUNCT', 'VERB', 'ADJ', 'PRON', 'VERB', 'ADP', 'DET', 'ADJ', 'NOUN', 'NOUN', 'PUNCT', 'ADV', 'DET', 'NUM', 'NOUN', 'NOUN', 'PUNCT', 'CCONJ', 'VERB', 'PUNCT', 'ADP', 'ADJ', 'NOUN', 'PUNCT', 'ADJ', 'NOUN', 'NOUN', 'PUNCT', 'VERB', 'NOUN', 'CCONJ', 'PRON', 'VERB', 'ADP', 'PROPN', 'PUNCT', 'PRON', 'VERB', 'ADP', 'DET', 'NOUN', 'NOUN', 'CCONJ', 'AUX', 'VERB', 'DET', 'NOUN', 'AUX', 'ADJ', 'PART', 'VERB', 'ADV', 'DET', 'VERB', 'NOUN', 'PUNCT', 'PRON', 'VERB', 'ADP', 'VERB', 'ADP', 'NOUN', 'NOUN', 'PUNCT', 'PROPN', 'PROPN', 'SCONJ', 'PRON', 'AUX', 'ADP', 'DET', 'NOUN', 'PUNCT', 'PROPN', 'AUX', 'VERB', 'NOUN', 'NOUN', 'PUNCT', 'DET', 'NOUN', 'NOUN', 'CCONJ', 'NOUN', 'PUNCT', 'VERB', 'PRON', 'ADJ', 'NOUN', 'CCONJ', 'NOUN', 'PUNCT', 'ADV', 'VERB', 'PROPN', 'PROPN']","['Balandra beach', 'a must-see beach', 'La Paz', 'you', 'The water', 'you', 'the other side', 'the bay', 'Balandra', 'you', 'your own umbrellas', 'chairs', 'blankie', 'You', 'the right spot', 'you', 'the beach', 'you', 'the beach', 'you', 'the famous mushroom rock', 'approximately a 15 minute walk', 'shallow waters', 'Recommend water shoes', 'Traveling group', 'I', 'September', 'We', 'the entrance gate', 'that beach', 'We', 'neighboring beach', 'we', 'the area', 'Balandra', 'No food vendors', 'restaurants', 'your own food', 'drinks', 'Playa Balandra']","[{'text': 'Balandra beach', 'label': 'GPE'}, {'text': 'La Paz', 'label': 'FAC'}, {'text': 'Balandra', 'label': 'PERSON'}, {'text': '15-20', 'label': 'CARDINAL'}, {'text': 'approximately a 15 minute', 'label': 'TIME'}, {'text': 'September', 'label': 'DATE'}, {'text': 'Playa Tecolote', 'label': 'ORG'}, {'text': 'Balandra', 'label': 'PERSON'}, {'text': 'Playa Balandra', 'label': 'PERSON'}]",0.04864864864864865
46385,1.0,"The gate security did not let me enter and I arrived at 4 pm. I told him I came from far away and he didnt care. I dont recommend wasting your day driving all the way here and they dont let you in. According to the gate person they close at 5 pm, but wouldnt let us in.","['DET', 'NOUN', 'NOUN', 'AUX', 'PART', 'VERB', 'PRON', 'VERB', 'CCONJ', 'PRON', 'VERB', 'ADP', 'NUM', 'NOUN', 'PUNCT', 'PRON', 'VERB', 'PRON', 'PRON', 'VERB', 'ADP', 'ADV', 'ADV', 'CCONJ', 'PRON', 'AUX', 'PART', 'VERB', 'PUNCT', 'PRON', 'AUX', 'PART', 'VERB', 'VERB', 'PRON', 'NOUN', 'VERB', 'DET', 'DET', 'NOUN', 'ADV', 'CCONJ', 'PRON', 'AUX', 'PART', 'VERB', 'PRON', 'ADP', 'PUNCT', 'VERB', 'ADP', 'DET', 'NOUN', 'NOUN', 'PRON', 'VERB', 'ADP', 'NUM', 'NOUN', 'PUNCT', 'CCONJ', 'AUX', 'PART', 'VERB', 'PRON', 'ADP', 'PUNCT']","['The gate security', 'me', 'I', '4 pm', 'I', 'him', 'I', 'he', 'I', 'your day', 'all the way', 'they', 'you', 'the gate person', 'they', '5 pm', 'us']","[{'text': '4 pm', 'label': 'TIME'}, {'text': '5 pm', 'label': 'TIME'}]",0.029850746268656716
46394,5.0,Two different times to go. I recommend the earlier time 812. After about 2 the water doesnt have that same wow factor. Rented a umbrella for 130 pesos.,"['NUM', 'ADJ', 'NOUN', 'PART', 'VERB', 'PUNCT', 'PRON', 'VERB', 'DET', 'ADJ', 'NOUN', 'NUM', 'SYM', 'NUM', 'PUNCT', 'ADP', 'ADV', 'NUM', 'DET', 'NOUN', 'AUX', 'PART', 'VERB', 'DET', 'ADJ', 'ADJ', 'NOUN', 'PUNCT', 'VERB', 'DET', 'NOUN', 'ADP', 'NUM', 'NOUN', 'PUNCT']","['Two different times', 'I', 'the earlier time', 'the water', 'that same wow factor', 'a umbrella', '130 pesos']","[{'text': 'Two', 'label': 'CARDINAL'}, {'text': '8-12', 'label': 'DATE'}, {'text': 'about 2', 'label': 'CARDINAL'}, {'text': '130', 'label': 'CARDINAL'}]",0.11428571428571428
46396,5.0,Whatch out with the jellyfishes,"['VERB', 'ADP', 'ADP', 'DET', 'NOUN']",['the jellyfishes'],"[{'text': 'Whatch', 'label': 'PERSON'}]",0.2
46398,2.0,"Scenery wise, this beach is a 5  it really is a spectacular view with the beach nestled between the mountains. Swimming wise, a 0. I read the reviews before coming and there were a number of posts that pointed out the jellyfish medusas and aguamalas. This was no exaggeration. Taking precaution, I took 2 steps into the water and was trying to look around for jellyfish. Within 5 mins, I got stung. This species apparently is super invisible and swim around in groups. Its impossible to see to avoid. Luckily the beach staff had some vinegar spray which helped with the swelling, but theres no way I would go back into that water. Especially for children, I would avoid going into the water.","['PROPN', 'ADJ', 'PUNCT', 'DET', 'NOUN', 'AUX', 'DET', 'NUM', 'PUNCT', 'PRON', 'ADV', 'AUX', 'DET', 'ADJ', 'NOUN', 'ADP', 'DET', 'NOUN', 'VERB', 'ADP', 'DET', 'NOUN', 'PUNCT', 'VERB', 'ADV', 'PUNCT', 'DET', 'NUM', 'PUNCT', 'PRON', 'VERB', 'DET', 'NOUN', 'ADP', 'VERB', 'CCONJ', 'PRON', 'VERB', 'DET', 'NOUN', 'ADP', 'NOUN', 'PRON', 'VERB', 'ADP', 'DET', 'NOUN', 'PUNCT', 'PROPN', 'CCONJ', 'PROPN', 'PUNCT', 'PUNCT', 'PRON', 'AUX', 'DET', 'NOUN', 'PUNCT', 'VERB', 'NOUN', 'PUNCT', 'PRON', 'VERB', 'NUM', 'NOUN', 'ADP', 'DET', 'NOUN', 'CCONJ', 'AUX', 'VERB', 'PART', 'VERB', 'ADV', 'ADP', 'ADJ', 'PUNCT', 'ADP', 'NUM', 'NOUN', 'PUNCT', 'PRON', 'AUX', 'VERB', 'PUNCT', 'DET', 'NOUN', 'ADV', 'AUX', 'ADV', 'ADJ', 'CCONJ', 'VERB', 'ADV', 'ADP', 'NOUN', 'PUNCT', 'PRON', 'ADJ', 'PART', 'VERB', 'PART', 'VERB', 'PUNCT', 'ADV', 'DET', 'NOUN', 'NOUN', 'VERB', 'DET', 'NOUN', 'NOUN', 'PRON', 'VERB', 'ADP', 'DET', 'NOUN', 'PUNCT', 'CCONJ', 'PRON', 'VERB', 'DET', 'NOUN', 'PRON', 'AUX', 'VERB', 'ADV', 'ADP', 'DET', 'NOUN', 'PUNCT', 'ADV', 'ADP', 'NOUN', 'PUNCT', 'PRON', 'AUX', 'VERB', 'VERB', 'ADP', 'DET', 'NOUN', 'PUNCT']","['this beach', 'it', 'a spectacular view', 'the beach', 'the mountains', 'I', 'the reviews', 'a number', 'posts', 'that', 'the jellyfish', '(medusas', 'aguamalas', 'This', 'no exaggeration', 'precaution', 'I', '2 steps', 'the water', '5 mins', 'I', 'This species', 'groups', 'the beach staff', 'some vinegar spray', 'which', 'the swelling', 'no way', 'I', 'that water', 'children', 'I', 'the water']","[{'text': 'Scenery', 'label': 'ORG'}, {'text': '5', 'label': 'CARDINAL'}, {'text': '0', 'label': 'CARDINAL'}, {'text': '2', 'label': 'CARDINAL'}, {'text': '5', 'label': 'CARDINAL'}]",0.03496503496503497
46405,5.0,"One of the most beautiful beaches I ve ever visited Organized, two shifts to enjoy it, 812 and 15. We went on a Saturday afternoon shift and it was ok, not full nor empty. There are people renting umbrellas, chairs and anything you might need. Trust, you need a cover otherwise you gonna melt. There are 15 public palapas, however first cars will be the ones getting it","['NUM', 'ADP', 'DET', 'ADV', 'ADJ', 'NOUN', 'PRON', 'AUX', 'ADV', 'VERB', 'PUNCT', 'VERB', 'PUNCT', 'NUM', 'NOUN', 'PART', 'VERB', 'PRON', 'PUNCT', 'NUM', 'SYM', 'NUM', 'CCONJ', 'NUM', 'SYM', 'NUM', 'PUNCT', 'PRON', 'VERB', 'ADP', 'DET', 'PROPN', 'NOUN', 'NOUN', 'CCONJ', 'PRON', 'AUX', 'ADJ', 'PUNCT', 'PART', 'ADJ', 'CCONJ', 'ADJ', 'PUNCT', 'PRON', 'VERB', 'NOUN', 'VERB', 'NOUN', 'PUNCT', 'NOUN', 'CCONJ', 'PRON', 'PRON', 'AUX', 'VERB', 'PUNCT', 'PROPN', 'PUNCT', 'PRON', 'VERB', 'DET', 'NOUN', 'ADV', 'PRON', 'VERB', 'PART', 'VERB', 'PUNCT', 'PRON', 'VERB', 'NUM', 'ADJ', 'NOUN', 'PUNCT', 'ADV', 'ADJ', 'NOUN', 'AUX', 'AUX', 'DET', 'NOUN', 'VERB', 'PRON', 'PUNCT']","['the most beautiful beaches', 'I', 'Organized, two shifts', 'it', 'We', 'a Saturday afternoon shift', 'it', 'people', 'umbrellas', 'chairs', 'anything', 'you', 'you', 'a cover', 'you', '15 public palapas', 'first cars', 'the ones', 'it']","[{'text': 'One', 'label': 'CARDINAL'}, {'text': 'two', 'label': 'CARDINAL'}, {'text': '8-12', 'label': 'CARDINAL'}, {'text': '1', 'label': 'CARDINAL'}, {'text': 'Saturday', 'label': 'DATE'}, {'text': 'afternoon', 'label': 'TIME'}, {'text': '15', 'label': 'CARDINAL'}, {'text': 'first', 'label': 'ORDINAL'}]",0.09411764705882353
46430,5.0,"Such a wonder of the world Magnificent shallow white sand beach in LA Paz. This beach is protected so there arent any shops. Just a beach and a parking lot. There are no garbage cans around so pack out what you brought in. Bathroom is kinda sus so I dont reccomend using it. Goodluck if you need to 2. The mangrove and dunes areas are off limits. Use only the one ans only trail to hike up for the views. The other trails are off limits as they arent trails and are dangerous. There are park Rangers at the park, I reccomend booking in advance. Limited amount of people allowed in, in 2 time slots of 81 and 15p. I recomend bringing umbrellas chairs. There are little umbrellas in the beach but they are first come first serve. You can also find tour groups that will take you to the beach but for a limited time.","['DET', 'DET', 'NOUN', 'ADP', 'DET', 'NOUN', 'PUNCT', 'ADJ', 'ADJ', 'ADJ', 'NOUN', 'NOUN', 'ADP', 'PROPN', 'PROPN', 'PUNCT', 'DET', 'NOUN', 'AUX', 'VERB', 'ADV', 'PRON', 'VERB', 'PART', 'DET', 'NOUN', 'PUNCT', 'ADV', 'DET', 'NOUN', 'CCONJ', 'DET', 'NOUN', 'NOUN', 'PUNCT', 'PRON', 'VERB', 'DET', 'NOUN', 'NOUN', 'ADV', 'ADV', 'VERB', 'ADP', 'PRON', 'PRON', 'VERB', 'ADP', 'PUNCT', 'NOUN', 'AUX', 'ADV', 'NOUN', 'ADV', 'PRON', 'AUX', 'PART', 'VERB', 'VERB', 'PRON', 'PUNCT', 'NOUN', 'SCONJ', 'PRON', 'VERB', 'ADP', 'NUM', 'PUNCT', 'DET', 'NOUN', 'CCONJ', 'NOUN', 'NOUN', 'AUX', 'ADP', 'NOUN', 'PUNCT', 'VERB', 'ADV', 'DET', 'NUM', 'NOUN', 'ADV', 'NOUN', 'PART', 'VERB', 'ADP', 'ADP', 'DET', 'NOUN', 'PUNCT', 'DET', 'ADJ', 'PUNCT', 'NOUN', 'PUNCT', 'AUX', 'ADP', 'NOUN', 'SCONJ', 'PRON', 'AUX', 'PART', 'NOUN', 'CCONJ', 'AUX', 'ADJ', 'PUNCT', 'PRON', 'VERB', 'NOUN', 'PROPN', 'ADP', 'DET', 'NOUN', 'PUNCT', 'PRON', 'VERB', 'NOUN', 'ADP', 'NOUN', 'PUNCT', 'ADJ', 'NOUN', 'ADP', 'NOUN', 'VERB', 'ADP', 'PUNCT', 'ADP', 'NUM', 'NOUN', 'NOUN', 'ADP', 'NUM', 'SYM', 'NUM', 'CCONJ', 'NUM', 'PUNCT', 'NOUN', 'PUNCT', 'PRON', 'VERB', 'VERB', 'NOUN', 'NOUN', 'PUNCT', 'PRON', 'VERB', 'ADJ', 'NOUN', 'ADP', 'DET', 'NOUN', 'CCONJ', 'PRON', 'AUX', 'ADV', 'VERB', 'ADV', 'VERB', 'PUNCT', 'PRON', 'AUX', 'ADV', 'VERB', 'NOUN', 'NOUN', 'PRON', 'AUX', 'VERB', 'PRON', 'ADP', 'DET', 'NOUN', 'CCONJ', 'ADP', 'DET', 'ADJ', 'NOUN', 'PUNCT']","['Such a wonder', 'the world', 'Magnificent shallow white sand beach', 'LA Paz', 'This beach', 'any shops', 'Just a beach', 'a parking lot', 'no garbage cans', 'what', 'you', 'Bathroom', 'kinda sus', 'I', 'it', 'Goodluck', 'you', 'The mangrove and dunes areas', 'limits', 'only the one ans', 'the views', 'The other ""trails', 'limits', 'they', 'trails', 'park Rangers', 'the park', 'I', 'booking', 'advance', 'Limited amount', 'people', '2 time slots', 'I', 'umbrellas chairs', 'little umbrellas', 'the beach', 'they', 'You', 'tour groups', 'that', 'you', 'the beach', 'a limited time']","[{'text': 'LA Paz', 'label': 'FAC'}, {'text': '2', 'label': 'CARDINAL'}, {'text': 'one', 'label': 'CARDINAL'}, {'text': 'Rangers', 'label': 'ORG'}, {'text': '2', 'label': 'CARDINAL'}, {'text': '8', 'label': 'CARDINAL'}, {'text': '1', 'label': 'CARDINAL'}, {'text': 'first', 'label': 'ORDINAL'}, {'text': 'first', 'label': 'ORDINAL'}]",0.04945054945054945
46435,5.0,Endless clean shallow waters.,"['ADJ', 'ADJ', 'ADJ', 'NOUN', 'PUNCT']",['Endless clean shallow waters'],"[{'text': 'Endless', 'label': 'NORP'}]",0.2
46443,5.0,Super nice chilled spot. They open at 1pm. You must get there like at 1130 to make sure you get a spot to get in. Bring everything you need. They really dont have anything to purchase. Bathrooms are outhouse and you have to tip to use the restrooms. Beach is awesome well worth. And stay to visit La Paz town.,"['ADV', 'ADJ', 'VERB', 'NOUN', 'PUNCT', 'PRON', 'VERB', 'ADP', 'NUM', 'NOUN', 'PUNCT', 'PRON', 'AUX', 'VERB', 'ADV', 'ADP', 'ADP', 'NUM', 'PART', 'VERB', 'ADJ', 'PRON', 'VERB', 'DET', 'NOUN', 'PART', 'VERB', 'ADP', 'PUNCT', 'VERB', 'PRON', 'PRON', 'VERB', 'PUNCT', 'PRON', 'ADV', 'AUX', 'PART', 'VERB', 'PRON', 'PART', 'VERB', 'PUNCT', 'NOUN', 'AUX', 'NOUN', 'CCONJ', 'PRON', 'VERB', 'PART', 'VERB', 'PART', 'VERB', 'DET', 'NOUN', 'PUNCT', 'PROPN', 'AUX', 'ADV', 'ADV', 'ADJ', 'PUNCT', 'CCONJ', 'VERB', 'PART', 'VERB', 'PROPN', 'PROPN', 'NOUN', 'PUNCT']","['Super nice chilled spot', 'They', '1pm', 'You', 'you', 'a spot', 'everything', 'you', 'They', 'anything', 'Bathrooms', 'outhouse', 'you', 'the restrooms', 'Beach', 'La Paz town']","[{'text': '1pm', 'label': 'TIME'}, {'text': '1130', 'label': 'DATE'}, {'text': 'La Paz', 'label': 'FAC'}]",0.04285714285714286
46453,5.0,This place is wonderful Nice beach and good snorkeling,"['DET', 'NOUN', 'AUX', 'ADJ', 'PUNCT', 'ADJ', 'NOUN', 'CCONJ', 'ADJ', 'NOUN', 'PUNCT']","['This place', 'Nice beach', 'good snorkeling']","[{'text': 'Nice beach', 'label': 'GPE'}]",0.09090909090909091
46454,3.0,"The location is so nice but the only thing that we didnt enjoy is the water. Theres aguas malas that bit you... a lot of tourists complaining about it. Bring your own vinegar to wash off the welts... A lot of bees... then, the workers there cant speak English... no signal for your cellphone. Its good to go there with the tour guide...","['DET', 'NOUN', 'AUX', 'ADV', 'ADJ', 'CCONJ', 'DET', 'ADJ', 'NOUN', 'PRON', 'PRON', 'AUX', 'PART', 'VERB', 'AUX', 'DET', 'NOUN', 'PUNCT', 'PRON', 'VERB', 'PUNCT', 'NOUN', 'PROPN', 'PUNCT', 'PRON', 'NOUN', 'PRON', 'PUNCT', 'DET', 'NOUN', 'ADP', 'NOUN', 'VERB', 'ADP', 'PRON', 'PUNCT', 'VERB', 'PRON', 'ADJ', 'NOUN', 'PART', 'VERB', 'ADP', 'DET', 'NOUN', 'PUNCT', 'DET', 'NOUN', 'ADP', 'NOUN', 'PUNCT', 'ADV', 'PUNCT', 'DET', 'NOUN', 'ADV', 'AUX', 'PART', 'VERB', 'PROPN', 'PUNCT', 'DET', 'NOUN', 'ADP', 'PRON', 'NOUN', 'PUNCT', 'PRON', 'AUX', 'ADJ', 'PART', 'VERB', 'ADV', 'ADP', 'DET', 'NOUN', 'NOUN', 'PUNCT']","['The location', 'the only thing', 'that', 'we', 'the water', '""aguas malas', 'that', 'you', 'a lot', 'tourists', 'it', 'your own vinegar', 'the welts', 'A lot', 'bees', 'the workers', 'English', 'no signal', 'your cellphone', 'It', 'the tour guide']","[{'text': 'English', 'label': 'LANGUAGE'}]",0.01282051282051282
46460,4.0,"A lot of people, parties there are not controlled, music is too loud to chill","['DET', 'NOUN', 'ADP', 'NOUN', 'PUNCT', 'NOUN', 'PRON', 'AUX', 'PART', 'VERB', 'PUNCT', 'NOUN', 'AUX', 'ADV', 'ADJ', 'PART', 'VERB']","['A lot', 'people', 'parties', 'music']",[],0.0
46467,4.0,"Beautiful Everyones posts are true and helpful. They warn you that there are manta rays so you have to shuffle in the sand, but we didnt actually see any. There are a lot of jellyfish and folks, including us, were getting stung. Still worth it I just dont know why no one else has mentioned this.","['ADJ', 'PUNCT', 'NOUN', 'NOUN', 'AUX', 'ADJ', 'CCONJ', 'ADJ', 'PUNCT', 'PRON', 'VERB', 'PRON', 'SCONJ', 'PRON', 'VERB', 'NOUN', 'NOUN', 'SCONJ', 'PRON', 'VERB', 'PART', 'VERB', 'ADP', 'DET', 'NOUN', 'PUNCT', 'CCONJ', 'PRON', 'AUX', 'PART', 'ADV', 'VERB', 'PRON', 'PUNCT', 'PRON', 'VERB', 'DET', 'NOUN', 'ADP', 'NOUN', 'CCONJ', 'NOUN', 'PUNCT', 'VERB', 'PRON', 'PUNCT', 'AUX', 'AUX', 'VERB', 'PUNCT', 'ADV', 'ADJ', 'PRON', 'PRON', 'ADV', 'AUX', 'PART', 'VERB', 'SCONJ', 'DET', 'NOUN', 'ADV', 'AUX', 'VERB', 'PRON', 'PUNCT']","['Everyones posts', 'They', 'you', 'manta rays', 'you', 'the sand', 'we', 'any', 'a lot', 'jellyfish', 'folks', 'us', 'it', 'I', 'no one', 'this']",[],0.0
46493,5.0,Beautiful as alway,"['ADJ', 'ADP', 'ADV']",[],[],0.0
46504,5.0,"Better line up in advance, but its worth it One of the most beautiful beaches in existence. Do NOT take pictures with the mushroom stone, will explain later I recommend you go during the morning slot, as the water levels are extremely low during the afternoon. The water is shallow inside the bay, I recommend you bring water shoes.","['ADJ', 'NOUN', 'ADP', 'ADP', 'NOUN', 'PUNCT', 'CCONJ', 'PRON', 'NOUN', 'PRON', 'PUNCT', 'PUNCT', 'NUM', 'ADP', 'DET', 'ADV', 'ADJ', 'NOUN', 'ADP', 'NOUN', 'PUNCT', 'AUX', 'PART', 'VERB', 'NOUN', 'ADP', 'DET', 'NOUN', 'NOUN', 'PUNCT', 'AUX', 'VERB', 'ADV', 'PRON', 'VERB', 'PRON', 'VERB', 'ADP', 'DET', 'NOUN', 'NOUN', 'PUNCT', 'SCONJ', 'DET', 'NOUN', 'NOUN', 'AUX', 'ADV', 'ADJ', 'ADP', 'DET', 'NOUN', 'PUNCT', 'DET', 'NOUN', 'AUX', 'ADJ', 'ADP', 'DET', 'NOUN', 'PUNCT', 'PRON', 'VERB', 'PRON', 'VERB', 'NOUN', 'NOUN', 'PUNCT']","['Better line', 'advance', 'its worth', 'the most beautiful beaches', 'existence', 'pictures', 'the mushroom stone', 'I', 'you', 'the morning slot', 'the water levels', 'the afternoon', 'The water', 'the bay', 'I', 'you', 'water shoes']","[{'text': 'One', 'label': 'CARDINAL'}, {'text': 'morning', 'label': 'TIME'}, {'text': 'the afternoon', 'label': 'TIME'}]",0.04411764705882353
46510,5.0,"Felt like a pilgrimage through the shallow waters to see the mushroom rock. Beautifully clear water, and the fish are all harmless. We arrived after 845am on a Monday and got in just fine. I wish we would have rented one of the umbrellas from the vendors outside of the entrance, I recommend that to anyone listening as you will be in direct sun on the beach.","['VERB', 'ADP', 'DET', 'NOUN', 'ADP', 'DET', 'ADJ', 'NOUN', 'PART', 'VERB', 'DET', 'NOUN', 'NOUN', 'PUNCT', 'ADV', 'ADJ', 'NOUN', 'PUNCT', 'CCONJ', 'DET', 'NOUN', 'AUX', 'ADV', 'ADJ', 'PUNCT', 'PRON', 'VERB', 'ADP', 'NUM', 'ADP', 'DET', 'PROPN', 'CCONJ', 'VERB', 'ADP', 'ADV', 'ADJ', 'PUNCT', 'PRON', 'VERB', 'PRON', 'AUX', 'AUX', 'VERB', 'NUM', 'ADP', 'DET', 'NOUN', 'ADP', 'DET', 'NOUN', 'ADP', 'ADP', 'DET', 'NOUN', 'PUNCT', 'PRON', 'VERB', 'PRON', 'ADP', 'PRON', 'VERB', 'SCONJ', 'PRON', 'AUX', 'AUX', 'ADP', 'ADJ', 'NOUN', 'ADP', 'DET', 'NOUN', 'PUNCT']","['a pilgrimage', 'the shallow waters', 'the mushroom rock', 'Beautifully clear water', 'the fish', 'We', 'a Monday', 'I', 'we', 'the umbrellas', 'the vendors', 'the entrance', 'I', 'that', 'anyone', 'you', 'direct sun', 'the beach']","[{'text': 'Felt', 'label': 'PERSON'}, {'text': '8:45am', 'label': 'TIME'}, {'text': 'Monday', 'label': 'DATE'}, {'text': 'one', 'label': 'CARDINAL'}]",0.0547945205479452
46523,5.0,Great place even in the overcast day.,"['ADJ', 'NOUN', 'ADV', 'ADP', 'DET', 'ADJ', 'NOUN', 'PUNCT']","['Great place', 'the overcast day']","[{'text': 'the overcast day', 'label': 'DATE'}]",0.125
46526,5.0,"Playa Balandra was as beautiful as expected. We chose the afternoon time slot and arrived around 1130 AM, finding about 15 cars already in line. While waiting, we rented umbrellas and chairs from a vendor, knowing we wouldnt get one of the free palapas with so many cars and a bus ahead of us. Unfortunately, the chairs were the type that only allow you to sit straight up, not the reclining beach chairs we had hoped for. An umbrella is essential at this beach. People were let in around noon, and we found plenty of parking. The water was stunning, though the color changes as the afternoon progresses due to the way the sun reflects off the ocean. The water was most beautiful during the first couple of hours and started to look more like an ordinary ocean after 2 PM. I can see why the morning slot might be more appealing. I highly recommend the hike to the Mirador. The panoramic views from the top were breathtaking. It was an easy hike, taking only about five minutes from the bottom. If you pack lightly, you can secure a more secluded spot on the other side of the Mirador, which is challenging to reach if you have a lot of gear. This area is on the way to the mushroom rock.","['PROPN', 'PROPN', 'AUX', 'ADV', 'ADJ', 'SCONJ', 'VERB', 'PUNCT', 'PRON', 'VERB', 'DET', 'NOUN', 'NOUN', 'NOUN', 'CCONJ', 'VERB', 'ADP', 'NUM', 'PROPN', 'PUNCT', 'VERB', 'ADV', 'NUM', 'NOUN', 'ADV', 'ADP', 'NOUN', 'PUNCT', 'SCONJ', 'VERB', 'PUNCT', 'PRON', 'VERB', 'NOUN', 'CCONJ', 'NOUN', 'ADP', 'DET', 'NOUN', 'PUNCT', 'VERB', 'PRON', 'AUX', 'PART', 'VERB', 'NUM', 'ADP', 'DET', 'ADJ', 'NOUN', 'ADP', 'ADV', 'ADJ', 'NOUN', 'CCONJ', 'DET', 'NOUN', 'ADV', 'ADP', 'PRON', 'PUNCT', 'ADV', 'PUNCT', 'DET', 'NOUN', 'AUX', 'DET', 'NOUN', 'PRON', 'ADV', 'VERB', 'PRON', 'PART', 'VERB', 'ADV', 'ADP', 'PUNCT', 'PART', 'DET', 'VERB', 'NOUN', 'NOUN', 'PRON', 'AUX', 'VERB', 'ADP', 'PUNCT', 'DET', 'NOUN', 'AUX', 'ADJ', 'ADP', 'DET', 'NOUN', 'PUNCT', 'NOUN', 'AUX', 'VERB', 'ADP', 'ADP', 'NOUN', 'PUNCT', 'CCONJ', 'PRON', 'VERB', 'NOUN', 'ADP', 'NOUN', 'PUNCT', 'DET', 'NOUN', 'AUX', 'ADJ', 'PUNCT', 'SCONJ', 'DET', 'NOUN', 'NOUN', 'ADP', 'DET', 'NOUN', 'VERB', 'ADP', 'ADP', 'DET', 'NOUN', 'DET', 'NOUN', 'VERB', 'ADP', 'DET', 'NOUN', 'PUNCT', 'DET', 'NOUN', 'AUX', 'ADV', 'ADJ', 'ADP', 'DET', 'ADJ', 'NOUN', 'ADP', 'NOUN', 'CCONJ', 'VERB', 'PART', 'VERB', 'ADV', 'ADP', 'DET', 'ADJ', 'NOUN', 'ADP', 'NUM', 'NOUN', 'PUNCT', 'PRON', 'AUX', 'VERB', 'SCONJ', 'DET', 'NOUN', 'NOUN', 'AUX', 'AUX', 'ADV', 'ADJ', 'PUNCT', 'PRON', 'ADV', 'VERB', 'DET', 'NOUN', 'ADP', 'DET', 'PROPN', 'PUNCT', 'DET', 'ADJ', 'NOUN', 'ADP', 'DET', 'NOUN', 'AUX', 'VERB', 'PUNCT', 'PRON', 'AUX', 'DET', 'ADJ', 'NOUN', 'PUNCT', 'VERB', 'ADV', 'ADV', 'NUM', 'NOUN', 'ADP', 'DET', 'NOUN', 'PUNCT', 'SCONJ', 'PRON', 'VERB', 'ADV', 'PUNCT', 'PRON', 'AUX', 'VERB', 'DET', 'ADV', 'ADJ', 'NOUN', 'ADP', 'DET', 'ADJ', 'NOUN', 'ADP', 'DET', 'PROPN', 'PUNCT', 'PRON', 'AUX', 'VERB', 'PART', 'VERB', 'SCONJ', 'PRON', 'VERB', 'DET', 'NOUN', 'ADP', 'NOUN', 'PUNCT', 'DET', 'NOUN', 'AUX', 'ADP', 'DET', 'NOUN', 'ADP', 'DET', 'NOUN', 'NOUN', 'PUNCT']","['Playa Balandra', 'We', 'the afternoon time slot', '11:30 AM', 'about 15 cars', 'line', 'we', 'umbrellas', 'chairs', 'a vendor', 'we', 'the free palapas', 'so many cars', 'a bus', 'us', 'the chairs', 'the type', 'that', 'you', 'we', 'An umbrella', 'this beach', 'People', 'noon', 'we', 'plenty', 'parking', 'The water', 'the color changes', 'the afternoon', 'the way', 'the sun', 'the ocean', 'The water', 'the first couple', 'hours', 'an ordinary ocean', '2 PM', 'I', 'the morning slot', 'I', 'the hike', 'the Mirador', 'The panoramic views', 'the top', 'It', 'an easy hike', 'only about five minutes', 'the bottom', 'you', 'you', 'a more secluded spot', 'the other side', 'the Mirador', 'which', 'you', 'a lot', 'gear', 'This area', 'the way', 'the mushroom rock']","[{'text': 'Playa Balandra', 'label': 'PERSON'}, {'text': 'afternoon', 'label': 'TIME'}, {'text': '11:30 AM', 'label': 'TIME'}, {'text': 'about 15', 'label': 'CARDINAL'}, {'text': 'one', 'label': 'CARDINAL'}, {'text': 'around noon', 'label': 'TIME'}, {'text': 'the first couple of hours', 'label': 'DATE'}, {'text': '2 PM', 'label': 'TIME'}, {'text': 'Mirador', 'label': 'PRODUCT'}, {'text': 'only about five minutes', 'label': 'TIME'}, {'text': 'Mirador', 'label': 'PRODUCT'}]",0.044715447154471545
46541,5.0,Beautiful beach. We arrived at 11 am not knowing that there were two time frames that they let people in. The guy at the front gate just said it was closed until 1 So we asked a tour guide at the lower entrance what the situation was. He told us to get in the line at the bottom of the lot below. He said that the line gets long. So we got in line. Ended up being second in the line. We talked to the car infront of us and they gave us a bit more information on how getting into the beach works. They ended up opening the gate to us at about 1230. They let us know that the beach closes at 5. We parked found a palm umbrella to set up at and enjoyed the beach,"['ADJ', 'NOUN', 'PUNCT', 'PRON', 'VERB', 'ADP', 'NUM', 'AUX', 'PART', 'VERB', 'SCONJ', 'PRON', 'VERB', 'NUM', 'NOUN', 'NOUN', 'SCONJ', 'PRON', 'VERB', 'NOUN', 'ADP', 'PUNCT', 'DET', 'NOUN', 'ADP', 'DET', 'ADJ', 'NOUN', 'ADV', 'VERB', 'PRON', 'AUX', 'VERB', 'ADP', 'NUM', 'ADV', 'PRON', 'VERB', 'DET', 'NOUN', 'NOUN', 'ADP', 'DET', 'ADJ', 'NOUN', 'PRON', 'DET', 'NOUN', 'AUX', 'PUNCT', 'PRON', 'VERB', 'PRON', 'PART', 'VERB', 'ADP', 'DET', 'NOUN', 'ADP', 'DET', 'NOUN', 'ADP', 'DET', 'NOUN', 'ADV', 'PUNCT', 'PRON', 'VERB', 'SCONJ', 'DET', 'NOUN', 'VERB', 'ADJ', 'PUNCT', 'ADV', 'PRON', 'VERB', 'ADP', 'NOUN', 'PUNCT', 'VERB', 'ADP', 'AUX', 'ADJ', 'ADP', 'DET', 'NOUN', 'PUNCT', 'PRON', 'VERB', 'ADP', 'DET', 'NOUN', 'ADV', 'ADP', 'PRON', 'CCONJ', 'PRON', 'VERB', 'PRON', 'DET', 'NOUN', 'ADJ', 'NOUN', 'ADP', 'SCONJ', 'VERB', 'ADP', 'DET', 'NOUN', 'NOUN', 'PUNCT', 'PRON', 'VERB', 'ADP', 'VERB', 'DET', 'NOUN', 'ADP', 'PRON', 'ADP', 'ADP', 'NUM', 'PUNCT', 'PRON', 'VERB', 'PRON', 'VERB', 'SCONJ', 'DET', 'NOUN', 'VERB', 'ADP', 'NUM', 'PUNCT', 'PRON', 'VERB', 'VERB', 'DET', 'NOUN', 'NOUN', 'PART', 'VERB', 'ADP', 'ADP', 'CCONJ', 'VERB', 'DET', 'NOUN']","['Beautiful beach', 'We', 'two time frames', 'they', 'people', 'The guy', 'the front gate', 'it', 'we', 'a tour guide', 'the lower entrance', 'what', 'the situation', 'He', 'us', 'the line', 'the bottom', 'the lot', 'He', 'the line', 'we', 'line', 'the line', 'We', 'the car', 'us', 'they', 'us', 'a bit more information', 'the beach works', 'They', 'the gate', 'us', 'They', 'us', 'the beach', 'We', 'a palm umbrella', 'the beach']","[{'text': '11 am', 'label': 'TIME'}, {'text': 'two', 'label': 'CARDINAL'}, {'text': '1', 'label': 'CARDINAL'}, {'text': 'second', 'label': 'ORDINAL'}, {'text': 'about 12:30', 'label': 'TIME'}, {'text': '5', 'label': 'CARDINAL'}]",0.040268456375838924
46544,5.0,"One of my favorite places, the water is calm, nice and warm, somewhat shallow, beautiful place to beLa Paz baja CaliforniaMexico side","['NUM', 'ADP', 'PRON', 'ADJ', 'NOUN', 'PUNCT', 'DET', 'NOUN', 'AUX', 'ADJ', 'PUNCT', 'ADJ', 'CCONJ', 'ADJ', 'PUNCT', 'ADV', 'ADJ', 'PUNCT', 'ADJ', 'NOUN', 'ADP', 'ADJ', 'PROPN', 'NOUN', 'PROPN', 'NOUN', 'PUNCT']","['my favorite places', 'the water', 'calm, nice and warm, somewhat shallow, beautiful place', 'be!(La Paz baja California)(Mexico side']","[{'text': 'One', 'label': 'CARDINAL'}, {'text': 'Paz baja California)(Mexico', 'label': 'GPE'}]",0.07407407407407407
46547,5.0,"beautiful beach super calm, is a little far from Los Cabos I recommend to rent a car so you can arrive at your time. The water itself is super clear, amazing beach, its not crowded, a must go if you ever come to Baja Sur","['ADJ', 'NOUN', 'PUNCT', 'ADJ', 'PROPN', 'PUNCT', 'AUX', 'DET', 'ADJ', 'ADV', 'ADP', 'PROPN', 'PROPN', 'PRON', 'VERB', 'PART', 'VERB', 'DET', 'NOUN', 'SCONJ', 'PRON', 'AUX', 'VERB', 'ADP', 'PRON', 'NOUN', 'PUNCT', 'DET', 'NOUN', 'PRON', 'AUX', 'ADV', 'ADJ', 'PUNCT', 'ADJ', 'NOUN', 'PUNCT', 'PRON', 'PART', 'VERB', 'PUNCT', 'PRON', 'AUX', 'VERB', 'SCONJ', 'PRON', 'ADV', 'VERB', 'ADP', 'PROPN', 'NOUN']","['beautiful beach', 'super calm', 'Los Cabos', 'I', 'a car', 'you', 'your time', 'The water', 'itself', 'super clear, amazing beach', 'a', 'you', 'Baja Sur']","[{'text': 'Los Cabos', 'label': 'GPE'}, {'text': 'amazing beach', 'label': 'GPE'}, {'text': 'Baja Sur', 'label': 'ORG'}]",0.058823529411764705
46555,5.0,No place on earth like this. Only let a certain amount of people in for 4 hour time slots. 812 and 15. Not many shaded options so get there early to get one. Knee deep water all around with Mountain Views it is truly one of a kind. Must see if you are in La Paz. Shuffle your feet so you do not step on Rays,"['DET', 'NOUN', 'ADP', 'NOUN', 'ADP', 'PRON', 'PUNCT', 'ADV', 'VERB', 'DET', 'ADJ', 'NOUN', 'ADP', 'NOUN', 'ADP', 'ADP', 'NUM', 'NOUN', 'NOUN', 'NOUN', 'PUNCT', 'NUM', 'SYM', 'NUM', 'CCONJ', 'NUM', 'SYM', 'NUM', 'PUNCT', 'PART', 'ADJ', 'ADJ', 'NOUN', 'ADV', 'VERB', 'ADV', 'ADV', 'PART', 'VERB', 'NUM', 'PUNCT', 'NOUN', 'ADJ', 'NOUN', 'ADV', 'ADV', 'ADP', 'PROPN', 'NOUN', 'PRON', 'AUX', 'ADV', 'NUM', 'ADP', 'DET', 'NOUN', 'PUNCT', 'AUX', 'VERB', 'SCONJ', 'PRON', 'AUX', 'ADP', 'PROPN', 'PROPN', 'PUNCT', 'VERB', 'PRON', 'NOUN', 'SCONJ', 'PRON', 'AUX', 'PART', 'VERB', 'ADP', 'NOUN', 'PUNCT']","['No place', 'earth', 'this', 'a certain amount', 'people', '4 hour time slots', 'Not many shaded options', 'Mountain Views', 'it', 'a kind', 'you', 'La Paz', 'your feet', 'you', 'Rays']","[{'text': '4 hour', 'label': 'TIME'}, {'text': '8-12', 'label': 'CARDINAL'}, {'text': '1', 'label': 'CARDINAL'}, {'text': 'Knee', 'label': 'PERSON'}, {'text': 'Mountain Views', 'label': 'ORG'}, {'text': 'one', 'label': 'CARDINAL'}, {'text': 'La Paz', 'label': 'FAC'}]",0.09090909090909091
46558,5.0,Went in the afternoon. Great parking right next to beach. The beach and water were wonderful. So expansive and low key. Everyone was friendly,"['VERB', 'ADP', 'DET', 'NOUN', 'PUNCT', 'ADJ', 'NOUN', 'ADV', 'ADV', 'ADP', 'NOUN', 'PUNCT', 'DET', 'NOUN', 'CCONJ', 'NOUN', 'AUX', 'ADJ', 'PUNCT', 'ADV', 'ADJ', 'CCONJ', 'ADJ', 'NOUN', 'PUNCT', 'PRON', 'AUX', 'ADJ']","['the afternoon', 'Great parking', 'beach', 'The beach', 'water', 'So expansive and low key', 'Everyone']",[],0.0
46563,5.0,The Worlds Aquarium,"['DET', 'PROPN', 'PART', 'NOUN']","[""The World's Aquarium""]","[{'text': 'World', 'label': 'ORG'}, {'text': 'Aquarium', 'label': 'GPE'}]",0.5
46565,5.0,"Yep, its as nice as everyone says it is. We took the bus there and to only complaint was that we didnt have very much time before the morning close at noon. Still, the white sand beach and shallow water in the Cove was so pretty. Look forward to going back again.","['PROPN', 'PUNCT', 'PRON', 'AUX', 'ADV', 'ADJ', 'SCONJ', 'PRON', 'VERB', 'PRON', 'AUX', 'PUNCT', 'PRON', 'VERB', 'DET', 'NOUN', 'ADV', 'CCONJ', 'PART', 'ADJ', 'NOUN', 'AUX', 'SCONJ', 'PRON', 'AUX', 'PART', 'VERB', 'ADV', 'ADJ', 'NOUN', 'ADP', 'DET', 'NOUN', 'NOUN', 'ADP', 'NOUN', 'PUNCT', 'ADV', 'PUNCT', 'DET', 'ADJ', 'PROPN', 'NOUN', 'CCONJ', 'ADJ', 'NOUN', 'ADP', 'DET', 'PROPN', 'AUX', 'ADV', 'ADJ', 'PUNCT', 'VERB', 'ADV', 'ADP', 'VERB', 'ADV', 'ADV', 'PUNCT']","['it', 'everyone', 'it', 'We', 'the bus', 'only complaint', 'we', 'very much time', 'the morning', 'noon', 'the white sand beach and shallow water', 'the Cove']","[{'text': 'noon', 'label': 'TIME'}, {'text': 'Cove', 'label': 'WORK_OF_ART'}]",0.03333333333333333
46570,5.0,"white sand, warm water, paradise. Plus the mushroom","['ADJ', 'NOUN', 'PUNCT', 'ADJ', 'NOUN', 'PUNCT', 'NOUN', 'PUNCT', 'CCONJ', 'DET', 'NOUN']","['white sand', 'warm water', 'paradise', 'Plus the mushroom']",[],0.0
46572,5.0,"Arrive early for a spot, due to capped amount of entries. Tons of vendors as your queue in line for entry. Amazing beach with knee deep, beautifully clear water for meters","['VERB', 'ADV', 'ADP', 'DET', 'NOUN', 'PUNCT', 'ADJ', 'ADP', 'ADJ', 'NOUN', 'ADP', 'NOUN', 'PUNCT', 'NOUN', 'ADP', 'NOUN', 'ADP', 'PRON', 'NOUN', 'ADP', 'NOUN', 'ADP', 'NOUN', 'PUNCT', 'ADJ', 'NOUN', 'ADP', 'NOUN', 'ADJ', 'PUNCT', 'ADV', 'ADJ', 'NOUN', 'ADP', 'NOUN', 'PUNCT']","['a spot', 'capped amount', 'entries', 'Tons', 'vendors', 'your queue', 'line', 'entry', 'Amazing beach', 'knee deep, beautifully clear water', 'meters']","[{'text': 'Tons', 'label': 'PERSON'}]",0.027777777777777776
46584,5.0,"This is a very unique beach. The sand is white and the water is comfortable. You can walk completely across without getting submerged in the water. To get in you have to arrive about an hour and a half and wait in line until the gate opens, either at 9 or 1. This is an update to my previous post. We went to Balandra at the end of April 2024 at 1 pm. We didnt have to wait long to enter the beach, although there was a small line to get in. It was a great day and not too hot. Bring an umbrella, although they sell them at the entrance. People would place their umbrella into the water and sit in the water to enjoy the day. The sand is white and you can hike over to mushroom rock where the tour boats swing by. There are usually yachts sitting out to enjoy the beach. Its a wonderful beach. You shouldnt miss it when you visit La Paz.","['PRON', 'AUX', 'DET', 'ADV', 'ADJ', 'NOUN', 'PUNCT', 'DET', 'NOUN', 'AUX', 'ADJ', 'CCONJ', 'DET', 'NOUN', 'AUX', 'ADJ', 'PUNCT', 'PRON', 'AUX', 'VERB', 'ADV', 'ADV', 'ADP', 'AUX', 'VERB', 'ADP', 'DET', 'NOUN', 'PUNCT', 'PART', 'VERB', 'ADP', 'PRON', 'VERB', 'PART', 'VERB', 'ADP', 'DET', 'NOUN', 'CCONJ', 'DET', 'NOUN', 'CCONJ', 'VERB', 'ADP', 'NOUN', 'SCONJ', 'DET', 'NOUN', 'VERB', 'PUNCT', 'CCONJ', 'ADP', 'NUM', 'CCONJ', 'NUM', 'PUNCT', 'PRON', 'AUX', 'DET', 'NOUN', 'ADP', 'PRON', 'ADJ', 'NOUN', 'PUNCT', 'PRON', 'VERB', 'ADP', 'PROPN', 'ADP', 'DET', 'NOUN', 'ADP', 'PROPN', 'NUM', 'ADP', 'NUM', 'NOUN', 'PUNCT', 'PRON', 'AUX', 'PART', 'VERB', 'PART', 'VERB', 'ADV', 'PART', 'VERB', 'DET', 'NOUN', 'PUNCT', 'SCONJ', 'PRON', 'VERB', 'DET', 'ADJ', 'NOUN', 'PART', 'VERB', 'ADP', 'PUNCT', 'PRON', 'AUX', 'DET', 'ADJ', 'NOUN', 'CCONJ', 'PART', 'ADV', 'ADJ', 'PUNCT', 'VERB', 'DET', 'NOUN', 'PUNCT', 'SCONJ', 'PRON', 'VERB', 'PRON', 'ADP', 'DET', 'NOUN', 'PUNCT', 'NOUN', 'AUX', 'VERB', 'PRON', 'NOUN', 'ADP', 'DET', 'NOUN', 'CCONJ', 'VERB', 'ADP', 'DET', 'NOUN', 'PART', 'VERB', 'DET', 'NOUN', 'PUNCT', 'DET', 'NOUN', 'AUX', 'ADJ', 'CCONJ', 'PRON', 'AUX', 'VERB', 'ADP', 'ADP', 'NOUN', 'NOUN', 'SCONJ', 'DET', 'NOUN', 'NOUN', 'VERB', 'ADP', 'PUNCT', 'PRON', 'VERB', 'ADV', 'NOUN', 'VERB', 'ADP', 'PART', 'VERB', 'DET', 'NOUN', 'PUNCT', 'PRON', 'AUX', 'DET', 'ADJ', 'NOUN', 'PUNCT', 'PRON', 'AUX', 'PART', 'VERB', 'PRON', 'SCONJ', 'PRON', 'VERB', 'PROPN', 'PROPN', 'PUNCT']","['This', 'a very unique beach', 'The sand', 'the water', 'You', 'the water', 'you', 'line', 'the gate', 'This', 'an update', 'my previous post', 'We', 'Balandra', 'the end', 'April', '1 pm', 'We', 'the beach', 'a small line', 'It', 'a great day', 'an umbrella', 'they', 'them', 'the entrance', 'People', 'their umbrella', 'the water', 'the water', 'the day', 'The sand', 'you', 'mushroom rock', 'the tour boats', 'yachts', 'the beach', 'It', 'a wonderful beach', 'You', 'it', 'you', 'La Paz']","[{'text': 'about an hour and a half', 'label': 'TIME'}, {'text': '9', 'label': 'CARDINAL'}, {'text': '1', 'label': 'CARDINAL'}, {'text': 'Balandra', 'label': 'PERSON'}, {'text': 'the end of April 2024', 'label': 'DATE'}, {'text': '1 pm', 'label': 'TIME'}, {'text': 'a great day', 'label': 'DATE'}, {'text': 'the day', 'label': 'DATE'}, {'text': 'La Paz', 'label': 'FAC'}]",0.047619047619047616
46611,5.0,"It was one of the most beautiful beaches I have been to. Arrive early, for 8 to 12 slot.","['PRON', 'AUX', 'NUM', 'ADP', 'DET', 'ADV', 'ADJ', 'NOUN', 'PRON', 'AUX', 'AUX', 'PART', 'PUNCT', 'VERB', 'ADV', 'PUNCT', 'ADP', 'NUM', 'PART', 'NUM', 'NOUN', 'PUNCT']","['It', 'the most beautiful beaches', 'I', '8 to 12 slot']","[{'text': '8 to 12', 'label': 'CARDINAL'}]",0.045454545454545456
46613,5.0,"700m walking in water without needing to swim, water so clear that one can see fish trying to hide in the sand, and all you need to do is be on time and keep it clean. If beaches have a paradise level, then this one is 9,5 out of 10. I have not been to paradise, so I cannot give a 10 ","['NUM', 'AUX', 'VERB', 'ADP', 'NOUN', 'ADP', 'VERB', 'PART', 'VERB', 'PUNCT', 'NOUN', 'ADV', 'ADJ', 'SCONJ', 'PRON', 'AUX', 'VERB', 'NOUN', 'VERB', 'PART', 'VERB', 'ADP', 'DET', 'NOUN', 'PUNCT', 'CCONJ', 'PRON', 'PRON', 'VERB', 'PART', 'VERB', 'AUX', 'AUX', 'ADP', 'NOUN', 'CCONJ', 'VERB', 'PRON', 'ADJ', 'PUNCT', 'SCONJ', 'NOUN', 'VERB', 'DET', 'NOUN', 'NOUN', 'PUNCT', 'ADV', 'DET', 'NOUN', 'AUX', 'NOUN', 'ADP', 'ADP', 'NUM', 'PUNCT', 'PRON', 'AUX', 'PART', 'AUX', 'ADP', 'VERB', 'PUNCT', 'SCONJ', 'PRON', 'AUX', 'PART', 'VERB', 'DET', 'NUM', 'PUNCT']","['water', 'water', 'one', 'fish', 'the sand', 'all', 'you', 'time', 'it', 'beaches', 'a paradise level', 'this one', '9,5', 'I', 'I']","[{'text': '700', 'label': 'CARDINAL'}, {'text': '9,5', 'label': 'CARDINAL'}, {'text': '10', 'label': 'CARDINAL'}, {'text': '10', 'label': 'CARDINAL'}]",0.056338028169014086
46627,5.0,Great beach with very shallow waters allowing you to walk to the middle of the sea,"['ADJ', 'NOUN', 'ADP', 'ADV', 'ADJ', 'NOUN', 'VERB', 'PRON', 'PART', 'VERB', 'ADP', 'DET', 'NOUN', 'ADP', 'DET', 'NOUN', 'PUNCT']","['Great beach', 'very shallow waters', 'you', 'the middle', 'the sea']","[{'text': 'Great beach', 'label': 'GPE'}]",0.058823529411764705
46628,5.0,Get there early in the morning,"['VERB', 'ADV', 'ADV', 'ADP', 'DET', 'NOUN', 'PUNCT']",['the morning'],"[{'text': 'early in the morning', 'label': 'TIME'}]",0.14285714285714285
46630,5.0,"Wow, Playa Balandra in La Paz, Baja California Sur is absolutely breathtaking Ive never seen such stunning scenery anywhere else. But I gotta admit, getting there isnt the easiest, mainly because the locals arent always clear on how things work, or maybe theyre just keeping it quiet not sure. Heres what I found out from my visit in March 2024 1. Youll need your own wheels to get to the beach. Taxis can take you there, but getting back might be tricky unless youve arranged something with the driver. 2. Since its a protected area, they only let in 400 people during two time slots early morning from around 78 am until noon, and then from 1 pm to 4 pm. But be warned, theres usually a long line of cars before each slot, so its best to arrive early to secure your spot. 3. And heres the kicker there are no facilities at the beach, so make sure to bring your own drinks and snacks. Plus, remember to take all your trash with you when you leave. 4. While youre waiting, you can rent chairs and umbrellas from vendors, although I didnt bother. 5. There are only a couple of portapotties near the parking lot, so plan accordingly. 6. Oh, and dont count on any cell service while youre there. Despite the hassle, the natural beauty and peaceful atmosphere of Playa Balandra make it totally worth the trip","['INTJ', 'PUNCT', 'PROPN', 'PROPN', 'ADP', 'PROPN', 'PROPN', 'PUNCT', 'PROPN', 'PROPN', 'PROPN', 'AUX', 'ADV', 'ADJ', 'PUNCT', 'PRON', 'AUX', 'ADV', 'VERB', 'ADJ', 'ADJ', 'NOUN', 'ADV', 'ADV', 'PUNCT', 'CCONJ', 'PRON', 'VERB', 'PART', 'VERB', 'PUNCT', 'VERB', 'PRON', 'VERB', 'PART', 'DET', 'ADJ', 'PUNCT', 'ADV', 'SCONJ', 'DET', 'NOUN', 'AUX', 'PART', 'ADV', 'ADJ', 'ADP', 'SCONJ', 'NOUN', 'VERB', 'PUNCT', 'CCONJ', 'ADV', 'PRON', 'AUX', 'ADV', 'VERB', 'PRON', 'ADJ', 'PART', 'ADJ', 'PUNCT', 'ADV', 'AUX', 'PRON', 'PRON', 'VERB', 'ADP', 'ADP', 'PRON', 'NOUN', 'ADP', 'PROPN', 'NUM', 'PUNCT', 'X', 'X', 'PRON', 'AUX', 'VERB', 'PRON', 'ADJ', 'NOUN', 'PART', 'VERB', 'ADP', 'DET', 'NOUN', 'PUNCT', 'PROPN', 'AUX', 'VERB', 'PRON', 'ADV', 'PUNCT', 'CCONJ', 'VERB', 'ADV', 'AUX', 'AUX', 'ADJ', 'SCONJ', 'PRON', 'AUX', 'VERB', 'PRON', 'ADP', 'DET', 'NOUN', 'PUNCT', 'X', 'PUNCT', 'SCONJ', 'PRON', 'AUX', 'DET', 'VERB', 'NOUN', 'PUNCT', 'PRON', 'ADV', 'VERB', 'ADP', 'NUM', 'NOUN', 'ADP', 'NUM', 'NOUN', 'NOUN', 'PUNCT', 'ADJ', 'NOUN', 'ADP', 'ADP', 'NUM', 'SYM', 'NUM', 'NOUN', 'ADP', 'NOUN', 'PUNCT', 'CCONJ', 'ADV', 'ADP', 'NUM', 'NOUN', 'ADP', 'NUM', 'NOUN', 'PUNCT', 'CCONJ', 'AUX', 'VERB', 'PUNCT', 'PRON', 'VERB', 'ADV', 'DET', 'ADJ', 'NOUN', 'ADP', 'NOUN', 'ADP', 'DET', 'NOUN', 'PUNCT', 'SCONJ', 'PRON', 'AUX', 'ADJ', 'PART', 'VERB', 'ADV', 'PART', 'VERB', 'PRON', 'NOUN', 'PUNCT', 'X', 'PUNCT', 'CCONJ', 'ADV', 'AUX', 'DET', 'NOUN', 'PRON', 'VERB', 'DET', 'NOUN', 'ADP', 'DET', 'NOUN', 'PUNCT', 'ADV', 'VERB', 'ADJ', 'PART', 'VERB', 'PRON', 'ADJ', 'NOUN', 'CCONJ', 'NOUN', 'PUNCT', 'CCONJ', 'PUNCT', 'VERB', 'PART', 'VERB', 'PRON', 'PRON', 'NOUN', 'ADP', 'PRON', 'SCONJ', 'PRON', 'VERB', 'PUNCT', 'X', 'PUNCT', 'SCONJ', 'PRON', 'AUX', 'VERB', 'PUNCT', 'PRON', 'AUX', 'VERB', 'NOUN', 'CCONJ', 'NOUN', 'ADP', 'NOUN', 'PUNCT', 'SCONJ', 'PRON', 'AUX', 'PART', 'VERB', 'PUNCT', 'X', 'PUNCT', 'PRON', 'VERB', 'ADV', 'DET', 'NOUN', 'ADP', 'NOUN', 'PUNCT', 'NOUN', 'ADP', 'DET', 'NOUN', 'NOUN', 'PUNCT', 'ADV', 'VERB', 'ADV', 'PUNCT', 'X', 'PUNCT', 'INTJ', 'PUNCT', 'CCONJ', 'AUX', 'PART', 'VERB', 'ADP', 'DET', 'NOUN', 'NOUN', 'SCONJ', 'PRON', 'AUX', 'ADV', 'PUNCT', 'SCONJ', 'DET', 'NOUN', 'PUNCT', 'DET', 'ADJ', 'NOUN', 'CCONJ', 'ADJ', 'NOUN', 'ADP', 'PROPN', 'PROPN', 'VERB', 'PRON', 'ADV', 'ADJ', 'DET', 'NOUN', 'PUNCT']","['La Paz', 'Baja California Sur', 'I', 'such stunning scenery', 'I', 'the locals', 'things', 'they', 'it', 'what', 'I', 'my visit', 'March', 'You', 'your own wheels', 'the beach', 'Taxis', 'you', 'you', 'something', 'the driver', 'it', 'a protected area', 'they', '400 people', 'two time slots', 'around 7-8 am', 'noon', '1 pm', '4 pm', 'a long line', 'cars', 'each slot', 'it', 'your spot', 'the kicker', 'no facilities', 'the beach', 'your own drinks', 'snacks', 'all your trash', 'you', 'you', 'you', 'you', 'chairs', 'umbrellas', 'vendors', 'I', 'only a couple', 'porta-potties', 'the parking lot', 'any cell service', 'you', 'the hassle', 'the natural beauty and peaceful atmosphere', 'Playa Balandra', 'it', 'the trip']","[{'text': 'Playa Balandra', 'label': 'PERSON'}, {'text': 'La Paz', 'label': 'GPE'}, {'text': 'Baja California Sur', 'label': 'ORG'}, {'text': 'March 2024', 'label': 'DATE'}, {'text': '1', 'label': 'CARDINAL'}, {'text': '2', 'label': 'CARDINAL'}, {'text': '400', 'label': 'CARDINAL'}, {'text': 'two', 'label': 'CARDINAL'}, {'text': 'early morning', 'label': 'TIME'}, {'text': '7-8 am until noon', 'label': 'TIME'}, {'text': '1 pm to 4 pm', 'label': 'TIME'}, {'text': '3.', 'label': 'CARDINAL'}, {'text': '4.', 'label': 'CARDINAL'}, {'text': '5.', 'label': 'CARDINAL'}, {'text': '6.', 'label': 'CARDINAL'}, {'text': 'Playa Balandra', 'label': 'FAC'}]",0.05387205387205387
46632,5.0,"One of the best beaches Ive seen, shallow water, great for the family, also the beach has two shifts to keep it from being packed, you also have to pay a fee to enter.","['NUM', 'ADP', 'DET', 'ADJ', 'NOUN', 'PRON', 'AUX', 'VERB', 'PUNCT', 'ADJ', 'NOUN', 'PUNCT', 'ADJ', 'ADP', 'DET', 'NOUN', 'PUNCT', 'ADV', 'DET', 'NOUN', 'VERB', 'NUM', 'NOUN', 'PART', 'VERB', 'PRON', 'ADP', 'AUX', 'VERB', 'PUNCT', 'PRON', 'ADV', 'VERB', 'PART', 'VERB', 'DET', 'NOUN', 'PART', 'VERB', 'PUNCT']","['the best beaches', 'I', 'shallow water', 'the family', 'the beach', 'two shifts', 'it', 'you', 'a fee']","[{'text': 'One', 'label': 'CARDINAL'}, {'text': 'two', 'label': 'CARDINAL'}]",0.05
46636,5.0,Beautiful beach that limits the number of people visiting so it never feels too crowded,"['ADJ', 'NOUN', 'PRON', 'VERB', 'DET', 'NOUN', 'ADP', 'NOUN', 'VERB', 'SCONJ', 'PRON', 'ADV', 'VERB', 'ADV', 'ADJ']","['Beautiful beach', 'that', 'the number', 'people', 'it']",[],0.0
46641,5.0,Love it. Definitely going back.,"['VERB', 'PRON', 'PUNCT', 'ADV', 'VERB', 'ADV', 'PUNCT']",['it'],[],0.0
46643,5.0,A unique beach. Worth a days visit. It is protected so there is no food or drinks stuff you can buy at the beach. So bring your grub. You can kayak or walk for kilometers. Bring camara. There is a rock ridge if you want to avoid the sun. There is plenty and safe parking.,"['DET', 'ADJ', 'NOUN', 'PUNCT', 'ADJ', 'DET', 'NOUN', 'PART', 'NOUN', 'PUNCT', 'PRON', 'AUX', 'VERB', 'ADV', 'PRON', 'VERB', 'DET', 'NOUN', 'CCONJ', 'NOUN', 'NOUN', 'PRON', 'AUX', 'VERB', 'ADP', 'DET', 'NOUN', 'PUNCT', 'ADV', 'VERB', 'PRON', 'NOUN', 'PUNCT', 'PRON', 'AUX', 'VERB', 'CCONJ', 'VERB', 'ADP', 'NOUN', 'PUNCT', 'VERB', 'NOUN', 'PUNCT', 'PRON', 'VERB', 'DET', 'NOUN', 'NOUN', 'SCONJ', 'PRON', 'VERB', 'PART', 'VERB', 'DET', 'NOUN', 'PUNCT', 'PRON', 'VERB', 'ADJ', 'CCONJ', 'ADJ', 'NOUN', 'PUNCT']","['A unique beach', 'It', 'no food or drinks stuff', 'you', 'the beach', 'your grub', 'You', 'kilometers', 'camara', 'a rock ridge', 'you', 'the sun', 'plenty and safe parking']","[{'text': 'day', 'label': 'DATE'}]",0.015625
46648,5.0,Beautiful blue water. You can wade the whole cove. Warmer water. Saw a sea turtle. Bathrooms are donation based. Dry toilets. Suggest doing your business before you arrive.,"['ADJ', 'ADJ', 'NOUN', 'PUNCT', 'PRON', 'AUX', 'VERB', 'DET', 'ADJ', 'NOUN', 'PUNCT', 'ADJ', 'NOUN', 'PUNCT', 'VERB', 'DET', 'NOUN', 'NOUN', 'PUNCT', 'NOUN', 'AUX', 'NOUN', 'VERB', 'PUNCT', 'PUNCT', 'PROPN', 'PUNCT', 'NOUN', 'PUNCT', 'VERB', 'VERB', 'PRON', 'NOUN', 'SCONJ', 'PRON', 'VERB', 'PUNCT']","['Beautiful blue water', 'You', 'the whole cove', 'Warmer water', 'a sea turtle', 'Bathrooms', 'donation', '""Dry"" toilets', 'your business', 'you']",[],0.0
46652,5.0,"YOU MUST VISIT Its absolutely gorgeous the sand is so soft and the water is clear and warm. They have two visiting windows 812 and 15. Afternoon is packed and there is a long line to get in. There is no cost but you should bring everything you need with you cooler, umbrella, chair there are bathrooms for a few pesos which was wonderful","['PRON', 'AUX', 'VERB', 'PUNCT', 'PUNCT', 'PRON', 'ADV', 'ADJ', 'DET', 'NOUN', 'AUX', 'ADV', 'ADJ', 'CCONJ', 'DET', 'NOUN', 'AUX', 'ADJ', 'CCONJ', 'ADJ', 'PUNCT', 'PRON', 'VERB', 'NUM', 'VERB', 'NOUN', 'NUM', 'SYM', 'NUM', 'CCONJ', 'NUM', 'SYM', 'NUM', 'PUNCT', 'PROPN', 'AUX', 'VERB', 'CCONJ', 'PRON', 'VERB', 'DET', 'ADJ', 'NOUN', 'PART', 'VERB', 'ADP', 'PUNCT', 'PRON', 'VERB', 'DET', 'NOUN', 'CCONJ', 'PRON', 'AUX', 'VERB', 'PRON', 'PRON', 'VERB', 'ADP', 'PRON', 'PUNCT', 'ADJ', 'PUNCT', 'PROPN', 'PUNCT', 'NOUN', 'PUNCT', 'PRON', 'VERB', 'NOUN', 'ADP', 'DET', 'ADJ', 'NOUN', 'PRON', 'AUX', 'ADJ']","['YOU', 'Its absolutely gorgeous the sand', 'the water', 'They', 'two visiting windows', 'Afternoon', 'a long line', 'no cost', 'you', 'everything', 'you', 'you', 'umbrella', 'chair', 'bathrooms', 'a few pesos', 'which']","[{'text': 'two', 'label': 'CARDINAL'}, {'text': '8-12', 'label': 'DATE'}, {'text': '1', 'label': 'CARDINAL'}, {'text': 'Afternoon', 'label': 'TIME'}]",0.05194805194805195
46654,5.0,What a jewel of Mother Nature .. a Must visit if youre in these parts.,"['PRON', 'DET', 'NOUN', 'ADP', 'PROPN', 'PROPN', 'PUNCT', 'PRON', 'AUX', 'VERB', 'SCONJ', 'PRON', 'VERB', 'ADP', 'DET', 'NOUN', 'PUNCT']","['What a jewel', 'Mother Nature', 'a', 'you', 'these parts']",[],0.0
46656,5.0,If youre looking for Super chill beach this is the place. Watch out for sting rays.,"['SCONJ', 'PRON', 'AUX', 'VERB', 'ADP', 'PROPN', 'NOUN', 'NOUN', 'PRON', 'AUX', 'DET', 'NOUN', 'PUNCT', 'VERB', 'ADP', 'ADP', 'NOUN', 'NOUN', 'PUNCT']","['you', 'Super chill beach', 'this', 'the place', 'sting rays']","[{'text': 'Super', 'label': 'ORG'}]",0.05263157894736842
46657,5.0,Out of this world,"['ADP', 'ADP', 'DET', 'NOUN', 'PUNCT']",['this world'],[],0.0
46658,5.0,"Beautiful hidden gem in the desert. Its where youll find the rock formation known as el hongo de la Paz. Its a protected beach. Therefore, plan accordingly since they have scheduled hours at this beach. It really is magical.","['ADJ', 'ADJ', 'NOUN', 'ADP', 'DET', 'NOUN', 'PUNCT', 'PRON', 'AUX', 'SCONJ', 'PRON', 'AUX', 'VERB', 'DET', 'NOUN', 'NOUN', 'VERB', 'ADP', 'PROPN', 'PROPN', 'PROPN', 'PROPN', 'PROPN', 'PUNCT', 'PRON', 'AUX', 'DET', 'VERB', 'NOUN', 'PUNCT', 'ADV', 'PUNCT', 'VERB', 'ADV', 'SCONJ', 'PRON', 'AUX', 'VERB', 'NOUN', 'ADP', 'DET', 'NOUN', 'PUNCT', 'PRON', 'ADV', 'AUX', 'ADJ', 'PUNCT']","['Beautiful hidden gem', 'the desert', 'It', 'you', 'the rock formation', 'el hongo de la Paz', 'It', 'a protected beach', 'they', 'hours', 'this beach', 'It']","[{'text': 'el hongo de la Paz', 'label': 'PERSON'}]",0.020833333333333332
46659,5.0,A must see place in La Paz. Beautiful beaches with breathtaking areas throughout from parking all the way to the arches and mushroom rock. Cant believe we walked so much but well worth the trip.,"['PRON', 'AUX', 'VERB', 'NOUN', 'ADP', 'PROPN', 'PROPN', 'PUNCT', 'ADJ', 'NOUN', 'ADP', 'ADJ', 'NOUN', 'ADP', 'ADP', 'VERB', 'DET', 'DET', 'NOUN', 'ADP', 'DET', 'NOUN', 'CCONJ', 'NOUN', 'NOUN', 'PUNCT', 'AUX', 'PART', 'VERB', 'PRON', 'VERB', 'ADV', 'ADV', 'CCONJ', 'ADV', 'ADJ', 'DET', 'NOUN', 'PUNCT']","['A', 'place', 'La Paz', 'Beautiful beaches', 'breathtaking areas', 'the arches', 'mushroom rock', 'we']","[{'text': 'La Paz', 'label': 'FAC'}]",0.02564102564102564
46666,5.0,"Very recomended there you can find yourself as well, is very peaceful and the ocean is very calm and relaxing, very very recomended","['ADV', 'VERB', 'ADV', 'PRON', 'AUX', 'VERB', 'PRON', 'ADV', 'ADV', 'PUNCT', 'AUX', 'ADV', 'ADJ', 'CCONJ', 'DET', 'NOUN', 'AUX', 'ADV', 'ADJ', 'CCONJ', 'ADJ', 'PUNCT', 'ADV', 'ADV', 'ADJ', 'PUNCT']","['you', 'yourself', 'the ocean']",[],0.0
46673,5.0,"Beautiful and unique beach. Very shallow. You can walk out a far distance with the water only to your knees. We arrived at 1245pm on a Friday and we got in just fine. You have to pay a small tip to use the bathroom. The beach is clean. Please bring your own umbrellas, water, food etc. because nothing is there besides sand, rock and water which is gorgeous.","['ADJ', 'CCONJ', 'ADJ', 'NOUN', 'PUNCT', 'ADV', 'ADJ', 'PUNCT', 'PRON', 'AUX', 'VERB', 'ADP', 'DET', 'ADJ', 'NOUN', 'ADP', 'DET', 'NOUN', 'ADV', 'ADP', 'PRON', 'NOUN', 'PUNCT', 'PRON', 'VERB', 'ADP', 'PROPN', 'ADP', 'DET', 'PROPN', 'CCONJ', 'PRON', 'VERB', 'ADP', 'ADV', 'ADJ', 'PUNCT', 'PRON', 'VERB', 'PART', 'VERB', 'DET', 'ADJ', 'NOUN', 'PART', 'VERB', 'DET', 'NOUN', 'PUNCT', 'DET', 'NOUN', 'AUX', 'ADJ', 'PUNCT', 'INTJ', 'VERB', 'PRON', 'ADJ', 'NOUN', 'PUNCT', 'NOUN', 'PUNCT', 'NOUN', 'X', 'X', 'SCONJ', 'PRON', 'AUX', 'ADV', 'SCONJ', 'NOUN', 'PUNCT', 'NOUN', 'CCONJ', 'NOUN', 'PRON', 'AUX', 'ADJ', 'PUNCT']","['Beautiful and unique beach', 'You', 'a far distance', 'the water', 'your knees', 'We', '12:45pm', 'a Friday', 'we', 'You', 'a small tip', 'the bathroom', 'The beach', 'your own umbrellas', 'water', 'nothing', 'sand', 'rock', 'water', 'which']","[{'text': '12:45pm', 'label': 'CARDINAL'}, {'text': 'Friday', 'label': 'DATE'}]",0.02531645569620253
46683,5.0,"Very beautiful beach as everyone said but some logistics. There are two time slots to enter, 812 pm, and 15pm. Only 400 people can enter each time slot. We went for the 1 pm. We got there around 1145 am. Line can start forming around 12 pm, so I think getting there one hour is as early as you need to go. Since we were close to front of the line, we got to start going in the beach around 1215 pm. So even though the official start time in the afternoon was 1 pm, we still got to go in early. I personally think we wouldve got in anyways even if we arrived at 1 pm based on the crowd. Not sure if it ever got full afterwards, but reading reviews, it can get full where people get turned away. When you are lining up, there will be lots of people trying to sell you beach chairumbrellas. Note that the line forms at where all the people selling the umbrellas are. To enter the line, you go through a dirt road off a highway pass near the main road which someone will guide you to, even tho it feels wrong. We thought they were just try to get us to line up for the vendors. But it ended up being the main line. At the beach, theres bathroom but you need to pay. Therere no vendors besides kayaks for rent. Theres no entrance fee. There are around 20 permanent umbrellas you can use if you are one of the first ones to get in, otherwise bring your own.","['ADV', 'ADJ', 'NOUN', 'SCONJ', 'PRON', 'VERB', 'CCONJ', 'DET', 'NOUN', 'PUNCT', 'PRON', 'VERB', 'NUM', 'NOUN', 'NOUN', 'PART', 'VERB', 'PUNCT', 'NUM', 'SYM', 'NUM', 'NOUN', 'PUNCT', 'CCONJ', 'NUM', 'PUNCT', 'ADJ', 'PUNCT', 'ADV', 'NUM', 'NOUN', 'AUX', 'VERB', 'DET', 'NOUN', 'NOUN', 'PUNCT', 'PRON', 'VERB', 'ADP', 'DET', 'NUM', 'NOUN', 'PUNCT', 'PRON', 'VERB', 'ADV', 'ADP', 'NUM', 'NOUN', 'PUNCT', 'NOUN', 'AUX', 'VERB', 'VERB', 'ADP', 'NUM', 'NOUN', 'PUNCT', 'ADV', 'PRON', 'VERB', 'VERB', 'ADV', 'NUM', 'NOUN', 'AUX', 'ADV', 'ADV', 'SCONJ', 'PRON', 'VERB', 'PART', 'VERB', 'PUNCT', 'SCONJ', 'PRON', 'AUX', 'ADJ', 'ADP', 'NOUN', 'ADP', 'DET', 'NOUN', 'PUNCT', 'PRON', 'VERB', 'PART', 'VERB', 'VERB', 'ADP', 'DET', 'NOUN', 'ADP', 'NUM', 'NOUN', 'PUNCT', 'ADV', 'ADV', 'SCONJ', 'DET', 'ADJ', 'VERB', 'NOUN', 'ADP', 'DET', 'NOUN', 'AUX', 'NUM', 'NOUN', 'PUNCT', 'PRON', 'ADV', 'VERB', 'PART', 'VERB', 'ADV', 'ADV', 'PUNCT', 'PRON', 'ADV', 'VERB', 'PRON', 'AUX', 'AUX', 'VERB', 'ADP', 'INTJ', 'ADV', 'SCONJ', 'PRON', 'VERB', 'ADP', 'NUM', 'NOUN', 'VERB', 'ADP', 'DET', 'NOUN', 'PUNCT', 'PART', 'ADJ', 'SCONJ', 'PRON', 'ADV', 'VERB', 'ADJ', 'ADV', 'PUNCT', 'CCONJ', 'VERB', 'NOUN', 'PUNCT', 'PRON', 'AUX', 'VERB', 'ADJ', 'SCONJ', 'NOUN', 'AUX', 'VERB', 'ADV', 'PUNCT', 'SCONJ', 'PRON', 'AUX', 'VERB', 'ADP', 'PUNCT', 'PRON', 'AUX', 'AUX', 'NOUN', 'ADP', 'NOUN', 'VERB', 'PART', 'VERB', 'PRON', 'NOUN', 'NOUN', 'PUNCT', 'VERB', 'SCONJ', 'DET', 'NOUN', 'VERB', 'ADP', 'SCONJ', 'DET', 'DET', 'NOUN', 'VERB', 'DET', 'NOUN', 'AUX', 'PUNCT', 'PART', 'VERB', 'DET', 'NOUN', 'PUNCT', 'PRON', 'VERB', 'ADP', 'DET', 'NOUN', 'NOUN', 'ADP', 'DET', 'NOUN', 'NOUN', 'ADP', 'DET', 'ADJ', 'NOUN', 'PRON', 'PRON', 'AUX', 'VERB', 'PRON', 'ADP', 'PUNCT', 'ADV', 'X', 'PRON', 'VERB', 'ADJ', 'PUNCT', 'PRON', 'VERB', 'PRON', 'AUX', 'ADV', 'VERB', 'PART', 'VERB', 'PRON', 'PART', 'VERB', 'ADP', 'ADP', 'DET', 'NOUN', 'PUNCT', 'CCONJ', 'PRON', 'VERB', 'ADP', 'AUX', 'DET', 'ADJ', 'NOUN', 'PUNCT', 'ADP', 'DET', 'NOUN', 'PUNCT', 'PRON', 'VERB', 'NOUN', 'CCONJ', 'PRON', 'VERB', 'PART', 'VERB', 'PUNCT', 'PRON', 'VERB', 'DET', 'NOUN', 'SCONJ', 'NOUN', 'ADP', 'NOUN', 'PUNCT', 'PRON', 'VERB', 'DET', 'NOUN', 'NOUN', 'PUNCT', 'PRON', 'VERB', 'ADV', 'NUM', 'ADJ', 'NOUN', 'PRON', 'AUX', 'VERB', 'SCONJ', 'PRON', 'AUX', 'NUM', 'ADP', 'DET', 'ADJ', 'NOUN', 'PART', 'VERB', 'ADP', 'PUNCT', 'ADV', 'VERB', 'PRON', 'ADJ', 'PUNCT']","['Very beautiful beach', 'everyone', 'some logistics', 'two time slots', 'Only 400 people', 'each time slot', 'We', 'the 1 pm', 'We', '11:45 am', 'Line', 'around 12 pm', 'I', 'one hour', 'you', 'we', 'front', 'the line', 'we', 'the beach', '12:15 pm', 'the official start time', 'the afternoon', '1 pm', 'we', 'I', 'we', 'we', '1 pm', 'the crowd', 'it', 'reviews', 'it', 'people', 'you', 'lots', 'people', 'you beach chairumbrellas', 'all the people', 'the umbrellas', 'the line', 'you', 'a dirt road', 'a highway pass', 'the main road', 'which', 'someone', 'you', 'it', 'We', 'they', 'us', 'the vendors', 'it', 'the main line', 'the beach', 'bathroom', 'you', 'no vendors', 'kayaks', 'rent', 'no entrance fee', 'around 20 permanent umbrellas', 'you', 'you', 'the first ones']","[{'text': 'two', 'label': 'CARDINAL'}, {'text': '8-12 pm', 'label': 'TIME'}, {'text': '1-5pm', 'label': 'CARDINAL'}, {'text': 'Only 400', 'label': 'CARDINAL'}, {'text': '11:45 am', 'label': 'TIME'}, {'text': 'around 12 pm', 'label': 'TIME'}, {'text': 'one hour', 'label': 'TIME'}, {'text': 'around 12:15 pm', 'label': 'TIME'}, {'text': '1 pm', 'label': 'TIME'}, {'text': '1 pm', 'label': 'TIME'}, {'text': '20', 'label': 'CARDINAL'}, {'text': 'one', 'label': 'CARDINAL'}, {'text': 'first', 'label': 'ORDINAL'}]",0.04220779220779221
46686,5.0,Absolutely gorgeous. Maybe the nicest beach in all of Mexico.,"['ADV', 'ADJ', 'PUNCT', 'ADV', 'DET', 'ADJ', 'NOUN', 'ADP', 'PRON', 'ADP', 'PROPN', 'PUNCT']","['Maybe the nicest beach', 'all', 'Mexico']","[{'text': 'Mexico', 'label': 'GPE'}]",0.08333333333333333
46700,5.0,Wonderful beach. Very shallow on palapa side. Gates open at 8am. Morning folk are asked to leave by noon to make room for more people in the afternoon.,"['ADJ', 'NOUN', 'PUNCT', 'ADV', 'ADJ', 'ADP', 'VERB', 'NOUN', 'PUNCT', 'NOUN', 'ADJ', 'ADP', 'NUM', 'NOUN', 'PUNCT', 'NOUN', 'NOUN', 'AUX', 'VERB', 'PART', 'VERB', 'ADP', 'NOUN', 'PART', 'VERB', 'NOUN', 'ADP', 'ADJ', 'NOUN', 'ADP', 'DET', 'NOUN', 'PUNCT']","['Wonderful beach', 'palapa side', 'Gates', '8am', 'Morning folk', 'noon', 'room', 'more people', 'the afternoon']","[{'text': '8am.', 'label': 'TIME'}, {'text': 'Morning', 'label': 'TIME'}, {'text': 'noon', 'label': 'TIME'}]",0.09090909090909091
46701,1.0,If you love nature and not having anything around you this is your place if you like nature and having good food service and drinks go ro Tecolote beach.,"['SCONJ', 'PRON', 'VERB', 'NOUN', 'CCONJ', 'PART', 'VERB', 'PRON', 'ADP', 'PRON', 'PRON', 'AUX', 'PRON', 'NOUN', 'SCONJ', 'PRON', 'VERB', 'NOUN', 'CCONJ', 'VERB', 'ADJ', 'NOUN', 'NOUN', 'CCONJ', 'NOUN', 'VERB', 'ADP', 'PROPN', 'NOUN', 'PUNCT']","['you', 'nature', 'anything', 'you', 'this', 'your place', 'you', 'nature', 'good food service', 'drinks', 'Tecolote beach']","[{'text': 'Tecolote beach', 'label': 'GPE'}]",0.03333333333333333
46705,5.0,Lovely place. Good sandy beach. A leave no trace place. Kayaks avail. Shallow bay with blue blue water,"['ADJ', 'NOUN', 'PUNCT', 'ADJ', 'ADJ', 'NOUN', 'PUNCT', 'PRON', 'VERB', 'DET', 'NOUN', 'NOUN', 'PUNCT', 'NOUN', 'VERB', 'PUNCT', 'ADJ', 'NOUN', 'ADP', 'ADJ', 'ADJ', 'NOUN']","['Lovely place', 'Good sandy beach', 'A', 'no trace place', 'Kayaks', 'Shallow bay', 'blue blue water']","[{'text': 'Kayaks', 'label': 'NORP'}]",0.045454545454545456
46713,5.0,"Beautiful knee deep water over a huge expanse. Well worth an early morning visit or wait until midafternoon. Its a protected park with limited services, kayak rental, a few SUPs. Pack out your own trash, pay small fee for porta potties. Some palapas thatched umbrellas if you get there early. Nice hike to the upper saddle ridge and if the tide is right you can access the beaches around the point. No charge to access.","['ADJ', 'NOUN', 'ADJ', 'NOUN', 'ADP', 'DET', 'ADJ', 'NOUN', 'PUNCT', 'INTJ', 'ADJ', 'DET', 'ADJ', 'NOUN', 'NOUN', 'CCONJ', 'VERB', 'ADP', 'NOUN', 'NOUN', 'NOUN', 'PUNCT', 'PRON', 'AUX', 'DET', 'VERB', 'NOUN', 'ADP', 'ADJ', 'NOUN', 'PUNCT', 'PROPN', 'NOUN', 'PUNCT', 'DET', 'ADJ', 'NOUN', 'PUNCT', 'VERB', 'ADP', 'PRON', 'ADJ', 'NOUN', 'PUNCT', 'VERB', 'ADJ', 'NOUN', 'ADP', 'ADJ', 'NOUN', 'PUNCT', 'DET', 'NOUN', 'PUNCT', 'VERB', 'NOUN', 'PUNCT', 'SCONJ', 'PRON', 'VERB', 'ADV', 'ADV', 'PUNCT', 'ADJ', 'NOUN', 'ADP', 'DET', 'ADJ', 'NOUN', 'NOUN', 'CCONJ', 'SCONJ', 'DET', 'NOUN', 'AUX', 'ADJ', 'PRON', 'AUX', 'VERB', 'DET', 'NOUN', 'ADP', 'DET', 'NOUN', 'PUNCT', 'DET', 'NOUN', 'ADP', 'NOUN', 'PUNCT']","['Beautiful knee deep water', 'a huge expanse', 'mid', '-', 'afternoon', 'It', 'a protected park', 'limited services', 'a few SUPs', 'your own trash', 'small fee', 'porta potties', 'Some palapas', 'thatched umbrellas', 'you', 'Nice hike', 'the upper saddle ridge', 'the tide', 'you', 'the beaches', 'the point', 'No charge', 'access']","[{'text': 'an early morning', 'label': 'TIME'}, {'text': 'mid-afternoon', 'label': 'TIME'}, {'text': 'kayak rental', 'label': 'ORG'}]",0.03333333333333333
46714,5.0,The bomb Nothing like it This is a must see before you die Im not kidding Checked list ready,"['DET', 'NOUN', 'PUNCT', 'PRON', 'ADP', 'PRON', 'PUNCT', 'PRON', 'AUX', 'DET', 'AUX', 'VERB', 'SCONJ', 'PRON', 'VERB', 'PUNCT', 'PRON', 'AUX', 'PART', 'VERB', 'PUNCT', 'ADJ', 'NOUN', 'ADJ', 'PUNCT']","['The bomb', 'Nothing', 'it', 'This', 'you', 'I', 'Checked list']",[],0.0
46718,5.0,Best beach I ever visited so far. Beautiful colors of the water and crystal clear.,"['ADJ', 'NOUN', 'PRON', 'ADV', 'VERB', 'ADV', 'ADV', 'PUNCT', 'ADJ', 'NOUN', 'ADP', 'DET', 'NOUN', 'CCONJ', 'NOUN', 'ADJ', 'PUNCT']","['Best beach', 'I', 'Beautiful colors', 'the water', 'crystal']",[],0.0
46720,5.0,"Awesome place, not overcrowded. Maybe only 400 people can enter per day.","['ADJ', 'NOUN', 'PUNCT', 'PART', 'ADJ', 'PUNCT', 'ADV', 'ADV', 'NUM', 'NOUN', 'AUX', 'VERB', 'ADP', 'NOUN', 'PUNCT']","['Awesome place', 'only 400 people', 'day']","[{'text': 'only 400', 'label': 'CARDINAL'}]",0.06666666666666667
46727,5.0,This place is so fun Perfect family beach with still clear water and little free cabanas. We saw fish and a sting ray Its totally free. Go before 11 am if you want to get in. There are two groups one at 8 or 9 am and one at 1pm. Come by noon if you want to go in at 1 and you do have to wait in line for hours if you dont make it in to the first group.,"['DET', 'NOUN', 'AUX', 'ADV', 'ADJ', 'PUNCT', 'ADJ', 'NOUN', 'NOUN', 'ADP', 'ADV', 'ADJ', 'NOUN', 'CCONJ', 'ADJ', 'ADJ', 'NOUN', 'PUNCT', 'PRON', 'VERB', 'NOUN', 'CCONJ', 'DET', 'NOUN', 'NOUN', 'PUNCT', 'PRON', 'ADV', 'ADJ', 'PUNCT', 'VERB', 'ADP', 'NUM', 'AUX', 'SCONJ', 'PRON', 'VERB', 'PART', 'VERB', 'ADP', 'PUNCT', 'PRON', 'VERB', 'NUM', 'ADJ', 'NUM', 'ADP', 'NUM', 'CCONJ', 'NUM', 'NOUN', 'CCONJ', 'NUM', 'ADP', 'NUM', 'NOUN', 'PUNCT', 'VERB', 'ADP', 'NOUN', 'SCONJ', 'PRON', 'VERB', 'PART', 'VERB', 'ADV', 'ADP', 'NUM', 'CCONJ', 'PRON', 'AUX', 'VERB', 'PART', 'VERB', 'ADP', 'NOUN', 'ADP', 'PROPN', 'PUNCT', 'SCONJ', 'PRON', 'AUX', 'PART', 'VERB', 'PRON', 'ADP', 'ADP', 'DET', 'ADJ', 'NOUN', 'PUNCT']","['This place', 'Perfect family beach', 'still clear water', 'little free cabanas', 'We', 'fish', 'a sting ray', 'you', '8 or 9 am', '1pm', 'noon', 'you', 'you', 'line', 'hour(s', 'you', 'it', 'the first group']","[{'text': '11 am', 'label': 'TIME'}, {'text': 'two', 'label': 'CARDINAL'}, {'text': '8 or', 'label': 'TIME'}, {'text': '9 am', 'label': 'TIME'}, {'text': '1pm', 'label': 'TIME'}, {'text': 'noon', 'label': 'TIME'}, {'text': '1', 'label': 'CARDINAL'}, {'text': 'first', 'label': 'ORDINAL'}]",0.08791208791208792
46731,5.0,"Dec. 28th 2023. Morning quota reached at 1030. Afternoon quota must be filled before 1pm. Not all cars lined up git in. Very nice beach, maybe the best weve visited. We rented a kayak, explored mushroom rock and several beaches. snorkled a little, did two hikes. An amazing experience, well worth the wait","['PROPN', 'NOUN', 'NUM', 'PUNCT', 'NOUN', 'NOUN', 'VERB', 'ADP', 'NUM', 'PUNCT', 'NOUN', 'NOUN', 'AUX', 'AUX', 'VERB', 'ADP', 'NUM', 'NOUN', 'PUNCT', 'PART', 'DET', 'NOUN', 'VERB', 'ADP', 'NOUN', 'ADP', 'PUNCT', 'ADV', 'ADJ', 'NOUN', 'PUNCT', 'ADV', 'DET', 'ADJ', 'PRON', 'AUX', 'VERB', 'PUNCT', 'PRON', 'VERB', 'DET', 'NOUN', 'PUNCT', 'VERB', 'NOUN', 'NOUN', 'CCONJ', 'ADJ', 'NOUN', 'PUNCT', 'VERB', 'DET', 'ADJ', 'PUNCT', 'VERB', 'NUM', 'NOUN', 'PUNCT', 'DET', 'ADJ', 'NOUN', 'PUNCT', 'ADV', 'ADJ', 'DET', 'NOUN', 'PUNCT']","['Dec.', 'Morning quota', 'Afternoon quota', '1pm', 'Not all cars', 'git', 'Very nice beach', 'we', 'We', 'a kayak', 'explored mushroom rock', 'several beaches', 'two hikes', 'An amazing experience']","[{'text': 'Dec. 28th 2023', 'label': 'DATE'}, {'text': 'Morning', 'label': 'TIME'}, {'text': '10:30.', 'label': 'TIME'}, {'text': 'Afternoon', 'label': 'TIME'}, {'text': '1pm', 'label': 'TIME'}, {'text': 'nice beach', 'label': 'GPE'}, {'text': 'two', 'label': 'CARDINAL'}]",0.1044776119402985
46742,5.0,"Gorgeous beach, well worth the wait. Opening hours in the afternoon are 14 so try to get there no later than 1230.","['ADJ', 'NOUN', 'PUNCT', 'ADV', 'ADJ', 'DET', 'NOUN', 'PUNCT', 'VERB', 'NOUN', 'ADP', 'DET', 'NOUN', 'AUX', 'NUM', 'SYM', 'NUM', 'ADV', 'VERB', 'PART', 'VERB', 'ADV', 'ADV', 'ADV', 'ADP', 'NUM', 'PUNCT']","['Gorgeous beach', 'the wait', 'hours', 'the afternoon']","[{'text': 'Opening hours', 'label': 'TIME'}, {'text': '1', 'label': 'CARDINAL'}]",0.07407407407407407
46743,5.0,"A beautifully maintained beach that helps keep the wild life wild Beautiful sandy beaches, great snorkeling during high tide, and awesome views","['DET', 'ADV', 'VERB', 'NOUN', 'PRON', 'VERB', 'VERB', 'DET', 'ADJ', 'NOUN', 'ADJ', 'PUNCT', 'ADJ', 'ADJ', 'NOUN', 'PUNCT', 'ADJ', 'NOUN', 'ADP', 'ADJ', 'NOUN', 'PUNCT', 'CCONJ', 'ADJ', 'NOUN', 'PUNCT']","['A beautifully maintained beach', 'that', 'the wild life', 'Beautiful sandy beaches', 'great snorkeling', 'high tide', 'awesome views']",[],0.0
46747,3.0,"Beautiful beach, no doubt. But theres no information about the stingray present. I got bit by a stingray. Experienced the worst pain of my life. I got bit in the middle of the water, my husband had to carry my all the way to the parking. The staff did not help to bring me. They didnt have any antitode for the poison. They squeezed the poison out from an excruciating, painful wound. We had to drive 40 minutes to get to the first doctor.I felt like I was going to die. There were people and kids in the water. I can only imagine if a kid got bit, what would happen. There should be warning signs everywhere. I would recommend everyone to be very careful in the water","['ADJ', 'NOUN', 'PUNCT', 'ADV', 'NOUN', 'PUNCT', 'CCONJ', 'PRON', 'VERB', 'DET', 'NOUN', 'ADP', 'DET', 'NOUN', 'NOUN', 'PUNCT', 'PRON', 'AUX', 'VERB', 'ADP', 'DET', 'NOUN', 'PUNCT', 'VERB', 'DET', 'ADJ', 'NOUN', 'ADP', 'PRON', 'NOUN', 'PUNCT', 'PRON', 'VERB', 'NOUN', 'ADP', 'DET', 'NOUN', 'ADP', 'DET', 'NOUN', 'PUNCT', 'PRON', 'NOUN', 'VERB', 'PART', 'VERB', 'PRON', 'DET', 'DET', 'NOUN', 'ADP', 'DET', 'NOUN', 'PUNCT', 'DET', 'NOUN', 'AUX', 'PART', 'VERB', 'PART', 'VERB', 'PRON', 'PUNCT', 'PRON', 'AUX', 'PART', 'VERB', 'DET', 'NOUN', 'ADP', 'DET', 'NOUN', 'PUNCT', 'PRON', 'VERB', 'DET', 'NOUN', 'ADP', 'ADP', 'DET', 'ADJ', 'PUNCT', 'ADJ', 'NOUN', 'PUNCT', 'PRON', 'VERB', 'PART', 'VERB', 'NUM', 'NOUN', 'PART', 'VERB', 'ADP', 'DET', 'ADJ', 'NOUN', 'PUNCT', 'PRON', 'VERB', 'SCONJ', 'PRON', 'AUX', 'VERB', 'PART', 'VERB', 'PUNCT', 'PRON', 'VERB', 'NOUN', 'CCONJ', 'NOUN', 'ADP', 'DET', 'NOUN', 'PUNCT', 'PRON', 'AUX', 'ADV', 'VERB', 'SCONJ', 'DET', 'NOUN', 'VERB', 'NOUN', 'PUNCT', 'PRON', 'AUX', 'VERB', 'PUNCT', 'PRON', 'AUX', 'AUX', 'VERB', 'NOUN', 'ADV', 'PUNCT', 'PRON', 'AUX', 'VERB', 'PRON', 'PART', 'AUX', 'ADV', 'ADJ', 'ADP', 'DET', 'NOUN']","['Beautiful beach', 'no doubt', 'no information', 'the stingray present', 'I', 'a stingray', 'the worst pain', 'my life', 'I', 'bit', 'the middle', 'the water', 'my husband', 'my all the way', 'the parking', 'The staff', 'me', 'They', 'any antitode', 'the poison', 'They', 'the poison', 'an excruciating, painful wound', 'We', '40 minutes', 'the first doctor', 'I', 'I', 'people', 'kids', 'the water', 'I', 'a kid', 'bit', 'what', 'signs', 'I', 'everyone', 'the water']","[{'text': '40 minutes', 'label': 'TIME'}, {'text': 'first', 'label': 'ORDINAL'}]",0.013513513513513514
46752,4.0,Stellar spot Great views. They restrict you to certain times. We arrived at 830am and had to leave by 12 noon. And they are sure to kick you out. Police use their sirens to make sure you leave and officials there literally kick you out. We ran a couple minutes behind and they told us to just throw our stuff in the van and clean it later. Its definitely a spot to check out.,"['ADJ', 'NOUN', 'PUNCT', 'ADJ', 'NOUN', 'PUNCT', 'PRON', 'VERB', 'PRON', 'ADP', 'ADJ', 'NOUN', 'PUNCT', 'PRON', 'VERB', 'ADP', 'NUM', 'CCONJ', 'VERB', 'PART', 'VERB', 'ADP', 'NUM', 'NOUN', 'PUNCT', 'CCONJ', 'PRON', 'AUX', 'ADJ', 'PART', 'VERB', 'PRON', 'ADP', 'PUNCT', 'NOUN', 'VERB', 'PRON', 'NOUN', 'PART', 'VERB', 'ADJ', 'PRON', 'VERB', 'CCONJ', 'NOUN', 'ADV', 'ADV', 'VERB', 'PRON', 'ADP', 'PUNCT', 'PRON', 'VERB', 'DET', 'NOUN', 'NOUN', 'ADV', 'CCONJ', 'PRON', 'VERB', 'PRON', 'PART', 'ADV', 'VERB', 'PRON', 'NOUN', 'ADP', 'DET', 'NOUN', 'CCONJ', 'VERB', 'PRON', 'ADV', 'PUNCT', 'PRON', 'ADV', 'DET', 'NOUN', 'PART', 'VERB', 'ADP', 'PUNCT']","['Stellar spot', 'Great views', 'They', 'you', 'certain times', 'We', '12 noon', 'they', 'you', 'Police', 'their sirens', 'you', 'officials', 'you', 'We', 'they', 'us', 'our stuff', 'the van', 'it', 'Its definitely a spot']","[{'text': '8:30am', 'label': 'CARDINAL'}, {'text': '12 noon', 'label': 'TIME'}, {'text': 'a couple minutes', 'label': 'TIME'}]",0.036585365853658534
46757,5.0,Very nice secluded beach. Get there early.,"['ADV', 'ADJ', 'VERB', 'NOUN', 'PUNCT', 'VERB', 'ADV', 'ADV', 'PUNCT']",['Very nice secluded beach'],[],0.0
46760,5.0,Amazing snorkeling Saw many fish. Well maintained park. Wonderful experience.,"['ADJ', 'NOUN', 'PUNCT', 'VERB', 'ADJ', 'NOUN', 'PUNCT', 'INTJ', 'VERB', 'NOUN', 'PUNCT', 'ADJ', 'NOUN', 'PUNCT']","['Amazing snorkeling', 'many fish', 'park', 'Wonderful experience']",[],0.0
46768,5.0,"This beach is beautiful, access was very easy, the water has an ideal temperature, it has deep areas at the end but the vast majority of the beginning the water is at ankle level, it is a good place if you go with children, spend the day drinking a few beers, enjoying the sea and the place, I hope to return soon, the famous mushroom is also found here, but without a doubt what makes this place special is the water level and temperature.","['DET', 'NOUN', 'AUX', 'ADJ', 'PUNCT', 'NOUN', 'AUX', 'ADV', 'ADJ', 'PUNCT', 'DET', 'NOUN', 'VERB', 'DET', 'ADJ', 'NOUN', 'PUNCT', 'PRON', 'VERB', 'ADJ', 'NOUN', 'ADP', 'DET', 'NOUN', 'CCONJ', 'DET', 'ADJ', 'NOUN', 'ADP', 'DET', 'NOUN', 'DET', 'NOUN', 'AUX', 'ADP', 'NOUN', 'NOUN', 'PUNCT', 'PRON', 'AUX', 'DET', 'ADJ', 'NOUN', 'SCONJ', 'PRON', 'VERB', 'ADP', 'NOUN', 'PUNCT', 'VERB', 'DET', 'NOUN', 'VERB', 'DET', 'ADJ', 'NOUN', 'PUNCT', 'VERB', 'DET', 'NOUN', 'CCONJ', 'DET', 'NOUN', 'PUNCT', 'PRON', 'VERB', 'PART', 'VERB', 'ADV', 'PUNCT', 'DET', 'ADJ', 'NOUN', 'AUX', 'ADV', 'VERB', 'ADV', 'PUNCT', 'CCONJ', 'ADP', 'DET', 'NOUN', 'PRON', 'VERB', 'DET', 'NOUN', 'ADJ', 'AUX', 'DET', 'NOUN', 'NOUN', 'CCONJ', 'NOUN', 'PUNCT']","['This beach', 'access', 'the water', 'an ideal temperature', 'it', 'deep areas', 'the end', 'the vast majority', 'the beginning', 'the water', 'ankle level', 'it', 'a good place', 'you', 'children', 'the day', 'a few beers', 'the sea', 'the place', 'I', 'the famous mushroom', 'a doubt', 'what', 'this place', 'the water level', 'temperature']","[{'text': 'the day', 'label': 'DATE'}]",0.010638297872340425
46779,5.0,"Beautiful place, worth the drive. In the mornings is better.","['ADJ', 'NOUN', 'PUNCT', 'ADJ', 'DET', 'NOUN', 'PUNCT', 'ADP', 'DET', 'NOUN', 'AUX', 'ADJ', 'PUNCT']","['Beautiful place', 'the drive', 'the mornings']",[],0.0
46782,5.0,"Such a beautiful place, this is a must do in the area. Please be advised that entrance is based on a two morning 8 to 12 and afternoon 13 to 16 shifts where cars are allowed in only until the car park is full. When the morning shift ends people are asked to leave and the next shift gets in. There is a kayak rental service and portaloos.","['DET', 'DET', 'ADJ', 'NOUN', 'PUNCT', 'PRON', 'AUX', 'DET', 'AUX', 'AUX', 'ADP', 'DET', 'NOUN', 'PUNCT', 'INTJ', 'AUX', 'VERB', 'SCONJ', 'NOUN', 'AUX', 'VERB', 'ADP', 'DET', 'NUM', 'NOUN', 'PUNCT', 'NUM', 'PART', 'NUM', 'PUNCT', 'CCONJ', 'NOUN', 'PUNCT', 'NUM', 'PART', 'NUM', 'PUNCT', 'NOUN', 'SCONJ', 'NOUN', 'AUX', 'VERB', 'ADP', 'ADV', 'SCONJ', 'DET', 'NOUN', 'NOUN', 'AUX', 'ADJ', 'PUNCT', 'SCONJ', 'DET', 'NOUN', 'NOUN', 'VERB', 'NOUN', 'AUX', 'VERB', 'PART', 'VERB', 'CCONJ', 'DET', 'ADJ', 'NOUN', 'VERB', 'ADV', 'PUNCT', 'PRON', 'VERB', 'DET', 'NOUN', 'NOUN', 'NOUN', 'CCONJ', 'NOUN', 'PUNCT']","['this', 'the area', 'entrance', 'a two morning (8 to 12) and afternoon (13 to 16) shifts', 'cars', 'the car park', 'the morning shift', 'people', 'the next shift', 'a kayak rental service', 'portaloos']","[{'text': 'a two morning', 'label': 'TIME'}, {'text': '8 to 12', 'label': 'CARDINAL'}, {'text': 'afternoon', 'label': 'TIME'}, {'text': '13 to 16', 'label': 'CARDINAL'}, {'text': 'morning', 'label': 'TIME'}]",0.06493506493506493
46789,5.0,"Wow this place is super special and worth the trip BUT it is limited to a certain number of cars per four hours, so dont turn up late and expect to get in. Also please take your trash with you","['INTJ', 'DET', 'NOUN', 'AUX', 'ADV', 'ADJ', 'CCONJ', 'ADJ', 'DET', 'NOUN', 'PUNCT', 'CCONJ', 'PRON', 'AUX', 'VERB', 'ADP', 'DET', 'ADJ', 'NOUN', 'ADP', 'NOUN', 'ADP', 'NUM', 'NOUN', 'PUNCT', 'ADV', 'AUX', 'PART', 'VERB', 'ADP', 'ADV', 'CCONJ', 'VERB', 'PART', 'VERB', 'ADP', 'PUNCT', 'ADV', 'INTJ', 'VERB', 'PRON', 'NOUN', 'ADP', 'PRON', 'PUNCT']","['this place', 'it', 'a certain number', 'cars', 'four hours', 'your trash', 'you']","[{'text': 'four hours', 'label': 'TIME'}]",0.022222222222222223
46798,5.0,Get there early,"['VERB', 'ADV', 'ADJ']",[],[],0.0
46820,5.0,"One of the most amazing and beautiful places Ive visited so far. The water is warm, free of charge. Plenty of parking spaces. And you can spend a couple of hours there, they let only 400 people in in the morning and 400 people at 1 pm. Super crystal clean water. You can bring your chair and beach items, same as food and drinks. It is a national treasure so be respectful and clean after yourself.","['NUM', 'ADP', 'DET', 'ADV', 'ADJ', 'CCONJ', 'ADJ', 'NOUN', 'PRON', 'AUX', 'VERB', 'ADV', 'ADV', 'PUNCT', 'DET', 'NOUN', 'AUX', 'ADJ', 'PUNCT', 'ADJ', 'ADP', 'NOUN', 'PUNCT', 'NOUN', 'ADP', 'NOUN', 'NOUN', 'PUNCT', 'CCONJ', 'PRON', 'AUX', 'VERB', 'DET', 'NOUN', 'ADP', 'NOUN', 'ADV', 'PUNCT', 'PRON', 'VERB', 'ADV', 'NUM', 'NOUN', 'ADV', 'ADP', 'DET', 'NOUN', 'CCONJ', 'NUM', 'NOUN', 'ADP', 'NUM', 'NOUN', 'PUNCT', 'PROPN', 'NOUN', 'ADJ', 'NOUN', 'PUNCT', 'PRON', 'AUX', 'VERB', 'PRON', 'NOUN', 'CCONJ', 'NOUN', 'NOUN', 'PUNCT', 'ADJ', 'ADP', 'NOUN', 'CCONJ', 'NOUN', 'PUNCT', 'PRON', 'AUX', 'DET', 'ADJ', 'NOUN', 'ADV', 'AUX', 'ADJ', 'CCONJ', 'ADJ', 'ADP', 'PRON', 'PUNCT']","['the most amazing and beautiful places', 'I', 'The water', 'charge', 'Plenty', 'parking spaces', 'you', 'a couple', 'hours', 'they', 'only 400 people', 'the morning', '400 people', '1 pm', 'Super crystal clean water', 'You', 'your chair and beach items', 'food', 'drinks', 'It', 'a national treasure', 'yourself']","[{'text': 'One', 'label': 'CARDINAL'}, {'text': 'a couple of hours', 'label': 'TIME'}, {'text': 'only 400', 'label': 'CARDINAL'}, {'text': 'the morning', 'label': 'TIME'}, {'text': '400', 'label': 'CARDINAL'}, {'text': '1 pm', 'label': 'TIME'}]",0.06896551724137931
46827,4.0,Very quiet and privat. You definitely have to bring your own drinks and snacks because there is no chance to buy stuff.,"['ADV', 'ADJ', 'CCONJ', 'PROPN', 'PUNCT', 'PRON', 'ADV', 'VERB', 'PART', 'VERB', 'PRON', 'ADJ', 'NOUN', 'CCONJ', 'NOUN', 'SCONJ', 'PRON', 'VERB', 'DET', 'NOUN', 'PART', 'VERB', 'NOUN', 'PUNCT']","['privat', 'You', 'your own drinks', 'snacks', 'no chance', 'stuff']",[],0.0
46831,3.0,Do yourselves a favour and dont go for at least the next 2 weeks as the water is sadly completely brown and dirty so you cant go in. This is obviously the after effects of the hurricane but raw sewage continues to pour directly from the town in La Paz into the sea so probably very polluted too. Wonderful scenery though but you may be disappointed,"['VERB', 'NOUN', 'DET', 'NOUN', 'CCONJ', 'AUX', 'PART', 'VERB', 'ADP', 'ADP', 'ADJ', 'DET', 'ADJ', 'NUM', 'NOUN', 'SCONJ', 'DET', 'NOUN', 'AUX', 'ADV', 'ADV', 'ADJ', 'CCONJ', 'ADJ', 'SCONJ', 'PRON', 'AUX', 'PART', 'VERB', 'ADP', 'PUNCT', 'PRON', 'AUX', 'ADV', 'DET', 'ADP', 'NOUN', 'ADP', 'DET', 'NOUN', 'CCONJ', 'ADJ', 'NOUN', 'VERB', 'PART', 'VERB', 'ADV', 'ADP', 'DET', 'NOUN', 'ADP', 'PROPN', 'PROPN', 'ADP', 'DET', 'NOUN', 'ADV', 'ADV', 'ADV', 'ADJ', 'ADV', 'PUNCT', 'ADJ', 'NOUN', 'ADV', 'CCONJ', 'PRON', 'AUX', 'AUX', 'VERB']","['yourselves', 'a favour', 'at least the next 2 weeks', 'the water', 'you', 'This', 'the after effects', 'the hurricane but raw sewage', 'the town', 'La Paz', 'the sea', 'Wonderful scenery', 'you']","[{'text': 'at least the next 2 weeks', 'label': 'DATE'}, {'text': 'La Paz', 'label': 'FAC'}]",0.02857142857142857
46842,4.0,Really loved this beach and only complaint was no place to get fooddrinks.,"['ADV', 'VERB', 'DET', 'NOUN', 'CCONJ', 'ADJ', 'NOUN', 'AUX', 'DET', 'NOUN', 'PART', 'VERB', 'NOUN', 'PUNCT']","['this beach', 'only complaint', 'no place', 'fooddrinks']",[],0.0
46851,5.0,"One of the most beautiful beaches Ive been, the water is very salty.","['NUM', 'ADP', 'DET', 'ADV', 'ADJ', 'NOUN', 'PRON', 'AUX', 'AUX', 'PUNCT', 'DET', 'NOUN', 'AUX', 'ADV', 'ADJ', 'PUNCT']","['the most beautiful beaches', 'I', 'the water']","[{'text': 'One', 'label': 'CARDINAL'}]",0.0625
46863,5.0,Bring your picnic and stay the whole day. Theres some good snorkeling near the mushroom rock.,"['VERB', 'PRON', 'NOUN', 'CCONJ', 'VERB', 'DET', 'ADJ', 'NOUN', 'PUNCT', 'PRON', 'VERB', 'DET', 'ADJ', 'NOUN', 'ADP', 'DET', 'NOUN', 'NOUN', 'PUNCT']","['your picnic', 'some good snorkeling', 'the mushroom rock']",[],0.0
46864,5.0,"Ridiculous beach, so shallow, water so warm and clean, well organized going into the parking lot. I saw variety of fish, octopus, crabs.. if you want a hut make sure you get here early. We arrived around 1245 and got in after about 20 minutes or so. Next time I would come early with food and drinks. There are non motorized water activities you can do to rent like kayaks and paddle boards, but bring pesos instead of usd. They charged more for USD. Please leave no trace and pick up everything behind you, a place like this is so far and few in this earth Saw some young guys throwing cigarette buds in the beach I hope they keep up with maintaining this beach pristine, and also maybe instill some rules about loud music and cigarrette smoking. Otherwise two thumbs up","['ADJ', 'NOUN', 'PUNCT', 'ADV', 'ADJ', 'PUNCT', 'NOUN', 'ADV', 'ADJ', 'CCONJ', 'ADJ', 'PUNCT', 'ADV', 'VERB', 'VERB', 'ADP', 'DET', 'NOUN', 'NOUN', 'PUNCT', 'PRON', 'VERB', 'NOUN', 'ADP', 'NOUN', 'PUNCT', 'PROPN', 'PUNCT', 'PROPN', 'PUNCT', 'SCONJ', 'PRON', 'VERB', 'DET', 'NOUN', 'VERB', 'ADJ', 'PRON', 'VERB', 'ADV', 'ADV', 'PUNCT', 'PRON', 'VERB', 'ADP', 'NUM', 'CCONJ', 'VERB', 'ADP', 'ADP', 'ADV', 'NUM', 'NOUN', 'CCONJ', 'ADV', 'PUNCT', 'ADJ', 'NOUN', 'PRON', 'AUX', 'VERB', 'ADV', 'ADP', 'NOUN', 'CCONJ', 'NOUN', 'PUNCT', 'PRON', 'VERB', 'ADJ', 'VERB', 'NOUN', 'NOUN', 'PRON', 'AUX', 'VERB', 'PART', 'VERB', 'ADP', 'NOUN', 'CCONJ', 'NOUN', 'NOUN', 'PUNCT', 'CCONJ', 'VERB', 'NOUN', 'ADV', 'ADP', 'NOUN', 'PUNCT', 'PRON', 'VERB', 'ADJ', 'ADP', 'PROPN', 'PUNCT', 'INTJ', 'VERB', 'DET', 'NOUN', 'CCONJ', 'VERB', 'ADP', 'PRON', 'ADP', 'PRON', 'PUNCT', 'DET', 'NOUN', 'ADP', 'PRON', 'AUX', 'ADV', 'ADV', 'CCONJ', 'ADJ', 'ADP', 'DET', 'NOUN', 'PUNCT', 'VERB', 'DET', 'ADJ', 'NOUN', 'VERB', 'NOUN', 'NOUN', 'ADP', 'DET', 'NOUN', 'PRON', 'VERB', 'PRON', 'VERB', 'ADP', 'ADP', 'VERB', 'DET', 'NOUN', 'NOUN', 'PUNCT', 'CCONJ', 'ADV', 'ADV', 'VERB', 'DET', 'NOUN', 'ADP', 'ADJ', 'NOUN', 'CCONJ', 'NOUN', 'NOUN', 'PUNCT', 'ADV', 'NUM', 'NOUN', 'ADP', 'PUNCT', 'PUNCT']","['Ridiculous beach', 'water', 'the parking lot', 'I', 'variety', 'fish, octopus, crabs', 'you', 'a hut', 'you', 'We', 'about 20 minutes', 'I', 'food', 'drinks', 'non motorized water activities', 'you', 'kayaks', 'paddle boards', 'pesos', 'usd', 'They', 'USD', 'no trace', 'everything', 'you', 'a place', 'this', 'this earth', 'some young guys', 'cigarette buds', 'the beach', 'I', 'they', 'this beach pristine', 'some rules', 'loud music', 'cigarrette smoking', 'Otherwise two thumbs']","[{'text': 'Ridiculous beach', 'label': 'GPE'}, {'text': 'about 20 minutes', 'label': 'TIME'}, {'text': 'USD', 'label': 'ORG'}, {'text': 'two', 'label': 'CARDINAL'}]",0.024844720496894408
46865,5.0,Beautiful beach calm water excellent for swimming,"['ADJ', 'NOUN', 'ADJ', 'NOUN', 'ADJ', 'ADP', 'NOUN']","['Beautiful beach calm water', 'swimming']",[],0.0
46877,5.0,"Bring snacks and water, what you bring in, you take out. Make sure your cameraphone is fully charged, youll wanna take pictures. The hours are from 8am to noon noon to 4 daily. They only permit 450 at a time. I recommend leaving Cabo early, like by 5 am if you wanna get the most out of your time there. Do it, its absolutely stunning. I wish we didnt have to leave but so glad I went.","['VERB', 'NOUN', 'CCONJ', 'NOUN', 'PUNCT', 'PRON', 'PRON', 'VERB', 'ADP', 'PUNCT', 'PRON', 'VERB', 'ADP', 'PUNCT', 'VERB', 'ADJ', 'PRON', 'NOUN', 'AUX', 'ADV', 'VERB', 'PUNCT', 'PRON', 'AUX', 'VERB', 'VERB', 'NOUN', 'PUNCT', 'DET', 'NOUN', 'AUX', 'ADP', 'NUM', 'NOUN', 'PART', 'NOUN', 'NOUN', 'ADP', 'NUM', 'ADJ', 'PUNCT', 'PRON', 'ADV', 'VERB', 'NUM', 'ADP', 'DET', 'NOUN', 'PUNCT', 'PRON', 'VERB', 'VERB', 'PROPN', 'ADV', 'PUNCT', 'ADP', 'ADP', 'NUM', 'AUX', 'SCONJ', 'PRON', 'VERB', 'VERB', 'DET', 'ADJ', 'ADP', 'ADP', 'PRON', 'NOUN', 'ADV', 'PUNCT', 'VERB', 'PRON', 'PUNCT', 'PRON', 'AUX', 'ADV', 'ADJ', 'PUNCT', 'PRON', 'VERB', 'PRON', 'AUX', 'PART', 'VERB', 'PART', 'VERB', 'CCONJ', 'ADV', 'ADJ', 'PRON', 'VERB', 'PUNCT']","['snacks', 'water', 'what', 'you', 'you', 'your cameraphone', 'you', 'pictures', 'The hours', '8am', 'They', 'a time', 'I', 'Cabo', 'you', 'your time', 'it', 'it', 'I', 'we', 'I']","[{'text': 'The hours', 'label': 'TIME'}, {'text': '8am to noon noon', 'label': 'TIME'}, {'text': '450', 'label': 'CARDINAL'}, {'text': '5 am', 'label': 'QUANTITY'}]",0.043010752688172046
46889,5.0,"Awesome place to visit. The water is so clear that you can walk knee high in water for about half a mile square. A must visit place. Its a protected location, so you must be respectful.","['ADJ', 'NOUN', 'PART', 'VERB', 'PUNCT', 'DET', 'NOUN', 'AUX', 'ADV', 'ADJ', 'SCONJ', 'PRON', 'AUX', 'VERB', 'NOUN', 'ADV', 'ADP', 'NOUN', 'ADP', 'ADV', 'DET', 'DET', 'NOUN', 'ADJ', 'PUNCT', 'PRON', 'AUX', 'VERB', 'NOUN', 'PUNCT', 'PRON', 'AUX', 'DET', 'VERB', 'NOUN', 'PUNCT', 'SCONJ', 'PRON', 'AUX', 'AUX', 'ADJ', 'PUNCT']","['Awesome place', 'The water', 'you', 'water', 'A', 'place', 'It', 'a protected location', 'you']","[{'text': 'about half', 'label': 'CARDINAL'}]",0.023809523809523808
46892,5.0,"Great way to spend a morning. For the best view of Playa Balandra though, head to Mirador Balandra antenna walk. A dirt track to the left, as youre heading from La Paz out to Balandra. Pull over and walk 20mins to the top for spectacular views.","['ADJ', 'NOUN', 'PART', 'VERB', 'DET', 'NOUN', 'PUNCT', 'ADP', 'DET', 'ADJ', 'NOUN', 'ADP', 'PROPN', 'PROPN', 'ADV', 'PUNCT', 'NOUN', 'ADP', 'PROPN', 'PROPN', 'PUNCT', 'PROPN', 'VERB', 'PUNCT', 'PUNCT', 'DET', 'NOUN', 'NOUN', 'ADP', 'DET', 'NOUN', 'PUNCT', 'SCONJ', 'PRON', 'AUX', 'VERB', 'ADP', 'PROPN', 'PROPN', 'ADP', 'ADP', 'PROPN', 'PUNCT', 'VERB', 'ADP', 'CCONJ', 'VERB', 'NUM', 'ADP', 'DET', 'NOUN', 'ADP', 'ADJ', 'NOUN', 'PUNCT']","['Great way', 'a morning', 'the best view', 'Playa Balandra', 'Mirador Balandra', 'A dirt track', 'the left', 'you', 'La Paz', 'Balandra', 'the top', 'spectacular views']","[{'text': 'a morning', 'label': 'TIME'}, {'text': 'Playa Balandra', 'label': 'PERSON'}, {'text': 'Mirador Balandra', 'label': 'PERSON'}, {'text': 'La Paz', 'label': 'FAC'}, {'text': 'Balandra', 'label': 'GPE'}, {'text': '20mins to', 'label': 'TIME'}]",0.10909090909090909
46893,5.0,What a beautiful and peaceful beach. Warm water that is crystal clear not too deep and welcoming. Also a beautiful rock formation. Just be mindful that its a timed entry.,"['PRON', 'DET', 'ADJ', 'CCONJ', 'ADJ', 'NOUN', 'PUNCT', 'ADJ', 'NOUN', 'PRON', 'AUX', 'NOUN', 'ADJ', 'PART', 'ADV', 'ADJ', 'CCONJ', 'ADJ', 'PUNCT', 'ADV', 'DET', 'ADJ', 'NOUN', 'NOUN', 'PUNCT', 'ADV', 'AUX', 'ADJ', 'SCONJ', 'PRON', 'AUX', 'DET', 'ADJ', 'NOUN', 'PUNCT']","['What a beautiful and peaceful beach', 'Warm water', 'that', 'Also a beautiful rock formation', 'it', 'a timed entry']",[],0.0
46897,5.0,Just an incredible beach. Gates open at 8am and 1pm not 12pm.,"['ADV', 'DET', 'ADJ', 'NOUN', 'PUNCT', 'NOUN', 'ADJ', 'ADP', 'NUM', 'ADV', 'CCONJ', 'NUM', 'NOUN', 'PUNCT', 'PART', 'NUM', 'NOUN', 'PUNCT', 'PUNCT']","['Just an incredible beach', 'Gates', 'not 12pm']","[{'text': '8am and 1pm', 'label': 'TIME'}, {'text': '12pm', 'label': 'TIME'}]",0.10526315789473684
46903,5.0,This place was awesome,"['DET', 'NOUN', 'AUX', 'ADJ']",['This place'],[],0.0
46916,5.0,"The drive from Cabo is about 2 hours, but it is worth it. Crystal clear water no higher than your waist.","['DET', 'NOUN', 'ADP', 'PROPN', 'AUX', 'ADV', 'NUM', 'NOUN', 'PUNCT', 'CCONJ', 'PRON', 'AUX', 'ADJ', 'PRON', 'PUNCT', 'PROPN', 'ADJ', 'NOUN', 'ADV', 'ADJ', 'ADP', 'PRON', 'NOUN', 'PUNCT']","['The drive', 'Cabo', 'about 2 hours', 'it', 'clear water', 'your waist']","[{'text': 'Cabo', 'label': 'WORK_OF_ART'}, {'text': 'about 2 hours', 'label': 'TIME'}]",0.08333333333333333
46918,5.0,"Beautiful beach 100 a must go Make sure you get there early for both shifts to get in Also, theres a mama dog and her 5 puppies very sweet street dogs that will show up asking for food. Please please bring extra water and food for them They live off of whatever they can get from tourists . They wont get too close but they will accept food and water and they need it they may also lay down under the shade of the palapas, whenever they are not swimming to cool off . Porfa, traigan extra comida y Agua para Los 6 perritos callejeros que viven en la playa y piden comida de los turistas. Viven de lo que puedan encontrar.","['ADJ', 'NOUN', 'PUNCT', 'PUNCT', 'NUM', 'PRON', 'AUX', 'VERB', 'PUNCT', 'VERB', 'ADJ', 'PRON', 'VERB', 'ADV', 'ADV', 'SCONJ', 'DET', 'NOUN', 'PART', 'VERB', 'ADP', 'ADV', 'PUNCT', 'PRON', 'VERB', 'DET', 'ADJ', 'NOUN', 'CCONJ', 'PRON', 'NUM', 'NOUN', 'PUNCT', 'ADV', 'ADJ', 'NOUN', 'NOUN', 'PUNCT', 'PRON', 'AUX', 'VERB', 'ADP', 'VERB', 'ADP', 'NOUN', 'PUNCT', 'INTJ', 'INTJ', 'VERB', 'ADJ', 'NOUN', 'CCONJ', 'NOUN', 'ADP', 'PRON', 'PUNCT', 'PRON', 'VERB', 'ADP', 'ADP', 'PRON', 'PRON', 'AUX', 'VERB', 'ADP', 'NOUN', 'PUNCT', 'PRON', 'AUX', 'PART', 'VERB', 'ADV', 'ADJ', 'CCONJ', 'PRON', 'AUX', 'VERB', 'NOUN', 'CCONJ', 'NOUN', 'CCONJ', 'PRON', 'VERB', 'PRON', 'PUNCT', 'PRON', 'AUX', 'ADV', 'VERB', 'ADP', 'ADP', 'DET', 'NOUN', 'ADP', 'DET', 'NOUN', 'PUNCT', 'SCONJ', 'PRON', 'AUX', 'PART', 'VERB', 'PART', 'VERB', 'ADP', 'PUNCT', 'PROPN', 'PUNCT', 'PROPN', 'PROPN', 'NOUN', 'PROPN', 'PROPN', 'NOUN', 'PROPN', 'NUM', 'NOUN', 'PRON', 'NOUN', 'ADV', 'PROPN', 'PROPN', 'NOUN', 'PROPN', 'PROPN', 'PROPN', 'PROPN', 'PROPN', 'PROPN', 'PUNCT', 'ADV', 'PROPN', 'PROPN', 'PROPN', 'ADJ', 'NOUN', 'PUNCT']","['Beautiful beach', 'a', 'you', 'both shifts', 'a mama dog', 'her 5 puppies', 'very sweet street dogs', 'that', 'food', 'extra water', 'food', 'them', 'They', 'whatever', 'they', 'tourists', 'They', 'they', 'food', 'water', 'they', 'it', 'they', 'the shade', 'the palapas', 'they', 'Porfa', 'traigan extra comida', 'Agua para', 'callejeros que', 'la playa', 'Viven de lo que puedan encontrar']","[{'text': '100', 'label': 'CARDINAL'}, {'text': '5', 'label': 'CARDINAL'}, {'text': 'traigan extra comida', 'label': 'PERSON'}, {'text': 'Agua', 'label': 'PERSON'}, {'text': 'Los 6', 'label': 'GPE'}, {'text': 'comida de los turistas', 'label': 'ORG'}, {'text': 'Viven de lo', 'label': 'PERSON'}]",0.051094890510948905
46926,5.0,Beautiful.saw lots of fish snorkeling. Watch out for sting rays,"['PROPN', 'NOUN', 'ADP', 'NOUN', 'NOUN', 'PUNCT', 'VERB', 'ADP', 'ADP', 'NOUN', 'NOUN', 'PUNCT', 'PUNCT']","['Beautiful.saw lots', 'fish snorkeling', 'sting rays']","[{'text': 'Beautiful.saw', 'label': 'ORG'}]",0.07692307692307693
46931,5.0,Beautiful beach with roaming schools of manta rays,"['ADJ', 'NOUN', 'ADP', 'VERB', 'NOUN', 'ADP', 'ADJ', 'NOUN']","['Beautiful beach', 'schools', 'manta rays']",[],0.0
46933,5.0,"So wonderful place, the people really cares to protect the place, yo need to wait little longer to entrance but it worth","['ADV', 'ADJ', 'NOUN', 'PUNCT', 'DET', 'NOUN', 'ADV', 'VERB', 'PART', 'VERB', 'DET', 'NOUN', 'PUNCT', 'PROPN', 'VERB', 'PART', 'VERB', 'ADV', 'ADV', 'PART', 'NOUN', 'CCONJ', 'PRON', 'ADJ', 'PUNCT']","['the people', 'the place', 'yo', 'it']",[],0.0
46937,4.0,"Playa Balandra is one of the best beach in Mexico so far I have visited. It is one of the famous and highly recommended beach for tourists. But till now none of the reviews have honest and clear information about how and when in a day to visit. They have 2 slots in a day i,e 1st slot is 8am to 12am and 2nd slot is 1 pm to 5pm. And its first come first serve. No tickets , no pre booking. So if your are planning to visit at morning slots then you have to be there at least 5am and again hall depends on luck. If 400 people are already in queue before you then no hopes for that slot and if you have patience for 2nd slot, then will have to wait till 12. And there will be queue just 300 meter from the security checkpoint. And its a car queue.. and the security will come and give a token for headcount. But it was worth waiting . So if you and you family planning to enjoy this beautiful beach , please plan ahead accordingly. Inside no vendors, so you have to carry each and everything.. hope this helps","['PROPN', 'PROPN', 'AUX', 'NUM', 'ADP', 'DET', 'ADJ', 'NOUN', 'ADP', 'PROPN', 'ADV', 'ADV', 'PRON', 'AUX', 'VERB', 'PUNCT', 'PRON', 'AUX', 'NUM', 'ADP', 'DET', 'ADJ', 'CCONJ', 'ADV', 'VERB', 'NOUN', 'ADP', 'NOUN', 'PUNCT', 'CCONJ', 'SCONJ', 'ADV', 'NOUN', 'ADP', 'DET', 'NOUN', 'VERB', 'ADJ', 'CCONJ', 'ADJ', 'NOUN', 'ADP', 'SCONJ', 'CCONJ', 'SCONJ', 'ADP', 'DET', 'NOUN', 'PART', 'VERB', 'PUNCT', 'PRON', 'VERB', 'NUM', 'NOUN', 'ADP', 'DET', 'NOUN', 'NOUN', 'PUNCT', 'NOUN', 'ADJ', 'NOUN', 'AUX', 'NUM', 'NOUN', 'PART', 'NUM', 'ADV', 'CCONJ', 'ADJ', 'NOUN', 'AUX', 'NUM', 'NOUN', 'ADP', 'NUM', 'NOUN', 'PUNCT', 'CCONJ', 'PRON', 'ADJ', 'NOUN', 'ADV', 'VERB', 'PUNCT', 'DET', 'NOUN', 'PUNCT', 'DET', 'NOUN', 'NOUN', 'PUNCT', 'ADV', 'SCONJ', 'PRON', 'AUX', 'VERB', 'PART', 'VERB', 'ADP', 'NOUN', 'NOUN', 'ADV', 'PRON', 'VERB', 'PART', 'AUX', 'ADV', 'ADV', 'ADJ', 'NUM', 'ADV', 'CCONJ', 'ADV', 'NOUN', 'VERB', 'ADP', 'NOUN', 'PUNCT', 'SCONJ', 'NUM', 'NOUN', 'AUX', 'ADV', 'ADP', 'NOUN', 'ADP', 'PRON', 'ADV', 'DET', 'NOUN', 'ADP', 'DET', 'NOUN', 'CCONJ', 'SCONJ', 'PRON', 'VERB', 'NOUN', 'ADP', 'ADJ', 'NOUN', 'PUNCT', 'ADV', 'AUX', 'VERB', 'PART', 'VERB', 'SCONJ', 'NUM', 'PUNCT', 'CCONJ', 'PRON', 'AUX', 'AUX', 'ADJ', 'ADV', 'NUM', 'NOUN', 'ADP', 'DET', 'NOUN', 'NOUN', 'PUNCT', 'CCONJ', 'PRON', 'DET', 'NOUN', 'NOUN', 'PUNCT', 'CCONJ', 'DET', 'NOUN', 'AUX', 'VERB', 'CCONJ', 'VERB', 'DET', 'NOUN', 'ADP', 'NOUN', 'PUNCT', 'CCONJ', 'PRON', 'AUX', 'ADJ', 'VERB', 'PUNCT', 'ADV', 'SCONJ', 'PRON', 'CCONJ', 'PRON', 'NOUN', 'VERB', 'PART', 'VERB', 'DET', 'ADJ', 'NOUN', 'PUNCT', 'INTJ', 'VERB', 'ADV', 'ADV', 'PUNCT', 'ADP', 'DET', 'NOUN', 'PUNCT', 'ADV', 'PRON', 'VERB', 'PART', 'VERB', 'PRON', 'CCONJ', 'PRON', 'PUNCT', 'VERB', 'PRON', 'VERB']","['Playa Balandra', 'the best beach', 'Mexico', 'I', 'It', 'the famous and highly recommended beach', 'tourists', 'none', 'the reviews', 'honest and clear information', 'a day', 'They', '2 slots', 'a day', 'i', 'e 1st slot', 'am and 2nd slot', '1 pm', '5pm', 'its first come', 'No tickets , no pre booking', 'your', 'morning slots', 'you', 'hall', 'luck', '400 people', 'queue', 'you', 'that slot', 'you', 'patience', '2nd slot', 'just 300 meter', 'the security checkpoint', 'its a car queue', 'the security', 'a token', 'headcount', 'it', 'you', 'you', 'family', 'this beautiful beach', 'no vendors', 'you', 'each', 'everything', 'this']","[{'text': 'Playa Balandra', 'label': 'PERSON'}, {'text': 'Mexico', 'label': 'GPE'}, {'text': 'a day', 'label': 'DATE'}, {'text': '2', 'label': 'CARDINAL'}, {'text': 'a day i,e 1st', 'label': 'DATE'}, {'text': '8am to', 'label': 'TIME'}, {'text': '12am', 'label': 'TIME'}, {'text': '2nd', 'label': 'ORDINAL'}, {'text': '1 pm to 5pm', 'label': 'TIME'}, {'text': 'first', 'label': 'ORDINAL'}, {'text': 'first', 'label': 'ORDINAL'}, {'text': 'morning', 'label': 'TIME'}, {'text': 'at least 5', 'label': 'CARDINAL'}, {'text': '400', 'label': 'CARDINAL'}, {'text': '2nd', 'label': 'ORDINAL'}, {'text': '12', 'label': 'CARDINAL'}, {'text': 'just 300 meter', 'label': 'QUANTITY'}]",0.07623318385650224
46943,5.0,"Absolutely gorgeous beach. The water is amazing, the views are stunning. There are no services or vendors here, so come prepared.","['ADV', 'ADJ', 'NOUN', 'PUNCT', 'DET', 'NOUN', 'AUX', 'ADJ', 'PUNCT', 'DET', 'NOUN', 'AUX', 'ADJ', 'PUNCT', 'PRON', 'VERB', 'DET', 'NOUN', 'CCONJ', 'NOUN', 'ADV', 'PUNCT', 'ADV', 'VERB', 'VERB', 'PUNCT']","['Absolutely gorgeous beach', 'The water', 'the views', 'no services', 'vendors']",[],0.0
46961,5.0,"Playa Balandra in Mexico and it was absolutely breathtaking In my opinion, its one of the most stunning beaches in the country. Its even comparable to Isla Mujeres, which is saying a lot The crystalclear turquoise waters and white sand beaches are truly a sight to behold. I cant wait to go back and soak up the sun again.","['PROPN', 'PROPN', 'ADP', 'PROPN', 'CCONJ', 'PRON', 'AUX', 'ADV', 'ADJ', 'PUNCT', 'ADP', 'PRON', 'NOUN', 'PUNCT', 'PRON', 'AUX', 'NUM', 'ADP', 'DET', 'ADV', 'ADJ', 'NOUN', 'ADP', 'DET', 'NOUN', 'PUNCT', 'PRON', 'AUX', 'ADV', 'ADJ', 'ADP', 'PROPN', 'PROPN', 'PUNCT', 'PRON', 'AUX', 'VERB', 'DET', 'NOUN', 'PUNCT', 'DET', 'NOUN', 'PUNCT', 'ADJ', 'NOUN', 'NOUN', 'CCONJ', 'ADJ', 'NOUN', 'NOUN', 'AUX', 'ADV', 'DET', 'NOUN', 'PART', 'NOUN', 'PUNCT', 'PRON', 'AUX', 'PART', 'VERB', 'PART', 'VERB', 'ADV', 'CCONJ', 'VERB', 'ADP', 'DET', 'NOUN', 'ADV', 'PUNCT']","['Playa Balandra', 'Mexico', 'it', 'my opinion', 'it', 'the most stunning beaches', 'the country', 'It', 'Isla Mujeres', 'which', 'a lot', 'The crystal-clear turquoise waters', 'white sand beaches', 'a sight', 'I', 'the sun']","[{'text': 'Playa Balandra', 'label': 'PERSON'}, {'text': 'Mexico', 'label': 'GPE'}, {'text': 'one', 'label': 'CARDINAL'}, {'text': 'Isla Mujeres', 'label': 'ORG'}]",0.056338028169014086
46967,5.0,"The most beautiful beach. We went with a private tour, driven to the beach and set up umbrella, lunch etc. You could easily do this alone, we saw taxis dropping people off at the entrance and walking in. The beach has morning slots from 812, then closes 121 and reopens 15pm. Recommend getting up early as their queue to get in. We arrived for 0730am and waited in queue till 0800am to get in. They only allow a certain number of people on the beach, this number does change, on the day we went it was 450 people allowed for the morning slot. Would recommend going in the morning as there is very limited shade umbrellas bring own food and drink non on sight. Public toilets for a small fee available also. A short hike up a steep hill for the most incredible views too.","['DET', 'ADV', 'ADJ', 'NOUN', 'PUNCT', 'PRON', 'VERB', 'ADP', 'DET', 'ADJ', 'NOUN', 'PUNCT', 'VERB', 'ADP', 'DET', 'NOUN', 'CCONJ', 'VERB', 'ADP', 'NOUN', 'PUNCT', 'NOUN', 'X', 'PUNCT', 'PRON', 'AUX', 'ADV', 'VERB', 'PRON', 'ADV', 'PUNCT', 'PRON', 'VERB', 'NOUN', 'VERB', 'NOUN', 'ADP', 'ADP', 'DET', 'NOUN', 'CCONJ', 'VERB', 'ADP', 'PUNCT', 'DET', 'NOUN', 'VERB', 'NOUN', 'NOUN', 'ADP', 'NUM', 'SYM', 'NUM', 'PUNCT', 'ADV', 'VERB', 'NUM', 'SYM', 'NUM', 'CCONJ', 'VERB', 'NUM', 'PUNCT', 'NOUN', 'PUNCT', 'VERB', 'VERB', 'ADP', 'ADV', 'SCONJ', 'PRON', 'NOUN', 'PART', 'VERB', 'ADP', 'PUNCT', 'PRON', 'VERB', 'ADP', 'PROPN', 'CCONJ', 'VERB', 'ADP', 'NOUN', 'SCONJ', 'PRON', 'PART', 'VERB', 'ADP', 'PUNCT', 'PRON', 'ADV', 'VERB', 'DET', 'ADJ', 'NOUN', 'ADP', 'NOUN', 'ADP', 'DET', 'NOUN', 'PUNCT', 'DET', 'NOUN', 'AUX', 'VERB', 'PUNCT', 'ADP', 'DET', 'NOUN', 'PRON', 'VERB', 'PRON', 'AUX', 'NUM', 'NOUN', 'VERB', 'ADP', 'DET', 'NOUN', 'NOUN', 'PUNCT', 'AUX', 'VERB', 'VERB', 'ADP', 'DET', 'NOUN', 'SCONJ', 'PRON', 'VERB', 'ADV', 'ADJ', 'NOUN', 'NOUN', 'VERB', 'ADJ', 'NOUN', 'CCONJ', 'VERB', 'NOUN', 'ADP', 'NOUN', 'PUNCT', 'ADJ', 'NOUN', 'ADP', 'DET', 'ADJ', 'NOUN', 'ADJ', 'ADV', 'PUNCT', 'DET', 'ADJ', 'NOUN', 'ADP', 'DET', 'ADJ', 'NOUN', 'ADP', 'DET', 'ADV', 'ADJ', 'NOUN', 'ADV', 'PUNCT']","['The most beautiful beach', 'We', 'a private tour', 'the beach', 'umbrella', 'You', 'this', 'we', 'taxis', 'people', 'the entrance', 'The beach', 'morning slots', 'their queue', 'We', '07:30am', 'queue', '08:00am', 'They', 'a certain number', 'people', 'the beach', 'this number', 'the day', 'we', 'it', '450 people', 'the morning slot', 'the morning', 'very limited shade umbrellas', 'own food', 'non', 'sight', 'Public toilets', 'a small fee', 'A short hike', 'a steep hill', 'the most incredible views']","[{'text': 'morning', 'label': 'TIME'}, {'text': '8-12', 'label': 'CARDINAL'}, {'text': '12', 'label': 'CARDINAL'}, {'text': '1-5pm', 'label': 'DATE'}, {'text': '07:30am', 'label': 'WORK_OF_ART'}, {'text': 'the day', 'label': 'DATE'}, {'text': '450', 'label': 'CARDINAL'}, {'text': 'morning', 'label': 'TIME'}, {'text': 'the morning', 'label': 'TIME'}]",0.05389221556886228
46982,5.0,Arrive early if you want a great spot. We arrived at 0645 and were pretty deep in the line already. Make sure you bring your cooler and some cold drinks. Otherwise it was a great experience. Lots of puffer fish and small schools of other fish. My wife and I really enjoyed our time there.,"['VERB', 'ADV', 'SCONJ', 'PRON', 'VERB', 'DET', 'ADJ', 'NOUN', 'PUNCT', 'PRON', 'VERB', 'ADP', 'NUM', 'CCONJ', 'AUX', 'ADV', 'ADJ', 'ADP', 'DET', 'NOUN', 'ADV', 'PUNCT', 'VERB', 'ADJ', 'PRON', 'VERB', 'PRON', 'NOUN', 'CCONJ', 'DET', 'ADJ', 'NOUN', 'PUNCT', 'ADV', 'PRON', 'AUX', 'DET', 'ADJ', 'NOUN', 'PUNCT', 'NOUN', 'ADP', 'NOUN', 'NOUN', 'CCONJ', 'ADJ', 'NOUN', 'ADP', 'ADJ', 'NOUN', 'PUNCT', 'PRON', 'NOUN', 'CCONJ', 'PRON', 'ADV', 'VERB', 'PRON', 'NOUN', 'ADV', 'PUNCT']","['you', 'a great spot', 'We', 'the line', 'you', 'your cooler', 'some cold drinks', 'it', 'a great experience', 'Lots', 'puffer fish', 'small schools', 'other fish', 'My wife', 'I', 'our time']","[{'text': '0645', 'label': 'DATE'}]",0.01639344262295082
46995,5.0,"A beautiful Federally Protected Bay. Visitors are limited to around 400450 at a time. There are 2 shifts for visitors, an 8am12pm and a 1pm5pm. Get there early to start lining up before gates open. Lots of puffer fish and you may see some sting rays. You can rent kayaks and there are street vendors who will rent you beach umbrellas before you enter the bay. There are a few palapas, which are first comefirst served.","['DET', 'ADJ', 'PROPN', 'PROPN', 'PROPN', 'PUNCT', 'NOUN', 'AUX', 'VERB', 'ADP', 'ADP', 'NUM', 'SYM', 'NUM', 'ADP', 'DET', 'NOUN', 'PUNCT', 'PRON', 'VERB', 'NUM', 'NOUN', 'ADP', 'NOUN', 'PUNCT', 'DET', 'NOUN', 'CCONJ', 'DET', 'PROPN', 'PUNCT', 'VERB', 'ADV', 'ADV', 'PART', 'VERB', 'VERB', 'ADP', 'SCONJ', 'NOUN', 'ADJ', 'PUNCT', 'NOUN', 'ADP', 'NOUN', 'NOUN', 'CCONJ', 'PRON', 'AUX', 'VERB', 'DET', 'NOUN', 'NOUN', 'PUNCT', 'PRON', 'AUX', 'VERB', 'NOUN', 'CCONJ', 'PRON', 'VERB', 'NOUN', 'NOUN', 'PRON', 'AUX', 'VERB', 'PRON', 'NOUN', 'NOUN', 'SCONJ', 'PRON', 'VERB', 'DET', 'NOUN', 'PUNCT', 'PRON', 'VERB', 'DET', 'ADJ', 'NOUN', 'PUNCT', 'PRON', 'AUX', 'ADV', 'VERB', 'PUNCT', 'ADV', 'VERB', 'PUNCT']","['A beautiful Federally Protected Bay', 'Visitors', 'a time', '2 shifts', 'visitors', 'an 8am-12pm', 'a 1pm-5pm', 'gates', 'Lots', 'puffer fish', 'you', 'some sting rays', 'You', 'kayaks', 'street vendors', 'who', 'you beach umbrellas', 'you', 'the bay', 'a few palapas', 'which']","[{'text': 'Federally Protected Bay', 'label': 'ORG'}, {'text': '400', 'label': 'CARDINAL'}, {'text': '2', 'label': 'CARDINAL'}, {'text': '8am-12pm', 'label': 'CARDINAL'}, {'text': '1pm-5pm', 'label': 'CARDINAL'}, {'text': 'first', 'label': 'ORDINAL'}, {'text': 'first', 'label': 'ORDINAL'}]",0.07865168539325842
47008,5.0,"Absolutely Beautiful Definitely one of GODS creations Wish we could have stayed longer. All the pics were correct, very beautiful.","['ADV', 'ADJ', 'PUNCT', 'ADV', 'NUM', 'ADP', 'PROPN', 'NOUN', 'PUNCT', 'VERB', 'PRON', 'AUX', 'AUX', 'VERB', 'ADV', 'PUNCT', 'DET', 'DET', 'NOUN', 'AUX', 'ADJ', 'PUNCT', 'ADV', 'ADJ', 'PUNCT']","['GODS creations', 'we', 'All the pics']",[],0.0
47026,5.0,Beautiful beach. They have two time slots open from 8am12pm and 1pm to 5pm. They only allow 450 people per slot. They do not sell food or drinks so bring your own food. There are 13 palapas and its first come first serve. You can bring your own canopy.,"['ADJ', 'NOUN', 'PUNCT', 'PRON', 'VERB', 'NUM', 'NOUN', 'NOUN', 'ADJ', 'ADP', 'NUM', 'CCONJ', 'NUM', 'NOUN', 'PART', 'NUM', 'NOUN', 'PUNCT', 'PRON', 'ADV', 'VERB', 'NUM', 'NOUN', 'ADP', 'NOUN', 'PUNCT', 'PRON', 'AUX', 'PART', 'VERB', 'NOUN', 'CCONJ', 'NOUN', 'CCONJ', 'VERB', 'PRON', 'ADJ', 'NOUN', 'PUNCT', 'PRON', 'VERB', 'NUM', 'NOUN', 'CCONJ', 'PRON', 'AUX', 'ADV', 'VERB', 'ADV', 'VERB', 'PUNCT', 'PRON', 'AUX', 'VERB', 'PRON', 'ADJ', 'NOUN', 'PUNCT']","['Beautiful beach', 'They', 'two time slots', 'They', '450 people', 'slot', 'They', 'food', 'drinks', 'your own food', '13 palapas', 'it', 'You', 'your own canopy']","[{'text': 'two', 'label': 'CARDINAL'}, {'text': '8am-12pm', 'label': 'CARDINAL'}, {'text': '1pm to 5pm', 'label': 'TIME'}, {'text': '450', 'label': 'CARDINAL'}, {'text': '13', 'label': 'CARDINAL'}, {'text': 'first', 'label': 'ORDINAL'}, {'text': 'first', 'label': 'ORDINAL'}]",0.1206896551724138
47028,5.0,"Balandra beach or better known as Playa Balandra is a spectacular beach in Baja California Sur. No waves, clear knee high water, and only for some to experience per day its small and parking only allows for select number. It does feel special to be at this beach, unlike any other.","['PROPN', 'NOUN', 'CCONJ', 'ADV', 'VERB', 'ADP', 'PROPN', 'PROPN', 'AUX', 'DET', 'ADJ', 'NOUN', 'ADP', 'PROPN', 'PROPN', 'PROPN', 'PUNCT', 'DET', 'NOUN', 'PUNCT', 'ADJ', 'NOUN', 'ADJ', 'NOUN', 'PUNCT', 'CCONJ', 'ADV', 'SCONJ', 'PRON', 'PART', 'VERB', 'ADP', 'NOUN', 'PUNCT', 'PRON', 'NOUN', 'CCONJ', 'NOUN', 'ADV', 'VERB', 'ADP', 'ADJ', 'NOUN', 'PUNCT', 'PUNCT', 'PRON', 'AUX', 'VERB', 'ADJ', 'PART', 'AUX', 'ADP', 'DET', 'NOUN', 'PUNCT', 'ADP', 'DET', 'ADJ', 'PUNCT']","['Balandra beach', 'Playa Balandra', 'a spectacular beach', 'Baja California Sur', 'No waves', 'clear knee high water', 'some', 'day', 'its small', 'parking', 'select number', 'It', 'this beach']","[{'text': 'Balandra beach', 'label': 'GPE'}, {'text': 'Playa Balandra', 'label': 'PERSON'}, {'text': 'Baja California Sur', 'label': 'FAC'}]",0.05084745762711865
47034,3.0,"Its a beautiful beach but we only got to see it from a viewpoint. We tried twice to get on the beach. The first time on a Wednesday at 2pm. All slots were taken and we couldnt go in. The next day we arrived at 1215 pm. There were about 100 cars in line. Since there are only 450 spots per afternoon we didnt wait. If you want to get in, make sure to arrive super early","['PRON', 'AUX', 'DET', 'ADJ', 'NOUN', 'CCONJ', 'PRON', 'ADV', 'VERB', 'PART', 'VERB', 'PRON', 'ADP', 'DET', 'NOUN', 'PUNCT', 'PRON', 'VERB', 'ADV', 'PART', 'VERB', 'ADP', 'DET', 'NOUN', 'PUNCT', 'DET', 'ADJ', 'NOUN', 'ADP', 'DET', 'PROPN', 'ADP', 'NUM', 'NOUN', 'PUNCT', 'DET', 'NOUN', 'AUX', 'VERB', 'CCONJ', 'PRON', 'AUX', 'PART', 'VERB', 'ADV', 'PUNCT', 'DET', 'ADJ', 'NOUN', 'PRON', 'VERB', 'ADP', 'NUM', 'NOUN', 'PUNCT', 'PRON', 'VERB', 'ADV', 'NUM', 'NOUN', 'ADP', 'NOUN', 'PUNCT', 'SCONJ', 'PRON', 'VERB', 'ADV', 'NUM', 'NOUN', 'ADP', 'NOUN', 'PRON', 'AUX', 'PART', 'VERB', 'PUNCT', 'SCONJ', 'PRON', 'VERB', 'PART', 'VERB', 'ADP', 'PUNCT', 'VERB', 'ADJ', 'PART', 'VERB', 'ADV', 'ADV', 'PUNCT', 'PUNCT', 'PUNCT']","['It', 'a beautiful beach', 'we', 'it', 'a viewpoint', 'We', 'the beach', 'The first time', 'a Wednesday', '2pm', 'All slots', 'we', 'we', '12:15 pm', 'about 100 cars', 'line', 'only 450 spots', 'afternoon', 'we', 'you']","[{'text': 'first', 'label': 'ORDINAL'}, {'text': 'Wednesday', 'label': 'DATE'}, {'text': '2pm', 'label': 'TIME'}, {'text': 'The next day', 'label': 'DATE'}, {'text': '12:15 pm', 'label': 'TIME'}, {'text': 'about 100', 'label': 'CARDINAL'}, {'text': 'only 450', 'label': 'CARDINAL'}, {'text': 'afternoon', 'label': 'TIME'}]",0.08695652173913043
47051,4.0,Overrated but still impressive. I would not spend more then one day on this beach.,"['ADJ', 'CCONJ', 'ADV', 'ADJ', 'PUNCT', 'PRON', 'AUX', 'PART', 'VERB', 'ADJ', 'ADV', 'NUM', 'NOUN', 'ADP', 'DET', 'NOUN', 'PUNCT']","['I', 'this beach']",[],0.0
47055,5.0,"Beautiful area. Crystal clear and warm water, be ready to be surrounded by fish","['ADJ', 'NOUN', 'PUNCT', 'PROPN', 'ADJ', 'CCONJ', 'ADJ', 'NOUN', 'PUNCT', 'AUX', 'ADJ', 'PART', 'AUX', 'VERB', 'ADP', 'NOUN']","['Beautiful area', 'Crystal', 'fish']",[],0.0
47064,5.0,Just amazing. So much wildlife from fish to pelicans fishing. Very relaxing. We showed up at 715 on Sunday and were like 25 cars back.,"['ADV', 'ADJ', 'PUNCT', 'ADV', 'ADJ', 'NOUN', 'ADP', 'NOUN', 'ADP', 'NOUN', 'VERB', 'PUNCT', 'ADV', 'ADJ', 'PUNCT', 'PRON', 'VERB', 'ADP', 'ADP', 'NUM', 'ADP', 'PROPN', 'CCONJ', 'AUX', 'ADP', 'NUM', 'NOUN', 'ADV', 'PUNCT']","['So much wildlife', 'fish', 'pelicans', 'We', 'Sunday']","[{'text': '7:15', 'label': 'TIME'}, {'text': 'Sunday', 'label': 'DATE'}, {'text': '25', 'label': 'CARDINAL'}]",0.10344827586206896
47067,5.0,Most beautiful beach in La Paz. I went twice while I was there in La Paz. I plan on visiting again. Definitely worth going to at least once in your lifetime.,"['ADV', 'ADJ', 'NOUN', 'ADP', 'PROPN', 'PROPN', 'PUNCT', 'PRON', 'VERB', 'ADV', 'SCONJ', 'PRON', 'AUX', 'ADV', 'ADP', 'PROPN', 'PROPN', 'PUNCT', 'PRON', 'VERB', 'ADP', 'VERB', 'ADV', 'PUNCT', 'ADV', 'ADJ', 'VERB', 'ADP', 'ADP', 'ADJ', 'ADV', 'ADP', 'PRON', 'NOUN', 'PUNCT']","['Most beautiful beach', 'La Paz', 'I', 'I', 'La Paz', 'I', 'your lifetime']","[{'text': 'La Paz', 'label': 'FAC'}, {'text': 'La Paz', 'label': 'FAC'}]",0.05714285714285714
47069,5.0,Unforgettable place More beautiful than words can explain. I dont think I can do it justice in a few words,"['ADJ', 'NOUN', 'PUNCT', 'PUNCT', 'PUNCT', 'ADV', 'ADJ', 'SCONJ', 'NOUN', 'AUX', 'VERB', 'PUNCT', 'PRON', 'AUX', 'PART', 'VERB', 'PRON', 'AUX', 'VERB', 'PRON', 'NOUN', 'ADP', 'DET', 'ADJ', 'NOUN']","['Unforgettable place', 'words', 'I', 'I', 'it', 'justice', 'a few words']",[],0.0
47070,5.0,Beautiful clear water. Perfect for Paddle Boarding Pristine fine sand Had a great day. Was worth the drive from Cabo 2.5 hours. Would suggest planning in advance and bringing your own food and drinks in a cooler as there are NO concessions. Also suggest staying the night in La Paz split up the drive.,"['ADJ', 'ADJ', 'NOUN', 'PUNCT', 'VERB', 'ADP', 'PROPN', 'PROPN', 'PUNCT', 'ADJ', 'ADJ', 'NOUN', 'PUNCT', 'VERB', 'DET', 'ADJ', 'NOUN', 'PUNCT', 'AUX', 'ADJ', 'DET', 'NOUN', 'ADP', 'PROPN', 'NUM', 'NOUN', 'PUNCT', 'PUNCT', 'AUX', 'VERB', 'VERB', 'ADP', 'NOUN', 'CCONJ', 'VERB', 'PRON', 'ADJ', 'NOUN', 'CCONJ', 'NOUN', 'ADP', 'DET', 'NOUN', 'SCONJ', 'PRON', 'VERB', 'DET', 'NOUN', 'PUNCT', 'ADV', 'VERB', 'VERB', 'DET', 'NOUN', 'ADP', 'PROPN', 'PROPN', 'PUNCT', 'VERB', 'ADP', 'DET', 'NOUN', 'PUNCT', 'PUNCT']","['Beautiful clear water', 'Paddle Boarding', 'Pristine fine sand', 'a great day', 'Cabo', '2.5 hours', 'advance', 'your own food', 'drinks', 'a cooler', 'NO concessions', 'La Paz', 'the drive']","[{'text': 'Paddle Boarding', 'label': 'ORG'}, {'text': 'Cabo 2.5 hours', 'label': 'TIME'}, {'text': 'the night', 'label': 'TIME'}, {'text': 'La Paz', 'label': 'FAC'}]",0.0625
47073,5.0,Beautiful beach You need to leave at 5pm so get here early. Its amazing,"['ADJ', 'NOUN', 'PUNCT', 'PRON', 'VERB', 'PART', 'VERB', 'ADP', 'NUM', 'ADV', 'ADV', 'VERB', 'ADV', 'ADV', 'PUNCT', 'PRON', 'AUX', 'ADJ']","['Beautiful beach', 'You', 'It']","[{'text': '5pm', 'label': 'TIME'}]",0.05555555555555555
47074,5.0,"This is perhaps the most beautiful beach in the world and wellhidden. Please disregard the commercial website links that scam you into buying a pass for this free park. You do not need to prepurchase a bracelet and pick it up from their store to get into a public park. Just follow the local Mexican adventurers and tourists who are probably just as disgusted with the scams.  As of June 2023, there are currently two sessions to limit the amount of people allowed in at one time. The first session is between 8 AM and 12 PM. The second is between 1 PM and 5 PM. Park rangers will manage traffic at the gate, but it was no problem to get in on a weekday. Parking is free and there is an unpaved lot with many spots. Overflow parking is available, but there is a medium walk in. Some locals choose to use a taxi. The beach has soft, white sand and you can walk all the way across because the water is chestdeep at most. Kayaks are available for rental. There are public restrooms. There are no food or drink vendors. Take out when you pack in and keep this beach beautiful","['PRON', 'AUX', 'ADV', 'DET', 'ADV', 'ADJ', 'NOUN', 'ADP', 'DET', 'NOUN', 'CCONJ', 'ADV', 'PUNCT', 'VERB', 'PUNCT', 'INTJ', 'VERB', 'DET', 'ADJ', 'NOUN', 'NOUN', 'PRON', 'VERB', 'PRON', 'ADP', 'VERB', 'DET', 'NOUN', 'ADP', 'DET', 'ADJ', 'NOUN', 'PUNCT', 'PRON', 'AUX', 'PART', 'VERB', 'PART', 'VERB', 'VERB', 'VERB', 'DET', 'NOUN', 'CCONJ', 'VERB', 'PRON', 'ADP', 'ADP', 'PRON', 'NOUN', 'PART', 'VERB', 'ADP', 'DET', 'ADJ', 'NOUN', 'PUNCT', 'ADV', 'VERB', 'DET', 'ADJ', 'ADJ', 'NOUN', 'CCONJ', 'NOUN', 'PRON', 'AUX', 'ADV', 'ADV', 'ADV', 'ADJ', 'ADP', 'DET', 'NOUN', 'PUNCT', 'PUNCT', 'ADP', 'ADP', 'PROPN', 'NUM', 'PUNCT', 'PRON', 'VERB', 'ADV', 'NUM', 'NOUN', 'PART', 'VERB', 'DET', 'NOUN', 'ADP', 'NOUN', 'VERB', 'ADP', 'ADP', 'NUM', 'NOUN', 'PUNCT', 'DET', 'ADJ', 'NOUN', 'AUX', 'ADP', 'NUM', 'NOUN', 'CCONJ', 'NUM', 'NOUN', 'PUNCT', 'DET', 'NOUN', 'AUX', 'ADP', 'NUM', 'NOUN', 'CCONJ', 'NUM', 'NOUN', 'PUNCT', 'PROPN', 'NOUN', 'AUX', 'VERB', 'NOUN', 'ADP', 'DET', 'NOUN', 'PUNCT', 'CCONJ', 'PRON', 'AUX', 'DET', 'NOUN', 'PART', 'VERB', 'ADP', 'ADP', 'DET', 'NOUN', 'PUNCT', 'NOUN', 'AUX', 'ADJ', 'CCONJ', 'PRON', 'VERB', 'DET', 'ADJ', 'NOUN', 'ADP', 'ADJ', 'NOUN', 'PUNCT', 'NOUN', 'NOUN', 'AUX', 'ADJ', 'PUNCT', 'CCONJ', 'PRON', 'VERB', 'DET', 'ADJ', 'NOUN', 'ADV', 'PUNCT', 'DET', 'NOUN', 'VERB', 'PART', 'VERB', 'DET', 'NOUN', 'PUNCT', 'DET', 'NOUN', 'VERB', 'ADJ', 'PUNCT', 'ADJ', 'NOUN', 'CCONJ', 'PRON', 'AUX', 'VERB', 'DET', 'DET', 'NOUN', 'ADV', 'SCONJ', 'DET', 'NOUN', 'AUX', 'NOUN', 'PUNCT', 'ADV', 'ADV', 'ADJ', 'PUNCT', 'NOUN', 'AUX', 'ADJ', 'ADP', 'NOUN', 'PUNCT', 'PRON', 'VERB', 'ADJ', 'NOUN', 'PUNCT', 'PRON', 'VERB', 'DET', 'NOUN', 'CCONJ', 'VERB', 'NOUN', 'PUNCT', 'VERB', 'ADP', 'SCONJ', 'PRON', 'VERB', 'ADP', 'CCONJ', 'VERB', 'DET', 'NOUN', 'ADJ', 'PUNCT']","['This', 'the most beautiful beach', 'the world', 'the commercial website links', 'that', 'you', 'a pass', 'this free park', 'You', 'a bracelet', 'it', 'their store', 'a public park', 'the local Mexican adventurers', 'tourists', 'who', 'the scams', 'June', 'two sessions', 'the amount', 'people', 'one time', 'The first session', '8 AM', '12 PM', 'The second', 'between 1 PM', '5 PM', 'Park rangers', 'traffic', 'the gate', 'it', 'no problem', 'a weekday', 'Parking', 'an unpaved lot', 'many spots', 'Overflow parking', 'a medium walk', 'Some locals', 'a taxi', 'The beach', 'soft, white sand', 'you', 'the water', 'Kayaks', 'rental', 'public restrooms', 'no food', 'vendors', 'you', 'this beach']","[{'text': 'Mexican', 'label': 'NORP'}, {'text': 'June 2023', 'label': 'DATE'}, {'text': 'two', 'label': 'CARDINAL'}, {'text': 'one', 'label': 'CARDINAL'}, {'text': 'first', 'label': 'ORDINAL'}, {'text': 'between 8 AM and', 'label': 'TIME'}, {'text': '12 PM', 'label': 'TIME'}, {'text': 'second', 'label': 'ORDINAL'}, {'text': 'between 1 PM', 'label': 'DATE'}, {'text': '5 PM', 'label': 'TIME'}, {'text': 'Park', 'label': 'PERSON'}]",0.04782608695652174
47080,5.0,Amazing beaches and controlled access. There are two turns 8am12pm and 1pm5pm. Get there and get in line early,"['ADJ', 'NOUN', 'CCONJ', 'VERB', 'NOUN', 'PUNCT', 'PRON', 'VERB', 'NUM', 'NOUN', 'PUNCT', 'PROPN', 'CCONJ', 'NUM', 'PUNCT', 'VERB', 'ADV', 'CCONJ', 'VERB', 'ADP', 'NOUN', 'ADV', 'PUNCT']","['Amazing beaches', 'controlled access', 'two turns', '8am-12pm', 'line']","[{'text': 'two', 'label': 'CARDINAL'}, {'text': '8am-12pm', 'label': 'CARDINAL'}, {'text': '1pm-5pm', 'label': 'DATE'}]",0.13043478260869565
47083,5.0,Beautiful park Sadly only Had two hours here,"['ADJ', 'NOUN', 'PUNCT', 'ADV', 'ADV', 'VERB', 'NUM', 'NOUN', 'ADV']",['Beautiful park'],"[{'text': 'two hours', 'label': 'TIME'}]",0.1111111111111111
47088,5.0,"Playa Balandra lived up to the hype. The views from the mirador small hike after entering are worth the trip alone. Two time slots 8am 12pm then they clear out the beach. Second slot is 1pm 5pm. I got there at 730am and was first five cars in line. Got in exactly at 8 no problem. But the line when we left at 12pm for the 1pm was crazy long, so I would recommend coming at the 8am slot if you dont want to risk it getting full. Other things to note, They have 4 beach dogs that are harmless. There are a lot of rocks so I suggest you bring water shoes. There is no entrance fee, but there is a small charge to use the bathroom. And lastly, the rock does not look like a mushroom, but youll take a picture with it anyway.","['PROPN', 'PROPN', 'VERB', 'ADP', 'ADP', 'DET', 'NOUN', 'PUNCT', 'DET', 'NOUN', 'ADP', 'DET', 'NOUN', 'PUNCT', 'ADJ', 'NOUN', 'ADP', 'VERB', 'PUNCT', 'AUX', 'ADJ', 'DET', 'NOUN', 'ADV', 'PUNCT', 'NUM', 'NOUN', 'NOUN', 'PUNCT', 'NUM', 'NOUN', 'PROPN', 'ADV', 'PRON', 'VERB', 'ADP', 'DET', 'NOUN', 'PUNCT', 'ADJ', 'NOUN', 'AUX', 'NUM', 'NOUN', 'NUM', 'PUNCT', 'PRON', 'VERB', 'ADV', 'ADP', 'NOUN', 'CCONJ', 'AUX', 'ADV', 'NUM', 'NOUN', 'ADP', 'NOUN', 'PUNCT', 'VERB', 'ADP', 'ADV', 'ADP', 'NUM', 'DET', 'NOUN', 'PUNCT', 'CCONJ', 'DET', 'NOUN', 'SCONJ', 'PRON', 'VERB', 'ADP', 'NUM', 'NOUN', 'ADP', 'DET', 'NUM', 'NOUN', 'AUX', 'ADJ', 'ADJ', 'PUNCT', 'SCONJ', 'PRON', 'AUX', 'VERB', 'VERB', 'ADP', 'DET', 'NUM', 'NOUN', 'NOUN', 'SCONJ', 'PRON', 'AUX', 'PART', 'VERB', 'PART', 'VERB', 'PRON', 'VERB', 'ADJ', 'PUNCT', 'ADJ', 'NOUN', 'PART', 'VERB', 'PUNCT', 'PRON', 'VERB', 'NUM', 'NOUN', 'NOUN', 'PRON', 'AUX', 'ADJ', 'PUNCT', 'PRON', 'VERB', 'DET', 'NOUN', 'ADP', 'NOUN', 'SCONJ', 'PRON', 'VERB', 'PRON', 'VERB', 'NOUN', 'NOUN', 'PUNCT', 'PRON', 'VERB', 'DET', 'NOUN', 'NOUN', 'PUNCT', 'CCONJ', 'PRON', 'VERB', 'DET', 'ADJ', 'NOUN', 'PART', 'VERB', 'DET', 'NOUN', 'PUNCT', 'CCONJ', 'ADV', 'PUNCT', 'DET', 'NOUN', 'AUX', 'PART', 'VERB', 'ADP', 'DET', 'NOUN', 'PUNCT', 'CCONJ', 'PRON', 'AUX', 'VERB', 'DET', 'NOUN', 'ADP', 'PRON', 'ADV', 'PUNCT']","['Playa Balandra', 'the hype', 'The views', 'the mirador', 'small hike', '8am', 'they', 'the beach', 'Second slot', '1pm', 'I', '730am', 'five cars', 'line', 'exactly at 8 no problem', 'the line', 'we', '12pm', 'the 1pm', 'I', 'the 8am slot', 'you', 'it', 'Other things', 'They', '4 beach dogs', 'that', 'a lot', 'rocks', 'I', 'you', 'water shoes', 'no entrance fee', 'a small charge', 'the bathroom', 'the rock', 'a mushroom', 'you', 'a picture', 'it']","[{'text': 'Playa Balandra', 'label': 'PERSON'}, {'text': 'Two', 'label': 'CARDINAL'}, {'text': '8am -12pm', 'label': 'QUANTITY'}, {'text': 'Second', 'label': 'ORDINAL'}, {'text': '1pm -5pm', 'label': 'TIME'}, {'text': '730am', 'label': 'FAC'}, {'text': 'first', 'label': 'ORDINAL'}, {'text': 'five', 'label': 'CARDINAL'}, {'text': '8', 'label': 'CARDINAL'}, {'text': '12pm', 'label': 'TIME'}, {'text': '1pm', 'label': 'TIME'}, {'text': '8am', 'label': 'TIME'}, {'text': '4', 'label': 'CARDINAL'}]",0.0755813953488372
47090,5.0,Best beach I have ever been to. There are two shifts where they let people in. From 800 am to 1100 and from 1200 to 300. A limited number of cars are allowed in. The water is amazing. Cool and not deep at all. Great for kids.,"['ADJ', 'NOUN', 'PRON', 'AUX', 'ADV', 'AUX', 'ADP', 'PUNCT', 'PRON', 'VERB', 'NUM', 'NOUN', 'SCONJ', 'PRON', 'VERB', 'NOUN', 'ADP', 'PUNCT', 'ADP', 'NUM', 'NOUN', 'ADP', 'NUM', 'CCONJ', 'ADP', 'NUM', 'ADP', 'NUM', 'PUNCT', 'DET', 'ADJ', 'NOUN', 'ADP', 'NOUN', 'AUX', 'VERB', 'ADP', 'PUNCT', 'DET', 'NOUN', 'AUX', 'ADJ', 'PUNCT', 'ADJ', 'CCONJ', 'PART', 'ADV', 'ADV', 'ADV', 'PUNCT', 'ADJ', 'ADP', 'NOUN', 'PUNCT']","['Best beach', 'I', 'two shifts', 'they', 'people', '8:00 am', 'A limited number', 'cars', 'The water', 'kids']","[{'text': 'two', 'label': 'CARDINAL'}, {'text': '8:00 am', 'label': 'TIME'}, {'text': '12:00 to 3:00', 'label': 'TIME'}]",0.05555555555555555
47091,5.0,"Our topfavorite beach in La PAz. We rented a car for the week and actually went to this beach twice. Renting a canoe at the beach is a must, we also walked through the beach to the other side and the water level at its highest point was above my stomach. They have some not a lot of palapas for shade so recommend you bring a beach umbrella or rent one at the beach, waterdrinks, and food no food at this beach. They have a restroom but charge pesos to use. Beach and parking lot is free. They have a limit on entrance so go early. We have full reviews on our visit to La Paz including restaurants and beaches, so look at our profile.","['PRON', 'ADJ', 'NOUN', 'ADP', 'PROPN', 'PROPN', 'PUNCT', 'PRON', 'VERB', 'DET', 'NOUN', 'ADP', 'DET', 'NOUN', 'CCONJ', 'ADV', 'VERB', 'ADP', 'DET', 'NOUN', 'ADV', 'PUNCT', 'VERB', 'DET', 'NOUN', 'ADP', 'DET', 'NOUN', 'AUX', 'DET', 'NOUN', 'PUNCT', 'PRON', 'ADV', 'VERB', 'ADP', 'DET', 'NOUN', 'ADP', 'DET', 'ADJ', 'NOUN', 'CCONJ', 'DET', 'NOUN', 'NOUN', 'ADP', 'PRON', 'ADJ', 'NOUN', 'AUX', 'ADP', 'PRON', 'NOUN', 'PUNCT', 'PRON', 'VERB', 'DET', 'PUNCT', 'PART', 'DET', 'NOUN', 'PUNCT', 'ADP', 'NOUN', 'ADP', 'NOUN', 'ADV', 'VERB', 'PRON', 'VERB', 'DET', 'NOUN', 'NOUN', 'PUNCT', 'CCONJ', 'VERB', 'NUM', 'ADP', 'DET', 'NOUN', 'PUNCT', 'PUNCT', 'NOUN', 'PUNCT', 'NOUN', 'PUNCT', 'CCONJ', 'NOUN', 'PUNCT', 'DET', 'NOUN', 'ADP', 'DET', 'NOUN', 'PUNCT', 'PUNCT', 'PRON', 'VERB', 'DET', 'NOUN', 'CCONJ', 'NOUN', 'NOUN', 'PART', 'VERB', 'PUNCT', 'NOUN', 'CCONJ', 'NOUN', 'NOUN', 'AUX', 'ADJ', 'PUNCT', 'PRON', 'VERB', 'DET', 'NOUN', 'ADP', 'NOUN', 'ADV', 'VERB', 'ADV', 'PUNCT', 'PRON', 'VERB', 'ADJ', 'NOUN', 'ADP', 'PRON', 'NOUN', 'ADP', 'PROPN', 'PROPN', 'VERB', 'NOUN', 'CCONJ', 'NOUN', 'PUNCT', 'ADV', 'VERB', 'ADP', 'PRON', 'NOUN', 'PUNCT']","['Our topfavorite beach', 'La PAz', 'We', 'a car', 'the week', 'this beach', 'a canoe', 'the beach', 'a must', 'we', 'the beach', 'the other side', 'the water level', 'its highest point', 'my stomach', 'They', 'some (not a lot', 'palapas', 'shade', 'you', 'a beach umbrella', 'the beach', 'water-drinks', 'food', 'no food', 'this beach', 'They', 'a restroom', 'charge pesos', 'Beach and parking lot', 'They', 'a limit', 'entrance', 'We', 'full reviews', 'our visit', 'La Paz', 'restaurants', 'beaches', 'our profile']","[{'text': 'La', 'label': 'GPE'}, {'text': 'the week', 'label': 'DATE'}, {'text': 'La Paz', 'label': 'PERSON'}]",0.020689655172413793
47096,5.0,"Its a great experience, beautiful beach, only thing they have to provide more information about scheduling and capacity.","['PRON', 'AUX', 'DET', 'ADJ', 'NOUN', 'PUNCT', 'ADJ', 'NOUN', 'PUNCT', 'ADJ', 'NOUN', 'PRON', 'VERB', 'PART', 'VERB', 'ADJ', 'NOUN', 'ADP', 'NOUN', 'CCONJ', 'NOUN', 'PUNCT']","['It', 'a great experience', 'beautiful beach', 'they', 'more information', 'scheduling', 'capacity']",[],0.0
47108,5.0,One of the most amazing places Ive ever seen in my life.,"['NUM', 'ADP', 'DET', 'ADV', 'ADJ', 'NOUN', 'PRON', 'AUX', 'ADV', 'VERB', 'ADP', 'PRON', 'NOUN', 'PUNCT']","['the most amazing places', 'I', 'my life']","[{'text': 'One', 'label': 'CARDINAL'}]",0.07142857142857142
47128,5.0,"So beautiful, make sure you bring your supplies, water is so good and beautiful portraits","['ADV', 'ADJ', 'PUNCT', 'VERB', 'ADJ', 'PRON', 'VERB', 'PRON', 'NOUN', 'PUNCT', 'NOUN', 'AUX', 'ADV', 'ADJ', 'CCONJ', 'ADJ', 'NOUN']","['you', 'your supplies', 'water', 'so good and beautiful portraits']",[],0.0
47131,4.0,"Tried driving up from La Paz on Thursday afternoon but couldnt get in dt max occupancy. On Friday we showed up at 730 am and waited in the car until 8 for the beach to open. We were maybe the 10th car lined up, got in no problem limited to 400 people per day. No entry fee. We were told we could stay until noon. Easy, close parking to the permanent beach umbrellas. No services except a little row of portapotties, for which you have to pay 5 pesos theyll provide toilet paper. The beach was pretty but we got bad weather cold, cloudy, and very windy which really limited visibility through the water and was just annoying getting into everyones eyes and mouth. Bring a jacket or, better yet, a wetsuit just in case A lot of people with only beach clothes looked miserable. Did see a stingray I think Again, poor visibility and a couple schools of small fish while wading around, I was careful to drag my feet so as not to directly step on any wildlife. If I could do it again I would opt for the afternoon timeslot instead, higher chance of good weather. Big line of people to get a picture with the mushroom.","['VERB', 'VERB', 'ADP', 'ADP', 'PROPN', 'PROPN', 'ADP', 'PROPN', 'NOUN', 'CCONJ', 'AUX', 'PART', 'VERB', 'ADP', 'PROPN', 'PROPN', 'NOUN', 'PUNCT', 'ADP', 'PROPN', 'PRON', 'VERB', 'ADP', 'ADP', 'NUM', 'NOUN', 'CCONJ', 'VERB', 'ADP', 'DET', 'NOUN', 'ADP', 'NUM', 'SCONJ', 'DET', 'NOUN', 'PART', 'VERB', 'PUNCT', 'PRON', 'AUX', 'ADV', 'DET', 'ADJ', 'NOUN', 'VERB', 'ADP', 'PUNCT', 'VERB', 'ADP', 'DET', 'NOUN', 'PUNCT', 'VERB', 'ADP', 'NUM', 'NOUN', 'ADP', 'NOUN', 'PUNCT', 'PUNCT', 'DET', 'NOUN', 'NOUN', 'PUNCT', 'PRON', 'AUX', 'VERB', 'PRON', 'AUX', 'VERB', 'ADP', 'NOUN', 'PUNCT', 'ADV', 'PUNCT', 'ADJ', 'NOUN', 'ADP', 'DET', 'ADJ', 'NOUN', 'NOUN', 'PUNCT', 'DET', 'NOUN', 'SCONJ', 'DET', 'ADJ', 'NOUN', 'ADP', 'NOUN', 'PUNCT', 'DET', 'PUNCT', 'NOUN', 'PUNCT', 'ADP', 'PRON', 'PRON', 'VERB', 'PART', 'VERB', 'NUM', 'NOUN', 'PUNCT', 'PRON', 'AUX', 'VERB', 'NOUN', 'NOUN', 'PUNCT', 'PUNCT', 'DET', 'NOUN', 'AUX', 'ADJ', 'CCONJ', 'PRON', 'VERB', 'ADJ', 'NOUN', 'PUNCT', 'ADJ', 'PUNCT', 'ADJ', 'PUNCT', 'CCONJ', 'ADV', 'ADJ', 'PUNCT', 'PRON', 'ADV', 'VERB', 'NOUN', 'ADP', 'DET', 'NOUN', 'CCONJ', 'AUX', 'ADV', 'ADJ', 'VERB', 'ADP', 'NOUN', 'NOUN', 'CCONJ', 'NOUN', 'PUNCT', 'VERB', 'DET', 'NOUN', 'PUNCT', 'CCONJ', 'PUNCT', 'ADV', 'ADV', 'PUNCT', 'DET', 'NOUN', 'PUNCT', 'ADV', 'ADP', 'NOUN', 'PUNCT', 'DET', 'NOUN', 'ADP', 'NOUN', 'ADP', 'ADJ', 'NOUN', 'NOUN', 'VERB', 'ADJ', 'PUNCT', 'AUX', 'VERB', 'DET', 'NOUN', 'PUNCT', 'PRON', 'VERB', 'PUNCT', 'ADV', 'PUNCT', 'ADJ', 'NOUN', 'PUNCT', 'CCONJ', 'DET', 'NOUN', 'NOUN', 'ADP', 'ADJ', 'NOUN', 'SCONJ', 'VERB', 'ADP', 'PUNCT', 'PRON', 'AUX', 'ADJ', 'PART', 'VERB', 'PRON', 'NOUN', 'SCONJ', 'SCONJ', 'PART', 'PART', 'ADV', 'VERB', 'ADP', 'DET', 'NOUN', 'PUNCT', 'SCONJ', 'PRON', 'AUX', 'VERB', 'PRON', 'ADV', 'PRON', 'AUX', 'VERB', 'ADP', 'DET', 'NOUN', 'NOUN', 'PUNCT', 'NOUN', 'ADV', 'PUNCT', 'ADJ', 'NOUN', 'ADP', 'ADJ', 'NOUN', 'PUNCT', 'ADJ', 'NOUN', 'ADP', 'NOUN', 'PART', 'VERB', 'DET', 'NOUN', 'ADP', 'DET', 'NOUN', 'PUNCT']","['La Paz', 'Thursday afternoon', 'dt max occupancy', 'Friday', 'we', '7:30 am', 'the car', 'the beach', 'We', 'the 10th car', 'no problem', '400 people', 'day', 'No entry fee', 'We', 'we', 'noon', 'close parking', 'the permanent beach umbrellas', 'a little row', 'port-a-potties', 'which', 'you', '5 pesos', 'they', 'toilet paper', 'The beach', 'we', 'bad weather', 'which', 'visibility', 'the water', 'everyones eyes', 'mouth', 'a jacket', 'case', 'A lot', 'people', 'only beach clothes', 'a stingray', 'I', 'small fish', 'I', 'my feet', 'any wildlife', 'I', 'it', 'I', 'the afternoon time-slot', ', higher chance', 'good weather', 'Big line', 'people', 'a picture', 'the mushroom']","[{'text': 'La Paz', 'label': 'FAC'}, {'text': 'Thursday', 'label': 'DATE'}, {'text': 'afternoon', 'label': 'TIME'}, {'text': 'max', 'label': 'PERSON'}, {'text': 'Friday', 'label': 'DATE'}, {'text': '7:30 am', 'label': 'TIME'}, {'text': '8', 'label': 'CARDINAL'}, {'text': '10th', 'label': 'ORDINAL'}, {'text': '400', 'label': 'CARDINAL'}, {'text': 'noon', 'label': 'TIME'}, {'text': '5', 'label': 'CARDINAL'}, {'text': 'afternoon', 'label': 'TIME'}]",0.047619047619047616
47161,5.0,"It is absolutely gorgeous here. Its a short drive from La Paz or a good amount of drive from Los Cabos. I had a great day trip here from Todos Santos. Make sure to get the park permit wrist band on the official website, pick it up at the office near Hotel La Concha 20min away, arrive early, and stay for the day until the bay turns turquoise its silver in the morning due to the direction of the sunlight. They start turning people away once the daily head count limit is reached.","['PRON', 'AUX', 'ADV', 'ADJ', 'ADV', 'PUNCT', 'PRON', 'AUX', 'DET', 'ADJ', 'NOUN', 'ADP', 'PROPN', 'PROPN', 'CCONJ', 'DET', 'ADJ', 'NOUN', 'ADP', 'NOUN', 'ADP', 'PROPN', 'PROPN', 'PUNCT', 'PRON', 'VERB', 'DET', 'ADJ', 'NOUN', 'NOUN', 'ADV', 'ADP', 'PROPN', 'PROPN', 'PUNCT', 'VERB', 'ADJ', 'PART', 'VERB', 'DET', 'NOUN', 'NOUN', 'NOUN', 'NOUN', 'ADP', 'DET', 'ADJ', 'NOUN', 'PUNCT', 'VERB', 'PRON', 'ADP', 'ADP', 'DET', 'NOUN', 'ADP', 'PROPN', 'PROPN', 'PROPN', 'VERB', 'ADV', 'PUNCT', 'VERB', 'ADV', 'PUNCT', 'CCONJ', 'VERB', 'ADP', 'DET', 'NOUN', 'SCONJ', 'DET', 'NOUN', 'VERB', 'ADV', 'PUNCT', 'PRON', 'AUX', 'NOUN', 'ADP', 'DET', 'NOUN', 'ADP', 'ADP', 'DET', 'NOUN', 'ADP', 'DET', 'NOUN', 'PUNCT', 'PUNCT', 'PRON', 'VERB', 'VERB', 'NOUN', 'ADV', 'SCONJ', 'DET', 'ADJ', 'NOUN', 'NOUN', 'NOUN', 'AUX', 'VERB', 'PUNCT']","['It', 'It', 'a short drive', 'La Paz', 'a good amount', 'drive', 'Los Cabos', 'I', 'a great day trip', 'Todos Santos', 'the park permit wrist band', 'the official website', 'it', 'the office', 'Hotel La Concha', 'the day', 'the bay', 'it', 'silver', 'the morning', 'the direction', 'the sunlight', 'They', 'people', 'the daily head count limit']","[{'text': 'La Paz', 'label': 'FAC'}, {'text': 'Los Cabos', 'label': 'GPE'}, {'text': 'Todos Santos', 'label': 'GPE'}, {'text': 'Hotel La Concha', 'label': 'FAC'}, {'text': '20min', 'label': 'DATE'}, {'text': 'the day', 'label': 'DATE'}, {'text': 'daily', 'label': 'DATE'}]",0.06666666666666667
47165,5.0,Love this beach,"['VERB', 'DET', 'NOUN']",['this beach'],[],0.0
47177,5.0,"AmaIng beach. Get there early. Access is capped at a certain number, in two shifts. One 9a1p and one 1p5p","['PROPN', 'NOUN', 'PUNCT', 'VERB', 'ADV', 'ADV', 'PUNCT', 'NOUN', 'AUX', 'VERB', 'ADP', 'DET', 'ADJ', 'NOUN', 'PUNCT', 'ADP', 'NUM', 'NOUN', 'PUNCT', 'NUM', 'NOUN', 'CCONJ', 'NUM', 'NUM']","['AmaIng beach', 'Access', 'a certain number', 'two shifts', 'One 9a-1p']","[{'text': 'AmaIng beach', 'label': 'GPE'}, {'text': 'two', 'label': 'CARDINAL'}, {'text': 'One', 'label': 'CARDINAL'}]",0.125
47180,5.0,"Beautiful. This beach is surrounded by rock formations and only goes up to your waist.. there are a few cabanas to lounge under, so go early. The have 2 entry times, 8am or 1 pm.. they only allow 400 people in at a time. You have to wait a in line of cars. They do not sell food or anything, as this is a national park. You can bring your own though. Its quiet and relaxing and breathtakingly beautiful","['ADJ', 'PUNCT', 'DET', 'NOUN', 'AUX', 'VERB', 'ADP', 'NOUN', 'NOUN', 'CCONJ', 'ADV', 'VERB', 'ADV', 'ADP', 'PRON', 'NOUN', 'PUNCT', 'PRON', 'VERB', 'DET', 'ADJ', 'NOUN', 'PART', 'VERB', 'ADP', 'PUNCT', 'ADV', 'VERB', 'ADV', 'PUNCT', 'DET', 'AUX', 'NUM', 'NOUN', 'NOUN', 'PUNCT', 'NUM', 'ADP', 'CCONJ', 'NUM', 'NOUN', 'PUNCT', 'PRON', 'ADV', 'VERB', 'NUM', 'NOUN', 'ADP', 'ADP', 'DET', 'NOUN', 'PUNCT', 'PRON', 'VERB', 'PART', 'VERB', 'PRON', 'ADP', 'NOUN', 'ADP', 'NOUN', 'PUNCT', 'PRON', 'AUX', 'PART', 'VERB', 'NOUN', 'CCONJ', 'PRON', 'PUNCT', 'SCONJ', 'PRON', 'AUX', 'DET', 'ADJ', 'NOUN', 'PUNCT', 'PRON', 'AUX', 'VERB', 'PRON', 'ADJ', 'ADV', 'PUNCT', 'PRON', 'AUX', 'ADJ', 'CCONJ', 'ADJ', 'CCONJ', 'ADV', 'ADJ', 'PUNCT']","['This beach', 'rock formations', 'your waist', 'a few cabanas', 'The have 2 entry times', '1 pm', 'they', '400 people', 'a time', 'You', 'a', 'line', 'cars', 'They', 'food', 'anything', 'this', 'a national park', 'You', 'It']","[{'text': '2', 'label': 'CARDINAL'}, {'text': '8am or', 'label': 'TIME'}, {'text': '1 pm', 'label': 'TIME'}, {'text': '400', 'label': 'CARDINAL'}]",0.043010752688172046
47184,5.0,"This place is beautiful, water is cristal clear, perfect for pictures. If its your first time its important you know there are two specific hours for entry. First is from 800 a.m. to 100 p.m. second is from 100 p.m. to 500 p.m. At 500 p.m. they close the beach. Make sure to take some snacks and drink they dont sell anything in balandra but there is a beach next to it called playa el Tecolote they have mariscos, and fruit and beverages.","['DET', 'NOUN', 'AUX', 'ADJ', 'PUNCT', 'NOUN', 'AUX', 'ADJ', 'ADJ', 'PUNCT', 'ADJ', 'ADP', 'NOUN', 'PUNCT', 'SCONJ', 'PRON', 'AUX', 'PRON', 'ADJ', 'NOUN', 'PRON', 'AUX', 'ADJ', 'PRON', 'VERB', 'PRON', 'VERB', 'NUM', 'ADJ', 'NOUN', 'ADP', 'NOUN', 'PUNCT', 'ADV', 'AUX', 'ADP', 'NUM', 'NOUN', 'ADP', 'NUM', 'NOUN', 'ADJ', 'AUX', 'ADP', 'NUM', 'NOUN', 'ADP', 'NUM', 'NOUN', 'ADP', 'NUM', 'NOUN', 'PRON', 'VERB', 'DET', 'NOUN', 'PUNCT', 'VERB', 'ADJ', 'PART', 'VERB', 'DET', 'NOUN', 'CCONJ', 'VERB', 'PRON', 'AUX', 'PART', 'VERB', 'PRON', 'ADP', 'PROPN', 'CCONJ', 'PRON', 'VERB', 'DET', 'NOUN', 'ADV', 'ADP', 'PRON', 'VERB', 'PROPN', 'PROPN', 'PROPN', 'PRON', 'VERB', 'NOUN', 'PUNCT', 'CCONJ', 'NOUN', 'CCONJ', 'NOUN', 'PUNCT']","['This place', 'water', 'pictures', 'it', 'your first time', 'it', 'you', 'two specific hours', 'entry', '8:00 a.m.', '1:00 p.m.', '1:00 p.m.', '5:00 p.m.', '5:00 p.m.', 'they', 'the beach', 'some snacks', 'they', 'anything', 'balandra', 'a beach', 'it', 'playa el Tecolote', 'they', 'mariscos', 'fruit', 'beverages']","[{'text': 'first', 'label': 'ORDINAL'}, {'text': 'two specific hours', 'label': 'TIME'}, {'text': 'First', 'label': 'ORDINAL'}, {'text': '8:00 a.m. to 1:00 p.m. second', 'label': 'TIME'}, {'text': '1:00 p.m. to 5:00 p.m.', 'label': 'TIME'}, {'text': '5:00 p.m.', 'label': 'TIME'}, {'text': 'balandra', 'label': 'GPE'}, {'text': 'el Tecolote', 'label': 'PERSON'}, {'text': 'mariscos', 'label': 'GPE'}]",0.0967741935483871
47198,5.0,"One of the most beautiful beaches I have ever seen in my entire life Its a true masterpiece of nature, which changes completely from morning, with low tide, to evening, with high tide. The parking is convenient, but I recommend going early because access to the beach is fortunately limited. Bring water with you because there are no bars It is well maintained and monitored by the Mexican government to preserve it as best as possible. The only disappointment was seeing so much plastic deposited along the roads to reach it, such as the road to Baja California Sur La Paz El Tecolote, which is a real openair dump. With the winds, there is a danger that it could also pollute the precious Sea of Cortez, so I hope that local organizations and the Mexican government can clean it up as soon as possible. I hope that this wonderful and unique nature can be preserved forever and attract tourists who are attentive and respectful of the place.","['NUM', 'ADP', 'DET', 'ADV', 'ADJ', 'NOUN', 'PRON', 'AUX', 'ADV', 'VERB', 'ADP', 'PRON', 'ADJ', 'NOUN', 'PUNCT', 'PRON', 'AUX', 'DET', 'ADJ', 'NOUN', 'ADP', 'NOUN', 'PUNCT', 'PRON', 'VERB', 'ADV', 'ADP', 'NOUN', 'PUNCT', 'ADP', 'ADJ', 'NOUN', 'PUNCT', 'ADP', 'NOUN', 'PUNCT', 'ADP', 'ADJ', 'NOUN', 'PUNCT', 'DET', 'NOUN', 'AUX', 'ADJ', 'PUNCT', 'CCONJ', 'PRON', 'VERB', 'VERB', 'ADV', 'SCONJ', 'NOUN', 'ADP', 'DET', 'NOUN', 'AUX', 'ADV', 'ADJ', 'PUNCT', 'VERB', 'NOUN', 'ADP', 'PRON', 'SCONJ', 'PRON', 'VERB', 'DET', 'NOUN', 'PUNCT', 'PRON', 'AUX', 'ADV', 'VERB', 'CCONJ', 'VERB', 'ADP', 'DET', 'ADJ', 'NOUN', 'PART', 'VERB', 'PRON', 'ADV', 'ADV', 'ADP', 'ADJ', 'PUNCT', 'DET', 'ADJ', 'NOUN', 'AUX', 'VERB', 'ADV', 'ADJ', 'NOUN', 'VERB', 'ADP', 'DET', 'NOUN', 'PART', 'VERB', 'PRON', 'PUNCT', 'ADJ', 'ADP', 'DET', 'NOUN', 'ADP', 'NOUN', 'PROPN', 'PROPN', 'PROPN', 'PROPN', 'PROPN', 'PROPN', 'PUNCT', 'PRON', 'AUX', 'DET', 'ADJ', 'ADJ', 'PUNCT', 'NOUN', 'NOUN', 'PUNCT', 'ADP', 'DET', 'NOUN', 'PUNCT', 'PRON', 'VERB', 'DET', 'NOUN', 'SCONJ', 'PRON', 'AUX', 'ADV', 'VERB', 'DET', 'ADJ', 'PROPN', 'ADP', 'PROPN', 'PUNCT', 'ADV', 'PRON', 'VERB', 'SCONJ', 'ADJ', 'NOUN', 'CCONJ', 'DET', 'ADJ', 'NOUN', 'AUX', 'VERB', 'PRON', 'ADP', 'ADV', 'ADV', 'ADP', 'ADJ', 'PUNCT', 'PRON', 'VERB', 'SCONJ', 'DET', 'ADJ', 'CCONJ', 'ADJ', 'NOUN', 'AUX', 'AUX', 'VERB', 'ADV', 'CCONJ', 'VERB', 'NOUN', 'PRON', 'AUX', 'ADJ', 'CCONJ', 'ADJ', 'ADP', 'DET', 'NOUN', 'PUNCT']","['the most beautiful beaches', 'I', 'my entire life', 'It', 'a true masterpiece', 'nature', 'which', 'morning', 'low tide', 'evening', 'high tide', 'The parking', 'I', 'access', 'the beach', 'water', 'you', 'no bars', 'It', 'the Mexican government', 'it', 'The only disappointment', 'so much plastic', 'the roads', 'it', 'the road', 'Baja California Sur La Paz El Tecolote', 'which', 'a real open-air dump', 'the winds', 'a danger', 'it', 'the precious Sea', 'Cortez', 'I', 'local organizations', 'the Mexican government', 'it', 'I', 'this wonderful and unique nature', 'tourists', 'who', 'the place']","[{'text': 'One', 'label': 'CARDINAL'}, {'text': 'evening', 'label': 'TIME'}, {'text': 'Mexican', 'label': 'NORP'}, {'text': 'Baja California Sur La Paz El Tecolote', 'label': 'ORG'}, {'text': 'Sea of Cortez', 'label': 'LOC'}, {'text': 'Mexican', 'label': 'NORP'}]",0.03208556149732621
47233,5.0,One of the most beautiful and well preserved bay of Mexico. They are doing an amazing job protecting the waters and the biodiversity around ballandra. It is just heaven on earth.,"['NUM', 'ADP', 'DET', 'ADV', 'ADJ', 'CCONJ', 'ADV', 'VERB', 'NOUN', 'ADP', 'PROPN', 'PUNCT', 'PRON', 'AUX', 'VERB', 'DET', 'ADJ', 'NOUN', 'VERB', 'DET', 'NOUN', 'CCONJ', 'DET', 'NOUN', 'ADP', 'NOUN', 'PUNCT', 'PRON', 'AUX', 'ADV', 'PROPN', 'ADP', 'NOUN', 'PUNCT']","['the most beautiful and well preserved bay', 'Mexico', 'They', 'an amazing job', 'the waters', 'the biodiversity', 'ballandra', 'It', 'just heaven', 'earth']","[{'text': 'One', 'label': 'CARDINAL'}, {'text': 'Mexico', 'label': 'GPE'}]",0.058823529411764705
47241,5.0,Breathtaking experience Some of the best views of Mexico can be found photos show our 12pm slot where we parked just prior to the entrance of balandra. Morning and afternoon slots are available. Do not miss the opportunity,"['VERB', 'NOUN', 'PRON', 'ADP', 'DET', 'ADJ', 'NOUN', 'ADP', 'PROPN', 'AUX', 'AUX', 'VERB', 'PUNCT', 'NOUN', 'VERB', 'PRON', 'NUM', 'NOUN', 'NOUN', 'SCONJ', 'PRON', 'VERB', 'ADV', 'ADV', 'ADP', 'DET', 'NOUN', 'ADP', 'PROPN', 'PUNCT', 'NOUN', 'CCONJ', 'NOUN', 'NOUN', 'AUX', 'ADJ', 'PUNCT', 'AUX', 'PART', 'VERB', 'DET', 'NOUN']","['Breathtaking experience', 'Some', 'the best views', 'Mexico', 'photos', 'our 12pm slot', 'we', 'the entrance', 'balandra', 'Morning', 'afternoon slots', 'the opportunity']","[{'text': 'Mexico', 'label': 'GPE'}, {'text': '12pm', 'label': 'TIME'}, {'text': 'Morning', 'label': 'TIME'}, {'text': 'afternoon', 'label': 'TIME'}]",0.09523809523809523
47249,5.0,"Beautiful beach, the water is shallow so you can walk deep into the ocean without be submerged. So even if you do not know how to swim you will be safe. There is activity to do at the beach like boarding and kayaking which is fun to do. Also a hill which you can hike up to see the whole beach and its surrounding which was breathtaking","['ADJ', 'NOUN', 'PUNCT', 'DET', 'NOUN', 'AUX', 'ADJ', 'SCONJ', 'PRON', 'AUX', 'VERB', 'ADV', 'ADP', 'DET', 'NOUN', 'AUX', 'AUX', 'VERB', 'PUNCT', 'ADV', 'ADV', 'SCONJ', 'PRON', 'AUX', 'PART', 'VERB', 'SCONJ', 'PART', 'VERB', 'PRON', 'AUX', 'AUX', 'ADJ', 'PUNCT', 'PRON', 'VERB', 'NOUN', 'PART', 'VERB', 'ADP', 'DET', 'NOUN', 'ADP', 'NOUN', 'CCONJ', 'VERB', 'PRON', 'AUX', 'ADJ', 'PART', 'VERB', 'PUNCT', 'ADV', 'DET', 'NOUN', 'PRON', 'PRON', 'AUX', 'VERB', 'ADP', 'PART', 'VERB', 'DET', 'ADJ', 'NOUN', 'CCONJ', 'PRON', 'NOUN', 'PRON', 'AUX', 'VERB']","['the water', 'you', 'the ocean', 'you', 'you', 'activity', 'the beach', 'boarding', 'which', 'Also a hill', 'which', 'you', 'the whole beach', 'its surrounding', 'which']",[],0.0
47259,4.0,If youre bringing a dog please read this The beach is truly beautiful and you definitely need to go. Our time there went downhill though when our dog was attacked by 2 dogs that live there. I also noticed another woman whos dog was attacked the same day but Im not sure if her dog was hurt. We walk our dog on leash and the pack came out of nowhere and went out of their way to get her. Our dog ended up with a bite on her leg that was pretty deep. If you dont have a dog though I wouldnt worry too much about it since they seem pretty friendly with people. Im really surprised no one has ever mentioned anything about the dogs there being territorial towards other dogs but hopefully this warning can at least help others be careful if they do bring their dog.,"['SCONJ', 'PRON', 'AUX', 'VERB', 'DET', 'NOUN', 'INTJ', 'VERB', 'PRON', 'DET', 'NOUN', 'AUX', 'ADV', 'ADJ', 'CCONJ', 'PRON', 'ADV', 'VERB', 'PART', 'VERB', 'PUNCT', 'PRON', 'NOUN', 'ADV', 'VERB', 'ADV', 'ADV', 'SCONJ', 'PRON', 'NOUN', 'AUX', 'VERB', 'ADP', 'NUM', 'NOUN', 'PRON', 'VERB', 'ADV', 'PUNCT', 'PRON', 'ADV', 'VERB', 'DET', 'NOUN', 'PRON', 'VERB', 'NOUN', 'AUX', 'VERB', 'DET', 'ADJ', 'NOUN', 'CCONJ', 'PRON', 'VERB', 'PART', 'ADJ', 'SCONJ', 'PRON', 'NOUN', 'AUX', 'VERB', 'PUNCT', 'PRON', 'VERB', 'PRON', 'NOUN', 'ADP', 'PROPN', 'CCONJ', 'DET', 'NOUN', 'VERB', 'ADP', 'ADP', 'ADV', 'CCONJ', 'VERB', 'ADP', 'ADP', 'PRON', 'NOUN', 'PART', 'VERB', 'PRON', 'PUNCT', 'PRON', 'NOUN', 'VERB', 'ADP', 'ADP', 'DET', 'NOUN', 'ADP', 'PRON', 'NOUN', 'PRON', 'AUX', 'ADV', 'ADJ', 'PUNCT', 'SCONJ', 'PRON', 'AUX', 'PART', 'VERB', 'DET', 'NOUN', 'SCONJ', 'PRON', 'AUX', 'PART', 'VERB', 'ADV', 'ADV', 'ADP', 'PRON', 'SCONJ', 'PRON', 'VERB', 'ADV', 'ADJ', 'ADP', 'NOUN', 'PUNCT', 'PRON', 'VERB', 'ADV', 'ADJ', 'DET', 'NOUN', 'AUX', 'ADV', 'VERB', 'PRON', 'ADP', 'DET', 'NOUN', 'ADV', 'AUX', 'ADJ', 'ADP', 'ADJ', 'NOUN', 'CCONJ', 'ADV', 'DET', 'NOUN', 'AUX', 'ADP', 'ADJ', 'VERB', 'NOUN', 'AUX', 'ADJ', 'SCONJ', 'PRON', 'AUX', 'VERB', 'PRON', 'NOUN', 'PUNCT']","['you', 'a dog', 'this', 'The beach', 'you', 'our dog', '2 dogs', 'that', 'I', 'another woman', 'who', 'dog', 'I', 'her dog', 'We', 'our dog', 'leash', 'the pack', 'their way', 'her', 'Our dog', 'a bite', 'her leg', 'that', 'you', 'a dog', 'I', 'it', 'they', 'people', 'I', 'no one', 'anything', 'the dogs', 'other dogs', 'hopefully this warning', 'others', 'they', 'their dog']","[{'text': '2', 'label': 'CARDINAL'}]",0.006172839506172839
47267,5.0,"Gorgeous beach. We arrived at 745 for the 8 AM window and were the 10th car in line, no issues getting in. Did not cost money. Highly recommend Water shoes would have been nice.","['ADJ', 'NOUN', 'PUNCT', 'PRON', 'VERB', 'ADP', 'NUM', 'ADP', 'DET', 'NUM', 'PROPN', 'NOUN', 'CCONJ', 'AUX', 'DET', 'ADJ', 'NOUN', 'ADP', 'NOUN', 'PUNCT', 'DET', 'NOUN', 'VERB', 'ADP', 'PUNCT', 'AUX', 'PART', 'VERB', 'NOUN', 'PUNCT', 'ADV', 'ADJ', 'PUNCT', 'NOUN', 'NOUN', 'AUX', 'AUX', 'AUX', 'ADJ', 'PUNCT']","['Gorgeous beach', 'We', 'the 8 AM window', 'the 10th car', 'line', 'money', 'Water shoes']","[{'text': '7:45', 'label': 'TIME'}, {'text': '8 AM', 'label': 'TIME'}, {'text': '10th', 'label': 'ORDINAL'}]",0.075
47269,4.0,Its a beautiful place to do a morning hike or wade in the waters but keep in mind its very verg shallow so diving in is almost impossible. Amazing views. The park closes at noon do get there very early. No infrastructure,"['PRON', 'DET', 'ADJ', 'NOUN', 'PART', 'VERB', 'DET', 'NOUN', 'NOUN', 'CCONJ', 'PROPN', 'ADP', 'DET', 'NOUN', 'CCONJ', 'VERB', 'ADP', 'NOUN', 'PRON', 'ADV', 'NOUN', 'NOUN', 'ADV', 'ADJ', 'ADV', 'AUX', 'ADV', 'ADJ', 'PUNCT', 'ADJ', 'NOUN', 'PUNCT', 'DET', 'NOUN', 'VERB', 'ADP', 'NOUN', 'AUX', 'VERB', 'ADV', 'ADV', 'ADV', 'PUNCT', 'DET', 'NOUN']","['Its a beautiful place', 'a morning hike', 'wade', 'the waters', 'mind', 'its very verg shallow', 'Amazing views', 'The park', 'noon', 'No infrastructure']","[{'text': 'noon', 'label': 'TIME'}]",0.022222222222222223
47275,5.0,The most beautiful beach in the world.,"['DET', 'ADV', 'ADJ', 'NOUN', 'ADP', 'DET', 'NOUN', 'PUNCT']","['The most beautiful beach', 'the world']",[],0.0
47279,5.0,Great place for kids as water is shallow. They only let people in 2 groups from 812 and 1230 530 so be aware of that as there are limits to people allowed,"['ADJ', 'NOUN', 'ADP', 'NOUN', 'ADP', 'NOUN', 'AUX', 'ADJ', 'PUNCT', 'PRON', 'ADV', 'VERB', 'NOUN', 'ADP', 'NUM', 'NOUN', 'ADP', 'NUM', 'SYM', 'NUM', 'CCONJ', 'NUM', 'NUM', 'ADV', 'AUX', 'ADJ', 'ADP', 'PRON', 'SCONJ', 'PRON', 'VERB', 'NOUN', 'ADP', 'NOUN', 'VERB']","['Great place', 'kids', 'water', 'They', 'people', '2 groups', 'that', 'limits', 'people']","[{'text': '2', 'label': 'CARDINAL'}, {'text': '8-12', 'label': 'CARDINAL'}]",0.05714285714285714
47286,5.0,"Beautiful you can walk side by side the color s its something I never saw,and people take care good","['ADJ', 'PRON', 'AUX', 'VERB', 'NOUN', 'ADP', 'NOUN', 'DET', 'NOUN', 'PART', 'PRON', 'AUX', 'PRON', 'PRON', 'ADV', 'VERB', 'PUNCT', 'CCONJ', 'NOUN', 'VERB', 'NOUN', 'ADJ']","['you', 'side', 'the color', 'it', 'something', 'I', 'people', 'care']",[],0.0
47292,5.0,Beautiful Bay of Balandra They regulate the amount of people coming in to 450 and you can stay from 8am12 noon then apparently they clear everyone out and have another set from 15pm Also first Sunday of every month is restricted to La Paz residents only. Its a must do if youre in La Paz,"['PROPN', 'PROPN', 'ADP', 'PROPN', 'PUNCT', 'PRON', 'VERB', 'DET', 'NOUN', 'ADP', 'NOUN', 'VERB', 'ADV', 'ADP', 'NUM', 'CCONJ', 'PRON', 'AUX', 'VERB', 'ADP', 'NOUN', 'NOUN', 'ADV', 'ADV', 'PRON', 'VERB', 'PRON', 'ADP', 'CCONJ', 'VERB', 'DET', 'NOUN', 'ADP', 'NUM', 'PUNCT', 'NOUN', 'ADV', 'ADJ', 'PROPN', 'ADP', 'DET', 'NOUN', 'AUX', 'VERB', 'ADP', 'PROPN', 'PROPN', 'NOUN', 'ADV', 'PUNCT', 'PRON', 'PRON', 'AUX', 'VERB', 'SCONJ', 'PRON', 'VERB', 'ADP', 'PROPN', 'PROPN']","['Beautiful Bay', 'Balandra', 'They', 'the amount', 'people', 'you', '8am-12 noon', 'they', 'everyone', 'another set', '1-5pm', 'every month', 'La Paz residents', 'Its a', 'you', 'La Paz']","[{'text': 'Balandra', 'label': 'GPE'}, {'text': '450', 'label': 'CARDINAL'}, {'text': '8am-12 noon', 'label': 'TIME'}, {'text': '1-5pm', 'label': 'CARDINAL'}, {'text': 'first', 'label': 'ORDINAL'}, {'text': 'Sunday of every month', 'label': 'DATE'}, {'text': 'La Paz', 'label': 'ORG'}, {'text': 'La Paz', 'label': 'FAC'}]",0.13333333333333333
47302,5.0,Beautiful Its a must do and the drive to it is stunning as well x,"['ADJ', 'PUNCT', 'PRON', 'AUX', 'DET', 'AUX', 'AUX', 'CCONJ', 'DET', 'NOUN', 'ADP', 'PRON', 'AUX', 'ADJ', 'ADV', 'ADV', 'NOUN']","['It', 'the drive', 'it']",[],0.0
47306,5.0,"Gorgeous beach, one of the prettiest in all of Baja California","['ADJ', 'NOUN', 'PUNCT', 'NUM', 'ADP', 'DET', 'NOUN', 'ADP', 'PRON', 'ADP', 'PROPN', 'PROPN']","['Gorgeous beach', 'the prettiest', 'all', 'Baja California']","[{'text': 'one', 'label': 'CARDINAL'}, {'text': 'Baja', 'label': 'GPE'}, {'text': 'California', 'label': 'GPE'}]",0.25
47326,5.0,Nice clean beach Easy to get there free access Great views and scenery,"['ADJ', 'ADJ', 'NOUN', 'PROPN', 'PART', 'VERB', 'ADV', 'ADJ', 'NOUN', 'ADJ', 'NOUN', 'CCONJ', 'NOUN']","['Nice clean beach Easy', 'free access Great views', 'scenery']","[{'text': 'Great', 'label': 'FAC'}]",0.07692307692307693
47345,5.0,Worth the trip north from LaPaz,"['ADJ', 'DET', 'NOUN', 'ADV', 'ADP', 'PROPN']",['LaPaz'],"[{'text': 'LaPaz', 'label': 'GPE'}]",0.16666666666666666
47348,5.0,"Beach is open from 8 to 12 and 1pm to 5pm. We got in line around 1140am for 1pm openin and were number 30. They cap at 400 cars. They set a waiting area away from the main road for the cars. Once youre in there are no restaurants, so buy your own food and drinks and clean up after yourself. Kyak is avail to rent from a vendor there. They have about 5 Portapotties. Really nice beach and great experience. If you swim towards the kept to the secluded sand be careful. There are sting rays.","['PROPN', 'AUX', 'ADJ', 'ADP', 'NUM', 'ADP', 'NUM', 'CCONJ', 'NUM', 'NOUN', 'PART', 'NUM', 'NOUN', 'PUNCT', 'PRON', 'VERB', 'ADP', 'NOUN', 'ADP', 'PROPN', 'ADP', 'NUM', 'NOUN', 'NOUN', 'CCONJ', 'AUX', 'NOUN', 'NUM', 'PUNCT', 'PRON', 'VERB', 'ADP', 'NUM', 'NOUN', 'PUNCT', 'PRON', 'VERB', 'DET', 'NOUN', 'NOUN', 'ADV', 'ADP', 'DET', 'ADJ', 'NOUN', 'ADP', 'DET', 'NOUN', 'PUNCT', 'SCONJ', 'PRON', 'AUX', 'ADP', 'PRON', 'VERB', 'DET', 'NOUN', 'PUNCT', 'ADV', 'VERB', 'PRON', 'ADJ', 'NOUN', 'CCONJ', 'NOUN', 'CCONJ', 'VERB', 'ADP', 'ADP', 'PRON', 'PUNCT', 'PROPN', 'AUX', 'NOUN', 'PART', 'VERB', 'ADP', 'DET', 'NOUN', 'ADV', 'PUNCT', 'PRON', 'VERB', 'ADV', 'NUM', 'NOUN', 'PUNCT', 'NOUN', 'PUNCT', 'ADV', 'ADJ', 'NOUN', 'CCONJ', 'ADJ', 'NOUN', 'PUNCT', 'SCONJ', 'PRON', 'VERB', 'ADP', 'DET', 'NOUN', 'ADP', 'DET', 'ADJ', 'NOUN', 'AUX', 'ADJ', 'PUNCT', 'PRON', 'VERB', 'NOUN', 'NOUN', 'PUNCT']","['Beach', 'We', 'line', '1140am', '1pm openin', 'number', 'They', '400 cars', 'They', 'a waiting area', 'the main road', 'the cars', 'you', 'no restaurants', 'your own food', 'drinks', 'yourself', 'Kyak', 'avail', 'a vendor', 'They', 'about 5 Porta-potties', 'Really nice beach', 'great experience', 'you', 'the kept', 'the secluded sand', 'sting rays']","[{'text': '8 to 12', 'label': 'CARDINAL'}, {'text': '1pm to 5pm', 'label': 'TIME'}, {'text': '1140am', 'label': 'ORDINAL'}, {'text': '1pm openin', 'label': 'QUANTITY'}, {'text': '30', 'label': 'CARDINAL'}, {'text': '400', 'label': 'CARDINAL'}, {'text': 'Kyak', 'label': 'PERSON'}, {'text': 'about 5', 'label': 'CARDINAL'}, {'text': 'nice beach', 'label': 'GPE'}]",0.07894736842105263
47356,5.0,"This beach is amazing. You cant skip this stop if youre in La Paz. They only allow in a number of people at once, so get there early. We went the first week of November and got in at around 8 AM without waiting, but I hear you should try to be there earlier. At noon, youre asked to leave for another group of people to come in. But its plenty of time to hike and get in the water. The hike only takes about 10 minutes. You can rent Kayaks and paddle boards. Theres restrooms but no place to buy food. We spent the morning in Balandra and after drove 5 minutes to Tecolote. Theres restaurants there. Anyways, long review. Hope it helps someone.","['DET', 'NOUN', 'AUX', 'ADJ', 'PUNCT', 'PRON', 'AUX', 'PART', 'VERB', 'DET', 'NOUN', 'SCONJ', 'PRON', 'VERB', 'ADP', 'PROPN', 'PROPN', 'PUNCT', 'PRON', 'ADV', 'VERB', 'ADP', 'DET', 'NOUN', 'ADP', 'NOUN', 'ADP', 'ADV', 'PUNCT', 'CCONJ', 'VERB', 'ADV', 'ADV', 'PUNCT', 'PRON', 'VERB', 'DET', 'ADJ', 'NOUN', 'ADP', 'PROPN', 'CCONJ', 'VERB', 'ADP', 'ADP', 'ADP', 'NUM', 'NOUN', 'ADP', 'VERB', 'PUNCT', 'CCONJ', 'PRON', 'VERB', 'PRON', 'AUX', 'VERB', 'PART', 'AUX', 'ADV', 'ADV', 'PUNCT', 'ADP', 'NOUN', 'PUNCT', 'PRON', 'AUX', 'VERB', 'PART', 'VERB', 'ADP', 'DET', 'NOUN', 'ADP', 'NOUN', 'PART', 'VERB', 'ADP', 'PUNCT', 'CCONJ', 'PRON', 'NOUN', 'ADP', 'NOUN', 'PART', 'VERB', 'CCONJ', 'VERB', 'ADP', 'DET', 'NOUN', 'PUNCT', 'DET', 'NOUN', 'ADV', 'VERB', 'ADV', 'NUM', 'NOUN', 'PUNCT', 'PRON', 'AUX', 'VERB', 'NOUN', 'CCONJ', 'NOUN', 'NOUN', 'PUNCT', 'PRON', 'PART', 'NOUN', 'CCONJ', 'DET', 'NOUN', 'PART', 'VERB', 'NOUN', 'PUNCT', 'PRON', 'VERB', 'DET', 'NOUN', 'ADP', 'PROPN', 'CCONJ', 'ADP', 'VERB', 'NUM', 'NOUN', 'ADP', 'PROPN', 'PUNCT', 'PRON', 'VERB', 'NOUN', 'ADV', 'PUNCT', 'ADV', 'PUNCT', 'ADJ', 'NOUN', 'PUNCT', 'VERB', 'PRON', 'VERB', 'PRON', 'PUNCT']","['This beach', 'You', 'this stop', 'you', 'La Paz', 'They', 'a number', 'people', 'We', 'November', 'around 8 AM', 'I', 'you', 'noon', 'you', 'another group', 'people', 'But its plenty', 'time', 'the water', 'The hike', 'about 10 minutes', 'You', 'Kayaks', 'paddle boards', 'restrooms', 'no place', 'food', 'We', 'the morning', 'Balandra', 'Tecolote', 'restaurants', 'Anyways, long review', 'it', 'someone']","[{'text': 'La Paz', 'label': 'FAC'}, {'text': 'the first week of November', 'label': 'DATE'}, {'text': 'around 8 AM', 'label': 'TIME'}, {'text': 'noon', 'label': 'TIME'}, {'text': 'about 10 minutes', 'label': 'TIME'}, {'text': 'Kayaks', 'label': 'NORP'}, {'text': 'the morning', 'label': 'TIME'}, {'text': 'Balandra', 'label': 'GPE'}, {'text': '5 minutes', 'label': 'TIME'}, {'text': 'Tecolote', 'label': 'ORG'}]",0.06802721088435375
47357,5.0,Beautiful beach and not an excessively long walk to the mushroom Rock.,"['ADJ', 'NOUN', 'CCONJ', 'PART', 'DET', 'ADV', 'ADJ', 'NOUN', 'ADP', 'DET', 'NOUN', 'PROPN', 'PUNCT']","['Beautiful beach', 'not an excessively long walk', 'the mushroom Rock']",[],0.0
47366,5.0,Amazing beach,"['ADJ', 'NOUN']",['Amazing beach'],[],0.0
47375,4.0,Very beautiful place with calm water even when its windy elsewhere. Sandy bottom but some spots are a little hike.,"['ADV', 'ADJ', 'NOUN', 'ADP', 'ADJ', 'NOUN', 'ADV', 'SCONJ', 'PRON', 'AUX', 'ADJ', 'ADV', 'PUNCT', 'PROPN', 'NOUN', 'CCONJ', 'DET', 'NOUN', 'AUX', 'DET', 'ADJ', 'NOUN', 'PUNCT']","['Very beautiful place', 'calm water', 'it', 'Sandy bottom', 'some spots', 'a little hike']",[],0.0
47379,2.0,For exception of stone mushroom there is nothing special about this beach. This location have many beaches and a lit of them are much better the balandra,"['ADP', 'NOUN', 'ADP', 'NOUN', 'NOUN', 'PRON', 'VERB', 'PRON', 'ADJ', 'ADP', 'DET', 'NOUN', 'PUNCT', 'DET', 'NOUN', 'VERB', 'ADJ', 'NOUN', 'CCONJ', 'DET', 'NOUN', 'ADP', 'PRON', 'AUX', 'ADV', 'ADJ', 'DET', 'NOUN']","['exception', 'stone mushroom', 'nothing', 'this beach', 'This location', 'many beaches', 'a lit', 'them', 'the balandra']",[],0.0
47397,4.0,Quiet kneedeep beach. Restrooms. Nicely sorounded by rocks and dunes. 350hour kayak and stand up boards rental. Admisión Is in two sessions 8 12 and 13 yo 17. 100 person in each.,"['ADJ', 'NOUN', 'PUNCT', 'ADJ', 'NOUN', 'PUNCT', 'NOUN', 'PUNCT', 'ADV', 'VERB', 'ADP', 'NOUN', 'CCONJ', 'NOUN', 'PUNCT', 'ADJ', 'NOUN', 'CCONJ', 'VERB', 'ADP', 'NOUN', 'VERB', 'PUNCT', 'PROPN', 'AUX', 'ADP', 'NUM', 'NOUN', 'PUNCT', 'NUM', 'NUM', 'CCONJ', 'NUM', 'NOUN', 'NUM', 'PUNCT', 'NUM', 'NOUN', 'ADP', 'PRON', 'PUNCT']","['Quiet knee-deep beach', 'Restrooms', 'rocks', 'dunes', '350hour kayak', 'Admisión', 'two sessions', '13 yo', '100 person', 'each']","[{'text': '350hour', 'label': 'CARDINAL'}, {'text': 'Admisión', 'label': 'PERSON'}, {'text': 'two', 'label': 'CARDINAL'}, {'text': '8', 'label': 'CARDINAL'}, {'text': '13', 'label': 'CARDINAL'}, {'text': '17', 'label': 'CARDINAL'}, {'text': '100', 'label': 'CARDINAL'}]",0.17073170731707318
47399,5.0,"Arrived at 930am on 10 January. Was informed at the gate that we would need to leave at noon, as the other reviewers reported, because of the two entry blocks. Lots of parking when we arrived and renting a paddle board in the water was so easy 300p phr. By the time we wanted to relax by the water 11am there was an empty palapa to use. Beautiful place.","['VERB', 'ADP', 'NUM', 'ADP', 'NUM', 'PROPN', 'PUNCT', 'AUX', 'VERB', 'ADP', 'DET', 'NOUN', 'PRON', 'PRON', 'AUX', 'VERB', 'PART', 'VERB', 'ADP', 'NOUN', 'PUNCT', 'SCONJ', 'DET', 'ADJ', 'NOUN', 'VERB', 'PUNCT', 'SCONJ', 'ADP', 'DET', 'NUM', 'NOUN', 'NOUN', 'PUNCT', 'NOUN', 'ADP', 'NOUN', 'SCONJ', 'PRON', 'VERB', 'CCONJ', 'VERB', 'DET', 'NOUN', 'NOUN', 'ADP', 'DET', 'NOUN', 'AUX', 'ADV', 'ADJ', 'PUNCT', 'NOUN', 'NOUN', 'PUNCT', 'PUNCT', 'ADP', 'DET', 'NOUN', 'PRON', 'VERB', 'PART', 'VERB', 'ADP', 'DET', 'NOUN', 'PUNCT', 'NUM', 'NOUN', 'PUNCT', 'PRON', 'VERB', 'DET', 'NOUN', 'VERB', 'ADP', 'NOUN', 'PUNCT', 'ADJ', 'NOUN', 'PUNCT']","['10 January', 'the gate', 'that', 'we', 'noon', 'the other reviewers', 'the two entry blocks', 'Lots', 'parking', 'we', 'a paddle board', 'the water', 'so easy (300p phr', 'the time', 'we', 'the water', '11am', 'an empty', 'use', 'Beautiful place']","[{'text': '9:30am', 'label': 'DATE'}, {'text': '10 January', 'label': 'DATE'}, {'text': 'noon', 'label': 'TIME'}, {'text': 'two', 'label': 'CARDINAL'}, {'text': '300p', 'label': 'PRODUCT'}, {'text': '11am', 'label': 'TIME'}]",0.07407407407407407
47400,5.0,"Stunning beach with very shallow coves where you can walk for miles in warm, sparkling water. Arrive early to get a palapa Once the lot fills they may park you about a 5 minute walk up the road.","['ADJ', 'NOUN', 'ADP', 'ADV', 'ADJ', 'NOUN', 'SCONJ', 'PRON', 'AUX', 'VERB', 'ADP', 'NOUN', 'ADP', 'ADJ', 'PUNCT', 'ADJ', 'NOUN', 'PUNCT', 'NOUN', 'ADV', 'PART', 'VERB', 'DET', 'NOUN', 'PUNCT', 'ADV', 'DET', 'NOUN', 'VERB', 'PRON', 'AUX', 'VERB', 'PRON', 'ADP', 'DET', 'NUM', 'NOUN', 'VERB', 'ADP', 'DET', 'NOUN', 'PUNCT']","['Stunning beach', 'very shallow coves', 'you', 'miles', 'warm, sparkling water', 'Arrive', 'a palapa', 'the lot', 'they', 'you', 'the road']","[{'text': 'about a 5 minute', 'label': 'TIME'}]",0.023809523809523808
47417,3.0,"Awesome place, but you better watch out if visiting on a Sunday as they do not let anyone from outside La Paz citizens in domingo Paceño. Also, better get there early and be prepared to pack your stuff to leave at 1pm for the second shift of people to come in. The police patrols and megaphone are way out of line","['ADJ', 'NOUN', 'PUNCT', 'CCONJ', 'PRON', 'ADV', 'VERB', 'ADP', 'SCONJ', 'VERB', 'ADP', 'DET', 'PROPN', 'SCONJ', 'PRON', 'AUX', 'PART', 'VERB', 'PRON', 'ADP', 'ADP', 'PROPN', 'PROPN', 'NOUN', 'ADP', 'PUNCT', 'PROPN', 'PROPN', 'PUNCT', 'PUNCT', 'ADV', 'PUNCT', 'ADV', 'VERB', 'ADV', 'ADV', 'CCONJ', 'AUX', 'ADJ', 'PART', 'VERB', 'PRON', 'NOUN', 'PART', 'VERB', 'ADP', 'NUM', 'NOUN', 'ADP', 'DET', 'ADJ', 'NOUN', 'ADP', 'NOUN', 'PART', 'VERB', 'ADP', 'PUNCT', 'DET', 'NOUN', 'NOUN', 'CCONJ', 'NOUN', 'AUX', 'ADV', 'ADP', 'ADP', 'NOUN', 'PUNCT']","['Awesome place', 'you', 'a Sunday', 'they', 'anyone', 'outside La Paz citizens', 'domingo Paceño', 'your stuff', '1pm', 'the second shift', 'people', 'The police patrols', 'megaphone', 'line']","[{'text': 'Sunday', 'label': 'DATE'}, {'text': 'La Paz', 'label': 'FAC'}, {'text': '1pm', 'label': 'TIME'}, {'text': 'second', 'label': 'ORDINAL'}]",0.057971014492753624
47435,5.0,Awesome beach experience with the changing of the tides so visible Need to make sure you get there early to be able to get in as the beach has a capacity which limits how many people can enter the beach to preserve the pristine nature to enjoy.,"['ADJ', 'NOUN', 'NOUN', 'ADP', 'DET', 'NOUN', 'ADP', 'DET', 'NOUN', 'ADV', 'ADJ', 'PUNCT', 'VERB', 'PART', 'VERB', 'ADJ', 'PRON', 'VERB', 'ADV', 'ADV', 'PART', 'AUX', 'ADJ', 'PART', 'VERB', 'ADP', 'SCONJ', 'DET', 'NOUN', 'VERB', 'DET', 'NOUN', 'PRON', 'VERB', 'SCONJ', 'ADJ', 'NOUN', 'AUX', 'VERB', 'DET', 'NOUN', 'PART', 'VERB', 'DET', 'ADJ', 'NOUN', 'PART', 'VERB', 'PUNCT']","['Awesome beach experience', 'the changing', 'the tides', 'you', 'the beach', 'a capacity', 'which', 'how many people', 'the beach', 'the pristine nature']","[{'text': 'Awesome', 'label': 'GPE'}]",0.02040816326530612
47447,5.0,Pretty incredible beach. Theres a lot of people who want to visit so be prepared to be with a lot of tourists. Small parking area so many people take the bus from downtown La Paz. I recommend hiking up on the other side so you are viewing the beach vs. on the beach itself. They have paddleboarding and kayaks to rent. Other than that no amenities so bring a snack and your own drinks,"['ADV', 'ADJ', 'NOUN', 'PUNCT', 'PRON', 'VERB', 'DET', 'NOUN', 'ADP', 'NOUN', 'PRON', 'VERB', 'PART', 'VERB', 'ADV', 'AUX', 'ADJ', 'PART', 'AUX', 'ADP', 'DET', 'NOUN', 'ADP', 'NOUN', 'PUNCT', 'ADJ', 'NOUN', 'NOUN', 'ADV', 'ADJ', 'NOUN', 'VERB', 'DET', 'NOUN', 'ADP', 'NOUN', 'PROPN', 'PROPN', 'PUNCT', 'PRON', 'VERB', 'VERB', 'ADP', 'ADP', 'DET', 'ADJ', 'NOUN', 'PUNCT', 'ADV', 'PRON', 'AUX', 'VERB', 'DET', 'NOUN', 'ADV', 'ADP', 'DET', 'NOUN', 'PRON', 'PUNCT', 'PUNCT', 'PRON', 'AUX', 'VERB', 'CCONJ', 'VERB', 'PART', 'VERB', 'PUNCT', 'ADJ', 'SCONJ', 'SCONJ', 'DET', 'NOUN', 'ADV', 'VERB', 'DET', 'NOUN', 'CCONJ', 'PRON', 'ADJ', 'NOUN', 'PUNCT']","['Pretty incredible beach', 'a lot', 'people', 'who', 'a lot', 'tourists', 'Small parking area', 'so many people', 'the bus', 'downtown La Paz', 'I', 'the other side', 'you', 'the beach', 'the beach', 'itself', 'They', 'no amenities', 'a snack', 'your own drinks']","[{'text': 'La Paz', 'label': 'FAC'}]",0.012048192771084338
47449,5.0,Clean beach with showers and bathrooms. Well maintained. Water is very clear and you can see lots of fish. Bring snorkel gear or tent onsite. Worth visiting,"['ADJ', 'NOUN', 'ADP', 'NOUN', 'CCONJ', 'NOUN', 'PUNCT', 'INTJ', 'VERB', 'PUNCT', 'NOUN', 'AUX', 'ADV', 'ADJ', 'CCONJ', 'PRON', 'AUX', 'VERB', 'NOUN', 'ADP', 'NOUN', 'PUNCT', 'VERB', 'NOUN', 'NOUN', 'CCONJ', 'NOUN', 'ADJ', 'PUNCT', 'ADJ', 'VERB']","['Clean beach', 'showers', 'bathrooms', 'Water', 'you', 'lots', 'fish', 'snorkel gear', 'tent']",[],0.0
47459,5.0,"Great beach, local vibes. Free to get in, close parking and shallow relaxed water for kids to play in","['ADJ', 'NOUN', 'PUNCT', 'ADJ', 'NOUN', 'PUNCT', 'ADJ', 'PART', 'VERB', 'ADP', 'PUNCT', 'ADJ', 'NOUN', 'CCONJ', 'ADJ', 'ADJ', 'NOUN', 'SCONJ', 'NOUN', 'PART', 'VERB', 'ADP']","['Great beach', 'local vibes', 'close parking and shallow relaxed water', 'kids']","[{'text': 'Great beach', 'label': 'GPE'}]",0.045454545454545456
47461,4.0,Great little beach close to town with palapas and restaurants.,"['ADJ', 'ADJ', 'NOUN', 'ADV', 'ADP', 'NOUN', 'ADP', 'NOUN', 'CCONJ', 'NOUN', 'PUNCT']","['town', 'palapas', 'restaurants']",[],0.0
47486,5.0,"What I like most about this speech is Happy Fish And Yenny, the main server on the beach And her sister Nati who is the owner of Happy Fish They do have absolutely the best seafood on the beach hands down and Ive recommended them to countless people I only will eat there when I go to the speech, they have the best ceviche in the world","['PRON', 'PRON', 'VERB', 'ADJ', 'ADP', 'DET', 'NOUN', 'AUX', 'ADJ', 'NOUN', 'PUNCT', 'CCONJ', 'PROPN', 'PUNCT', 'DET', 'ADJ', 'NOUN', 'ADP', 'DET', 'NOUN', 'PUNCT', 'CCONJ', 'PRON', 'NOUN', 'PROPN', 'PRON', 'AUX', 'DET', 'NOUN', 'ADP', 'PROPN', 'PROPN', 'PUNCT', 'PRON', 'AUX', 'VERB', 'ADV', 'DET', 'ADJ', 'NOUN', 'ADP', 'DET', 'NOUN', 'VERB', 'ADP', 'CCONJ', 'PRON', 'AUX', 'VERB', 'PRON', 'ADP', 'ADJ', 'NOUN', 'PUNCT', 'PRON', 'ADV', 'AUX', 'VERB', 'ADV', 'SCONJ', 'PRON', 'VERB', 'ADP', 'DET', 'NOUN', 'PUNCT', 'PRON', 'VERB', 'DET', 'ADJ', 'NOUN', 'ADP', 'DET', 'NOUN', 'PUNCT']","['What', 'I', 'this speech', 'Happy Fish', 'And Yenny', 'the main server', 'the beach', 'And her sister', 'Nati', 'who', 'the owner', 'Happy Fish', 'They', 'absolutely the best seafood', 'I', 'them', 'countless people', 'I', 'I', 'the speech', 'they', 'the best ceviche', 'the world']","[{'text': 'Yenny', 'label': 'PERSON'}, {'text': 'Nati', 'label': 'PERSON'}]",0.02666666666666667
47516,5.0,"A wonderful experience. Beautiful beach, it feels really safe and the staff is super nice. The food fresh and delicious.","['DET', 'ADJ', 'NOUN', 'PUNCT', 'ADJ', 'NOUN', 'PUNCT', 'PRON', 'VERB', 'ADV', 'ADJ', 'CCONJ', 'DET', 'NOUN', 'AUX', 'ADV', 'ADJ', 'PUNCT', 'DET', 'NOUN', 'ADJ', 'CCONJ', 'ADJ', 'PUNCT']","['A wonderful experience', 'it', 'the staff']",[],0.0
47517,5.0,Incredibly clear calm water with a super gradual water depth with 10s of kinds of fish that swim right up to you. The happy fish 12 restaurant had the best shrimp ceviche I have ever had.,"['ADV', 'ADJ', 'ADJ', 'NOUN', 'ADP', 'DET', 'ADV', 'ADJ', 'NOUN', 'NOUN', 'ADP', 'NOUN', 'ADP', 'NOUN', 'ADP', 'NOUN', 'PRON', 'VERB', 'ADV', 'ADP', 'ADP', 'PRON', 'PUNCT', 'DET', 'ADJ', 'NOUN', 'NUM', 'NOUN', 'VERB', 'DET', 'ADJ', 'NOUN', 'NOUN', 'PRON', 'AUX', 'ADV', 'VERB', 'PUNCT']","['Incredibly clear calm water', 'a super gradual water depth', '10s', 'kinds', 'fish', 'that', 'you', 'The happy fish', '12 restaurant', 'the best shrimp ceviche', 'I']","[{'text': '10s', 'label': 'CARDINAL'}, {'text': '12', 'label': 'CARDINAL'}]",0.05263157894736842
47518,5.0,The water is crystal clear with schools of fish swimming around. Very nice.,"['DET', 'NOUN', 'AUX', 'NOUN', 'ADJ', 'ADP', 'NOUN', 'ADP', 'NOUN', 'VERB', 'ADV', 'PUNCT', 'ADV', 'ADJ', 'PUNCT']","['The water', 'schools', 'fish']",[],0.0
47519,4.0,Nice beach close to town. Theres public restrooms and a small seafood restaurant. Theres a scenic overlook where you can get great ocean views.,"['ADJ', 'NOUN', 'ADV', 'ADP', 'NOUN', 'PUNCT', 'PRON', 'VERB', 'ADJ', 'NOUN', 'CCONJ', 'DET', 'ADJ', 'NOUN', 'NOUN', 'PUNCT', 'PRON', 'VERB', 'DET', 'ADJ', 'NOUN', 'SCONJ', 'PRON', 'AUX', 'VERB', 'ADJ', 'NOUN', 'NOUN', 'PUNCT']","['Nice beach', 'town', 'public restrooms', 'a small seafood restaurant', 'a scenic overlook', 'you', 'great ocean views']","[{'text': 'Nice beach', 'label': 'GPE'}]",0.034482758620689655
47520,5.0,Gorgeous beach,"['ADJ', 'NOUN']",['Gorgeous beach'],[],0.0
47521,4.0,"Great little beach, look around for umbrellas where you only pay for consumption.","['ADJ', 'ADJ', 'NOUN', 'PUNCT', 'VERB', 'ADV', 'ADP', 'NOUN', 'SCONJ', 'PRON', 'ADV', 'VERB', 'ADP', 'NOUN', 'PUNCT']","['Great little beach', 'umbrellas', 'you', 'consumption']",[],0.0
47526,5.0,Close to town so easy to get transportation. Snorkeling and water sports beach service for eateries.,"['ADJ', 'ADP', 'NOUN', 'ADV', 'ADJ', 'PART', 'VERB', 'NOUN', 'PUNCT', 'NOUN', 'CCONJ', 'NOUN', 'NOUN', 'NOUN', 'NOUN', 'ADP', 'NOUN', 'PUNCT']","['town', 'transportation', 'Snorkeling and water sports beach service', 'eateries']",[],0.0
47533,4.0,"Solid beach on the edge of town that somehow works for both family vibes and cracking beers with the bros. Plenty of free palapas to claim, or you can spring for an umbrella setup with chairs and a table. Food is available tootake the short walk up to the restaurants or kick back and let tableside service come to you. The only buzzkill Shards of broken glass in the sand. I didnt hit anything sharp, but bottles on the beach are a trash movestick to cans. If people showed this place a little more respect, itd easily be a 5star recommendation. As it stands, the vibe is there, the setup is there, but the glass is a safety hazard.","['ADJ', 'NOUN', 'ADP', 'DET', 'NOUN', 'ADP', 'NOUN', 'PRON', 'ADV', 'VERB', 'ADP', 'PRON', 'NOUN', 'NOUN', 'CCONJ', 'VERB', 'NOUN', 'ADP', 'DET', 'NOUN', 'PUNCT', 'NOUN', 'ADP', 'ADJ', 'NOUN', 'PART', 'VERB', 'PUNCT', 'CCONJ', 'PRON', 'AUX', 'VERB', 'ADP', 'DET', 'NOUN', 'NOUN', 'ADP', 'NOUN', 'CCONJ', 'DET', 'NOUN', 'PUNCT', 'NOUN', 'AUX', 'ADJ', 'NOUN', 'DET', 'ADJ', 'NOUN', 'ADP', 'ADP', 'DET', 'NOUN', 'CCONJ', 'VERB', 'ADV', 'CCONJ', 'VERB', 'NOUN', 'PUNCT', 'NOUN', 'NOUN', 'VERB', 'ADP', 'PRON', 'PUNCT', 'DET', 'ADJ', 'NOUN', 'PUNCT', 'NOUN', 'ADP', 'ADJ', 'NOUN', 'ADP', 'DET', 'NOUN', 'PUNCT', 'PRON', 'AUX', 'PART', 'VERB', 'PRON', 'ADJ', 'PUNCT', 'CCONJ', 'NOUN', 'ADP', 'DET', 'NOUN', 'AUX', 'DET', 'NOUN', 'NOUN', 'ADP', 'NOUN', 'PUNCT', 'SCONJ', 'NOUN', 'VERB', 'DET', 'NOUN', 'DET', 'ADJ', 'ADJ', 'NOUN', 'PUNCT', 'PRON', 'X', 'ADV', 'AUX', 'DET', 'NUM', 'PUNCT', 'NOUN', 'NOUN', 'PUNCT', 'SCONJ', 'PRON', 'VERB', 'PUNCT', 'DET', 'NOUN', 'AUX', 'ADV', 'PUNCT', 'DET', 'NOUN', 'AUX', 'ADV', 'PUNCT', 'CCONJ', 'DET', 'NOUN', 'AUX', 'DET', 'NOUN', 'NOUN', 'PUNCT']","['Solid beach', 'the edge', 'town', 'that', 'both family vibes', 'beers', 'the bros', 'Plenty', 'free palapas', 'you', 'an umbrella setup', 'chairs', 'a table', 'Food', 'the short walk', 'the restaurants', 'table-side service', 'you', 'The only buzzkill', 'Shards', 'broken glass', 'the sand', 'I', 'anything', 'bottles', 'the beach', 'a trash movestick', 'cans', 'people', 'this place', 'a little more respect', 'it', 'a 5-star recommendation', 'it', 'the vibe', 'the setup', 'the glass', 'a safety hazard']","[{'text': 'Solid beach', 'label': 'GPE'}, {'text': '5', 'label': 'CARDINAL'}]",0.014388489208633094
47551,4.0,"Its an excellent choice if youre looking for a convenient, familyfriendly beach close to the city. The beach is wellmaintained and has all the essentials you need for a comfortable day by the water. One of the biggest perks is its accessibility. Its a quick and easy drive from downtown La Paz, and theres plenty of parking available. You dont have to worry about a long journey to find a great spot. The water is typically calm and shallow, which makes it perfect for kids to swim and play in. There are also palapas and lounge chairs you can rent, so youre not stuck laying a towel directly on the sand. The onsite restaurant and food stalls are a huge plus, offering a decent variety of food and drinks. The bathrooms are also clean and wellkept. The only reason Im not giving it five stars is that it can get pretty crowded, especially on weekends and holidays. The atmosphere is more busy public beach than tranquil escape. If youre looking for a quiet, secluded spot, this might not be it. However, if youre traveling with family or want a beach with amenities and a lively vibe, its a fantastic option. Its a great place to spend a fun, hasslefree day soaking up the sun and enjoying the Sea of Cortez.","['PRON', 'AUX', 'DET', 'ADJ', 'NOUN', 'SCONJ', 'PRON', 'AUX', 'VERB', 'ADP', 'DET', 'ADJ', 'PUNCT', 'NOUN', 'PUNCT', 'ADJ', 'NOUN', 'ADV', 'ADP', 'DET', 'NOUN', 'PUNCT', 'DET', 'NOUN', 'AUX', 'ADV', 'PUNCT', 'VERB', 'CCONJ', 'VERB', 'DET', 'DET', 'NOUN', 'PRON', 'VERB', 'ADP', 'DET', 'ADJ', 'NOUN', 'ADP', 'DET', 'NOUN', 'PUNCT', 'NUM', 'ADP', 'DET', 'ADJ', 'NOUN', 'AUX', 'PRON', 'NOUN', 'PUNCT', 'PRON', 'AUX', 'DET', 'ADJ', 'CCONJ', 'ADJ', 'NOUN', 'ADP', 'NOUN', 'PROPN', 'PROPN', 'PUNCT', 'CCONJ', 'PRON', 'VERB', 'NOUN', 'ADP', 'NOUN', 'ADJ', 'PUNCT', 'PRON', 'AUX', 'PART', 'VERB', 'PART', 'VERB', 'ADP', 'DET', 'ADJ', 'NOUN', 'PART', 'VERB', 'DET', 'ADJ', 'NOUN', 'PUNCT', 'DET', 'NOUN', 'AUX', 'ADV', 'ADJ', 'CCONJ', 'ADJ', 'PUNCT', 'PRON', 'VERB', 'PRON', 'ADJ', 'SCONJ', 'NOUN', 'PART', 'VERB', 'CCONJ', 'VERB', 'ADP', 'PUNCT', 'PRON', 'VERB', 'ADV', 'NOUN', 'CCONJ', 'VERB', 'NOUN', 'PRON', 'AUX', 'VERB', 'PUNCT', 'SCONJ', 'PRON', 'AUX', 'PART', 'VERB', 'VERB', 'DET', 'NOUN', 'ADV', 'ADP', 'DET', 'NOUN', 'PUNCT', 'DET', 'ADP', 'PUNCT', 'NOUN', 'NOUN', 'CCONJ', 'NOUN', 'NOUN', 'AUX', 'DET', 'ADJ', 'NOUN', 'PUNCT', 'VERB', 'DET', 'ADJ', 'NOUN', 'ADP', 'NOUN', 'CCONJ', 'NOUN', 'PUNCT', 'DET', 'NOUN', 'AUX', 'ADV', 'ADJ', 'CCONJ', 'ADV', 'PUNCT', 'VERB', 'PUNCT', 'DET', 'ADJ', 'NOUN', 'PRON', 'AUX', 'PART', 'VERB', 'PRON', 'NUM', 'NOUN', 'AUX', 'SCONJ', 'PRON', 'AUX', 'VERB', 'ADV', 'VERB', 'PUNCT', 'ADV', 'ADP', 'NOUN', 'CCONJ', 'NOUN', 'PUNCT', 'DET', 'NOUN', 'AUX', 'ADV', 'PUNCT', 'ADJ', 'ADJ', 'NOUN', 'PUNCT', 'ADP', 'PUNCT', 'NOUN', 'NOUN', 'PUNCT', 'PUNCT', 'SCONJ', 'PRON', 'AUX', 'VERB', 'ADP', 'DET', 'ADJ', 'PUNCT', 'ADJ', 'NOUN', 'PUNCT', 'PRON', 'AUX', 'PART', 'AUX', 'PRON', 'PUNCT', 'ADV', 'PUNCT', 'SCONJ', 'PRON', 'AUX', 'VERB', 'ADP', 'NOUN', 'CCONJ', 'VERB', 'DET', 'NOUN', 'ADP', 'NOUN', 'CCONJ', 'DET', 'ADJ', 'NOUN', 'PUNCT', 'PRON', 'AUX', 'DET', 'ADJ', 'NOUN', 'PUNCT', 'PRON', 'AUX', 'DET', 'ADJ', 'NOUN', 'PART', 'VERB', 'DET', 'NOUN', 'PUNCT', 'NOUN', 'PUNCT', 'ADJ', 'NOUN', 'VERB', 'ADP', 'DET', 'NOUN', 'CCONJ', 'VERB', 'DET', 'PROPN', 'ADP', 'PROPN', 'PUNCT']","['It', 'an excellent choice', 'you', 'a convenient, family-friendly beach', 'the city', 'The beach', 'all the essentials', 'you', 'a comfortable day', 'the water', 'the biggest perks', 'its accessibility', 'It', 'a quick and easy drive', 'downtown La Paz', 'plenty', 'parking', 'You', 'a long journey', 'a great spot', 'The water', 'which', 'it', 'kids', 'palapas', 'chairs', 'you', 'you', 'a towel', 'the sand', 'site', 'a huge plus', 'a decent variety', 'food', 'drinks', 'The bathrooms', 'The only reason', 'I', 'it', 'five stars', 'it', 'weekends', 'holidays', 'The atmosphere', 'more ""busy public beach', '""tranquil escape', 'you', 'a quiet, secluded spot', 'this', 'it', 'you', 'family', 'a beach', 'amenities', 'a lively vibe', 'it', 'a fantastic option', 'It', 'a great place', 'a fun', 'the sun', 'the Sea', 'Cortez']","[{'text': 'One', 'label': 'CARDINAL'}, {'text': 'La Paz', 'label': 'FAC'}, {'text': 'five', 'label': 'CARDINAL'}, {'text': 'the Sea of Cortez', 'label': 'LOC'}]",0.014814814814814815
47576,3.0,"Dont be fooled, there is no water slide, the beach is ok. But I went for the water slide, and Ill never forgive them for the deceit","['AUX', 'PART', 'AUX', 'VERB', 'PUNCT', 'PRON', 'VERB', 'DET', 'NOUN', 'NOUN', 'PUNCT', 'DET', 'NOUN', 'AUX', 'ADJ', 'PUNCT', 'CCONJ', 'PRON', 'VERB', 'ADP', 'DET', 'NOUN', 'NOUN', 'PUNCT', 'CCONJ', 'PRON', 'AUX', 'ADV', 'VERB', 'PRON', 'ADP', 'DET', 'NOUN']","['no water slide', 'the beach', 'I', 'the water slide', 'I', 'them', 'the deceit']",[],0.0
47597,5.0,Has restrooms and restaurants,"['VERB', 'NOUN', 'CCONJ', 'NOUN']","['restrooms', 'restaurants']",[],0.0
47612,4.0,One of my favorite beaches in La Paz.,"['NUM', 'ADP', 'PRON', 'ADJ', 'NOUN', 'ADP', 'PROPN', 'PROPN', 'PUNCT']","['my favorite beaches', 'La Paz']","[{'text': 'One', 'label': 'CARDINAL'}, {'text': 'La Paz', 'label': 'FAC'}]",0.2222222222222222
47645,5.0,"Nice family oriented beach with palapas, washroom restaurant and shower","['ADJ', 'NOUN', 'VERB', 'NOUN', 'ADP', 'NOUN', 'PUNCT', 'NOUN', 'NOUN', 'CCONJ', 'VERB']","['Nice family oriented beach', 'palapas', 'washroom restaurant']",[],0.0
47658,5.0,Beach is small and shallow with clear water. You can see fishes at the beach. Cam snorkel standing up. We saw a huge pod dolphins just past the end of the pier.,"['PROPN', 'AUX', 'ADJ', 'CCONJ', 'ADJ', 'ADP', 'ADJ', 'NOUN', 'PUNCT', 'PRON', 'AUX', 'VERB', 'NOUN', 'ADP', 'DET', 'NOUN', 'PUNCT', 'ADJ', 'NOUN', 'VERB', 'ADP', 'PUNCT', 'PRON', 'VERB', 'DET', 'ADJ', 'NOUN', 'NOUN', 'ADV', 'ADP', 'DET', 'NOUN', 'ADP', 'DET', 'NOUN', 'PUNCT']","['Beach', 'clear water', 'You', 'fishes', 'the beach', 'Cam snorkel', 'We', 'a huge pod dolphins', 'the end', 'the pier']",[],0.0
47659,5.0,Great beach for swimming with little to no waves,"['ADJ', 'NOUN', 'ADP', 'VERB', 'ADP', 'ADJ', 'ADP', 'DET', 'NOUN']","['Great beach', 'no waves']","[{'text': 'Great beach', 'label': 'GPE'}]",0.1111111111111111
47666,5.0,Nice little beach with music and fish swimming around. Free.,"['ADJ', 'ADJ', 'NOUN', 'ADP', 'NOUN', 'CCONJ', 'NOUN', 'VERB', 'ADV', 'PUNCT', 'ADJ', 'PUNCT']","['Nice little beach', 'music', 'fish']",[],0.0
47709,5.0,"We stopped here on our way to La Paz Beautiful beach, we had a very cold beer and delicious ceviche Very inexpensive restaurant. This is a place that I definitely go back. Ill recommend it. I love it","['PRON', 'VERB', 'ADV', 'ADP', 'PRON', 'NOUN', 'ADP', 'PROPN', 'PROPN', 'ADJ', 'ADJ', 'NOUN', 'PUNCT', 'PRON', 'VERB', 'DET', 'ADV', 'ADJ', 'NOUN', 'CCONJ', 'ADJ', 'NOUN', 'PUNCT', 'ADV', 'ADJ', 'NOUN', 'PUNCT', 'PRON', 'AUX', 'DET', 'NOUN', 'PRON', 'PRON', 'ADV', 'VERB', 'ADV', 'PUNCT', 'PRON', 'AUX', 'VERB', 'PRON', 'PUNCT', 'PRON', 'VERB', 'PRON']","['We', 'our way', 'La Paz', 'we', 'a very cold beer', 'delicious ceviche', 'Very inexpensive restaurant', 'This', 'a place', 'that', 'I', 'I', 'it', 'I', 'it']","[{'text': 'La Paz!', 'label': 'WORK_OF_ART'}]",0.022222222222222223
47720,5.0,Bit crowded on a weekend but beautiful tons of fish swimming in the shore by your feet if you feed them thell go crazy. Fun times,"['NOUN', 'ADJ', 'ADP', 'DET', 'NOUN', 'CCONJ', 'ADJ', 'NOUN', 'ADP', 'NOUN', 'VERB', 'ADP', 'DET', 'NOUN', 'ADP', 'PRON', 'NOUN', 'SCONJ', 'PRON', 'VERB', 'PRON', 'NOUN', 'VERB', 'ADJ', 'PUNCT', 'NOUN', 'NOUN', 'PUNCT']","['a weekend', 'the shore', 'your feet', 'you', 'them', 'thell', 'Fun times']","[{'text': 'a weekend', 'label': 'DATE'}]",0.03571428571428571
47739,3.0,"The beach is pretty, I love that is great for swim and you can take your cooler. They have wc, I give them 3 , because the food at the restaurants is awful","['DET', 'NOUN', 'AUX', 'ADJ', 'PUNCT', 'PRON', 'VERB', 'PRON', 'AUX', 'ADJ', 'ADP', 'NOUN', 'CCONJ', 'PRON', 'AUX', 'VERB', 'PRON', 'NOUN', 'PUNCT', 'PRON', 'AUX', 'PROPN', 'PUNCT', 'PRON', 'VERB', 'PRON', 'NUM', 'PUNCT', 'SCONJ', 'DET', 'NOUN', 'ADP', 'DET', 'NOUN', 'AUX', 'ADJ']","['The beach', 'I', 'that', 'swim', 'you', 'your cooler', 'They', 'I', 'them', 'the food', 'the restaurants']","[{'text': '3', 'label': 'CARDINAL'}]",0.027777777777777776
47757,5.0,"If youre looking for a nice, quiet, calm beach this is the place In a weekday. Waves are calm. You can get umbrella service umbrella, chairs and table for 12 USD aprox. There are some restaurants near by from you can order some food, snacks and beverages. There are shower cabin no fees and toilets free","['SCONJ', 'PRON', 'AUX', 'VERB', 'ADP', 'DET', 'ADJ', 'PUNCT', 'ADJ', 'PUNCT', 'ADJ', 'NOUN', 'PRON', 'AUX', 'DET', 'NOUN', 'PUNCT', 'PUNCT', 'ADP', 'DET', 'NOUN', 'PUNCT', 'PUNCT', 'NOUN', 'AUX', 'ADJ', 'PUNCT', 'PRON', 'AUX', 'VERB', 'NOUN', 'NOUN', 'PUNCT', 'PROPN', 'PUNCT', 'NOUN', 'CCONJ', 'NOUN', 'ADP', 'NUM', 'PROPN', 'NOUN', 'PUNCT', 'PUNCT', 'PRON', 'VERB', 'DET', 'NOUN', 'ADP', 'ADP', 'ADP', 'PRON', 'AUX', 'VERB', 'DET', 'NOUN', 'PUNCT', 'NOUN', 'CCONJ', 'NOUN', 'PUNCT', 'PRON', 'VERB', 'NOUN', 'NOUN', 'PUNCT', 'DET', 'NOUN', 'PUNCT', 'CCONJ', 'NOUN', 'PUNCT', 'ADJ', 'PUNCT']","['you', 'a nice, quiet, calm beach', 'this', 'the place', 'a weekday', 'Waves', 'You', 'umbrella service', 'umbrella', 'chairs', 'table', '12 USD aprox', 'some restaurants', 'you', 'some food', 'snacks', 'beverages', 'shower cabin', 'no fees', 'toilets']","[{'text': '12', 'label': 'CARDINAL'}, {'text': 'USD', 'label': 'ORG'}]",0.02702702702702703
47766,4.0,"Its ok if you like loud, crowded beaches.","['PRON', 'AUX', 'ADJ', 'SCONJ', 'PRON', 'VERB', 'ADJ', 'PUNCT', 'ADJ', 'NOUN', 'PUNCT']","['It', 'you', 'loud, crowded beaches']",[],0.0
47785,5.0,"This is a great beach for soaking in the sun, water, and locals. Its a familyfriendly, watch whats going on beach. Cheap beers, decent food, gentle water, and great views of the sunset.","['PRON', 'AUX', 'DET', 'ADJ', 'NOUN', 'ADP', 'VERB', 'ADP', 'DET', 'NOUN', 'PUNCT', 'NOUN', 'PUNCT', 'CCONJ', 'NOUN', 'PUNCT', 'PRON', 'PRON', 'NOUN', 'PUNCT', 'ADJ', 'PUNCT', 'VERB', 'PRON', 'AUX', 'VERB', 'ADP', 'NOUN', 'PUNCT', 'ADJ', 'NOUN', 'PUNCT', 'ADJ', 'NOUN', 'PUNCT', 'ADJ', 'NOUN', 'PUNCT', 'CCONJ', 'ADJ', 'NOUN', 'ADP', 'DET', 'NOUN', 'PUNCT']","['This', 'a great beach', 'the sun', 'water', 'locals', 'Its a', 'what', 'beach', 'Cheap beers', 'decent food', 'gentle water', 'great views', 'the sunset']",[],0.0
47790,5.0,"Great beach Fairly quiet. You can rent table, chairs and an umbrella if you are going to buy food. Highly recommend the breaded shrimp","['ADJ', 'NOUN', 'PUNCT', 'PUNCT', 'ADV', 'ADJ', 'PUNCT', 'PRON', 'AUX', 'VERB', 'NOUN', 'PUNCT', 'NOUN', 'CCONJ', 'DET', 'NOUN', 'SCONJ', 'PRON', 'AUX', 'VERB', 'PART', 'VERB', 'NOUN', 'PUNCT', 'ADV', 'VERB', 'DET', 'VERB', 'NOUN', 'PUNCT', 'PUNCT']","['Great beach', 'You', 'table', 'chairs', 'an umbrella', 'you', 'food', 'the breaded shrimp']","[{'text': 'Fairly', 'label': 'PERSON'}]",0.03225806451612903
47800,5.0,"Well maintained Public beach with plenty public parking,, restrooms and showers. The Water is great to swim and good for kids. Bring your own food or buy it at the beach side","['INTJ', 'VERB', 'ADJ', 'NOUN', 'ADP', 'ADJ', 'ADJ', 'NOUN', 'PUNCT', 'PUNCT', 'NOUN', 'CCONJ', 'NOUN', 'PUNCT', 'DET', 'PROPN', 'AUX', 'ADJ', 'PART', 'VERB', 'CCONJ', 'ADJ', 'ADP', 'NOUN', 'PUNCT', 'VERB', 'PRON', 'ADJ', 'NOUN', 'CCONJ', 'VERB', 'PRON', 'ADP', 'DET', 'NOUN', 'NOUN']","['Public beach', 'plenty public parking', 'restrooms', 'showers', 'The Water', 'kids', 'your own food', 'it', 'the beach side']","[{'text': 'The Water', 'label': 'WORK_OF_ART'}]",0.027777777777777776
47810,5.0,"Lovely beach, very close to El Paz. They have umbrellatablechair rentals for about 10 USDhour when I visited in 2023, and there is table service for food and drinks. The water is crystal clear, warm, and calm.","['ADJ', 'NOUN', 'PUNCT', 'ADV', 'ADV', 'ADP', 'PROPN', 'PROPN', 'PUNCT', 'PRON', 'VERB', 'ADJ', 'NOUN', 'ADP', 'ADV', 'NUM', 'NOUN', 'SCONJ', 'PRON', 'VERB', 'ADP', 'NUM', 'PUNCT', 'CCONJ', 'PRON', 'VERB', 'NOUN', 'NOUN', 'ADP', 'NOUN', 'CCONJ', 'NOUN', 'PUNCT', 'DET', 'NOUN', 'AUX', 'NOUN', 'ADJ', 'PUNCT', 'ADJ', 'PUNCT', 'CCONJ', 'ADJ', 'PUNCT']","['Lovely beach', 'El Paz', 'They', 'umbrellatablechair rentals', 'about 10 USDhour', 'I', 'table service', 'food', 'drinks', 'The water']","[{'text': 'Lovely beach', 'label': 'GPE'}, {'text': 'El Paz', 'label': 'ORG'}, {'text': 'about 10', 'label': 'CARDINAL'}, {'text': 'USDhour', 'label': 'ORG'}, {'text': '2023', 'label': 'DATE'}]",0.11363636363636363
47825,5.0,"The beach is fantastic, and the sea feels like a spacious swimming pool, perfect for swimming. The water is generally calm, and lifeguards are present all day to ensure safety. You might even have the chance to spot some fish while you swim. Remember to please take all your garbage with you when you leave, to help keep the beach clean and beautiful for everyone to enjoy.","['DET', 'NOUN', 'AUX', 'ADJ', 'PUNCT', 'CCONJ', 'DET', 'NOUN', 'VERB', 'ADP', 'DET', 'ADJ', 'NOUN', 'NOUN', 'PUNCT', 'ADJ', 'ADP', 'NOUN', 'PUNCT', 'DET', 'NOUN', 'AUX', 'ADV', 'ADJ', 'PUNCT', 'CCONJ', 'NOUN', 'AUX', 'ADJ', 'DET', 'NOUN', 'PART', 'VERB', 'NOUN', 'PUNCT', 'PRON', 'AUX', 'ADV', 'VERB', 'DET', 'NOUN', 'PART', 'VERB', 'DET', 'NOUN', 'SCONJ', 'PRON', 'VERB', 'PUNCT', 'VERB', 'PART', 'INTJ', 'VERB', 'DET', 'PRON', 'NOUN', 'ADP', 'PRON', 'SCONJ', 'PRON', 'VERB', 'PUNCT', 'PART', 'VERB', 'VERB', 'DET', 'NOUN', 'ADJ', 'CCONJ', 'ADJ', 'SCONJ', 'PRON', 'PART', 'VERB', 'PUNCT']","['The beach', 'the sea', 'a spacious swimming pool', 'swimming', 'The water', 'lifeguards', 'safety', 'You', 'the chance', 'some fish', 'you', 'all your garbage', 'you', 'you', 'the beach', 'everyone']","[{'text': 'all day', 'label': 'DATE'}]",0.013333333333333334
47850,5.0,Great beach close to the town. Free parking and bathrooms. More shade than many of the other local beaches. Calm clear water suitable for swimming,"['ADJ', 'NOUN', 'ADV', 'ADP', 'DET', 'NOUN', 'PUNCT', 'ADJ', 'NOUN', 'CCONJ', 'NOUN', 'PUNCT', 'ADV', 'NOUN', 'ADP', 'ADJ', 'ADP', 'DET', 'ADJ', 'ADJ', 'NOUN', 'PUNCT', 'ADJ', 'ADJ', 'NOUN', 'ADJ', 'ADP', 'NOUN']","['Great beach', 'the town', 'Free parking', 'bathrooms', 'More shade', 'the other local beaches', 'Calm clear water', 'swimming']",[],0.0
47866,5.0,"Great beach, the sea is like a big pool for swimming. The water is mostly calm and there are swimming guards all day. You might even see some fishes. Please take all you garbage with you when you leave.","['ADJ', 'NOUN', 'PUNCT', 'DET', 'NOUN', 'AUX', 'ADP', 'DET', 'ADJ', 'NOUN', 'ADP', 'NOUN', 'PUNCT', 'DET', 'NOUN', 'AUX', 'ADV', 'ADJ', 'CCONJ', 'PRON', 'VERB', 'NOUN', 'NOUN', 'DET', 'NOUN', 'PUNCT', 'PRON', 'AUX', 'ADV', 'VERB', 'DET', 'NOUN', 'PUNCT', 'INTJ', 'VERB', 'PRON', 'PRON', 'VERB', 'ADP', 'PRON', 'SCONJ', 'PRON', 'VERB', 'PUNCT']","['Great beach', 'the sea', 'a big pool', 'swimming', 'The water', 'swimming guards', 'You', 'some fishes', 'all', 'you', 'you', 'you']","[{'text': 'Great beach', 'label': 'GPE'}, {'text': 'all day', 'label': 'DATE'}]",0.045454545454545456
47872,4.0,A nice beach to relax with your friend or family,"['DET', 'ADJ', 'NOUN', 'PART', 'VERB', 'ADP', 'PRON', 'NOUN', 'CCONJ', 'NOUN']","['A nice beach', 'your friend', 'family']",[],0.0
47889,5.0,the beach its perfect to spend time with your friends drinking beers and eating seafood from the restaurants,"['DET', 'NOUN', 'PRON', 'NOUN', 'PART', 'VERB', 'NOUN', 'ADP', 'PRON', 'NOUN', 'VERB', 'NOUN', 'CCONJ', 'VERB', 'NOUN', 'ADP', 'DET', 'NOUN']","['the beach', 'its perfect', 'time', 'your friends', 'beers', 'seafood', 'the restaurants']",[],0.0
47894,5.0,Nice beach to swim. Quiet and away from all the tourists.,"['ADJ', 'NOUN', 'PART', 'VERB', 'PUNCT', 'ADJ', 'CCONJ', 'ADV', 'ADP', 'DET', 'DET', 'NOUN', 'PUNCT']","['Nice beach', 'all the tourists']","[{'text': 'Nice beach', 'label': 'GPE'}]",0.07692307692307693
47900,5.0,"Pretty calm ocean, sand is soft. There are restaurants and bars with servers that come down to the beach and offer chairs plastic chairs, not lounge chairs and tables if eating. Ignore the big container ships in the distance.","['ADJ', 'ADJ', 'NOUN', 'PUNCT', 'NOUN', 'AUX', 'ADJ', 'PUNCT', 'PRON', 'VERB', 'NOUN', 'CCONJ', 'NOUN', 'ADP', 'NOUN', 'PRON', 'VERB', 'ADP', 'ADP', 'DET', 'NOUN', 'CCONJ', 'VERB', 'NOUN', 'PUNCT', 'NOUN', 'NOUN', 'PUNCT', 'PART', 'VERB', 'NOUN', 'PUNCT', 'CCONJ', 'NOUN', 'SCONJ', 'VERB', 'PUNCT', 'VERB', 'DET', 'ADJ', 'NOUN', 'NOUN', 'ADP', 'DET', 'NOUN', 'PUNCT']","['Pretty calm ocean', 'sand', 'restaurants', 'bars', 'servers', 'that', 'the beach', 'chairs', 'plastic chairs', 'chairs', 'tables', 'the big container ships', 'the distance']",[],0.0
47905,5.0,Another beautiful beach in LaPaz. There is food close by but be sure to bring your own toilet paper and five pesos for the bathroom.,"['DET', 'ADJ', 'NOUN', 'ADP', 'PROPN', 'PUNCT', 'PRON', 'VERB', 'NOUN', 'ADV', 'ADV', 'CCONJ', 'AUX', 'ADJ', 'PART', 'VERB', 'PRON', 'ADJ', 'NOUN', 'NOUN', 'CCONJ', 'NUM', 'NOUN', 'ADP', 'DET', 'NOUN', 'PUNCT']","['Another beautiful beach', 'LaPaz', 'food', 'your own toilet paper', 'five pesos', 'the bathroom']","[{'text': 'LaPaz', 'label': 'GPE'}, {'text': 'five', 'label': 'CARDINAL'}]",0.07407407407407407
47909,2.0,"Stony, dirty and small","['PROPN', 'PUNCT', 'ADJ', 'CCONJ', 'ADJ']",['Stony'],[],0.0
47919,4.0,"This beach has free parking, showers with signs that say using shampoosoap is prohibited, and bathrooms. Theres a long pier where you can walk and take pictures. I see where people say there are 2 zip lines but I didnt see any staff or signs for it I went on a Monday at 10am so maybe theyre closed Mondays. I would have sat at the beach in the shade there were also chairstables for rent, but I saw a lot of ants in the sand so I decided against it. Im not a beach person but between all the stairsrampspierrestaurants there was a lot to walk around and explore. Theres also a bike path and sidewalk that goes along the roadrock wall that was shaded for part of the morning. Theres benches to sit on along the way too.","['DET', 'NOUN', 'VERB', 'ADJ', 'NOUN', 'PUNCT', 'NOUN', 'PUNCT', 'SCONJ', 'NOUN', 'PRON', 'VERB', 'VERB', 'NOUN', 'AUX', 'VERB', 'PUNCT', 'PUNCT', 'CCONJ', 'NOUN', 'PUNCT', 'PRON', 'VERB', 'DET', 'ADJ', 'NOUN', 'SCONJ', 'PRON', 'AUX', 'VERB', 'CCONJ', 'VERB', 'NOUN', 'PUNCT', 'PRON', 'VERB', 'SCONJ', 'NOUN', 'VERB', 'PRON', 'VERB', 'NUM', 'NOUN', 'NOUN', 'CCONJ', 'PRON', 'AUX', 'PART', 'VERB', 'DET', 'NOUN', 'CCONJ', 'NOUN', 'ADP', 'PRON', 'PUNCT', 'PRON', 'VERB', 'ADP', 'DET', 'PROPN', 'ADP', 'NUM', 'ADV', 'PUNCT', 'ADV', 'ADV', 'PRON', 'VERB', 'ADJ', 'PROPN', 'PUNCT', 'PRON', 'AUX', 'AUX', 'VERB', 'ADP', 'DET', 'NOUN', 'ADP', 'DET', 'NOUN', 'PUNCT', 'PRON', 'VERB', 'ADV', 'NOUN', 'ADP', 'NOUN', 'PUNCT', 'PUNCT', 'CCONJ', 'PRON', 'VERB', 'DET', 'NOUN', 'ADP', 'NOUN', 'ADP', 'DET', 'NOUN', 'ADV', 'PRON', 'VERB', 'ADP', 'PRON', 'PUNCT', 'PRON', 'VERB', 'PART', 'DET', 'NOUN', 'NOUN', 'CCONJ', 'ADP', 'DET', 'DET', 'NOUN', 'PRON', 'VERB', 'DET', 'NOUN', 'PART', 'VERB', 'ADV', 'CCONJ', 'VERB', 'PUNCT', 'PRON', 'VERB', 'ADV', 'DET', 'NOUN', 'NOUN', 'CCONJ', 'NOUN', 'PRON', 'VERB', 'ADP', 'DET', 'NOUN', 'NOUN', 'PRON', 'AUX', 'VERB', 'ADP', 'NOUN', 'ADP', 'DET', 'NOUN', 'PUNCT', 'PRON', 'PART', 'NOUN', 'PART', 'VERB', 'ADP', 'ADP', 'DET', 'NOUN', 'ADV', 'PUNCT']","['This beach', 'free parking', 'signs', 'that', 'shampoosoap', 'bathrooms', 'a long pier', 'you', 'pictures', 'I', 'people', '2 zip lines', 'I', 'any staff', 'signs', 'it', 'I', 'a Monday', 'they', 'closed Mondays', 'I', 'the beach', 'the shade', 'chairstables', 'rent', 'I', 'a lot', 'ants', 'the sand', 'I', 'it', 'I', 'a beach person', 'all the stairsrampspierrestaurants', 'a lot', 'a bike path', 'sidewalk', 'that', 'the roadrock wall', 'that', 'part', 'the morning', 'benches', 'the way']","[{'text': '2', 'label': 'CARDINAL'}, {'text': 'Monday', 'label': 'DATE'}, {'text': '10am', 'label': 'TIME'}, {'text': 'Mondays', 'label': 'DATE'}]",0.024691358024691357
47994,5.0,Prices are amazing and the attention from the employees is great. You can rent the umbrellas or the shades by consuming from the menu. I highly recommend the almeja and aguachile Delicious,"['NOUN', 'AUX', 'ADJ', 'CCONJ', 'DET', 'NOUN', 'ADP', 'DET', 'NOUN', 'AUX', 'ADJ', 'PUNCT', 'PRON', 'AUX', 'VERB', 'DET', 'NOUN', 'CCONJ', 'DET', 'NOUN', 'ADP', 'VERB', 'ADP', 'DET', 'NOUN', 'PUNCT', 'PRON', 'ADV', 'VERB', 'DET', 'PROPN', 'CCONJ', 'PROPN', 'PUNCT', 'PROPN', 'PUNCT']","['Prices', 'the attention', 'the employees', 'You', 'the umbrellas', 'the shades', 'the menu', 'I', 'the almeja', 'aguachile', 'Delicious']",[],0.0
48021,5.0,This is a beach where must of locals without a car go to swim with their families. Ive been visiting since Im a kid. Viva el coromuel Please do not let trash No dejen basura por favor,"['PRON', 'AUX', 'DET', 'NOUN', 'SCONJ', 'AUX', 'ADP', 'NOUN', 'ADP', 'DET', 'NOUN', 'VERB', 'PART', 'VERB', 'ADP', 'PRON', 'NOUN', 'PUNCT', 'PRON', 'AUX', 'AUX', 'VERB', 'SCONJ', 'PRON', 'AUX', 'DET', 'NOUN', 'PUNCT', 'PROPN', 'PROPN', 'PROPN', 'PUNCT', 'PUNCT', 'INTJ', 'AUX', 'PART', 'VERB', 'NOUN', 'PUNCT', 'PUNCT', 'DET', 'NOUN', 'PROPN', 'NOUN', 'NOUN', 'PUNCT']","['This', 'a beach', 'locals', 'a car', 'their families', 'I', 'I', 'a kid', 'Viva el coromuel', 'trash', '(No dejen basura por favor']","[{'text': 'Viva el coromuel', 'label': 'PRODUCT'}]",0.021739130434782608
48033,4.0,"Nice public beach quite busy during Easter holiday, otherwise quiet. Excellent service by the surrounding restaurants.","['ADJ', 'ADJ', 'NOUN', 'ADV', 'ADJ', 'ADP', 'PROPN', 'NOUN', 'PUNCT', 'ADV', 'ADJ', 'PUNCT', 'ADJ', 'NOUN', 'ADP', 'DET', 'VERB', 'NOUN', 'PUNCT']","['Nice public beach', 'Easter holiday', 'Excellent service', 'the surrounding restaurants']","[{'text': 'Easter holiday', 'label': 'LAW'}]",0.05263157894736842
48055,5.0,"Beautiful beach, great for swimming. Shaded palapas or umbrellas for rent. Restaurant workers walk along the beach and ask if you want any food or beer. We enjoyed our time here","['ADJ', 'NOUN', 'PUNCT', 'ADJ', 'ADP', 'NOUN', 'PUNCT', 'VERB', 'NOUN', 'CCONJ', 'NOUN', 'PUNCT', 'ADP', 'NOUN', 'PUNCT', 'PUNCT', 'NOUN', 'NOUN', 'VERB', 'ADP', 'DET', 'NOUN', 'CCONJ', 'VERB', 'SCONJ', 'PRON', 'VERB', 'DET', 'NOUN', 'CCONJ', 'NOUN', 'PUNCT', 'PRON', 'VERB', 'PRON', 'NOUN', 'ADV', 'PUNCT']","['Beautiful beach', 'swimming', 'Shaded palapas', 'umbrellas', 'rent', 'Restaurant workers', 'the beach', 'you', 'any food', 'beer', 'We', 'our time']",[],0.0
48065,4.0,"Went there to spend few hours, had some drinks and food, service and food were great, beach area was nice too Will definitely go back again","['VERB', 'ADV', 'PART', 'VERB', 'ADJ', 'NOUN', 'PUNCT', 'VERB', 'DET', 'NOUN', 'CCONJ', 'NOUN', 'PUNCT', 'NOUN', 'CCONJ', 'NOUN', 'AUX', 'ADJ', 'PUNCT', 'NOUN', 'NOUN', 'AUX', 'ADJ', 'ADV', 'AUX', 'ADV', 'VERB', 'ADV', 'ADV']","['few hours', 'some drinks', 'food', 'service', 'food', 'beach area']","[{'text': 'few hours', 'label': 'TIME'}]",0.034482758620689655
48068,5.0,"Stumbled on this place exploring La Paz from Todos Santos. It is a Tuesday 223, beautiful sunny day temp around 75, very light breeze. Easy parking, no crowds. Locals seem to like this spot. Couples and families here. They offer umbrellas, chairs and tables. Ordered some civiche and guacamole, large portions and so delicious. The big bottles of Pacifico seem to be a bit here. Very friendly staff, not much English but that was no problem. A pleasant mix of music from peoples radios. The water is very clear and calm, and warmer than the pacific side. All in all a great place to relax for the afternoon.","['VERB', 'ADP', 'DET', 'NOUN', 'VERB', 'PROPN', 'PROPN', 'ADP', 'PROPN', 'PROPN', 'PUNCT', 'PRON', 'AUX', 'DET', 'PROPN', 'NUM', 'PUNCT', 'ADJ', 'ADJ', 'NOUN', 'NOUN', 'ADP', 'NUM', 'PUNCT', 'ADV', 'ADJ', 'NOUN', 'PUNCT', 'ADJ', 'NOUN', 'PUNCT', 'DET', 'NOUN', 'PUNCT', 'NOUN', 'VERB', 'PART', 'VERB', 'DET', 'NOUN', 'PUNCT', 'NOUN', 'CCONJ', 'NOUN', 'ADV', 'PUNCT', 'PRON', 'VERB', 'NOUN', 'PUNCT', 'NOUN', 'CCONJ', 'NOUN', 'PUNCT', 'VERB', 'DET', 'NOUN', 'CCONJ', 'NOUN', 'PUNCT', 'ADJ', 'NOUN', 'CCONJ', 'ADV', 'ADJ', 'PUNCT', 'DET', 'ADJ', 'NOUN', 'ADP', 'PROPN', 'VERB', 'PART', 'AUX', 'DET', 'NOUN', 'ADV', 'PUNCT', 'ADV', 'ADJ', 'NOUN', 'PUNCT', 'PART', 'ADJ', 'ADJ', 'CCONJ', 'PRON', 'AUX', 'DET', 'NOUN', 'PUNCT', 'DET', 'ADJ', 'NOUN', 'ADP', 'NOUN', 'ADP', 'NOUN', 'PART', 'NOUN', 'PUNCT', 'DET', 'NOUN', 'AUX', 'ADV', 'ADJ', 'CCONJ', 'ADJ', 'PUNCT', 'CCONJ', 'ADJ', 'ADP', 'DET', 'ADJ', 'NOUN', 'PUNCT', 'PRON', 'ADP', 'DET', 'DET', 'ADJ', 'NOUN', 'PART', 'VERB', 'ADP', 'DET', 'NOUN', 'PUNCT']","['this place', 'La Paz', 'Todos Santos', 'It', 'a Tuesday 223, beautiful sunny day temp', 'very light breeze', 'Easy parking', 'no crowds', 'Locals', 'this spot', 'Couples', 'families', 'They', 'umbrellas', 'chairs', 'tables', 'some civiche', 'guacamole', 'large portions', 'The big bottles', 'Pacifico', 'Very friendly staff', 'that', 'no problem', 'A pleasant mix', 'music', ""people's radios"", 'The water', 'the pacific side', 'all a great place', 'the afternoon']","[{'text': 'La Paz', 'label': 'PERSON'}, {'text': 'Todos Santos', 'label': 'GPE'}, {'text': 'Tuesday', 'label': 'DATE'}, {'text': '223', 'label': 'CARDINAL'}, {'text': 'sunny day', 'label': 'DATE'}, {'text': 'Pacifico', 'label': 'GPE'}, {'text': 'English', 'label': 'LANGUAGE'}, {'text': 'the afternoon', 'label': 'TIME'}]",0.0625
48078,5.0,Free parking lot and free beach with Bathroom,"['ADJ', 'NOUN', 'NOUN', 'CCONJ', 'ADJ', 'NOUN', 'ADP', 'NOUN']","['Free parking lot', 'free beach', 'Bathroom']","[{'text': 'Bathroom', 'label': 'ORG'}]",0.125
48088,5.0,"The place is amazing, clean and beautiful... If you want to rest and disconnect from stress and problems, you have to be here... you will definitely love","['DET', 'NOUN', 'AUX', 'ADJ', 'PUNCT', 'ADJ', 'CCONJ', 'ADJ', 'PUNCT', 'SCONJ', 'PRON', 'VERB', 'PART', 'VERB', 'CCONJ', 'VERB', 'ADP', 'NOUN', 'CCONJ', 'NOUN', 'PUNCT', 'PRON', 'VERB', 'PART', 'AUX', 'ADV', 'PUNCT', 'PRON', 'AUX', 'ADV', 'VERB']","['The place', 'you', 'stress', 'problems', 'you', 'you']",[],0.0
48105,5.0,Great place for kids.,"['ADJ', 'NOUN', 'ADP', 'NOUN', 'PUNCT']","['Great place', 'kids']",[],0.0
48129,3.0,Beach between downtown and the Hyatt area in La Paz. There are nicer beaches in the area so dont waste too much time here.,"['NOUN', 'ADP', 'NOUN', 'CCONJ', 'DET', 'PROPN', 'NOUN', 'ADP', 'PROPN', 'PROPN', 'PUNCT', 'PRON', 'VERB', 'ADJ', 'NOUN', 'ADP', 'DET', 'NOUN', 'ADV', 'AUX', 'PART', 'VERB', 'ADV', 'ADJ', 'NOUN', 'ADV', 'PUNCT']","['Beach', 'downtown', 'the Hyatt area', 'La Paz', 'nicer beaches', 'the area', 'too much time']","[{'text': 'Hyatt', 'label': 'GPE'}, {'text': 'La Paz', 'label': 'FAC'}]",0.07407407407407407
48131,4.0,Love the beach great place. The only bad thing os they close at 6pm. Thats when time is best to go.,"['VERB', 'DET', 'NOUN', 'ADJ', 'NOUN', 'PUNCT', 'DET', 'ADJ', 'ADJ', 'NOUN', 'ADV', 'PRON', 'VERB', 'ADP', 'NUM', 'NOUN', 'PUNCT', 'PRON', 'VERB', 'SCONJ', 'NOUN', 'AUX', 'ADJ', 'PART', 'VERB', 'PUNCT']","['the beach', 'great place', 'The only bad thing', 'they', '6pm', 'That', 'time']","[{'text': '6pm', 'label': 'TIME'}]",0.038461538461538464
48137,5.0,I will let pictures speak...,"['PRON', 'AUX', 'VERB', 'NOUN', 'VERB', 'PUNCT']","['I', 'pictures']",[],0.0
48146,5.0,Super chevere,"['ADJ', 'NOUN']",['Super chevere'],[],0.0
48161,5.0,"Simply amaizing... limit is about 150 people because of Covid so get there early, theyre open from 11 to 6. The surrounding area is under construction but accessible....wonderful views.","['ADV', 'VERB', 'PUNCT', 'NOUN', 'AUX', 'ADV', 'NUM', 'NOUN', 'SCONJ', 'ADP', 'PROPN', 'ADV', 'VERB', 'ADV', 'ADV', 'PUNCT', 'PRON', 'AUX', 'ADJ', 'ADP', 'NUM', 'ADP', 'NUM', 'PUNCT', 'DET', 'VERB', 'NOUN', 'AUX', 'ADP', 'NOUN', 'CCONJ', 'ADJ', 'PUNCT', 'ADJ', 'NOUN', 'PUNCT']","['limit', 'about 150 people', 'Covid', 'they', 'The surrounding area', 'construction', 'accessible....wonderful views']","[{'text': 'about 150', 'label': 'CARDINAL'}, {'text': 'Covid', 'label': 'PERSON'}, {'text': '11 to 6', 'label': 'CARDINAL'}]",0.08333333333333333
48164,5.0,Great beach The water is amazing and some spots with shade. Best to come early since there is currently a cap for 120 people that can enter due to Covid.,"['ADJ', 'NOUN', 'PUNCT', 'DET', 'NOUN', 'AUX', 'ADJ', 'CCONJ', 'DET', 'NOUN', 'ADP', 'NOUN', 'PUNCT', 'ADJ', 'PART', 'VERB', 'ADV', 'SCONJ', 'PRON', 'VERB', 'ADV', 'DET', 'NOUN', 'ADP', 'NUM', 'NOUN', 'PRON', 'AUX', 'VERB', 'ADJ', 'ADP', 'PROPN', 'PUNCT']","['Great beach', 'The water', 'some spots', 'shade', 'a cap', '120 people', 'that', 'Covid']","[{'text': '120', 'label': 'CARDINAL'}, {'text': 'Covid', 'label': 'PERSON'}]",0.06060606060606061
48213,5.0,Small beautiful beach,"['ADJ', 'ADJ', 'NOUN']",['Small beautiful beach'],[],0.0
48214,5.0,Very clean and safe with good amenities and close to town.,"['ADV', 'ADJ', 'CCONJ', 'ADJ', 'ADP', 'ADJ', 'NOUN', 'CCONJ', 'ADJ', 'ADP', 'NOUN', 'PUNCT']","['good amenities', 'town']",[],0.0
48233,5.0,Nice beach,"['ADJ', 'NOUN']",['Nice beach'],"[{'text': 'Nice beach', 'label': 'GPE'}]",0.5
48294,5.0,"Great beach Food, drinks, restroom on site.","['ADJ', 'NOUN', 'PUNCT', 'NOUN', 'PUNCT', 'NOUN', 'PUNCT', 'NOUN', 'ADP', 'NOUN', 'PUNCT']","['Great beach', 'Food', 'drinks', 'restroom', 'site']",[],0.0
48298,5.0,Beautiful beach Several places where you can get out of the sun.,"['ADJ', 'NOUN', 'PUNCT', 'ADJ', 'NOUN', 'SCONJ', 'PRON', 'AUX', 'VERB', 'ADP', 'ADP', 'DET', 'NOUN', 'PUNCT']","['Beautiful beach', 'Several places', 'you', 'the sun']",[],0.0
48308,5.0,Excellent place for the view and beach. Have several food and drink places there now. Fairly inexpensive.,"['ADJ', 'NOUN', 'ADP', 'DET', 'NOUN', 'CCONJ', 'NOUN', 'PUNCT', 'VERB', 'ADJ', 'NOUN', 'CCONJ', 'VERB', 'NOUN', 'ADV', 'ADV', 'PUNCT', 'ADV', 'ADJ', 'PUNCT']","['Excellent place', 'the view', 'beach', 'several food', 'places']",[],0.0
48349,5.0,"The perfect 8k run in La Paz is from the Kiosk to Coromuel Beach and back. Do it early in the morning, to enjoy the fresh air. The views from Coromuel are just beautiful.","['DET', 'ADJ', 'PROPN', 'VERB', 'ADP', 'PROPN', 'PROPN', 'AUX', 'ADP', 'DET', 'PROPN', 'ADP', 'PROPN', 'PROPN', 'CCONJ', 'ADV', 'PUNCT', 'VERB', 'PRON', 'ADV', 'ADP', 'DET', 'NOUN', 'PUNCT', 'PART', 'VERB', 'DET', 'ADJ', 'NOUN', 'PUNCT', 'DET', 'NOUN', 'ADP', 'PROPN', 'AUX', 'ADV', 'ADJ', 'PUNCT']","['The perfect 8k', 'La Paz', 'the Kiosk', 'Coromuel Beach', 'it', 'the morning', 'the fresh air', 'The views', 'Coromuel']","[{'text': '8k', 'label': 'DATE'}, {'text': 'La Paz', 'label': 'FAC'}, {'text': 'Kiosk', 'label': 'NORP'}, {'text': 'Coromuel Beach', 'label': 'GPE'}, {'text': 'early in the morning', 'label': 'TIME'}, {'text': 'Coromuel', 'label': 'PERSON'}]",0.15789473684210525
48358,5.0,check it out for yourself awesome,"['VERB', 'PRON', 'ADP', 'ADP', 'PRON', 'PUNCT', 'ADV']","['it', 'yourself']",[],0.0
48372,4.0,Awesome place Ive been coming here for yrs Its a very safe family beach .,"['ADJ', 'NOUN', 'PRON', 'AUX', 'AUX', 'VERB', 'ADV', 'ADP', 'NOUN', 'PRON', 'AUX', 'DET', 'ADV', 'ADJ', 'NOUN', 'NOUN', 'PUNCT']","['Awesome place', 'I', 'yrs', 'It', 'a very safe family beach']",[],0.0
48438,5.0,no kidding favorite place on earth,"['DET', 'VERB', 'ADJ', 'NOUN', 'ADP', 'NOUN']","['no kidding favorite place', 'earth']",[],0.0
48441,5.0,incredible natural reserve not to be missed in mexico pristine waters,"['ADJ', 'ADJ', 'NOUN', 'PART', 'PART', 'AUX', 'VERB', 'ADP', 'PROPN', 'ADJ', 'NOUN']","['incredible natural reserve', 'mexico']","[{'text': 'mexico', 'label': 'GPE'}]",0.09090909090909091
48450,5.0,its not an easy island to get to its far out but so worth the time we swam with sea lions we witnessed an enormous squadron of manta rays flying midair right out of the water en mass would definitely recommendi was floating on my back when a baby sea lion hugged my leg and wouldnt let go best snorkeling experience ive ever had we enjoyed a lunch in a quiet beach cove the tour provided a meal psa the boat ride there and back can be arduous for anyone up in years or very small children since the captain was going at such speeds that it made the ride extremely bumpy i stood for most of the trip to avoid any danger of a sore back due to the repeated slamming on the water,"['PRON', 'PART', 'DET', 'ADJ', 'NOUN', 'PART', 'VERB', 'ADP', 'PRON', 'ADV', 'ADV', 'CCONJ', 'ADV', 'ADJ', 'DET', 'NOUN', 'PRON', 'VERB', 'ADP', 'NOUN', 'NOUN', 'PRON', 'VERB', 'DET', 'ADJ', 'NOUN', 'ADP', 'PROPN', 'NOUN', 'VERB', 'NOUN', 'ADV', 'ADP', 'ADP', 'DET', 'NOUN', 'ADP', 'NOUN', 'AUX', 'ADV', 'PROPN', 'AUX', 'VERB', 'ADP', 'PRON', 'NOUN', 'SCONJ', 'DET', 'NOUN', 'NOUN', 'NOUN', 'VERB', 'PRON', 'NOUN', 'CCONJ', 'AUX', 'PART', 'VERB', 'VERB', 'ADJ', 'NOUN', 'NOUN', 'PRON', 'AUX', 'ADV', 'VERB', 'PRON', 'VERB', 'DET', 'NOUN', 'ADP', 'DET', 'ADJ', 'NOUN', 'NOUN', 'DET', 'NOUN', 'VERB', 'DET', 'NOUN', 'VERB', 'DET', 'NOUN', 'VERB', 'ADV', 'CCONJ', 'ADV', 'AUX', 'AUX', 'ADJ', 'ADP', 'PRON', 'ADP', 'ADP', 'NOUN', 'CCONJ', 'ADV', 'ADJ', 'NOUN', 'SCONJ', 'DET', 'NOUN', 'AUX', 'VERB', 'ADP', 'ADJ', 'NOUN', 'SCONJ', 'PRON', 'VERB', 'DET', 'NOUN', 'ADV', 'ADJ', 'PRON', 'VERB', 'ADP', 'ADJ', 'ADP', 'DET', 'NOUN', 'PART', 'VERB', 'DET', 'NOUN', 'ADP', 'DET', 'NOUN', 'ADV', 'ADP', 'ADP', 'DET', 'VERB', 'NOUN', 'ADP', 'DET', 'NOUN']","['its not an easy island', 'we', 'sea lions', 'we', 'an enormous squadron', 'manta rays', 'midair', 'the water', 'mass', 'recommendi', 'my back', 'a baby sea lion', 'my leg', 'best snorkeling experience', 'i', 'we', 'a lunch', 'a quiet beach', 'the tour', 'a meal', 'the boat', 'anyone', 'years', 'very small children', 'the captain', 'such speeds', 'it', 'the ride', 'i', 'the trip', 'any danger', 'a sore', 'the repeated slamming', 'the water']","[{'text': 'years', 'label': 'DATE'}]",0.0072992700729927005
48468,5.0,55 amazing experience we secured our tickets by going to the malecon early in the morning got breakfast in the meantime the trip is so beautiful peaceful some people even do glamping on the island you get to snorkel in certain areas of the island i would recommend taking a jacket also get the appropriate sunscreen to not damage the coral,"['NUM', 'ADJ', 'NOUN', 'PRON', 'VERB', 'PRON', 'NOUN', 'ADP', 'VERB', 'ADP', 'DET', 'NOUN', 'ADV', 'ADP', 'DET', 'NOUN', 'VERB', 'NOUN', 'ADP', 'DET', 'NOUN', 'DET', 'NOUN', 'AUX', 'ADV', 'ADJ', 'ADJ', 'DET', 'NOUN', 'ADV', 'AUX', 'VERB', 'ADP', 'DET', 'NOUN', 'PRON', 'VERB', 'ADP', 'NOUN', 'ADP', 'ADJ', 'NOUN', 'ADP', 'DET', 'NOUN', 'PRON', 'AUX', 'VERB', 'VERB', 'DET', 'NOUN', 'ADV', 'VERB', 'DET', 'ADJ', 'NOUN', 'PART', 'PART', 'VERB', 'DET', 'NOUN']","['55 amazing experience', 'we', 'our tickets', 'the malecon', 'the morning', 'breakfast', 'the meantime', 'the trip', 'some people', 'the island', 'you', 'snorkel', 'certain areas', 'the island', 'i', 'a jacket', 'the appropriate sunscreen', 'the coral']","[{'text': '55', 'label': 'CARDINAL'}, {'text': 'early in the morning', 'label': 'TIME'}]",0.03278688524590164
48473,5.0,gorgeous place definitely something you need to visit,"['ADJ', 'NOUN', 'ADV', 'PRON', 'PRON', 'VERB', 'PART', 'VERB']","['gorgeous place', 'definitely something', 'you']",[],0.0
48478,5.0,sv rhiannon is on the move again first stop is this beautiful island great to duck into to wait out a northern wind crystal clear water great snorkeling and fishing although get permits this is my last journey with rhiannon thankfully she changed my life heart and soul how could a person not change sailing solo on a 45ft sailboat,"['PROPN', 'PROPN', 'AUX', 'ADP', 'DET', 'NOUN', 'ADV', 'ADV', 'VERB', 'AUX', 'DET', 'ADJ', 'NOUN', 'ADJ', 'PART', 'VERB', 'ADP', 'PART', 'VERB', 'ADP', 'DET', 'ADJ', 'NOUN', 'PROPN', 'ADJ', 'NOUN', 'ADJ', 'NOUN', 'CCONJ', 'NOUN', 'SCONJ', 'NOUN', 'NOUN', 'PRON', 'AUX', 'PRON', 'ADJ', 'NOUN', 'ADP', 'PROPN', 'ADV', 'PRON', 'VERB', 'PRON', 'NOUN', 'NOUN', 'CCONJ', 'NOUN', 'SCONJ', 'AUX', 'DET', 'NOUN', 'PART', 'VERB', 'VERB', 'ADV', 'ADP', 'DET', 'NUM', 'NOUN', 'NOUN']","['sv rhiannon', 'the move', 'this beautiful island', 'a northern wind crystal clear water great snorkeling', 'this', 'my last journey', 'rhiannon', 'she', 'my life heart', 'soul', 'a person', 'a 45ft sailboat']","[{'text': 'first', 'label': 'ORDINAL'}, {'text': '45', 'label': 'CARDINAL'}]",0.03278688524590164
48480,4.0,beautiful scenery but beware of low budget tour salesmen,"['ADJ', 'NOUN', 'CCONJ', 'VERB', 'ADP', 'ADJ', 'NOUN', 'NOUN', 'NOUN']","['beautiful scenery', 'low budget tour salesmen']",[],0.0
48484,1.0,totally overrated,"['ADV', 'VERB']",[],[],0.0
48493,5.0,beautiful trip to visit sea lions and enjoy the beautiful beaches,"['ADJ', 'NOUN', 'PART', 'VERB', 'NOUN', 'NOUN', 'CCONJ', 'VERB', 'DET', 'ADJ', 'NOUN']","['beautiful trip', 'sea lions', 'the beautiful beaches']",[],0.0
48508,4.0,california,['PROPN'],['california'],"[{'text': 'california', 'label': 'GPE'}]",1.0
48510,5.0,que bonita isla arrecifes wow,"['PROPN', 'PROPN', 'NOUN', 'VERB', 'INTJ']",[],[],0.0
48532,5.0,burn your skin to the ground with pleasure and pain but cool,"['VERB', 'PRON', 'NOUN', 'ADP', 'DET', 'NOUN', 'ADP', 'NOUN', 'CCONJ', 'NOUN', 'CCONJ', 'ADJ']","['your skin', 'the ground', 'pleasure', 'pain']",[],0.0
48533,5.0,blew all my expectations go in november to swim with whale sharks and sea lions,"['VERB', 'DET', 'PRON', 'NOUN', 'VERB', 'ADP', 'PROPN', 'PART', 'VERB', 'ADP', 'ADJ', 'NOUN', 'CCONJ', 'NOUN', 'NOUN']","['all my expectations', 'november', 'whale sharks', 'sea lions']","[{'text': 'november', 'label': 'DATE'}]",0.06666666666666667
48551,5.0,great place to visit you must snorkel to get the 100 out of the experience,"['ADJ', 'NOUN', 'PART', 'VERB', 'PRON', 'AUX', 'VERB', 'PART', 'VERB', 'DET', 'NUM', 'ADP', 'ADP', 'DET', 'NOUN']","['great place', 'you', 'the experience']","[{'text': '100', 'label': 'CARDINAL'}]",0.06666666666666667
48554,5.0,nice place to visit to be honest is way better than playa balandrai could stay in isla espiritu santo forever,"['ADJ', 'NOUN', 'PART', 'VERB', 'PART', 'AUX', 'ADJ', 'AUX', 'ADV', 'ADJ', 'SCONJ', 'NOUN', 'PROPN', 'AUX', 'VERB', 'ADP', 'NOUN', 'VERB', 'PRON', 'ADV']","['nice place', 'playa balandrai', 'isla', 'santo']",[],0.0
48559,5.0,amazing place where you can actually appreciate a lot of things like the mountain layers sea lions whales dolphins and many other sea flora and fauna really incredible,"['ADJ', 'NOUN', 'SCONJ', 'PRON', 'AUX', 'ADV', 'VERB', 'DET', 'NOUN', 'ADP', 'NOUN', 'ADP', 'DET', 'NOUN', 'NOUN', 'NOUN', 'NOUN', 'NOUN', 'NOUN', 'CCONJ', 'ADJ', 'ADJ', 'NOUN', 'NOUN', 'CCONJ', 'PROPN', 'ADV', 'ADJ']","['amazing place', 'you', 'a lot', 'things', 'the mountain layers sea lions whales dolphins', 'many other sea flora', 'fauna']",[],0.0
48586,5.0,such and amazing eco system in the sea of cortez you would see different types of species and whales dolphins etc,"['ADJ', 'CCONJ', 'ADJ', 'NOUN', 'NOUN', 'ADP', 'DET', 'NOUN', 'ADP', 'NOUN', 'PRON', 'AUX', 'VERB', 'ADJ', 'NOUN', 'ADP', 'NOUN', 'CCONJ', 'NOUN', 'NOUN', 'X']","['such and amazing eco system', 'the sea', 'cortez', 'you', 'different types', 'species', 'whales', 'dolphins']",[],0.0
48589,5.0,such an amazing place to explore,"['DET', 'DET', 'ADJ', 'NOUN', 'PART', 'VERB']",['such an amazing place'],[],0.0
48594,5.0,help protect this beautiful environment so we booked our day trip with baja expeditionsthey employ very knowledgable conservation oriented tour guides we would we swim snorkel kayak dive having a great time while learning a lot,"['VERB', 'VERB', 'DET', 'ADJ', 'NOUN', 'SCONJ', 'PRON', 'VERB', 'PRON', 'NOUN', 'NOUN', 'ADP', 'NOUN', 'NOUN', 'VERB', 'ADV', 'ADJ', 'NOUN', 'VERB', 'NOUN', 'NOUN', 'PRON', 'AUX', 'PRON', 'VERB', 'NOUN', 'NOUN', 'NOUN', 'VERB', 'DET', 'ADJ', 'NOUN', 'SCONJ', 'VERB', 'DET', 'NOUN']","['this beautiful environment', 'we', 'our day trip', 'baja expeditionsthey', 'very knowledgable conservation oriented tour guides', 'we', 'we', 'snorkel kayak dive', 'a great time']",[],0.0
48608,5.0,great experience for sea lion watching,"['ADJ', 'NOUN', 'ADP', 'NOUN', 'NOUN', 'VERB']","['great experience', 'sea lion']",[],0.0
48611,5.0,snorkeling here we saw cool things like coral an eel cornet fish and other things i dont know the name of a lot of fund beautiful scenery,"['VERB', 'ADV', 'PRON', 'VERB', 'ADJ', 'NOUN', 'ADP', 'NOUN', 'DET', 'NOUN', 'NOUN', 'NOUN', 'CCONJ', 'ADJ', 'NOUN', 'PRON', 'AUX', 'PART', 'VERB', 'DET', 'NOUN', 'ADP', 'DET', 'NOUN', 'ADP', 'NOUN', 'ADJ', 'NOUN']","['we', 'cool things', 'coral', 'an eel cornet fish', 'other things', 'i', 'the name', 'a lot', 'fund beautiful scenery']",[],0.0
48623,5.0,what a luminous island with turquoise waters and white sandy beaches you can go swim with sea lion babies and sea lion mamas in safety on the outer islands i love this place and will come back again and again,"['PRON', 'DET', 'ADJ', 'NOUN', 'ADP', 'NOUN', 'NOUN', 'CCONJ', 'ADJ', 'NOUN', 'NOUN', 'PRON', 'AUX', 'VERB', 'VERB', 'ADP', 'NOUN', 'NOUN', 'NOUN', 'CCONJ', 'NOUN', 'NOUN', 'NOUN', 'ADP', 'NOUN', 'ADP', 'DET', 'ADJ', 'NOUN', 'PRON', 'VERB', 'DET', 'NOUN', 'CCONJ', 'AUX', 'VERB', 'ADV', 'ADV', 'CCONJ', 'ADV']","['what a luminous island', 'turquoise waters', 'white sandy beaches', 'you', 'sea lion babies', 'sea lion mamas', 'safety', 'the outer islands', 'i', 'this place']",[],0.0
48629,5.0,wowthis whole area is just awesome we had an opportunity to snorkel in the area but we were restricted from climbing on the rock formations there were coral in the area that were restricted and protected from placing a foot on it or near any of it even with all of the various restrictions we still enjoyed as much of the snorkeling and exploring around the rock formations and coral in the area we saw many varieties of fish and birds and several other unidentified life that was really great to see and explore kinda made us feel like we were the first to see it all lol isla espiritu santo is a nature preserve area for snorkeling swimming and hanging out on the beach we saw a variety of the local sea life including manta rays schools of fish jumping out of the water various kinds of tropical fish the sea lion pups and adults the area is best explored with a knowledgeable local or a knowledgeable tour guide who can answer any questions about the area or the licenses needed while in the area visiting there were a many people in the area visiting with their own boats and docked in the area open water and adjacent to the land to get to the shores to enjoy the beaches or have a nice picnic under the their shade tent under the sun the area was just awesome,"['DET', 'ADJ', 'NOUN', 'AUX', 'ADV', 'ADJ', 'PRON', 'VERB', 'DET', 'NOUN', 'PART', 'VERB', 'ADP', 'DET', 'NOUN', 'CCONJ', 'PRON', 'AUX', 'VERB', 'ADP', 'VERB', 'ADP', 'DET', 'NOUN', 'NOUN', 'PRON', 'VERB', 'ADJ', 'ADP', 'DET', 'NOUN', 'PRON', 'AUX', 'VERB', 'CCONJ', 'VERB', 'ADP', 'VERB', 'DET', 'NOUN', 'ADP', 'PRON', 'CCONJ', 'ADP', 'PRON', 'ADP', 'PRON', 'ADV', 'ADP', 'PRON', 'ADP', 'DET', 'ADJ', 'NOUN', 'PRON', 'ADV', 'VERB', 'ADV', 'ADJ', 'ADP', 'DET', 'NOUN', 'CCONJ', 'VERB', 'ADP', 'DET', 'NOUN', 'NOUN', 'CCONJ', 'NOUN', 'ADP', 'DET', 'NOUN', 'PRON', 'VERB', 'ADJ', 'NOUN', 'ADP', 'NOUN', 'CCONJ', 'NOUN', 'CCONJ', 'ADJ', 'ADJ', 'ADJ', 'NOUN', 'PRON', 'AUX', 'ADV', 'ADJ', 'PART', 'VERB', 'CCONJ', 'VERB', 'ADV', 'VERB', 'PRON', 'VERB', 'SCONJ', 'PRON', 'AUX', 'DET', 'ADJ', 'PART', 'VERB', 'PRON', 'DET', 'NOUN', 'NOUN', 'VERB', 'PRON', 'AUX', 'DET', 'NOUN', 'NOUN', 'NOUN', 'ADP', 'NOUN', 'NOUN', 'CCONJ', 'VERB', 'ADP', 'ADP', 'DET', 'NOUN', 'PRON', 'VERB', 'DET', 'NOUN', 'ADP', 'DET', 'ADJ', 'NOUN', 'NOUN', 'VERB', 'NOUN', 'NOUN', 'NOUN', 'ADP', 'NOUN', 'VERB', 'ADP', 'ADP', 'DET', 'NOUN', 'ADJ', 'NOUN', 'ADP', 'ADJ', 'NOUN', 'DET', 'NOUN', 'NOUN', 'NOUN', 'CCONJ', 'NOUN', 'DET', 'NOUN', 'AUX', 'ADV', 'VERB', 'ADP', 'DET', 'ADJ', 'ADJ', 'CCONJ', 'DET', 'ADJ', 'NOUN', 'NOUN', 'PRON', 'AUX', 'VERB', 'DET', 'NOUN', 'ADP', 'DET', 'NOUN', 'CCONJ', 'DET', 'NOUN', 'VERB', 'SCONJ', 'ADP', 'DET', 'NOUN', 'VERB', 'PRON', 'VERB', 'DET', 'ADJ', 'NOUN', 'ADP', 'DET', 'NOUN', 'VERB', 'ADP', 'PRON', 'ADJ', 'NOUN', 'CCONJ', 'VERB', 'ADP', 'DET', 'NOUN', 'ADJ', 'NOUN', 'CCONJ', 'ADJ', 'ADP', 'DET', 'NOUN', 'PART', 'VERB', 'ADP', 'DET', 'NOUN', 'PART', 'VERB', 'DET', 'NOUN', 'CCONJ', 'VERB', 'DET', 'ADJ', 'NOUN', 'ADP', 'DET', 'PRON', 'NOUN', 'NOUN', 'ADP', 'DET', 'NOUN', 'DET', 'NOUN', 'AUX', 'ADV', 'ADJ']","['wowthis whole area', 'we', 'an opportunity', 'the area', 'we', 'the rock formations', 'the area', 'that', 'a foot', 'it', 'any', 'it', 'all', 'the various restrictions', 'we', 'the snorkeling', 'the rock formations', 'coral', 'the area', 'we', 'many varieties', 'fish', 'birds', 'several other unidentified life', 'that', 'us', 'we', 'it', 'santo', 'a nature preserve area', 'snorkeling swimming', 'the beach', 'we', 'a variety', 'the local sea life', 'manta rays schools', 'fish', 'the water', 'various kinds', 'tropical fish', 'the sea lion pups', 'adults', 'the area', 'a knowledgeable tour guide', 'who', 'any questions', 'the area', 'the licenses', 'the area', 'a many people', 'the area', 'their own boats', 'the area open water', 'the land', 'the shores', 'the beaches', 'a nice picnic', 'the their shade tent', 'the sun', 'the area']","[{'text': 'first', 'label': 'ORDINAL'}]",0.0041841004184100415
48633,5.0,one word fabulous,"['NUM', 'NOUN', 'ADJ']",['one word'],"[{'text': 'one', 'label': 'CARDINAL'}]",0.3333333333333333
48637,5.0,amazing island this is one place that you dont want to miss if you visit la paz ill recommend start the trip at playa el tecolote instead of la paz because if you start the trip at el tecolote they take you all around the island and you can watch wonderful places at the other side of the island and spend more time swiming with sea lions swimming at the gran ensenada beach and snorkeling reefs,"['ADJ', 'NOUN', 'PRON', 'AUX', 'NUM', 'NOUN', 'PRON', 'PRON', 'AUX', 'PART', 'VERB', 'PART', 'VERB', 'SCONJ', 'PRON', 'VERB', 'PROPN', 'PROPN', 'ADJ', 'NOUN', 'VERB', 'DET', 'NOUN', 'ADP', 'PROPN', 'PROPN', 'PROPN', 'ADV', 'ADP', 'PROPN', 'PROPN', 'SCONJ', 'SCONJ', 'PRON', 'VERB', 'DET', 'NOUN', 'ADP', 'PROPN', 'PROPN', 'PRON', 'VERB', 'PRON', 'ADV', 'ADP', 'DET', 'NOUN', 'CCONJ', 'PRON', 'AUX', 'VERB', 'ADJ', 'NOUN', 'ADP', 'DET', 'ADJ', 'NOUN', 'ADP', 'DET', 'NOUN', 'CCONJ', 'VERB', 'ADJ', 'NOUN', 'VERB', 'ADP', 'NOUN', 'NOUN', 'NOUN', 'ADP', 'DET', 'PROPN', 'PROPN', 'PROPN', 'CCONJ', 'NOUN', 'VERB']","['this', 'one place', 'that', 'you', 'you', 'la paz', 'ill recommend', 'the trip', 'playa el tecolote', 'you', 'the trip', 'el tecolote', 'they', 'you', 'the island', 'you', 'wonderful places', 'the other side', 'the island', 'more time', 'sea lions swimming', 'the gran ensenada beach', 'snorkeling']","[{'text': 'one', 'label': 'CARDINAL'}, {'text': 'la paz ill recommend', 'label': 'FAC'}, {'text': 'playa el tecolote', 'label': 'ORG'}, {'text': 'el tecolote', 'label': 'ORG'}, {'text': 'ensenada beach', 'label': 'GPE'}]",0.06493506493506493
48666,5.0,incredible definitely worth kayaking around or along part we took five days on the island but more would be nice too sea lion rookery in the north is very cool,"['ADJ', 'ADV', 'ADJ', 'VERB', 'ADV', 'CCONJ', 'ADP', 'NOUN', 'PRON', 'VERB', 'NUM', 'NOUN', 'ADP', 'DET', 'NOUN', 'CCONJ', 'ADJ', 'AUX', 'AUX', 'ADJ', 'ADV', 'NOUN', 'NOUN', 'NOUN', 'ADP', 'DET', 'NOUN', 'AUX', 'ADV', 'ADJ']","['part', 'we', 'five days', 'the island', 'sea lion rookery', 'the north']","[{'text': 'five days', 'label': 'DATE'}]",0.03333333333333333
48680,4.0,a simple overview of the cultures of the land through time. signs are only in spanish. i enjoyed it.,"['DET', 'ADJ', 'NOUN', 'ADP', 'DET', 'NOUN', 'ADP', 'DET', 'NOUN', 'ADP', 'NOUN', 'PUNCT', 'NOUN', 'AUX', 'ADV', 'ADP', 'NOUN', 'PUNCT', 'PRON', 'VERB', 'PRON', 'PUNCT']","['a simple overview', 'the cultures', 'the land', 'time', 'signs', 'spanish', 'i', 'it']","[{'text': 'spanish', 'label': 'LANGUAGE'}]",0.045454545454545456
48681,5.0,excellent historical review of baja california starts with the most distant history and progresses to current day. we had a great time reading and learning about the diverse history of that area. recommended.,"['ADJ', 'ADJ', 'NOUN', 'ADP', 'PROPN', 'PROPN', 'PUNCT', 'VERB', 'ADP', 'DET', 'ADV', 'ADJ', 'NOUN', 'CCONJ', 'VERB', 'ADP', 'ADJ', 'NOUN', 'PUNCT', 'PRON', 'VERB', 'DET', 'ADJ', 'NOUN', 'VERB', 'CCONJ', 'VERB', 'ADP', 'DET', 'ADJ', 'NOUN', 'ADP', 'DET', 'NOUN', 'PUNCT', 'VERB', 'PUNCT']","['excellent historical review', 'baja california', 'the most distant history', 'current day', 'we', 'a great time', 'the diverse history', 'that area']","[{'text': 'california', 'label': 'GPE'}]",0.02702702702702703
48688,2.0,be sure to bring mexican pesos if you want to visit this museum. they do not accept credit or debit cards.,"['AUX', 'ADJ', 'PART', 'VERB', 'ADJ', 'NOUN', 'SCONJ', 'PRON', 'VERB', 'PART', 'VERB', 'DET', 'NOUN', 'PUNCT', 'PRON', 'AUX', 'PART', 'VERB', 'NOUN', 'CCONJ', 'NOUN', 'NOUN', 'PUNCT']","['mexican pesos', 'you', 'this museum', 'they', 'credit or debit cards']","[{'text': 'mexican', 'label': 'NORP'}]",0.043478260869565216
48689,5.0,lovely museum with really neat dioramas. i really enjoyed learning out the history of human in baja california sur,"['PROPN', 'PROPN', 'ADP', 'ADV', 'ADJ', 'NOUN', 'PUNCT', 'PRON', 'ADV', 'VERB', 'VERB', 'ADP', 'DET', 'NOUN', 'ADP', 'NOUN', 'ADP', 'PROPN', 'PROPN', 'PROPN']","['lovely museum', 'really neat dioramas', 'i', 'the history', 'baja']","[{'text': 'baja', 'label': 'GPE'}, {'text': 'california', 'label': 'GPE'}]",0.1
48691,5.0,"if you go to la paz and dont stop here, you ar doing yourself a disservice. starting from 12000 bc to the 1800s, well laid out, 3 floors with qr codes for english... really cool","['SCONJ', 'PRON', 'VERB', 'ADP', 'PROPN', 'NOUN', 'CCONJ', 'AUX', 'PART', 'VERB', 'ADV', 'PUNCT', 'PRON', 'AUX', 'VERB', 'PRON', 'DET', 'NOUN', 'PUNCT', 'VERB', 'ADP', 'NUM', 'PROPN', 'ADP', 'DET', 'NOUN', 'PUNCT', 'PRON', 'AUX', 'VERB', 'ADP', 'PUNCT', 'NUM', 'NOUN', 'ADP', 'ADJ', 'NOUN', 'ADP', 'PROPN', 'PUNCT', 'ADV', 'ADJ', 'PUNCT', 'PUNCT', 'PUNCT']","['you', 'la paz', 'you', 'yourself', 'a disservice', '12000 bc', 'the 1800s', 'we', 'qr codes', 'english']","[{'text': '12000', 'label': 'CARDINAL'}, {'text': 'the 1800s', 'label': 'DATE'}, {'text': '3', 'label': 'CARDINAL'}, {'text': 'english', 'label': 'LANGUAGE'}]",0.08888888888888889
48693,5.0,interesting displays and huge diaoramas with lots of historical detail. when we went there was also a great exhibit of contemporary mexican art in one of the lower wings. recomended,"['ADJ', 'NOUN', 'CCONJ', 'ADJ', 'NOUN', 'ADP', 'NOUN', 'ADP', 'ADJ', 'NOUN', 'PUNCT', 'SCONJ', 'PRON', 'VERB', 'PRON', 'AUX', 'ADV', 'DET', 'ADJ', 'NOUN', 'ADP', 'ADJ', 'ADJ', 'NOUN', 'ADP', 'NUM', 'ADP', 'DET', 'ADJ', 'NOUN', 'PUNCT', 'VERB', 'PUNCT']","['interesting displays', 'huge diaoramas', 'lots', 'historical detail', 'we', 'a great exhibit', 'contemporary mexican art', 'the lower wings']","[{'text': 'mexican', 'label': 'NORP'}, {'text': 'one', 'label': 'CARDINAL'}]",0.06060606060606061
48695,4.0,"only a partial experience, couldnt see everything. pesos only for this place, no cards, kind of weird but all good, i could have been more prepared","['ADV', 'DET', 'ADJ', 'NOUN', 'PUNCT', 'AUX', 'PART', 'VERB', 'PRON', 'PUNCT', 'NOUN', 'ADV', 'ADP', 'DET', 'NOUN', 'PUNCT', 'DET', 'NOUN', 'PUNCT', 'ADV', 'ADV', 'ADJ', 'CCONJ', 'ADV', 'ADJ', 'PUNCT', 'PRON', 'AUX', 'AUX', 'AUX', 'ADV', 'VERB', 'PUNCT']","['only a partial experience', 'everything', 'pesos', 'this place', 'no cards', 'i']",[],0.0
48713,5.0,beautifully organized and easy to follow from the ice age to current times.,"['ADV', 'VERB', 'CCONJ', 'ADJ', 'PART', 'VERB', 'ADP', 'DET', 'NOUN', 'NOUN', 'ADP', 'ADJ', 'NOUN', 'PUNCT']","['the ice age', 'current times']","[{'text': 'beautifully organized', 'label': 'PERSON'}]",0.07142857142857142
48716,4.0,"admission is 75 pesos, it is not free. nicely done exposition of baja from prehistoric times to this past century.","['NOUN', 'AUX', 'NUM', 'NOUN', 'PUNCT', 'PRON', 'AUX', 'PART', 'ADJ', 'PUNCT', 'ADV', 'VERB', 'NOUN', 'ADP', 'NOUN', 'ADP', 'ADJ', 'ADJ', 'ADJ', 'NOUN', 'ADP', 'DET', 'ADJ', 'NOUN', 'PUNCT']","['admission', '75 pesos', 'it', 'exposition', 'baja', 'pre-historic times', 'this past century']","[{'text': '75', 'label': 'CARDINAL'}, {'text': 'baja', 'label': 'GPE'}, {'text': 'this past century', 'label': 'DATE'}]",0.12
48719,4.0,all in spanish and a very quaint and informative museum of the area.,"['PRON', 'ADP', 'NOUN', 'CCONJ', 'DET', 'ADV', 'NOUN', 'CCONJ', 'ADJ', 'NOUN', 'ADP', 'DET', 'NOUN', 'PUNCT']","['spanish', 'a very quaint and informative museum', 'the area']","[{'text': 'spanish', 'label': 'LANGUAGE'}]",0.07142857142857142
48722,5.0,very very interesting museum because the bcs history is related here and models are nice.,"['ADV', 'ADV', 'ADJ', 'NOUN', 'SCONJ', 'DET', 'ADJ', 'NOUN', 'AUX', 'VERB', 'ADV', 'CCONJ', 'NOUN', 'AUX', 'ADJ', 'PUNCT']","['very very interesting museum', 'the bcs history', 'models']","[{'text': 'bcs', 'label': 'ORG'}]",0.0625
48723,5.0,people working there are very very nice,"['NOUN', 'VERB', 'PRON', 'AUX', 'ADV', 'ADV', 'ADJ']",['people'],[],0.0
48725,5.0,"i admit that i like museums this one was pretty interesting and informative about the history of baja and mexico. the main level had current art with many of the paintings being for sale at reasonable prices for original art going up from there was the story of the baja region. from early man and cave paintings, to the spanish and more. the dioramas and recreations of actual cave paintings and life long ago in baja were very interesting i learned a lot about baja history in this visit. if your in la paz, this is one of the places you should visit","['PRON', 'VERB', 'SCONJ', 'PRON', 'VERB', 'NOUN', 'PUNCT', 'DET', 'NOUN', 'AUX', 'ADV', 'ADJ', 'CCONJ', 'ADJ', 'ADP', 'DET', 'NOUN', 'ADP', 'PROPN', 'CCONJ', 'PROPN', 'PUNCT', 'DET', 'ADJ', 'NOUN', 'VERB', 'ADJ', 'NOUN', 'ADP', 'ADJ', 'ADP', 'DET', 'NOUN', 'AUX', 'ADP', 'NOUN', 'ADP', 'ADJ', 'NOUN', 'ADP', 'ADJ', 'NOUN', 'PUNCT', 'VERB', 'ADP', 'ADP', 'ADV', 'AUX', 'DET', 'NOUN', 'ADP', 'DET', 'NOUN', 'NOUN', 'PUNCT', 'ADP', 'ADJ', 'NOUN', 'CCONJ', 'VERB', 'NOUN', 'PUNCT', 'ADP', 'DET', 'NOUN', 'CCONJ', 'ADJ', 'PUNCT', 'DET', 'NOUN', 'CCONJ', 'NOUN', 'ADP', 'ADJ', 'NOUN', 'NOUN', 'CCONJ', 'NOUN', 'ADV', 'ADV', 'ADP', 'NOUN', 'AUX', 'ADV', 'ADJ', 'PUNCT', 'PRON', 'VERB', 'DET', 'NOUN', 'ADP', 'NOUN', 'NOUN', 'ADP', 'DET', 'NOUN', 'PUNCT', 'SCONJ', 'PRON', 'ADP', 'PROPN', 'NOUN', 'PUNCT', 'PRON', 'AUX', 'NUM', 'ADP', 'DET', 'NOUN', 'PRON', 'AUX', 'VERB', 'PUNCT']","['i', 'i', 'museums', 'this one', 'the history', 'baja', 'mexico', 'the main level', 'current art', 'the paintings', 'sale', 'reasonable prices', 'original art', 'the story', 'the baja region', 'early man', 'paintings', 'the spanish', 'the dioramas', 'recreations', 'actual cave paintings', 'life', 'baja', 'i', 'a lot', 'baja history', 'this visit', 'la paz', 'this', 'the places', 'you']","[{'text': 'baja', 'label': 'GPE'}, {'text': 'mexico', 'label': 'GPE'}, {'text': 'the baja region', 'label': 'GPE'}, {'text': 'spanish', 'label': 'NORP'}, {'text': 'baja', 'label': 'GPE'}]",0.04424778761061947
48727,1.0,no signs in english you need to download via qr code but site was down day we were there so had no idea what we were seeing. looked like it would have been interesting but had no clue. waste of money and time on a very hot day,"['DET', 'NOUN', 'ADP', 'PROPN', 'PRON', 'VERB', 'PART', 'VERB', 'ADP', 'INTJ', 'NOUN', 'CCONJ', 'NOUN', 'AUX', 'ADV', 'NOUN', 'PRON', 'AUX', 'ADV', 'ADV', 'VERB', 'DET', 'NOUN', 'PRON', 'PRON', 'AUX', 'VERB', 'PUNCT', 'VERB', 'SCONJ', 'PRON', 'AUX', 'AUX', 'AUX', 'ADJ', 'CCONJ', 'VERB', 'DET', 'NOUN', 'PUNCT', 'NOUN', 'ADP', 'NOUN', 'CCONJ', 'NOUN', 'ADP', 'DET', 'ADV', 'ADJ', 'NOUN', 'PUNCT', 'PUNCT']","['english', 'you', 'qr code', 'site', 'we', 'no idea', 'what', 'we', 'it', 'no clue', 'waste', 'money', 'time', 'a very hot day']","[{'text': 'english', 'label': 'LANGUAGE'}, {'text': 'a very hot day', 'label': 'DATE'}]",0.038461538461538464
48732,5.0,learned many new things about both the ancient americas as well as the more modern bcs structure and path to independence,"['VERB', 'ADJ', 'ADJ', 'NOUN', 'ADP', 'CCONJ', 'DET', 'ADJ', 'NOUN', 'ADV', 'ADV', 'ADP', 'DET', 'ADV', 'ADJ', 'ADJ', 'NOUN', 'CCONJ', 'NOUN', 'ADP', 'NOUN']","['many new things', 'both the ancient americas', 'the more modern bcs structure', 'path', 'independence']",[],0.0
48742,5.0,"this week the upper level had an interesting exposition. free to enter but you can support them at the exit. is a small museum, you need no more than 1 hour. it s a good time to refresh your self. they have a souvenir store with local artisans pieces.","['DET', 'NOUN', 'DET', 'ADJ', 'NOUN', 'VERB', 'DET', 'ADJ', 'NOUN', 'PUNCT', 'ADJ', 'PART', 'VERB', 'CCONJ', 'PRON', 'AUX', 'VERB', 'PRON', 'ADP', 'DET', 'NOUN', 'PUNCT', 'AUX', 'DET', 'ADJ', 'NOUN', 'PUNCT', 'PRON', 'VERB', 'DET', 'ADJ', 'ADP', 'NUM', 'NOUN', 'PUNCT', 'PRON', 'VERB', 'DET', 'ADJ', 'NOUN', 'PART', 'VERB', 'PRON', 'NOUN', 'PUNCT', 'PRON', 'VERB', 'DET', 'NOUN', 'NOUN', 'ADP', 'ADJ', 'NOUN', 'NOUN', 'PUNCT']","['the upper level', 'an interesting exposition', 'you', 'them', 'the exit', 'a small museum', 'you', 'no more than 1 hour', 'it', 'a good time', 'your self', 'they', 'a souvenir store', 'local artisans pieces']","[{'text': 'this week', 'label': 'DATE'}, {'text': 'no more than 1 hour', 'label': 'MONEY'}]",0.03636363636363636
48752,5.0,it was a very lovely museum and better than i thought. friendly employees and good collections as well. we were visiting from carnival cruise ship from la,"['PRON', 'AUX', 'DET', 'ADV', 'ADJ', 'NOUN', 'CCONJ', 'ADV', 'SCONJ', 'PRON', 'VERB', 'PUNCT', 'ADJ', 'NOUN', 'CCONJ', 'ADJ', 'NOUN', 'ADV', 'ADV', 'PUNCT', 'PRON', 'AUX', 'VERB', 'ADP', 'NOUN', 'NOUN', 'NOUN', 'ADP', 'NOUN']","['it', 'a very lovely museum', 'i', 'friendly employees', 'good collections', 'we', 'carnival cruise ship', 'la']",[],0.0
48775,5.0,great displays and artifacts,"['ADJ', 'NOUN', 'CCONJ', 'NOUN']","['great displays', 'artifacts']",[],0.0
48784,5.0,i recommend checking this place out. lots of information on cave paintings found in baja.,"['PRON', 'VERB', 'VERB', 'DET', 'NOUN', 'ADP', 'PUNCT', 'NOUN', 'ADP', 'NOUN', 'ADP', 'NOUN', 'NOUN', 'VERB', 'ADP', 'NOUN', 'PUNCT']","['i', 'this place', 'lots', 'information', 'cave paintings', 'baja']","[{'text': 'baja', 'label': 'GPE'}]",0.058823529411764705
48785,5.0,affordable and awesome so informative,"['ADJ', 'CCONJ', 'ADJ', 'ADV', 'ADJ']",[],[],0.0
48791,5.0,"i love this regional museum. it was small but very informative. like many museums it started at the bottom floor with an ancient history paleolithic, i think. it explains about the mammoths that live in the area and that this area is close to where the meteor strike at the end of the dinosaur era took place. it showed how the ancient people lived and thrived in the area. the 2nd floor explained more of the exploration done by the spanish. the third went into the more modernday histories of the revolution and the fight for independence in california baja sur. it was very easy to find and access. our cab driver took us right there and it didnt cost very much a few bucks. there was a guide but he was busy with the childrens group. and so we explored our own. with our camera, the museum offers english translation through barcodes so you can look it up online as you go through the exhibits. so make sure to have your smart phone. it was very easy to find and access. our cab driver took us there and it didnt cost very much, a few bucks. they have guides. he was busy with the childrens group. and so we explored on our own. it was informative and as archeology often does, reminds of many other museums and relationships that connect us all through this worlds history. i really enjoyed it","['PRON', 'VERB', 'DET', 'ADJ', 'NOUN', 'PUNCT', 'PRON', 'AUX', 'ADJ', 'CCONJ', 'ADV', 'ADJ', 'PUNCT', 'ADP', 'ADJ', 'NOUN', 'PRON', 'VERB', 'ADP', 'DET', 'ADJ', 'NOUN', 'ADP', 'DET', 'ADJ', 'NOUN', 'NOUN', 'PUNCT', 'PRON', 'VERB', 'PUNCT', 'PRON', 'VERB', 'ADP', 'DET', 'NOUN', 'PRON', 'VERB', 'ADP', 'DET', 'NOUN', 'CCONJ', 'SCONJ', 'DET', 'NOUN', 'AUX', 'ADJ', 'ADP', 'SCONJ', 'DET', 'NOUN', 'NOUN', 'ADP', 'DET', 'NOUN', 'ADP', 'DET', 'NOUN', 'NOUN', 'VERB', 'NOUN', 'PUNCT', 'PRON', 'VERB', 'SCONJ', 'DET', 'ADJ', 'NOUN', 'VERB', 'CCONJ', 'VERB', 'ADP', 'DET', 'NOUN', 'PUNCT', 'DET', 'ADJ', 'NOUN', 'VERB', 'ADJ', 'ADP', 'DET', 'NOUN', 'VERB', 'ADP', 'DET', 'NOUN', 'PUNCT', 'DET', 'ADJ', 'VERB', 'ADP', 'DET', 'ADV', 'ADJ', 'PUNCT', 'NOUN', 'NOUN', 'ADP', 'DET', 'NOUN', 'CCONJ', 'DET', 'NOUN', 'ADP', 'NOUN', 'ADP', 'PROPN', 'PROPN', 'PROPN', 'PUNCT', 'PRON', 'AUX', 'ADV', 'ADJ', 'PART', 'VERB', 'CCONJ', 'NOUN', 'PUNCT', 'PRON', 'NOUN', 'NOUN', 'VERB', 'PRON', 'ADV', 'ADV', 'CCONJ', 'PRON', 'AUX', 'PART', 'VERB', 'ADV', 'ADV', 'DET', 'ADJ', 'NOUN', 'PUNCT', 'PRON', 'VERB', 'DET', 'NOUN', 'CCONJ', 'PRON', 'AUX', 'ADJ', 'ADP', 'DET', 'NOUN', 'PART', 'NOUN', 'PUNCT', 'CCONJ', 'ADV', 'PRON', 'VERB', 'PRON', 'ADJ', 'PUNCT', 'ADP', 'PRON', 'NOUN', 'PUNCT', 'DET', 'NOUN', 'VERB', 'ADJ', 'NOUN', 'ADP', 'NOUN', 'SCONJ', 'PRON', 'AUX', 'VERB', 'PRON', 'ADP', 'ADV', 'SCONJ', 'PRON', 'VERB', 'ADP', 'DET', 'NOUN', 'PUNCT', 'ADV', 'VERB', 'ADJ', 'PART', 'VERB', 'PRON', 'ADJ', 'NOUN', 'PUNCT', 'PRON', 'AUX', 'ADV', 'ADJ', 'PART', 'VERB', 'CCONJ', 'NOUN', 'PUNCT', 'PRON', 'NOUN', 'NOUN', 'VERB', 'PRON', 'ADV', 'CCONJ', 'PRON', 'AUX', 'PART', 'VERB', 'ADV', 'ADV', 'PUNCT', 'DET', 'ADJ', 'NOUN', 'PUNCT', 'PRON', 'VERB', 'NOUN', 'PUNCT', 'PRON', 'AUX', 'ADJ', 'ADP', 'DET', 'NOUN', 'PART', 'NOUN', 'PUNCT', 'CCONJ', 'ADV', 'PRON', 'VERB', 'ADP', 'PRON', 'ADJ', 'PUNCT', 'PRON', 'AUX', 'ADJ', 'CCONJ', 'SCONJ', 'NOUN', 'ADV', 'VERB', 'PUNCT', 'VERB', 'ADP', 'ADJ', 'ADJ', 'NOUN', 'CCONJ', 'NOUN', 'PRON', 'VERB', 'PRON', 'PRON', 'ADP', 'DET', 'NOUN', 'NOUN', 'PUNCT', 'PRON', 'ADV', 'VERB', 'PRON', 'PUNCT']","['i', 'this regional museum', 'it', 'many museums', 'it', 'the bottom floor', 'an ancient history paleolithic', 'i', 'it', 'the mammoths', 'that', 'the area', 'this area', 'the meteor strike', 'the end', 'the dinosaur era', 'place', 'it', 'the ancient people', 'the area', 'the 2nd floor', 'the exploration', 'the spanish', 'the more modern-day histories', 'the revolution', 'the fight', 'independence', 'california baja sur', 'it', 'our cab driver', 'us', 'it', 'a few bucks', 'a guide', 'he', ""the children's group"", 'we', 'our camera', 'the museum', 'english translation', 'barcodes', 'you', 'it', 'you', 'the exhibits', 'your smart phone', 'it', 'our cab driver', 'us', 'it', 'a few bucks', 'they', 'guides', 'he', ""the children's group"", 'we', 'it', 'archeology', 'many other museums', 'relationships', 'that', 'us', 'this worlds history', 'i', 'it']","[{'text': '2nd', 'label': 'ORDINAL'}, {'text': 'spanish', 'label': 'NORP'}, {'text': 'third', 'label': 'ORDINAL'}, {'text': 'california baja', 'label': 'GPE'}, {'text': 'english', 'label': 'NORP'}]",0.01845018450184502
48793,4.0,great and interesting museum about the history of la paz. cost 75 pesos each person. the only recommendation is to dust the place better or get an air cleaning filter.,"['ADJ', 'CCONJ', 'ADJ', 'NOUN', 'ADP', 'DET', 'NOUN', 'ADP', 'PROPN', 'PROPN', 'PUNCT', 'VERB', 'NUM', 'NOUN', 'DET', 'NOUN', 'PUNCT', 'DET', 'ADJ', 'NOUN', 'AUX', 'PART', 'VERB', 'DET', 'NOUN', 'ADV', 'CCONJ', 'VERB', 'DET', 'NOUN', 'NOUN', 'NOUN', 'PUNCT']","['great and interesting museum', 'the history', 'la paz', '75 pesos', 'the only recommendation', 'the place', 'an air cleaning filter']","[{'text': '75', 'label': 'CARDINAL'}]",0.030303030303030304
48800,3.0,"nice museum. front desk staff could be friendly instead of being so serious. bathroom were not clean and had no toilet paper, yet i saw all the workers standing in front talking instead of taking care of the restroom.","['PROPN', 'PROPN', 'PUNCT', 'PROPN', 'NOUN', 'NOUN', 'AUX', 'AUX', 'ADJ', 'ADV', 'ADP', 'AUX', 'ADV', 'ADJ', 'PUNCT', 'NOUN', 'AUX', 'PART', 'ADJ', 'CCONJ', 'VERB', 'DET', 'NOUN', 'NOUN', 'PUNCT', 'CCONJ', 'PRON', 'VERB', 'DET', 'DET', 'NOUN', 'VERB', 'ADP', 'NOUN', 'VERB', 'ADV', 'ADP', 'VERB', 'NOUN', 'ADP', 'DET', 'NOUN', 'PUNCT']","['nice museum', 'front desk staff', 'bathroom', 'no toilet paper', 'i', 'all the workers', 'front', 'care', 'the restroom']",[],0.0
48804,5.0,"my fella and i went to check this place. cool staff, the dude with long hair was really knowledgeable and chill. shout out to him.","['PRON', 'NOUN', 'CCONJ', 'PRON', 'VERB', 'PART', 'VERB', 'DET', 'NOUN', 'PUNCT', 'ADJ', 'NOUN', 'PUNCT', 'DET', 'NOUN', 'ADP', 'ADJ', 'NOUN', 'AUX', 'ADV', 'ADJ', 'CCONJ', 'NOUN', 'PUNCT', 'VERB', 'ADP', 'ADP', 'PRON', 'PUNCT']","['my fella', 'i', 'this place', 'cool staff', 'the dude', 'long hair', 'him']",[],0.0
48809,3.0,"history of the geographic area dating back to prehistoric times. security was very strange taking pictures of us on tour. limited facilities, long waits for tour group","['NOUN', 'ADP', 'DET', 'ADJ', 'NOUN', 'VERB', 'ADV', 'ADP', 'ADJ', 'NOUN', 'PUNCT', 'NOUN', 'AUX', 'ADV', 'ADJ', 'VERB', 'NOUN', 'ADP', 'PRON', 'ADP', 'NOUN', 'PUNCT', 'ADJ', 'NOUN', 'PUNCT', 'ADJ', 'NOUN', 'ADP', 'NOUN', 'NOUN']","['history', 'the geographic area', 'prehistoric times', 'security', 'pictures', 'us', 'tour', 'limited facilities', 'long waits', 'tour group']",[],0.0
48811,3.0,listed as anthropological museum so had my interest. glad to pay the entry fee to support them. think the museum is geared to children. expected more. dis appointed yet it is what it is. friendly helpful staff for this gringo.,"['VERB', 'ADP', 'NOUN', 'NOUN', 'ADV', 'VERB', 'PRON', 'NOUN', 'PUNCT', 'ADJ', 'PART', 'VERB', 'DET', 'NOUN', 'NOUN', 'PART', 'VERB', 'PRON', 'PUNCT', 'VERB', 'DET', 'NOUN', 'AUX', 'VERB', 'ADP', 'NOUN', 'PUNCT', 'VERB', 'ADJ', 'PUNCT', 'PROPN', 'VERB', 'ADV', 'PRON', 'AUX', 'PRON', 'PRON', 'AUX', 'PUNCT', 'ADJ', 'ADJ', 'NOUN', 'ADP', 'DET', 'NOUN', 'PUNCT']","['anthropological museum', 'my interest', 'the entry fee', 'them', 'the museum', 'children', 'dis', 'it', 'what', 'it', 'friendly helpful staff', 'this gringo']",[],0.0
48813,5.0,loved the space,"['VERB', 'DET', 'NOUN']",['the space'],[],0.0
48821,3.0,informative exhibits. some of the dioramas seemed dated. the qr codes for english translations weren t working but google glass was great,"['ADJ', 'NOUN', 'PUNCT', 'PRON', 'ADP', 'DET', 'NOUN', 'VERB', 'VERB', 'PUNCT', 'DET', 'ADJ', 'NOUN', 'ADP', 'ADJ', 'NOUN', 'PROPN', 'NOUN', 'VERB', 'CCONJ', 'PROPN', 'NOUN', 'AUX', 'ADJ', 'PUNCT']","['informative exhibits', 'some', 'the dioramas', 'the qr codes', 'english translations', 'weren t', 'google glass']","[{'text': 'english', 'label': 'NORP'}]",0.04
48832,5.0,"excellent staff, very knowledgeable about the exhibits. spanish and english. very good museum","['ADJ', 'NOUN', 'PUNCT', 'ADV', 'ADJ', 'ADP', 'DET', 'NOUN', 'PUNCT', 'ADJ', 'CCONJ', 'PROPN', 'PUNCT', 'ADV', 'ADJ', 'NOUN', 'PUNCT']","['excellent staff', 'the exhibits', 'english', 'very good museum']","[{'text': 'spanish', 'label': 'NORP'}, {'text': 'english', 'label': 'LANGUAGE'}]",0.11764705882352941
48833,5.0,admission is by cash only. an excellent introduction to a particular history of this region. each floor had a guide who spoke english and explained the displays and answered questions. and don t overlook the small but well stocked gift shop. all cash but worth the trip to the atm.,"['NOUN', 'AUX', 'ADP', 'NOUN', 'ADV', 'PUNCT', 'DET', 'ADJ', 'NOUN', 'ADP', 'DET', 'ADJ', 'NOUN', 'ADP', 'DET', 'NOUN', 'PUNCT', 'DET', 'NOUN', 'VERB', 'DET', 'NOUN', 'PRON', 'VERB', 'PROPN', 'CCONJ', 'VERB', 'DET', 'NOUN', 'CCONJ', 'VERB', 'NOUN', 'PUNCT', 'CCONJ', 'PROPN', 'PROPN', 'VERB', 'DET', 'ADJ', 'CCONJ', 'ADV', 'VERB', 'NOUN', 'NOUN', 'PUNCT', 'DET', 'NOUN', 'CCONJ', 'ADJ', 'DET', 'NOUN', 'ADP', 'DET', 'NOUN', 'PUNCT']","['admission', 'cash', 'an excellent introduction', 'a particular history', 'this region', 'each floor', 'a guide', 'who', 'english', 'the displays', 'questions', 'don t', 'the small but well stocked gift shop', 'all cash', 'the atm']","[{'text': 'english', 'label': 'LANGUAGE'}, {'text': 'don', 'label': 'PERSON'}]",0.03636363636363636
48847,5.0,great museum with lots of history and artifacts from baja.,"['ADJ', 'NOUN', 'ADP', 'NOUN', 'ADP', 'NOUN', 'CCONJ', 'NOUN', 'ADP', 'NOUN', 'PUNCT']","['great museum', 'lots', 'history', 'artifacts', 'baja']","[{'text': 'baja', 'label': 'GPE'}]",0.09090909090909091
48848,5.0,after many years of neglect this museum has finally joined the ranks of worthwhile regional history destinations. nice static exhibits and interpretive artwork. check it out too bad the digital media cousinadmin is not on the ball.,"['ADP', 'ADJ', 'NOUN', 'ADP', 'NOUN', 'DET', 'NOUN', 'AUX', 'ADV', 'VERB', 'DET', 'NOUN', 'ADP', 'ADJ', 'ADJ', 'NOUN', 'NOUN', 'PUNCT', 'ADJ', 'ADJ', 'NOUN', 'CCONJ', 'ADJ', 'NOUN', 'PUNCT', 'VERB', 'PRON', 'ADP', 'PUNCT', 'ADV', 'ADJ', 'DET', 'ADJ', 'NOUN', 'NOUN', 'PUNCT', 'NOUN', 'AUX', 'PART', 'ADP', 'DET', 'NOUN', 'PUNCT']","['many years', 'neglect', 'this museum', 'the ranks', 'worthwhile regional history destinations', 'nice static exhibits', 'interpretive artwork', 'it', 'the digital media cousin-admin', 'the ball']","[{'text': 'many years', 'label': 'DATE'}]",0.023255813953488372
48862,5.0,pericues everywhere,"['NOUN', 'ADV']",['pericues'],[],0.0
48866,5.0,"the baja regional history museum was a fun place, rich with the history of bsc. from indigenous tribes to after the monasteries were established the museum tells the story of baja in unique and creative ways. our docent daniella was very knowledgeable in her section of the museum and helped us to desipher in more depth what was depicted in the exhibits. the baja story was described using models, reliefs, docent and other techniques. the exhibits are explained in english via qr code if spanish is not your native language. my husband and i look forward to returning to the museum to explore the final exhibit in the near future.","['DET', 'PROPN', 'PROPN', 'NOUN', 'NOUN', 'AUX', 'DET', 'ADJ', 'NOUN', 'PUNCT', 'ADJ', 'ADP', 'DET', 'NOUN', 'ADP', 'PROPN', 'PUNCT', 'ADP', 'ADJ', 'NOUN', 'PART', 'SCONJ', 'DET', 'NOUN', 'AUX', 'VERB', 'DET', 'NOUN', 'VERB', 'DET', 'NOUN', 'ADP', 'NOUN', 'ADP', 'ADJ', 'CCONJ', 'ADJ', 'NOUN', 'PUNCT', 'PRON', 'ADJ', 'NOUN', 'AUX', 'ADV', 'ADJ', 'ADP', 'PRON', 'NOUN', 'ADP', 'DET', 'NOUN', 'CCONJ', 'VERB', 'PRON', 'PART', 'VERB', 'ADP', 'ADJ', 'NOUN', 'PRON', 'AUX', 'VERB', 'ADP', 'DET', 'NOUN', 'PUNCT', 'DET', 'NOUN', 'NOUN', 'AUX', 'VERB', 'VERB', 'NOUN', 'PUNCT', 'NOUN', 'PUNCT', 'NOUN', 'CCONJ', 'ADJ', 'NOUN', 'PUNCT', 'DET', 'NOUN', 'AUX', 'VERB', 'ADP', 'PROPN', 'ADP', 'INTJ', 'NOUN', 'SCONJ', 'NOUN', 'AUX', 'PART', 'PRON', 'ADJ', 'NOUN', 'PUNCT', 'PRON', 'NOUN', 'CCONJ', 'PRON', 'VERB', 'ADV', 'ADP', 'VERB', 'ADP', 'DET', 'NOUN', 'PART', 'VERB', 'DET', 'ADJ', 'NOUN', 'ADP', 'DET', 'ADJ', 'NOUN', 'PUNCT']","['the baja regional history museum', 'a fun place', 'the history', 'bsc', 'indigenous tribes', 'the monasteries', 'the museum', 'the story', 'baja', 'unique and creative ways', 'our docent daniella', 'her section', 'the museum', 'us', 'more depth', 'what', 'the exhibits', 'the baja story', 'models', 'reliefs', 'docent', 'other techniques', 'the exhibits', 'english', 'qr code', 'spanish', 'your native language', 'my husband', 'i', 'the museum', 'the final exhibit', 'the near future']","[{'text': 'bsc', 'label': 'GPE'}, {'text': 'english', 'label': 'LANGUAGE'}, {'text': 'spanish', 'label': 'NORP'}]",0.025210084033613446
48878,5.0,"arrived at the museum, easy free parking outside. greeted on entry and followed our first guide to the childrens exhibit of paintings on the groundfloor. onto the 1st, 2nd and third floors, filled with the history of the baja, each floor had their own expert explaining the exhibits in full and with passion. all guides were fluent in english, which was an added bonus. if you love the baja, this museum is a must visit. we will be back","['VERB', 'ADP', 'DET', 'NOUN', 'PUNCT', 'ADJ', 'ADJ', 'NOUN', 'ADV', 'PUNCT', 'VERB', 'ADP', 'NOUN', 'CCONJ', 'VERB', 'PRON', 'ADJ', 'NOUN', 'ADP', 'DET', 'NOUN', 'PART', 'NOUN', 'ADP', 'NOUN', 'ADP', 'DET', 'NOUN', 'PUNCT', 'ADP', 'DET', 'ADJ', 'PUNCT', 'ADJ', 'CCONJ', 'ADJ', 'NOUN', 'PUNCT', 'VERB', 'ADP', 'DET', 'NOUN', 'ADP', 'DET', 'NOUN', 'PUNCT', 'DET', 'NOUN', 'VERB', 'PRON', 'ADJ', 'NOUN', 'VERB', 'DET', 'NOUN', 'ADP', 'ADJ', 'CCONJ', 'ADP', 'NOUN', 'PUNCT', 'DET', 'NOUN', 'AUX', 'ADJ', 'ADP', 'PROPN', 'PUNCT', 'PRON', 'AUX', 'DET', 'VERB', 'NOUN', 'PUNCT', 'SCONJ', 'PRON', 'VERB', 'DET', 'NOUN', 'PUNCT', 'DET', 'NOUN', 'AUX', 'DET', 'AUX', 'VERB', 'PUNCT', 'PRON', 'AUX', 'AUX', 'ADV', 'PUNCT']","['the museum', 'easy free parking', 'entry', 'our first guide', ""the children's exhibit"", 'paintings', 'the groundfloor', 'the 1st, 2nd and third floors', 'the history', 'the baja', 'each floor', 'their own expert', 'the exhibits', 'passion', 'all guides', 'english', 'which', 'an added bonus', 'you', 'the baja', 'this museum', 'we']","[{'text': 'first', 'label': 'ORDINAL'}, {'text': 'the 1st, 2nd', 'label': 'DATE'}, {'text': 'third', 'label': 'ORDINAL'}, {'text': 'english', 'label': 'LANGUAGE'}]",0.043478260869565216
48880,5.0,i wish i d had more time. i especially loved the cat at the door,"['PRON', 'VERB', 'PRON', 'NOUN', 'VERB', 'ADJ', 'NOUN', 'PUNCT', 'PRON', 'ADV', 'VERB', 'DET', 'NOUN', 'ADP', 'DET', 'NOUN', 'PUNCT']","['i', 'i', 'd', 'more time', 'i', 'the cat', 'the door']",[],0.0
48882,4.0,"i thought that this was a very nice little museum. in the interest of full disclosure i am a total nerd. we went on a sunday closed monday the cost was 75 pesos  5 and well worth it. the descriptions for each of the exhibits were quite informative, and the content was good. the descriptions were in spanish, but if you use the qr codes on most of the signs then there are good english translations. there are exhibits on prehistory early habitation, colonial period, and through the various revolutions. i do wish there was more geology, but that is a personal taste. recommended, if you like museums more than beer and need to escape the sun for a couple of hour s.","['PRON', 'VERB', 'SCONJ', 'PRON', 'AUX', 'DET', 'ADV', 'ADJ', 'ADJ', 'NOUN', 'PUNCT', 'ADP', 'DET', 'NOUN', 'ADP', 'ADJ', 'NOUN', 'PRON', 'AUX', 'DET', 'ADJ', 'NOUN', 'PUNCT', 'PRON', 'VERB', 'ADP', 'DET', 'PROPN', 'PUNCT', 'PROPN', 'PROPN', 'PUNCT', 'PUNCT', 'DET', 'NOUN', 'AUX', 'NUM', 'NOUN', 'PUNCT', 'NUM', 'PUNCT', 'CCONJ', 'ADV', 'ADJ', 'PRON', 'PUNCT', 'DET', 'NOUN', 'ADP', 'PRON', 'ADP', 'DET', 'NOUN', 'AUX', 'ADV', 'ADJ', 'PUNCT', 'CCONJ', 'DET', 'NOUN', 'AUX', 'ADJ', 'PUNCT', 'DET', 'NOUN', 'AUX', 'ADP', 'NOUN', 'PUNCT', 'CCONJ', 'SCONJ', 'PRON', 'VERB', 'DET', 'ADJ', 'NOUN', 'ADP', 'ADJ', 'ADP', 'DET', 'NOUN', 'ADV', 'PRON', 'VERB', 'ADJ', 'ADJ', 'NOUN', 'PUNCT', 'PRON', 'VERB', 'NOUN', 'ADP', 'ADJ', 'ADJ', 'NOUN', 'PUNCT', 'NOUN', 'NOUN', 'PUNCT', 'CCONJ', 'ADP', 'DET', 'ADJ', 'NOUN', 'PUNCT', 'PRON', 'AUX', 'VERB', 'PRON', 'VERB', 'ADJ', 'NOUN', 'PUNCT', 'CCONJ', 'PRON', 'AUX', 'DET', 'ADJ', 'NOUN', 'PUNCT', 'VERB', 'PUNCT', 'SCONJ', 'PRON', 'VERB', 'NOUN', 'ADJ', 'ADP', 'NOUN', 'CCONJ', 'VERB', 'PART', 'VERB', 'DET', 'NOUN', 'ADP', 'DET', 'NOUN', 'ADP', 'NOUN', 'PROPN']","['i', 'this', 'a very nice little museum', 'the interest', 'full disclosure', 'i', 'a total nerd', 'we', 'the cost', '75 pesos', 'the descriptions', 'each', 'the exhibits', 'the content', 'the descriptions', 'spanish', 'you', 'the qr codes', 'the signs', 'good english translations', 'exhibits', 'prehistory early habitation', 'colonial period', 'the various revolutions', 'i', 'more geology', 'that', 'a personal taste', 'you', 'museums', 'beer', 'the sun', 'a couple', 'hour']","[{'text': 'sunday', 'label': 'DATE'}, {'text': 'monday', 'label': 'DATE'}, {'text': '75', 'label': 'CARDINAL'}, {'text': '5', 'label': 'CARDINAL'}, {'text': 'spanish', 'label': 'LANGUAGE'}, {'text': 'english', 'label': 'LANGUAGE'}, {'text': 'a couple of hour', 'label': 'TIME'}]",0.04964539007092199
48892,4.0,small but informative. the museum suprise me with their wheel chair accessibility,"['ADJ', 'CCONJ', 'ADJ', 'PUNCT', 'DET', 'NOUN', 'VERB', 'PRON', 'ADP', 'PRON', 'NOUN', 'NOUN', 'NOUN', 'PUNCT']","['the museum', 'me', 'their wheel chair accessibility']",[],0.0
48899,5.0,"great museum. not too large, not too small, very informative especially if you have a good guide.","['ADJ', 'NOUN', 'PUNCT', 'PART', 'ADV', 'ADJ', 'PUNCT', 'PART', 'ADV', 'ADJ', 'PUNCT', 'ADV', 'ADJ', 'ADV', 'SCONJ', 'PRON', 'VERB', 'DET', 'ADJ', 'NOUN', 'PUNCT']","['great museum', 'you', 'a good guide']",[],0.0
48900,4.0,nicely done museum. all in spanish so take your cell phone to use their qr option for english.,"['ADV', 'VERB', 'NOUN', 'PUNCT', 'PRON', 'ADP', 'NOUN', 'ADV', 'VERB', 'PRON', 'NOUN', 'NOUN', 'PART', 'VERB', 'PRON', 'ADJ', 'NOUN', 'ADP', 'PROPN', 'PUNCT']","['museum', 'spanish', 'your cell phone', 'their qr option', 'english']","[{'text': 'spanish', 'label': 'LANGUAGE'}, {'text': 'english', 'label': 'LANGUAGE'}]",0.1
48902,5.0,very good place to get an overview of baja history,"['ADV', 'ADJ', 'NOUN', 'PART', 'VERB', 'DET', 'NOUN', 'ADP', 'NOUN', 'NOUN']","['very good place', 'an overview', 'baja history']",[],0.0
48910,4.0,interesting local history.,"['ADJ', 'ADJ', 'NOUN', 'PUNCT']",['interesting local history'],[],0.0
48911,5.0,"fabulous space, well laid out, great background on the area.","['ADJ', 'NOUN', 'PUNCT', 'ADV', 'VERB', 'ADP', 'PUNCT', 'ADJ', 'NOUN', 'ADP', 'DET', 'NOUN', 'PUNCT']","['fabulous space', 'great background', 'the area']",[],0.0
48917,1.0,we went to visit last friday jan 5th 2024 at 315 pm. unfortunately doors were locked with no signs posted about closing early. the security guard approached us to let us know he could not let us since they were closed and the lady inside at the main counter confirmed it. i argued they had different closing time online wich they replied it was not the right info and they were closing at 4 pm. i told them we were coming from far away and it was 315 pm if possible please give is the chance it wouldnt take us longer than 30 min to finish the tour but they did not let us in. we stayed there outside with the children and realized lady at the desk went out the building 5 min after denying our entry so figured she had to do some personal errands. she came back a few minutes before 400 pm and posted the closed sign but still there were visitors coming out the museum after 4. horrible experience for the kids who were excited to see the museum and very irresponsible workers and false online information. thanks,"['PRON', 'VERB', 'PART', 'VERB', 'ADJ', 'PROPN', 'PROPN', 'PROPN', 'NUM', 'ADP', 'NUM', 'NOUN', 'PUNCT', 'ADV', 'NOUN', 'AUX', 'VERB', 'ADP', 'DET', 'NOUN', 'VERB', 'ADP', 'VERB', 'ADV', 'PUNCT', 'DET', 'NOUN', 'NOUN', 'VERB', 'PRON', 'PART', 'VERB', 'PRON', 'VERB', 'PRON', 'AUX', 'PART', 'VERB', 'PRON', 'SCONJ', 'PRON', 'AUX', 'VERB', 'CCONJ', 'DET', 'NOUN', 'ADV', 'ADP', 'DET', 'ADJ', 'NOUN', 'VERB', 'PRON', 'PUNCT', 'PRON', 'VERB', 'PRON', 'VERB', 'ADJ', 'NOUN', 'NOUN', 'ADV', 'NOUN', 'PRON', 'VERB', 'PRON', 'AUX', 'PART', 'DET', 'ADJ', 'NOUN', 'CCONJ', 'PRON', 'AUX', 'VERB', 'ADP', 'NUM', 'NOUN', 'PUNCT', 'PRON', 'VERB', 'PRON', 'PRON', 'AUX', 'VERB', 'ADP', 'ADV', 'ADV', 'CCONJ', 'PRON', 'AUX', 'NUM', 'NOUN', 'SCONJ', 'ADJ', 'INTJ', 'VERB', 'AUX', 'DET', 'NOUN', 'PRON', 'AUX', 'PART', 'VERB', 'PRON', 'ADJ', 'ADP', 'NUM', 'NOUN', 'PART', 'VERB', 'DET', 'NOUN', 'CCONJ', 'PRON', 'AUX', 'PART', 'VERB', 'PRON', 'ADP', 'PUNCT', 'PRON', 'VERB', 'ADV', 'ADV', 'ADP', 'DET', 'NOUN', 'CCONJ', 'VERB', 'NOUN', 'ADP', 'DET', 'NOUN', 'VERB', 'ADP', 'DET', 'NOUN', 'NUM', 'NOUN', 'ADP', 'VERB', 'PRON', 'NOUN', 'ADV', 'VERB', 'PRON', 'VERB', 'PART', 'VERB', 'DET', 'ADJ', 'NOUN', 'PUNCT', 'PRON', 'VERB', 'ADV', 'DET', 'ADJ', 'NOUN', 'ADP', 'NUM', 'NOUN', 'CCONJ', 'VERB', 'DET', 'ADJ', 'NOUN', 'CCONJ', 'ADV', 'PRON', 'VERB', 'NOUN', 'VERB', 'ADP', 'DET', 'NOUN', 'ADP', 'NUM', 'NOUN', 'ADJ', 'NOUN', 'ADP', 'DET', 'NOUN', 'PRON', 'AUX', 'ADJ', 'PART', 'VERB', 'DET', 'NOUN', 'CCONJ', 'ADV', 'ADJ', 'NOUN', 'CCONJ', 'ADJ', 'ADJ', 'NOUN', 'PUNCT', 'NOUN']","['we', '3:15 pm', 'doors', 'no signs', 'the security guard', 'us', 'us', 'he', 'us', 'they', 'the lady', 'the main counter', 'it', 'i', 'they', 'different closing time', 'they', 'it', 'the right info', 'they', '4 pm', 'i', 'them', 'we', 'it', '3:15 pm', 'the chance', 'it', 'us', '30 min', 'the tour', 'they', 'us', 'we', 'the children', 'lady', 'the desk', 'the building', 'our entry', 'she', 'some personal errands', 'she', '4:00 pm', 'the closed sign', 'visitors', 'the museum', '4. horrible experience', 'the kids', 'who', 'the museum', 'very irresponsible workers', 'false online information', 'thanks']","[{'text': 'last friday jan 5th 2024', 'label': 'DATE'}, {'text': '3:15 pm', 'label': 'TIME'}, {'text': '4 pm', 'label': 'TIME'}, {'text': '3:15 pm', 'label': 'TIME'}, {'text': 'longer than 30', 'label': 'CARDINAL'}, {'text': '5', 'label': 'CARDINAL'}, {'text': 'a few minutes before 4:00 pm', 'label': 'TIME'}, {'text': '4', 'label': 'CARDINAL'}]",0.039603960396039604
48924,5.0,"i was pleasantly surprised by their exhibits, artifacts, and artwork. there are 3 floors, and each floor is a different time period in history. starting with the natives culture lifestyles to the spanish influence history to the founders of the country. all were very well depicted made it easy to follow. the staff was very friendly helpful as well.","['PRON', 'AUX', 'ADV', 'VERB', 'ADP', 'PRON', 'NOUN', 'PUNCT', 'NOUN', 'PUNCT', 'CCONJ', 'NOUN', 'PUNCT', 'PRON', 'VERB', 'NUM', 'NOUN', 'PUNCT', 'CCONJ', 'DET', 'NOUN', 'AUX', 'DET', 'ADJ', 'NOUN', 'NOUN', 'ADP', 'NOUN', 'PUNCT', 'VERB', 'ADP', 'DET', 'NOUN', 'NOUN', 'NOUN', 'ADP', 'DET', 'ADJ', 'NOUN', 'NOUN', 'ADP', 'DET', 'NOUN', 'ADP', 'DET', 'NOUN', 'PUNCT', 'PRON', 'AUX', 'ADV', 'ADV', 'VERB', 'VERB', 'PRON', 'ADJ', 'PART', 'VERB', 'PUNCT', 'DET', 'NOUN', 'AUX', 'ADV', 'ADJ', 'ADJ', 'ADP', 'ADV', 'PUNCT']","['i', 'their exhibits', 'artifacts', 'artwork', '3 floors', 'each floor', 'a different time period', 'history', 'the natives culture lifestyles', 'the spanish influence history', 'the founders', 'the country', 'all', 'it', 'the staff']","[{'text': '3', 'label': 'CARDINAL'}, {'text': 'spanish', 'label': 'NORP'}]",0.029850746268656716
48926,4.0,its is not free despite what people say. it is 70 pesos to enter. bring small bills,"['PRON', 'AUX', 'AUX', 'PART', 'ADJ', 'SCONJ', 'PRON', 'NOUN', 'VERB', 'PUNCT', 'PRON', 'AUX', 'NUM', 'NOUN', 'PART', 'VERB', 'PUNCT', 'VERB', 'ADJ', 'NOUN']","['it', 'what', 'people', 'it', '70 pesos', 'small bills']","[{'text': '70', 'label': 'CARDINAL'}]",0.05
48929,5.0,"we enjoyed the displays so much. although most commentary was on spanish, it helped us out together sever as l pieces from our visit to baja. we spent about 1.5 hours and loved seeing the pictures of the cave paintings and the models of how people lived through the ages.","['PRON', 'VERB', 'DET', 'NOUN', 'ADV', 'ADV', 'PUNCT', 'SCONJ', 'ADJ', 'NOUN', 'AUX', 'ADP', 'NOUN', 'PUNCT', 'PRON', 'VERB', 'PRON', 'ADP', 'ADV', 'NOUN', 'ADP', 'NOUN', 'NOUN', 'ADP', 'PRON', 'NOUN', 'ADP', 'NOUN', 'PUNCT', 'PRON', 'VERB', 'ADV', 'NUM', 'NOUN', 'CCONJ', 'VERB', 'VERB', 'DET', 'NOUN', 'ADP', 'DET', 'NOUN', 'NOUN', 'CCONJ', 'DET', 'NOUN', 'ADP', 'SCONJ', 'NOUN', 'VERB', 'ADP', 'DET', 'NOUN', 'PUNCT']","['we', 'the displays', 'most commentary', 'spanish', 'it', 'us', 'l pieces', 'our visit', 'baja', 'we', 'about 1.5 hours', 'the pictures', 'the cave paintings', 'the models', 'people', 'the ages']","[{'text': 'spanish', 'label': 'LANGUAGE'}, {'text': 'baja', 'label': 'GPE'}, {'text': 'about 1.5 hours', 'label': 'TIME'}]",0.05555555555555555
48944,5.0,"if you are new to the whole baja california sur experience, then you should visit this museum. i contains permanent expositions about the geologic origins of the peninsula. it also shows the history of the original inhabitants all the way from cave paintings to prehispanic people. then the colony and the independence movement in the region, including the multiple annexation attempts. most of the time there are also itinerant art expositions. its a great place to spend half a day","['SCONJ', 'PRON', 'AUX', 'ADJ', 'ADP', 'DET', 'ADJ', 'PUNCT', 'PROPN', 'PROPN', 'PROPN', 'PUNCT', 'NOUN', 'PUNCT', 'ADV', 'PRON', 'AUX', 'VERB', 'DET', 'NOUN', 'PUNCT', 'PRON', 'VERB', 'ADJ', 'NOUN', 'ADP', 'DET', 'ADJ', 'NOUN', 'ADP', 'DET', 'NOUN', 'PUNCT', 'PRON', 'ADV', 'VERB', 'DET', 'NOUN', 'ADP', 'DET', 'ADJ', 'NOUN', 'DET', 'DET', 'NOUN', 'ADP', 'VERB', 'NOUN', 'AUX', 'VERB', 'NOUN', 'PUNCT', 'ADV', 'DET', 'NOUN', 'CCONJ', 'DET', 'NOUN', 'NOUN', 'ADP', 'DET', 'NOUN', 'PUNCT', 'VERB', 'DET', 'ADJ', 'NOUN', 'NOUN', 'PUNCT', 'ADJ', 'ADP', 'DET', 'NOUN', 'PRON', 'VERB', 'ADV', 'ADJ', 'NOUN', 'NOUN', 'PUNCT', 'PRON', 'AUX', 'DET', 'ADJ', 'NOUN', 'PART', 'VERB', 'DET', 'DET', 'NOUN']","['you', 'the whole ""baja california sur\' experience', 'you', 'this museum', 'i', 'permanent expositions', 'the geologic origins', 'the peninsula', 'it', 'the history', 'the original inhabitants', 'paintings', 'people', 'then the colony', 'the independence movement', 'the region', 'the multiple annexation attempts', 'the time', 'itinerant art expositions', 'it', 'a great place']","[{'text': ""california sur'"", 'label': 'ORG'}, {'text': 'half a day', 'label': 'DATE'}]",0.022222222222222223
48950,1.0,"children enter free. adult entrance is at 70 pesos and goes up. i dont understand why everyone says its free admission. the man at check in said its free for everyone on sundays but the language he used hinted that locals are the ones that are free on sundays. admission unclarity aside the art exhibit located in the ground floor is probably the best part of the whole exhibit. the rest of the museum is filled with mediocre at best replicas and the problematic and ignorant language still used to describe the indigenous peoples and historic events continues the inaccurate and heartbreaking falsehoods that are regurgitating in museums like this, depicting colonizers and religious genocide and extermination of a peoples as discoveries and explorers only makes it palatable for a very specific and ignorant audience and again sugar coats the reality. overall the museum is sadly a waste of opportunity. we left feeling ripped off.","['NOUN', 'VERB', 'ADJ', 'PUNCT', 'NOUN', 'NOUN', 'AUX', 'ADP', 'NUM', 'NOUN', 'CCONJ', 'VERB', 'ADP', 'PUNCT', 'PRON', 'AUX', 'PART', 'VERB', 'SCONJ', 'PRON', 'VERB', 'PRON', 'AUX', 'ADJ', 'NOUN', 'PUNCT', 'DET', 'NOUN', 'ADP', 'NOUN', 'ADP', 'VERB', 'PRON', 'AUX', 'ADJ', 'ADP', 'PRON', 'ADP', 'NOUN', 'CCONJ', 'DET', 'NOUN', 'PRON', 'VERB', 'VERB', 'SCONJ', 'NOUN', 'AUX', 'DET', 'NOUN', 'PRON', 'AUX', 'ADJ', 'ADP', 'NOUN', 'PUNCT', 'NOUN', 'NOUN', 'ADP', 'DET', 'NOUN', 'NOUN', 'VERB', 'ADP', 'DET', 'NOUN', 'NOUN', 'AUX', 'ADV', 'DET', 'ADJ', 'NOUN', 'ADP', 'DET', 'ADJ', 'NOUN', 'PUNCT', 'DET', 'NOUN', 'ADP', 'DET', 'NOUN', 'AUX', 'VERB', 'ADP', 'NOUN', 'ADP', 'ADJ', 'NOUN', 'CCONJ', 'DET', 'ADJ', 'CCONJ', 'ADJ', 'NOUN', 'ADV', 'VERB', 'PART', 'VERB', 'DET', 'ADJ', 'NOUN', 'CCONJ', 'ADJ', 'NOUN', 'VERB', 'DET', 'ADJ', 'CCONJ', 'ADJ', 'NOUN', 'PRON', 'AUX', 'VERB', 'ADP', 'NOUN', 'ADP', 'PRON', 'PUNCT', 'VERB', 'NOUN', 'CCONJ', 'ADJ', 'NOUN', 'CCONJ', 'NOUN', 'ADP', 'DET', 'NOUN', 'ADP', 'PUNCT', 'NOUN', 'PUNCT', 'CCONJ', 'PUNCT', 'NOUN', 'PUNCT', 'ADV', 'VERB', 'PRON', 'ADJ', 'ADP', 'DET', 'ADV', 'ADJ', 'CCONJ', 'ADJ', 'NOUN', 'CCONJ', 'ADV', 'NOUN', 'NOUN', 'DET', 'NOUN', 'PUNCT', 'ADV', 'DET', 'NOUN', 'AUX', 'ADV', 'DET', 'NOUN', 'ADP', 'NOUN', 'PUNCT', 'PRON', 'VERB', 'VERB', 'VERB', 'ADP', 'PUNCT']","['children', 'adult entrance', '70 pesos', 'i', 'everyone', 'it', 'free admission', 'the man', 'check', 'it', 'everyone', 'sundays', 'the language', 'he', 'locals', 'the ones', 'that', 'sundays', 'admission unclarity', 'the art exhibit', 'the ground floor', 'the best part', 'the whole exhibit', 'the rest', 'the museum', 'mediocre', 'best replicas', 'the problematic and ignorant language', 'the indigenous peoples', 'historic events', 'the inaccurate and heartbreaking falsehoods', 'that', 'museums', 'this', 'colonizers', 'religious genocide', 'extermination', 'a peoples', '""discoveries', '""explorers', 'it', 'a very specific and ignorant audience', 'again sugar coats', 'the museum', 'a waste', 'opportunity', 'we']","[{'text': '70', 'label': 'CARDINAL'}, {'text': 'sundays', 'label': 'DATE'}]",0.011695906432748537
48961,5.0,excellent little museum. air conditioned clean and was blocks away from where we were staying. there is no entrance fee but a donation is always a good thing.,"['ADJ', 'ADJ', 'NOUN', 'PUNCT', 'NOUN', 'VERB', 'ADJ', 'CCONJ', 'AUX', 'NOUN', 'ADV', 'ADP', 'SCONJ', 'PRON', 'AUX', 'VERB', 'PUNCT', 'PRON', 'VERB', 'DET', 'NOUN', 'NOUN', 'CCONJ', 'DET', 'NOUN', 'AUX', 'ADV', 'DET', 'ADJ', 'NOUN', 'PUNCT']","['excellent little museum', 'air', 'we', 'no entrance fee', 'a donation', 'a good thing']","[{'text': 'air conditioned', 'label': 'ORG'}]",0.03225806451612903
48962,3.0,"if you can not read spanish, bring your phone with translate. nothing to write home about. a basic anthropology museum. there was a section set apart for local artists and their paintings.","['SCONJ', 'PRON', 'AUX', 'PART', 'VERB', 'NOUN', 'PUNCT', 'VERB', 'PRON', 'NOUN', 'ADP', 'NOUN', 'PUNCT', 'PRON', 'PART', 'VERB', 'NOUN', 'ADP', 'PUNCT', 'DET', 'ADJ', 'NOUN', 'NOUN', 'PUNCT', 'PRON', 'VERB', 'DET', 'NOUN', 'VERB', 'ADV', 'ADP', 'ADJ', 'NOUN', 'CCONJ', 'PRON', 'NOUN', 'PUNCT']","['you', 'spanish', 'your phone', 'translate', 'nothing', 'home', 'a basic anthropology museum', 'a section', 'local artists', 'their paintings']","[{'text': 'spanish', 'label': 'NORP'}]",0.02702702702702703
48970,5.0,nice experience and the works spoke to me.,"['ADJ', 'NOUN', 'CCONJ', 'DET', 'NOUN', 'VERB', 'ADP', 'PRON', 'PUNCT']","['nice experience', 'the works', 'me']",[],0.0
48972,5.0,great museum well done and informative. i think you gave a great and fair representation of the mission period. i love how it was organized by the different time periods. a treasure for your city,"['ADJ', 'NOUN', 'PUNCT', 'PUNCT', 'PUNCT', 'INTJ', 'VERB', 'CCONJ', 'ADJ', 'PUNCT', 'PRON', 'VERB', 'PRON', 'VERB', 'DET', 'ADJ', 'CCONJ', 'ADJ', 'NOUN', 'ADP', 'DET', 'NOUN', 'NOUN', 'PUNCT', 'PRON', 'VERB', 'SCONJ', 'PRON', 'AUX', 'VERB', 'ADP', 'DET', 'ADJ', 'NOUN', 'NOUN', 'PUNCT', 'DET', 'NOUN', 'ADP', 'PRON', 'NOUN']","['great museum', 'i', 'you', 'a great and fair representation', 'the mission period', 'i', 'it', 'the different time periods', 'a treasure', 'your city']",[],0.0
48975,5.0,we really enjoyed our visit to this museum. we learned a lot about the culture and history of baja california. we were very impressed with the guide levi as he is extremely knowledgeable and helped us to learn as went along. we also met a volunteer daniela who provided additional information. everyone was very friendly and welcoming. this museum exceeded our expectations. gracias,"['PRON', 'ADV', 'VERB', 'PRON', 'NOUN', 'ADP', 'DET', 'NOUN', 'PUNCT', 'PRON', 'VERB', 'DET', 'NOUN', 'ADP', 'DET', 'NOUN', 'CCONJ', 'NOUN', 'ADP', 'PROPN', 'PROPN', 'PUNCT', 'PRON', 'AUX', 'ADV', 'ADJ', 'ADP', 'DET', 'NOUN', 'NOUN', 'SCONJ', 'PRON', 'AUX', 'ADV', 'ADJ', 'CCONJ', 'VERB', 'PRON', 'PART', 'VERB', 'SCONJ', 'VERB', 'ADV', 'PUNCT', 'PRON', 'ADV', 'VERB', 'DET', 'NOUN', 'NOUN', 'PRON', 'VERB', 'ADJ', 'NOUN', 'PUNCT', 'PRON', 'AUX', 'ADV', 'ADJ', 'CCONJ', 'ADJ', 'PUNCT', 'DET', 'NOUN', 'VERB', 'PRON', 'NOUN', 'PUNCT', 'NOUN', 'PUNCT']","['we', 'our visit', 'this museum', 'we', 'a lot', 'the culture', 'history', 'baja california', 'we', 'the guide levi', 'he', 'us', 'we', 'a volunteer daniela', 'who', 'additional information', 'everyone', 'this museum', 'our expectations', 'gracias']","[{'text': 'california', 'label': 'GPE'}]",0.014285714285714285
48994,4.0,interesting. thank god for google translate,"['ADJ', 'PUNCT', 'VERB', 'PROPN', 'ADP', 'PROPN', 'NOUN', 'PUNCT']","['god', 'google translate']",[],0.0
49002,5.0,"walked through the permanent and temporary exhibitions located on three levels. lots of real and recreated artifacts and museum like items to see, as well as a wellinformed guide, which added to our experience.","['VERB', 'ADP', 'DET', 'ADJ', 'CCONJ', 'ADJ', 'NOUN', 'VERB', 'ADP', 'NUM', 'NOUN', 'PUNCT', 'NOUN', 'ADP', 'ADJ', 'CCONJ', 'ADJ', 'NOUN', 'CCONJ', 'NOUN', 'ADP', 'NOUN', 'PART', 'VERB', 'PUNCT', 'ADV', 'ADV', 'ADP', 'DET', 'ADV', 'PUNCT', 'VERB', 'NOUN', 'PUNCT', 'PRON', 'VERB', 'ADP', 'PRON', 'NOUN', 'PUNCT']","['the permanent and temporary exhibitions', 'three levels', 'lots', 'real and recreated artifacts', 'museum', 'items', 'a well-informed guide', 'which', 'our experience']","[{'text': 'three', 'label': 'CARDINAL'}]",0.025
49005,5.0,great artifacts from the whole history of baja california. signs are only in spanish so be prepared to translate them to get the full understanding of the rich history.,"['ADJ', 'NOUN', 'ADP', 'DET', 'ADJ', 'NOUN', 'ADP', 'PROPN', 'PROPN', 'PUNCT', 'NOUN', 'AUX', 'ADV', 'ADP', 'NOUN', 'ADV', 'AUX', 'ADJ', 'PART', 'VERB', 'PRON', 'PART', 'VERB', 'DET', 'ADJ', 'NOUN', 'ADP', 'DET', 'ADJ', 'NOUN', 'PUNCT']","['great artifacts', 'the whole history', 'baja california', 'signs', 'spanish', 'them', 'the full understanding', 'the rich history']","[{'text': 'california', 'label': 'GPE'}, {'text': 'spanish', 'label': 'LANGUAGE'}]",0.06451612903225806
49009,5.0,"great staff, nice dioramas and interesting stories. learnt much about local history. much recommend.","['ADJ', 'NOUN', 'PUNCT', 'ADJ', 'NOUN', 'CCONJ', 'ADJ', 'NOUN', 'PUNCT', 'VERB', 'ADV', 'ADP', 'ADJ', 'NOUN', 'PUNCT', 'ADJ', 'NOUN', 'PUNCT']","['great staff', 'nice dioramas', 'interesting stories', 'local history', 'much recommend']",[],0.0
49015,5.0,"this museum was amazing to visit. we had levi tour us around and share the stories and facts about the history in this region. it was so educational and our group really enjoyed listening and learning. the artifacts and exhibits were so well done and shown. we loved the experience, and reflected long after about how amazing it was. this is a must visit attraction in la paz. levi was so great at answering questions and sharing details that fascinated our group. would return for sure","['DET', 'NOUN', 'AUX', 'ADJ', 'PART', 'VERB', 'PUNCT', 'PRON', 'VERB', 'NOUN', 'VERB', 'PRON', 'ADV', 'CCONJ', 'VERB', 'DET', 'NOUN', 'CCONJ', 'NOUN', 'ADP', 'DET', 'NOUN', 'ADP', 'DET', 'NOUN', 'PUNCT', 'PRON', 'AUX', 'ADV', 'ADJ', 'CCONJ', 'PRON', 'NOUN', 'ADV', 'VERB', 'VERB', 'CCONJ', 'NOUN', 'PUNCT', 'DET', 'NOUN', 'CCONJ', 'NOUN', 'AUX', 'ADV', 'ADV', 'VERB', 'CCONJ', 'VERB', 'PUNCT', 'PRON', 'VERB', 'DET', 'NOUN', 'PUNCT', 'CCONJ', 'VERB', 'ADV', 'ADP', 'ADP', 'SCONJ', 'ADJ', 'PRON', 'AUX', 'PUNCT', 'PRON', 'AUX', 'DET', 'AUX', 'VERB', 'NOUN', 'ADP', 'PROPN', 'PROPN', 'PUNCT', 'PROPN', 'AUX', 'ADV', 'ADJ', 'ADP', 'VERB', 'NOUN', 'CCONJ', 'VERB', 'NOUN', 'PRON', 'VERB', 'PRON', 'NOUN', 'PUNCT', 'AUX', 'VERB', 'ADP', 'ADJ', 'PUNCT']","['this museum', 'we', 'levi', 'us', 'the stories', 'facts', 'the history', 'this region', 'it', 'our group', 'the artifacts', 'exhibits', 'we', 'the experience', 'it', 'this', 'attraction', 'la paz', 'levi', 'questions', 'details', 'that', 'our group']","[{'text': 'la paz', 'label': 'FAC'}, {'text': 'levi', 'label': 'PERSON'}]",0.021052631578947368
49022,5.0,la paz has only a few museums but all are worth visiting. the museum of anthropology and history of baja california sur tells the story of the baja peninsula going back 1000s of years up to the 20th century through interesting and engaging displays. the location is a doable walk from the malecón and is and enjoyable 90 minute visit.,"['PROPN', 'PROPN', 'VERB', 'ADV', 'DET', 'ADJ', 'NOUN', 'CCONJ', 'PRON', 'AUX', 'ADJ', 'VERB', 'PUNCT', 'DET', 'PROPN', 'ADP', 'NOUN', 'CCONJ', 'NOUN', 'ADP', 'PROPN', 'PROPN', 'PROPN', 'VERB', 'DET', 'NOUN', 'ADP', 'DET', 'NOUN', 'NOUN', 'VERB', 'ADV', 'NOUN', 'ADP', 'NOUN', 'ADP', 'ADP', 'DET', 'ADJ', 'NOUN', 'ADP', 'ADJ', 'CCONJ', 'ADJ', 'NOUN', 'PUNCT', 'DET', 'NOUN', 'AUX', 'DET', 'ADJ', 'NOUN', 'ADP', 'DET', 'NOUN', 'CCONJ', 'AUX', 'CCONJ', 'ADJ', 'NUM', 'NOUN', 'NOUN', 'PUNCT']","['la paz', 'only a few museums', 'all', 'the museum', 'anthropology', 'history', 'baja california sur', 'the story', 'the baja peninsula', 'back 1000s', 'years', 'the 20th century', 'interesting and engaging displays', 'the location', 'a doable walk', 'the malecón', 'enjoyable 90 minute visit']","[{'text': 'la paz', 'label': 'PERSON'}, {'text': 'the museum of anthropology', 'label': 'ORG'}, {'text': 'baja', 'label': 'GPE'}, {'text': 'california', 'label': 'GPE'}, {'text': 'the 20th century', 'label': 'DATE'}, {'text': '90 minute', 'label': 'TIME'}]",0.09523809523809523
49034,4.0,id recommend this museum only if youre really interested in the history of the region. there are interesting artifacts and historical cultural displays.,"['PRON', 'AUX', 'VERB', 'DET', 'NOUN', 'ADV', 'SCONJ', 'PRON', 'AUX', 'ADV', 'ADJ', 'ADP', 'DET', 'NOUN', 'ADP', 'DET', 'NOUN', 'PUNCT', 'PRON', 'VERB', 'ADJ', 'NOUN', 'CCONJ', 'ADJ', 'ADJ', 'NOUN', 'PUNCT']","['i', 'this museum', 'you', 'the history', 'the region', 'interesting artifacts', 'historical cultural displays']",[],0.0
49043,5.0,"no english explanation displayed yet, but the staff there was super nice and provided us a private 30 min tour for free learned a lot from him so glad we made the visit to the museum as our last stop in la paz","['DET', 'ADJ', 'NOUN', 'VERB', 'PUNCT', 'ADV', 'PUNCT', 'PUNCT', 'CCONJ', 'DET', 'NOUN', 'ADV', 'AUX', 'ADV', 'ADJ', 'CCONJ', 'VERB', 'PRON', 'DET', 'ADJ', 'NUM', 'NOUN', 'NOUN', 'ADP', 'ADJ', 'PUNCT', 'VERB', 'DET', 'NOUN', 'ADP', 'PRON', 'PUNCT', 'ADV', 'ADJ', 'PRON', 'VERB', 'DET', 'NOUN', 'ADP', 'DET', 'NOUN', 'ADP', 'PRON', 'ADJ', 'NOUN', 'ADP', 'PROPN', 'NOUN']","['no english explanation', 'the staff', 'us', 'a private 30 min tour', 'a lot', 'him', 'we', 'the visit', 'the museum', 'our last stop', 'la paz']","[{'text': 'english', 'label': 'NORP'}, {'text': '30', 'label': 'CARDINAL'}]",0.041666666666666664
49044,5.0,we enjoyed the glimpse back into the history of baja california sur. the exhibits are well done. was also a great way to practice your spanish as the history is all in spanish.,"['PRON', 'VERB', 'DET', 'NOUN', 'ADV', 'ADP', 'DET', 'NOUN', 'ADP', 'PROPN', 'PROPN', 'PROPN', 'PUNCT', 'DET', 'NOUN', 'AUX', 'ADV', 'VERB', 'PUNCT', 'AUX', 'ADV', 'DET', 'ADJ', 'NOUN', 'PART', 'VERB', 'PRON', 'NOUN', 'SCONJ', 'DET', 'NOUN', 'AUX', 'PRON', 'ADP', 'NOUN', 'PUNCT']","['we', 'the glimpse', 'the history', 'baja california sur', 'the exhibits', 'a great way', 'your spanish', 'the history', 'spanish']","[{'text': 'baja', 'label': 'GPE'}, {'text': 'california', 'label': 'GPE'}, {'text': 'spanish', 'label': 'NORP'}, {'text': 'spanish', 'label': 'LANGUAGE'}]",0.1111111111111111
49046,5.0,"this and the whale museum are my two favorite, mustsee places in la paz. these were the two places which helped to convince me to actually move here due to the quality of the history and science in the exhibits and the tour guides. although you can visit without a guide, it makes an incredible difference to have a local authority ofttimes a history or anthropology student of the local university share not only for more details on the exhibits themselves but for an authentic conversation about the unique history of the baja california peninsula. the history of this area, both geographically, politically, and even religiously are truly different than the rest of mexico and well worth learning about, whether youre just here for a visit or you have lived here all your life.","['PRON', 'CCONJ', 'DET', 'NOUN', 'NOUN', 'AUX', 'PRON', 'NUM', 'ADJ', 'PUNCT', 'AUX', 'PUNCT', 'VERB', 'NOUN', 'ADP', 'PROPN', 'PROPN', 'PUNCT', 'PRON', 'AUX', 'DET', 'NUM', 'NOUN', 'PRON', 'VERB', 'PART', 'VERB', 'PRON', 'PART', 'ADV', 'VERB', 'ADV', 'ADP', 'ADP', 'DET', 'NOUN', 'ADP', 'DET', 'NOUN', 'CCONJ', 'NOUN', 'ADP', 'DET', 'NOUN', 'CCONJ', 'DET', 'NOUN', 'VERB', 'PUNCT', 'SCONJ', 'PRON', 'AUX', 'VERB', 'ADP', 'DET', 'NOUN', 'PUNCT', 'PRON', 'VERB', 'DET', 'ADJ', 'NOUN', 'PART', 'VERB', 'DET', 'ADJ', 'NOUN', 'PUNCT', 'PROPN', 'PUNCT', 'NOUN', 'DET', 'NOUN', 'CCONJ', 'NOUN', 'NOUN', 'ADP', 'DET', 'ADJ', 'NOUN', 'PUNCT', 'VERB', 'PART', 'ADV', 'ADP', 'ADJ', 'NOUN', 'ADP', 'DET', 'NOUN', 'PRON', 'CCONJ', 'ADP', 'DET', 'ADJ', 'NOUN', 'ADP', 'DET', 'ADJ', 'NOUN', 'ADP', 'DET', 'PROPN', 'PROPN', 'PROPN', 'PUNCT', 'DET', 'NOUN', 'ADP', 'DET', 'NOUN', 'PUNCT', 'PRON', 'ADV', 'PUNCT', 'ADV', 'PUNCT', 'CCONJ', 'ADV', 'ADV', 'AUX', 'ADV', 'ADJ', 'ADP', 'DET', 'NOUN', 'ADP', 'PROPN', 'CCONJ', 'ADV', 'ADJ', 'VERB', 'ADP', 'PUNCT', 'SCONJ', 'PRON', 'AUX', 'ADV', 'ADV', 'ADP', 'DET', 'NOUN', 'CCONJ', 'PRON', 'AUX', 'VERB', 'ADV', 'PRON', 'PRON', 'NOUN', 'PUNCT']","['this', 'the whale museum', 'places', 'la paz', 'these', 'the two places', 'which', 'me', 'the quality', 'the history', 'science', 'the exhibits', 'the tour', 'you', 'a guide', 'it', 'an incredible difference', 'a local authority', 'oft', '-times', 'a history', 'anthropology student', 'the local university', 'more details', 'the exhibits', 'themselves', 'an authentic conversation', 'the unique history', 'the baja california peninsula', 'the history', 'this area', 'the rest', 'mexico', 'you', 'a visit', 'you']","[{'text': 'two', 'label': 'CARDINAL'}, {'text': 'two', 'label': 'CARDINAL'}, {'text': 'the baja', 'label': 'GPE'}, {'text': 'california', 'label': 'GPE'}, {'text': 'mexico', 'label': 'GPE'}]",0.033112582781456956
49067,5.0,very nice guided tour the director gave us a very good talk at each area of the museum.,"['ADV', 'ADJ', 'VERB', 'NOUN', 'PUNCT', 'PUNCT', 'DET', 'NOUN', 'VERB', 'PRON', 'DET', 'ADV', 'ADJ', 'NOUN', 'ADP', 'DET', 'NOUN', 'ADP', 'DET', 'NOUN', 'PUNCT']","['very nice guided tour', 'the director', 'us', 'a very good talk', 'each area', 'the museum']",[],0.0
49068,4.0,"tiny museum, but definitely worth a visit to learn much more about the history of the baja peninsula and its people.","['ADJ', 'NOUN', 'PUNCT', 'CCONJ', 'ADV', 'ADJ', 'DET', 'NOUN', 'PART', 'VERB', 'ADV', 'ADJ', 'ADP', 'DET', 'NOUN', 'ADP', 'DET', 'NOUN', 'NOUN', 'CCONJ', 'PRON', 'NOUN', 'PUNCT']","['tiny museum', 'the history', 'the baja peninsula', 'its people']",[],0.0
49079,1.0,"they want to charge us to enter, even tho the sign says over age 50 is free. they said thats not for americans we left","['PRON', 'VERB', 'PART', 'VERB', 'PRON', 'PART', 'VERB', 'PUNCT', 'ADV', 'PROPN', 'DET', 'NOUN', 'VERB', 'ADP', 'NOUN', 'NUM', 'AUX', 'ADJ', 'PUNCT', 'PRON', 'VERB', 'PUNCT', 'PRON', 'AUX', 'PART', 'ADP', 'NOUN', 'PUNCT', 'PUNCT', 'PUNCT', 'PRON', 'VERB']","['they', 'us', 'even tho', 'the sign', 'age', 'they', 'that', 'americans', 'we']","[{'text': 'age 50', 'label': 'DATE'}, {'text': 'americans', 'label': 'NORP'}]",0.0625
49094,5.0,a worthy visit to learn of bcs and its history. friendly and helpful staff.,"['DET', 'ADJ', 'NOUN', 'PART', 'VERB', 'ADP', 'NOUN', 'CCONJ', 'PRON', 'AUX', 'NOUN', 'PUNCT', 'ADJ', 'CCONJ', 'ADJ', 'NOUN', 'PUNCT']","['a worthy visit', 'bcs', 'it', 'history', 'friendly and helpful staff']","[{'text': 'bcs', 'label': 'ORG'}]",0.058823529411764705
49104,3.0,"friendly, helpful staff. museum is about half dedicated to colonial era forward. more of a history and anthropology museum than an anthropology and history museum. native people before spanish contact are portrayed as extremely primitive. learned more about the native people more from wikipedia. the spanish, the jesuits, and founding fathers of the state are extensively covered. colonialism is portrayed positively, no mention of the disease, removals, and cultural language erasure suffered by the original inhabitants. overheard a staff person explain to a canadian visitor that this was because the spanish culture is the culture of mexico and right or wrong they have spain to thank for what they have now. i wasnt aware that this was still a common sentiment in mexico, so i guess thats what i learned here.","['ADJ', 'PUNCT', 'ADJ', 'NOUN', 'PUNCT', 'NOUN', 'AUX', 'ADV', 'ADV', 'ADJ', 'ADP', 'ADJ', 'NOUN', 'ADV', 'PUNCT', 'ADJ', 'ADP', 'DET', 'NOUN', 'CCONJ', 'NOUN', 'NOUN', 'ADP', 'DET', 'NOUN', 'CCONJ', 'NOUN', 'PROPN', 'PUNCT', 'ADJ', 'NOUN', 'ADP', 'ADJ', 'NOUN', 'AUX', 'VERB', 'ADP', 'ADV', 'ADJ', 'PUNCT', 'VERB', 'ADJ', 'ADP', 'DET', 'ADJ', 'NOUN', 'ADV', 'ADP', 'PROPN', 'PUNCT', 'DET', 'NOUN', 'PUNCT', 'DET', 'NOUN', 'PUNCT', 'CCONJ', 'PUNCT', 'VERB', 'NOUN', 'PUNCT', 'ADP', 'DET', 'NOUN', 'AUX', 'ADV', 'VERB', 'PUNCT', 'NOUN', 'AUX', 'VERB', 'ADV', 'PUNCT', 'DET', 'NOUN', 'ADP', 'DET', 'NOUN', 'PUNCT', 'NOUN', 'PUNCT', 'CCONJ', 'ADJ', 'NOUN', 'NOUN', 'VERB', 'ADP', 'DET', 'ADJ', 'NOUN', 'PUNCT', 'VERB', 'DET', 'NOUN', 'NOUN', 'VERB', 'ADP', 'DET', 'ADJ', 'NOUN', 'SCONJ', 'PRON', 'AUX', 'SCONJ', 'DET', 'ADJ', 'NOUN', 'AUX', 'DET', 'NOUN', 'ADP', 'PROPN', 'CCONJ', 'ADJ', 'CCONJ', 'NOUN', 'PRON', 'VERB', 'PROPN', 'PART', 'VERB', 'ADP', 'PRON', 'PRON', 'AUX', 'ADV', 'PUNCT', 'PRON', 'AUX', 'PART', 'ADJ', 'SCONJ', 'PRON', 'AUX', 'ADV', 'DET', 'ADJ', 'NOUN', 'ADP', 'PROPN', 'PUNCT', 'ADV', 'PRON', 'VERB', 'PRON', 'AUX', 'PRON', 'PRON', 'VERB', 'ADV', 'PUNCT']","['friendly, helpful staff', 'museum', 'colonial era', 'a history and anthropology museum', 'an anthropology and history museum', 'native people', 'spanish contact', 'the native people', 'wikipedia', 'the spanish', 'the jesuits', '""founding fathers', 'the state', 'colonialism', 'the disease', 'removals', 'cultural language erasure', 'the original inhabitants', 'a staff person', 'a canadian visitor', 'this', 'the spanish culture', 'the culture', 'mexico', 'wrong', 'they', 'spain', 'what', 'they', 'i', 'this', 'a common sentiment', 'mexico', 'i', 'that', 'what', 'i']","[{'text': 'about half', 'label': 'CARDINAL'}, {'text': 'spanish', 'label': 'NORP'}, {'text': 'spanish', 'label': 'NORP'}, {'text': 'canadian', 'label': 'NORP'}, {'text': 'spanish', 'label': 'NORP'}, {'text': 'mexico', 'label': 'GPE'}, {'text': 'spain', 'label': 'GPE'}, {'text': 'mexico', 'label': 'GPE'}]",0.052980132450331126
49107,4.0,the photographs of cave paintings were the best.,"['DET', 'NOUN', 'ADP', 'NOUN', 'NOUN', 'AUX', 'DET', 'ADJ', 'PUNCT']","['the photographs', 'cave paintings']",[],0.0
49108,4.0,short and sweet local history museum.,"['ADJ', 'CCONJ', 'ADJ', 'ADJ', 'NOUN', 'NOUN', 'PUNCT']",['short and sweet local history museum'],[],0.0
49110,5.0,"wonderfully done in great detail... outstanding docent, highly knowledgeable... attention all gringos all the explanatory posters are in spanish...thats why you need to ask for the docent...you wont be sorry","['ADV', 'VERB', 'ADP', 'ADJ', 'NOUN', 'PUNCT', 'ADJ', 'NOUN', 'PUNCT', 'ADV', 'ADJ', 'PUNCT', 'NOUN', 'DET', 'NOUN', 'PUNCT', 'DET', 'DET', 'ADJ', 'NOUN', 'AUX', 'ADP', 'NOUN', 'PUNCT', 'PRON', 'AUX', 'SCONJ', 'PRON', 'VERB', 'PART', 'VERB', 'ADP', 'DET', 'NOUN', 'PUNCT', 'PRON', 'AUX', 'PART', 'AUX', 'ADJ']","['great detail', 'highly knowledgeable... attention', 'all gringos', 'all the explanatory posters', 'spanish', 'that', 'you', 'the docent', 'you']","[{'text': 'spanish', 'label': 'LANGUAGE'}]",0.025
49111,5.0,"fabulous tour, ruben our guide was very knowledgeable","['ADJ', 'NOUN', 'PUNCT', 'VERB', 'PRON', 'NOUN', 'AUX', 'ADV', 'ADJ', 'PUNCT']",['our guide'],[],0.0
49119,4.0,"nice little local museum about the regional history. i especially liked the cave paintings replica  very cool all descriptions in spanish only, so have your translation app ready if you are not spanish speaking. everyone is super friendly and the museum guides like to share ","['ADJ', 'ADJ', 'ADJ', 'NOUN', 'ADP', 'DET', 'ADJ', 'NOUN', 'PUNCT', 'PRON', 'ADV', 'VERB', 'DET', 'NOUN', 'NOUN', 'NOUN', 'PUNCT', 'ADV', 'ADJ', 'PUNCT', 'DET', 'NOUN', 'ADP', 'ADJ', 'ADV', 'PUNCT', 'ADV', 'VERB', 'PRON', 'NOUN', 'NOUN', 'ADJ', 'SCONJ', 'PRON', 'AUX', 'PART', 'ADJ', 'VERB', 'PUNCT', 'PRON', 'AUX', 'ADV', 'ADJ', 'CCONJ', 'DET', 'NOUN', 'NOUN', 'ADP', 'PART', 'VERB', 'PUNCT']","['nice little local museum', 'the regional history', 'i', 'the cave paintings replica', 'all descriptions', 'your translation app', 'you', 'everyone', 'the museum']","[{'text': 'spanish', 'label': 'NORP'}, {'text': 'spanish', 'label': 'NORP'}]",0.0392156862745098
49123,5.0,"definitely worth a stop if you re in la paz. the museum is well designed and they have volunteer tour guides who are fully fluent in english. you will learn the history of the baja california peninsula, from the first settlers to now. it s truly a wonderful experience.","['ADV', 'ADJ', 'DET', 'NOUN', 'SCONJ', 'PRON', 'VERB', 'ADP', 'PROPN', 'PROPN', 'PUNCT', 'DET', 'NOUN', 'AUX', 'ADV', 'VERB', 'CCONJ', 'PRON', 'VERB', 'NOUN', 'NOUN', 'NOUN', 'PRON', 'AUX', 'ADV', 'ADJ', 'ADP', 'PROPN', 'PUNCT', 'PRON', 'AUX', 'VERB', 'DET', 'NOUN', 'ADP', 'DET', 'PROPN', 'PROPN', 'PROPN', 'PUNCT', 'ADP', 'DET', 'ADJ', 'NOUN', 'ADP', 'ADV', 'PUNCT', 'PRON', 'VERB', 'ADV', 'DET', 'ADJ', 'NOUN', 'PUNCT']","['you', 'la paz', 'the museum', 'they', 'volunteer tour guides', 'who', 'english', 'you', 'the history', 'the baja california peninsula', 'the first settlers', 'it', 'a wonderful experience']","[{'text': 'english', 'label': 'LANGUAGE'}, {'text': 'the baja', 'label': 'GPE'}, {'text': 'california', 'label': 'GPE'}, {'text': 'first', 'label': 'ORDINAL'}]",0.07407407407407407
49138,5.0,"really worth taking the time to go and see while you are visiting la paz. this museum helps uncover all of those questions that arise from spending time in baja california sur  the museum covers the first nations way of life before the settlers missionaries and colonisation. we explored the museum with levi who was outstanding  hands down the best guide i have ever experienced in a museum, his knowledge of mexicos complex history was impeccable and i left feeling so impressed and lucky to have received so much knowledge and insight on the history of baja california sur an mexico at large.","['ADV', 'ADJ', 'VERB', 'DET', 'NOUN', 'PART', 'VERB', 'CCONJ', 'VERB', 'SCONJ', 'PRON', 'AUX', 'VERB', 'ADP', 'PROPN', 'PUNCT', 'DET', 'NOUN', 'VERB', 'VERB', 'PRON', 'ADP', 'DET', 'NOUN', 'PRON', 'VERB', 'ADP', 'VERB', 'NOUN', 'ADP', 'PROPN', 'PROPN', 'PROPN', 'PUNCT', 'DET', 'NOUN', 'VERB', 'DET', 'ADJ', 'NOUN', 'NOUN', 'ADP', 'NOUN', 'ADP', 'DET', 'NOUN', 'NOUN', 'CCONJ', 'NOUN', 'PUNCT', 'PRON', 'VERB', 'DET', 'NOUN', 'ADP', 'PROPN', 'PRON', 'AUX', 'ADJ', 'PUNCT', 'NOUN', 'ADP', 'DET', 'ADJ', 'NOUN', 'PRON', 'AUX', 'ADV', 'VERB', 'ADP', 'DET', 'NOUN', 'PUNCT', 'PRON', 'NOUN', 'ADP', 'PROPN', 'PART', 'ADJ', 'NOUN', 'AUX', 'ADJ', 'CCONJ', 'PRON', 'VERB', 'VERB', 'ADV', 'ADJ', 'CCONJ', 'ADJ', 'PART', 'AUX', 'VERB', 'ADV', 'ADJ', 'NOUN', 'CCONJ', 'NOUN', 'ADP', 'DET', 'NOUN', 'ADP', 'PROPN', 'PROPN', 'PROPN', 'DET', 'NOUN', 'ADP', 'ADJ', 'PUNCT']","['the time', 'you', 'paz', 'this museum', 'all', 'those questions', 'that', 'time', 'baja california', 'sur', 'the museum', 'the first nations way', 'life', 'the settlers missionaries', 'colonisation', 'we', 'the museum', 'levi', 'who', 'the best guide', 'i', 'a museum', 'his knowledge', ""mexico's complex history"", 'i', 'so much knowledge', 'insight', 'the history', 'baja california sur', 'an mexico']","[{'text': 'la paz', 'label': 'FAC'}, {'text': 'baja', 'label': 'GPE'}, {'text': 'california', 'label': 'GPE'}, {'text': 'first', 'label': 'ORDINAL'}, {'text': 'mexico', 'label': 'GPE'}, {'text': 'baja california', 'label': 'FAC'}]",0.05454545454545454
49141,5.0,very nice museum. great cave painting reproductions.,"['ADV', 'ADJ', 'NOUN', 'PUNCT', 'ADJ', 'NOUN', 'VERB', 'NOUN', 'PUNCT']","['very nice museum', 'reproductions']",[],0.0
49158,5.0,"very nice museum about the history of the state, the volunteer guide gave us a very good explanation of the exhibit.","['ADV', 'ADJ', 'NOUN', 'ADP', 'DET', 'NOUN', 'ADP', 'DET', 'NOUN', 'PUNCT', 'DET', 'NOUN', 'NOUN', 'VERB', 'PRON', 'DET', 'ADV', 'ADJ', 'NOUN', 'ADP', 'DET', 'NOUN', 'PUNCT']","['the history', 'the state', 'the volunteer guide', 'us', 'a very good explanation', 'the exhibit']",[],0.0
49167,5.0,it was excellent. loved it.,"['PRON', 'AUX', 'ADJ', 'PUNCT', 'VERB', 'PRON', 'PUNCT']","['it', 'it']",[],0.0
49168,5.0,sadly closed for covid...please post when open again.. gracias,"['ADV', 'VERB', 'ADP', 'NOUN', 'PUNCT', 'INTJ', 'VERB', 'SCONJ', 'ADJ', 'ADV', 'PUNCT', 'NOUN', 'PUNCT']",['covid'],[],0.0
49195,5.0,interesting and historical,"['ADJ', 'CCONJ', 'ADJ']",[],[],0.0
49219,3.0,history 10k bc,"['NOUN', 'NOUN', 'NOUN']",['history 10k'],"[{'text': '10k', 'label': 'DATE'}]",0.3333333333333333
49226,5.0,place is filled with history,"['NOUN', 'AUX', 'VERB', 'ADP', 'NOUN']","['place', 'history']",[],0.0
49227,4.0,admission is mx45. pay at the door. there are actually 4 floors to us americans. nice reproductions of many artifacts and histories.,"['NOUN', 'AUX', 'PROPN', 'PROPN', 'VERB', 'ADP', 'DET', 'NOUN', 'PUNCT', 'PRON', 'VERB', 'ADV', 'NUM', 'NOUN', 'ADP', 'PRON', 'PROPN', 'PUNCT', 'ADJ', 'NOUN', 'ADP', 'ADJ', 'NOUN', 'CCONJ', 'NOUN', 'PUNCT']","['admission', '.', 'the door', '4 floors', 'us americans', 'nice reproductions', 'many artifacts', 'histories']","[{'text': 'mx45', 'label': 'PRODUCT'}, {'text': '4', 'label': 'CARDINAL'}, {'text': 'americans', 'label': 'NORP'}]",0.11538461538461539
49228,5.0,"an impressive small museum covering the history of the area with a bit of art, too. it is all in spanish, but google lens does a fabulous job of translating the posters.","['DET', 'ADJ', 'ADJ', 'NOUN', 'VERB', 'DET', 'NOUN', 'ADP', 'DET', 'NOUN', 'ADP', 'DET', 'NOUN', 'ADP', 'NOUN', 'PUNCT', 'ADV', 'PUNCT', 'PRON', 'AUX', 'PRON', 'ADP', 'NOUN', 'PUNCT', 'CCONJ', 'PROPN', 'PROPN', 'VERB', 'DET', 'ADJ', 'NOUN', 'ADP', 'VERB', 'DET', 'NOUN', 'PUNCT']","['an impressive small museum', 'the history', 'the area', 'a bit', 'art', 'it', 'spanish', 'google lens', 'a fabulous job', 'the posters']","[{'text': 'spanish', 'label': 'LANGUAGE'}, {'text': 'google', 'label': 'ORG'}]",0.05555555555555555
49229,5.0,very interesting history of baja california,"['ADV', 'ADJ', 'NOUN', 'ADP', 'PROPN', 'PROPN']","['very interesting history', 'baja california']","[{'text': 'california', 'label': 'GPE'}]",0.16666666666666666
49238,3.0,"all signage and explanations were in spanish. no english, hard to understand everything.","['DET', 'NOUN', 'CCONJ', 'NOUN', 'AUX', 'ADP', 'NOUN', 'PUNCT', 'DET', 'PROPN', 'PUNCT', 'ADJ', 'PART', 'VERB', 'PRON', 'PUNCT']","['all signage', 'explanations', 'spanish', 'no english', 'everything']","[{'text': 'spanish', 'label': 'LANGUAGE'}, {'text': 'english', 'label': 'LANGUAGE'}]",0.125
49256,5.0,"fabulous presentation of many eras of the baja past. the staff is very friendly, and they brought out their best english translator just for us.","['ADJ', 'NOUN', 'ADP', 'ADJ', 'NOUN', 'ADP', 'DET', 'NOUN', 'NOUN', 'PUNCT', 'DET', 'NOUN', 'AUX', 'ADV', 'ADJ', 'PUNCT', 'CCONJ', 'PRON', 'VERB', 'ADP', 'PRON', 'ADJ', 'ADJ', 'NOUN', 'ADV', 'ADP', 'PRON', 'PUNCT']","['fabulous presentation', 'many eras', 'the baja past', 'the staff', 'they', 'their best english translator', 'us']","[{'text': 'the baja', 'label': 'GPE'}, {'text': 'english', 'label': 'NORP'}]",0.07142857142857142
49262,5.0,"very interesting museum telling the history of lapaz and surrounding but nothing in english read about lapaz from moon handbooks  baja or other book to understand what you will see. still, very well done and interesting.","['ADV', 'ADJ', 'NOUN', 'VERB', 'DET', 'NOUN', 'ADP', 'NOUN', 'CCONJ', 'VERB', 'CCONJ', 'PRON', 'ADP', 'PROPN', 'PUNCT', 'VERB', 'ADP', 'PROPN', 'ADP', 'NOUN', 'NOUN', 'PUNCT', 'PROPN', 'CCONJ', 'ADJ', 'NOUN', 'PART', 'VERB', 'PRON', 'PRON', 'AUX', 'VERB', 'PUNCT', 'ADV', 'PUNCT', 'ADV', 'ADV', 'VERB', 'CCONJ', 'ADJ', 'PUNCT']","['very interesting museum', 'the history', 'lapaz', 'nothing', 'english', 'lapaz', 'moon handbooks - baja', 'other book', 'what', 'you']","[{'text': 'english', 'label': 'LANGUAGE'}]",0.024390243902439025
49289,5.0,not so big but really interesting. there you can know more about mexican history.,"['PART', 'ADV', 'ADJ', 'CCONJ', 'ADV', 'ADJ', 'PUNCT', 'ADV', 'PRON', 'AUX', 'VERB', 'ADJ', 'ADP', 'ADJ', 'NOUN', 'PUNCT']","['you', 'mexican history']","[{'text': 'mexican', 'label': 'NORP'}]",0.0625
49291,4.0,guide very informative . very knowledgeable regarding artifacts.,"['VERB', 'ADV', 'ADJ', 'PUNCT', 'ADV', 'ADJ', 'VERB', 'NOUN', 'PUNCT']",['very knowledgeable regarding artifacts'],[],0.0
49292,5.0,museum contains a history of the region. first floor has current ocean research.,"['NOUN', 'VERB', 'DET', 'NOUN', 'ADP', 'DET', 'NOUN', 'PUNCT', 'ADJ', 'NOUN', 'VERB', 'ADJ', 'NOUN', 'NOUN', 'PUNCT']","['museum', 'a history', 'the region', 'first floor', 'current ocean research']","[{'text': 'first', 'label': 'ORDINAL'}]",0.06666666666666667
49295,5.0,great museum with personal tour included,"['ADJ', 'NOUN', 'ADP', 'ADJ', 'NOUN', 'VERB']","['great museum', 'personal tour']",[],0.0
49340,5.0,great place to take children and learn,"['ADJ', 'NOUN', 'PART', 'VERB', 'NOUN', 'CCONJ', 'VERB', 'PUNCT', 'PUNCT', 'PUNCT']","['great place', 'children']",[],0.0
49341,5.0,we loved this place. very interesting. we had an history student offer to show us around and that was awesome and helpful because all the information was in spanish.,"['PRON', 'VERB', 'DET', 'NOUN', 'PUNCT', 'ADV', 'ADJ', 'PUNCT', 'PRON', 'VERB', 'DET', 'NOUN', 'NOUN', 'VERB', 'PART', 'VERB', 'PRON', 'ADP', 'CCONJ', 'PRON', 'AUX', 'ADJ', 'CCONJ', 'ADJ', 'SCONJ', 'DET', 'DET', 'NOUN', 'AUX', 'ADP', 'NOUN', 'PUNCT']","['we', 'this place', 'we', 'an history student', 'us', 'that', 'all the information', 'spanish']","[{'text': 'spanish', 'label': 'LANGUAGE'}]",0.03125
49379,5.0,"its a wonderful museum  totally renovated, the exhibition is really interesting and actualized, lots of artefacts and reconstitution, easy to understand and passionate . the temporally exhibition is also powerful , nice pictures that describe well the spirit of baja california sur. just go there, you will not be disappointed","['PRON', 'AUX', 'DET', 'ADJ', 'NOUN', 'PUNCT', 'ADV', 'VERB', 'PUNCT', 'DET', 'NOUN', 'AUX', 'ADV', 'ADJ', 'CCONJ', 'ADJ', 'PUNCT', 'NOUN', 'ADP', 'NOUN', 'CCONJ', 'NOUN', 'PUNCT', 'ADJ', 'PART', 'VERB', 'CCONJ', 'VERB', 'PUNCT', 'DET', 'ADJ', 'NOUN', 'AUX', 'ADV', 'ADJ', 'PUNCT', 'ADJ', 'NOUN', 'PRON', 'VERB', 'INTJ', 'DET', 'PROPN', 'ADP', 'PROPN', 'PROPN', 'PROPN', 'PUNCT', 'ADV', 'VERB', 'ADV', 'PUNCT', 'PRON', 'AUX', 'PART', 'AUX', 'VERB', 'PUNCT']","['it', 'a wonderful museum', 'the exhibition', ', lots', 'artefacts', 'reconstitution', 'the temporally exhibition', 'powerful , nice pictures', 'that', 'the spirit', 'baja california sur', 'you']","[{'text': 'baja', 'label': 'GPE'}, {'text': 'california', 'label': 'GPE'}]",0.034482758620689655
49381,3.0,no english. small and simple museum.,"['DET', 'PROPN', 'PUNCT', 'ADJ', 'CCONJ', 'ADJ', 'NOUN', 'PUNCT']","['no english', 'small and simple museum']","[{'text': 'english', 'label': 'LANGUAGE'}]",0.125
49388,5.0,"an ability to read spanish will help enormously, but the museum is great, especially the replica cave paintings. the section on indigenous cultures was particularly interesting. if you want to take photos inside the museum, there is a small extra fee.","['DET', 'NOUN', 'PART', 'VERB', 'ADJ', 'AUX', 'VERB', 'ADV', 'PUNCT', 'CCONJ', 'DET', 'NOUN', 'AUX', 'ADJ', 'PUNCT', 'ADV', 'DET', 'NOUN', 'NOUN', 'NOUN', 'PUNCT', 'DET', 'NOUN', 'ADP', 'ADJ', 'NOUN', 'AUX', 'ADV', 'ADJ', 'PUNCT', 'SCONJ', 'PRON', 'VERB', 'PART', 'VERB', 'NOUN', 'ADP', 'DET', 'NOUN', 'PUNCT', 'PRON', 'VERB', 'DET', 'ADJ', 'ADJ', 'NOUN', 'PUNCT']","['an ability', 'the museum', 'especially the replica cave paintings', 'the section', 'indigenous cultures', 'you', 'photos', 'the museum', 'a small extra fee']","[{'text': 'spanish', 'label': 'NORP'}]",0.02127659574468085
49396,5.0,sweet museum our guide levy was both knowledgeable and a pretty funny dude. the third floor is really cool. check it out,"['ADJ', 'NOUN', 'PUNCT', 'PRON', 'NOUN', 'NOUN', 'AUX', 'PRON', 'ADJ', 'CCONJ', 'DET', 'ADV', 'ADJ', 'NOUN', 'PUNCT', 'DET', 'ADJ', 'NOUN', 'AUX', 'ADV', 'ADJ', 'PUNCT', 'VERB', 'PRON', 'ADP', 'PUNCT']","['sweet museum', 'our guide levy', 'the third floor', 'it']","[{'text': 'third', 'label': 'ORDINAL'}]",0.038461538461538464
49398,4.0,"we read the reviews and decided to go have a look,, it didnt have a natural fauna section that we were hoping for ,but we had a very great history lesson in baja mexico it wouldnt have been much of a lesson, all info is in spanish,, i if not for this young man who is passionate about history and his country,, he was a curator on the second floor he should be a group guide he made us want to learn more thank you","['PRON', 'VERB', 'DET', 'NOUN', 'CCONJ', 'VERB', 'PART', 'VERB', 'VERB', 'DET', 'NOUN', 'PUNCT', 'PUNCT', 'PRON', 'AUX', 'PART', 'VERB', 'DET', 'ADJ', 'NOUN', 'NOUN', 'PRON', 'PRON', 'AUX', 'VERB', 'ADP', 'PUNCT', 'CCONJ', 'PRON', 'VERB', 'DET', 'ADV', 'ADJ', 'NOUN', 'NOUN', 'ADP', 'PROPN', 'PROPN', 'PUNCT', 'PRON', 'AUX', 'PART', 'AUX', 'AUX', 'ADJ', 'ADP', 'DET', 'NOUN', 'PUNCT', 'DET', 'NOUN', 'AUX', 'ADP', 'ADJ', 'PUNCT', 'PUNCT', 'PRON', 'SCONJ', 'PART', 'ADP', 'DET', 'ADJ', 'NOUN', 'PRON', 'AUX', 'ADJ', 'ADP', 'NOUN', 'CCONJ', 'PRON', 'NOUN', 'PUNCT', 'PUNCT', 'PRON', 'AUX', 'DET', 'NOUN', 'ADP', 'DET', 'ADJ', 'NOUN', 'PUNCT', 'PRON', 'AUX', 'AUX', 'DET', 'NOUN', 'NOUN', 'PUNCT', 'PRON', 'VERB', 'PRON', 'VERB', 'PART', 'VERB', 'ADJ', 'PUNCT', 'VERB', 'PRON']","['we', 'the reviews', 'a look', 'it', 'a natural fauna section', 'that', 'we', 'we', 'a very great history lesson', 'baja mexico', 'it', 'a lesson', 'all info', 'this young man', 'who', 'history', 'his country', 'he', 'a curator', 'the second floor', 'he', 'a group guide', 'he', 'us', 'you']","[{'text': 'baja mexico', 'label': 'GPE'}, {'text': 'spanish', 'label': 'LANGUAGE'}, {'text': 'second', 'label': 'ORDINAL'}]",0.030303030303030304
49402,5.0,"we enjoyed the museo regional de anthropologia today and a great discussion with alberto, the main level custodian. thank you","['PRON', 'VERB', 'DET', 'PROPN', 'PROPN', 'X', 'PROPN', 'NOUN', 'CCONJ', 'DET', 'ADJ', 'NOUN', 'ADP', 'NOUN', 'PUNCT', 'DET', 'ADJ', 'NOUN', 'NOUN', 'PUNCT', 'VERB', 'PRON', 'PUNCT']","['we', 'the museo regional de anthropologia', 'alberto', 'the main level custodian', 'you']","[{'text': 'today', 'label': 'DATE'}]",0.043478260869565216
49405,5.0,"wonderful curator reception person. friendly, knowledgeable","['ADJ', 'NOUN', 'NOUN', 'NOUN', 'PUNCT', 'ADJ', 'PUNCT', 'ADJ']",['wonderful curator reception person'],[],0.0
49412,5.0,very friendly english speaking staff. great exhibits. very clean easy to find,"['ADV', 'ADJ', 'ADJ', 'NOUN', 'NOUN', 'PUNCT', 'ADJ', 'NOUN', 'PUNCT', 'ADV', 'ADJ', 'ADJ', 'PART', 'VERB']","['very friendly english speaking staff', 'great exhibits']","[{'text': 'english', 'label': 'LANGUAGE'}]",0.07142857142857142
49418,5.0,surprisingly well organized and interesting museum on the history of baja. it is all in spanish and the docents are generally not english speakers but some do and the rest are friendly and will try to help. local plants outside the museum are named and described.,"['ADV', 'ADV', 'ADJ', 'CCONJ', 'ADJ', 'NOUN', 'ADP', 'DET', 'NOUN', 'ADP', 'NOUN', 'PUNCT', 'PRON', 'AUX', 'PRON', 'ADP', 'NOUN', 'CCONJ', 'DET', 'NOUN', 'AUX', 'ADV', 'PART', 'ADJ', 'NOUN', 'CCONJ', 'PRON', 'VERB', 'CCONJ', 'DET', 'NOUN', 'AUX', 'ADJ', 'CCONJ', 'AUX', 'VERB', 'PART', 'VERB', 'PUNCT', 'ADJ', 'NOUN', 'ADP', 'DET', 'NOUN', 'AUX', 'VERB', 'CCONJ', 'VERB', 'PUNCT']","['surprisingly well organized and interesting museum', 'the history', 'baja', 'it', 'spanish', 'the docents', 'english speakers', 'some', 'the rest', 'local plants', 'the museum']","[{'text': 'baja', 'label': 'GPE'}, {'text': 'spanish', 'label': 'LANGUAGE'}, {'text': 'english', 'label': 'NORP'}]",0.061224489795918366
49424,4.0,small museum in la paz full of local history,"['ADJ', 'PROPN', 'ADP', 'PROPN', 'PROPN', 'ADJ', 'ADP', 'ADJ', 'NOUN']","['small museum', 'la paz', 'local history']","[{'text': 'la paz', 'label': 'FAC'}]",0.1111111111111111
49425,5.0,"nicely done displays and a great way to spend an afternoon. all the displays are in spanish but i enjoyed checking things out even without being able to read spanish. they had photography display on the first floor that was really outstanding. 45 pesos per person, which i think was totally worth it.","['ADV', 'VERB', 'NOUN', 'CCONJ', 'DET', 'ADJ', 'NOUN', 'PART', 'VERB', 'DET', 'NOUN', 'PUNCT', 'DET', 'DET', 'NOUN', 'AUX', 'ADP', 'ADJ', 'CCONJ', 'PRON', 'AUX', 'VERB', 'NOUN', 'ADP', 'ADV', 'ADP', 'AUX', 'ADJ', 'PART', 'VERB', 'NOUN', 'PUNCT', 'PRON', 'VERB', 'NOUN', 'VERB', 'ADP', 'DET', 'ADJ', 'NOUN', 'PRON', 'AUX', 'ADV', 'ADJ', 'PUNCT', 'NUM', 'NOUN', 'ADP', 'NOUN', 'PUNCT', 'PRON', 'PRON', 'VERB', 'AUX', 'ADV', 'ADJ', 'PRON', 'PUNCT']","['displays', 'a great way', 'an afternoon', 'all the displays', 'i', 'things', 'spanish', 'they', 'photography', 'the first floor', 'that', '45 pesos', 'person', 'which', 'i']","[{'text': 'an afternoon', 'label': 'TIME'}, {'text': 'spanish', 'label': 'NORP'}, {'text': 'spanish', 'label': 'NORP'}, {'text': 'first', 'label': 'ORDINAL'}, {'text': '45', 'label': 'CARDINAL'}]",0.08620689655172414
49440,5.0,"the collection is very complete. you get a sense of what this land is about. i didnt know the name california was first used here. after hernan cortes was here, the southern part of the peninsula was known as california it just blown my mind. the missions and the whole history of this part of the world is just fascinating","['DET', 'NOUN', 'AUX', 'ADV', 'ADJ', 'PUNCT', 'PRON', 'VERB', 'DET', 'NOUN', 'ADP', 'PRON', 'DET', 'NOUN', 'AUX', 'ADP', 'PUNCT', 'PRON', 'AUX', 'PART', 'VERB', 'DET', 'NOUN', 'PROPN', 'AUX', 'ADV', 'VERB', 'ADV', 'PUNCT', 'SCONJ', 'PROPN', 'NOUN', 'AUX', 'ADV', 'PUNCT', 'DET', 'ADJ', 'NOUN', 'ADP', 'DET', 'NOUN', 'AUX', 'VERB', 'ADP', 'PROPN', 'PUNCT', 'PUNCT', 'PRON', 'ADV', 'VERB', 'PRON', 'NOUN', 'PUNCT', 'DET', 'NOUN', 'CCONJ', 'DET', 'ADJ', 'NOUN', 'ADP', 'DET', 'NOUN', 'ADP', 'DET', 'NOUN', 'AUX', 'ADV', 'ADJ', 'PUNCT', 'PUNCT', 'PUNCT']","['the collection', 'you', 'a sense', 'what', 'this land', 'i', 'the name california', 'hernan cortes', 'the southern part', 'the peninsula', 'california', 'it', 'my mind', 'the missions', 'the whole history', 'this part', 'the world']","[{'text': 'california', 'label': 'GPE'}, {'text': 'first', 'label': 'ORDINAL'}, {'text': 'hernan', 'label': 'GPE'}, {'text': 'california', 'label': 'GPE'}]",0.056338028169014086
49477,5.0,"very interesting museum that provides a good overview from baja s prehistory to the revolution, including extensive detail on bajan ancient rock art. unfortunately, it s all in spanish so those with no spanish will miss a lot.","['ADV', 'ADJ', 'NOUN', 'PRON', 'VERB', 'DET', 'ADJ', 'NOUN', 'ADP', 'NOUN', 'PART', 'NOUN', 'NOUN', 'NOUN', 'ADP', 'DET', 'NOUN', 'PUNCT', 'VERB', 'ADJ', 'NOUN', 'ADP', 'ADJ', 'ADJ', 'NOUN', 'NOUN', 'PUNCT', 'ADV', 'PUNCT', 'PRON', 'VERB', 'PRON', 'ADP', 'NOUN', 'SCONJ', 'PRON', 'ADP', 'DET', 'NOUN', 'AUX', 'VERB', 'DET', 'NOUN', 'PUNCT']","['very interesting museum', 'that', 'a good overview', 'baja s pre', '-', 'history', 'the revolution', 'extensive detail', 'bajan ancient rock art', 'it', 'spanish', 'those', 'no spanish', 'a lot']","[{'text': 'baja', 'label': 'GPE'}, {'text': 'bajan', 'label': 'GPE'}, {'text': 'spanish', 'label': 'LANGUAGE'}, {'text': 'spanish', 'label': 'NORP'}]",0.09090909090909091
49488,3.0,"not a bad little museum. if youre in the area its worth a visit, i wouldnt go out of my for it.","['PART', 'DET', 'ADJ', 'ADJ', 'NOUN', 'PUNCT', 'SCONJ', 'PRON', 'AUX', 'ADP', 'DET', 'NOUN', 'PRON', 'AUX', 'ADJ', 'DET', 'NOUN', 'PUNCT', 'PRON', 'AUX', 'PART', 'VERB', 'ADP', 'ADP', 'PRON', 'ADP', 'PRON', 'PUNCT']","['not a bad little museum', 'you', 'the area', 'it', 'i', 'my', 'it']",[],0.0
49491,2.0,bring your spanish language knowledge  nothing is described in english the person at the ticket booth does not speak understand english the displayed ticketing information is also only in spanish ....,"['VERB', 'PRON', 'ADJ', 'NOUN', 'NOUN', 'PUNCT', 'PRON', 'AUX', 'VERB', 'ADP', 'PROPN', 'DET', 'NOUN', 'ADP', 'DET', 'NOUN', 'NOUN', 'AUX', 'PART', 'VERB', 'VERB', 'PROPN', 'DET', 'VERB', 'VERB', 'NOUN', 'AUX', 'ADV', 'ADV', 'ADP', 'ADJ', 'PUNCT']","['your spanish language knowledge', 'nothing', 'english', 'the person', 'the ticket booth', 'english', 'the displayed ticketing information']","[{'text': 'spanish', 'label': 'LANGUAGE'}, {'text': 'english', 'label': 'LANGUAGE'}, {'text': 'english', 'label': 'LANGUAGE'}, {'text': 'spanish', 'label': 'LANGUAGE'}]",0.125
49492,5.0,"i found this museum to be fascinating and very well done. there are prehistoric fossils, displays showing the of early man, cave paintings, then later times up to the 20th century. it is a big place and i saw all three floors.","['PRON', 'VERB', 'DET', 'NOUN', 'PART', 'AUX', 'ADJ', 'CCONJ', 'ADV', 'ADV', 'VERB', 'PUNCT', 'PRON', 'VERB', 'ADJ', 'NOUN', 'PUNCT', 'NOUN', 'VERB', 'PRON', 'ADP', 'ADJ', 'NOUN', 'PUNCT', 'VERB', 'NOUN', 'PUNCT', 'ADV', 'ADV', 'NOUN', 'ADP', 'ADP', 'DET', 'ADJ', 'NOUN', 'PUNCT', 'PRON', 'AUX', 'DET', 'ADJ', 'NOUN', 'CCONJ', 'PRON', 'VERB', 'DET', 'NUM', 'NOUN', 'PUNCT']","['i', 'this museum', 'prehistoric fossils', 'displays', 'the', 'early man', 'paintings', 'the 20th century', 'it', 'a big place', 'i', 'all three floors']","[{'text': 'the 20th century', 'label': 'DATE'}, {'text': 'three', 'label': 'CARDINAL'}]",0.041666666666666664
49499,3.0,"the entrance staff greeted us warmly in english as we entered the doors, absolutely worth the two dollars as the three floors of exhibits walked us through the history of baja california. just wish the lights werent so dim it didnt feel like we were in a closet and that the display explanations were in english so that we knew what we were looking at.","['DET', 'NOUN', 'NOUN', 'VERB', 'PRON', 'ADV', 'ADP', 'PROPN', 'SCONJ', 'PRON', 'VERB', 'DET', 'NOUN', 'PUNCT', 'ADV', 'ADJ', 'DET', 'NUM', 'NOUN', 'ADP', 'DET', 'NUM', 'NOUN', 'ADP', 'NOUN', 'VERB', 'PRON', 'ADP', 'DET', 'NOUN', 'ADP', 'PROPN', 'PROPN', 'PUNCT', 'ADV', 'VERB', 'DET', 'NOUN', 'AUX', 'PART', 'ADV', 'ADJ', 'PRON', 'AUX', 'PART', 'VERB', 'SCONJ', 'PRON', 'AUX', 'ADP', 'DET', 'NOUN', 'CCONJ', 'SCONJ', 'DET', 'NOUN', 'NOUN', 'AUX', 'ADP', 'PROPN', 'SCONJ', 'SCONJ', 'PRON', 'VERB', 'PRON', 'PRON', 'AUX', 'VERB', 'ADP', 'PUNCT']","['the entrance staff', 'us', 'english', 'we', 'the doors', 'the three floors', 'exhibits', 'us', 'the history', 'baja california', 'the lights', 'it', 'we', 'a closet', 'the display explanations', 'english', 'we', 'what', 'we']","[{'text': 'english', 'label': 'LANGUAGE'}, {'text': 'the two dollars', 'label': 'MONEY'}, {'text': 'three', 'label': 'CARDINAL'}, {'text': 'california', 'label': 'GPE'}, {'text': 'english', 'label': 'LANGUAGE'}]",0.07142857142857142
50842,5.0,"Such a serene place, its hard to do it justice with words and pictures. If youre seeking something a bit more rustic and natural, this is your place. I have to give a special shout out to the staff so accommodating. I would go back in a heartbeat Más","['DET', 'DET', 'ADJ', 'NOUN', 'PUNCT', 'PRON', 'NOUN', 'PART', 'AUX', 'PRON', 'NOUN', 'ADP', 'NOUN', 'CCONJ', 'NOUN', 'PUNCT', 'SCONJ', 'PRON', 'AUX', 'VERB', 'PRON', 'DET', 'NOUN', 'ADV', 'ADJ', 'CCONJ', 'ADJ', 'PUNCT', 'PRON', 'AUX', 'PRON', 'NOUN', 'PUNCT', 'PRON', 'VERB', 'PART', 'VERB', 'DET', 'ADJ', 'NOUN', 'ADP', 'ADP', 'DET', 'NOUN', 'ADV', 'VERB', 'PUNCT', 'PRON', 'AUX', 'VERB', 'ADV', 'ADP', 'DET', 'NOUN', 'PROPN']","['Such a serene place', 'its hard', 'it', 'words', 'pictures', 'you', 'something', 'this', 'your place', 'I', 'a special shout', 'the staff', 'I', 'a heartbeat', 'Más']",[],0.0
50855,5.0,"I feel so thankful to have landed here thanks to a recommendation from a friend I thoroughly enjoyed my eleven night stay here, and would have extended more if time permitted I wish every campsite in Mexico were this cool The property Más","['PRON', 'VERB', 'ADV', 'ADJ', 'PART', 'AUX', 'VERB', 'ADV', 'NOUN', 'ADP', 'DET', 'NOUN', 'ADP', 'DET', 'NOUN', 'PUNCT', 'PRON', 'ADV', 'VERB', 'PRON', 'NUM', 'NOUN', 'VERB', 'ADV', 'PUNCT', 'CCONJ', 'AUX', 'AUX', 'VERB', 'ADV', 'SCONJ', 'NOUN', 'VERB', 'PUNCT', 'PRON', 'VERB', 'DET', 'NOUN', 'ADP', 'PROPN', 'AUX', 'DET', 'ADJ', 'PUNCT', 'DET', 'NOUN', 'NOUN']","['I', 'a recommendation', 'a friend', 'I', 'my eleven night', 'time', 'I', 'every campsite', 'Mexico', 'The property Más']","[{'text': 'eleven night', 'label': 'TIME'}, {'text': 'Mexico', 'label': 'GPE'}]",0.0425531914893617
50858,2.0,Unfortunately we did not have a good stay at Camping San Pancho. We fully understand that it was going to be a rough and ready camping experience Más,"['ADV', 'PRON', 'AUX', 'PART', 'VERB', 'DET', 'ADJ', 'NOUN', 'ADP', 'PROPN', 'PROPN', 'PROPN', 'PUNCT', 'PRON', 'ADV', 'VERB', 'SCONJ', 'PRON', 'AUX', 'VERB', 'PART', 'AUX', 'DET', 'ADJ', 'CCONJ', 'ADJ', 'NOUN', 'NOUN', 'PROPN']","['we', 'a good stay', 'Camping San Pancho', 'We', 'it', 'a rough and ready camping experience', 'Más']","[{'text': 'Camping San Pancho', 'label': 'LOC'}, {'text': 'Más', 'label': 'PERSON'}]",0.06896551724137931
50860,5.0,Nice peaceful location with cool guys. We had a relaxing night of sleep in our Van Más,"['ADJ', 'ADJ', 'NOUN', 'ADP', 'ADJ', 'NOUN', 'PUNCT', 'PRON', 'VERB', 'DET', 'VERB', 'NOUN', 'ADP', 'NOUN', 'ADP', 'PRON', 'PROPN', 'PROPN']","['Nice peaceful location', 'cool guys', 'We', 'a relaxing night', 'sleep', 'our Van Más']","[{'text': 'Van Más', 'label': 'PERSON'}]",0.05555555555555555
50873,5.0,"Awesome spot filled with lovely people, Ill be backHabitaciones 5 Más","['PRON', 'NOUN', 'VERB', 'ADP', 'ADJ', 'NOUN', 'PUNCT', 'PROPN', 'VERB', 'NOUN', 'NUM', 'NOUN']","['lovely people', 'Ill', 'back!Habitaciones', '5 Más']","[{'text': 'Ill', 'label': 'PERSON'}, {'text': '5', 'label': 'CARDINAL'}]",0.16666666666666666
50897,5.0,"Great beach, good food access nearby. If you get to the southern end of the beach, your children can play in the nice rolling waves. Town is cute, cleaner than most friendly.","['ADJ', 'NOUN', 'PUNCT', 'ADJ', 'NOUN', 'NOUN', 'ADV', 'PUNCT', 'SCONJ', 'PRON', 'VERB', 'ADP', 'DET', 'ADJ', 'NOUN', 'ADP', 'DET', 'NOUN', 'PUNCT', 'PRON', 'NOUN', 'AUX', 'VERB', 'ADP', 'DET', 'ADJ', 'ADJ', 'NOUN', 'PUNCT', 'PROPN', 'AUX', 'ADJ', 'PUNCT', 'ADJ', 'ADP', 'ADV', 'ADJ', 'PUNCT']","['Great beach', 'good food access', 'you', 'the southern end', 'the beach', 'your children', 'the nice rolling waves', 'Town']","[{'text': 'Great beach', 'label': 'GPE'}]",0.02631578947368421
50908,4.0,I took my son there for a surf lesson. He really enjoyed it and his instructor got him standing on the board and catching some waves...,"['PRON', 'VERB', 'PRON', 'NOUN', 'ADV', 'ADP', 'DET', 'NOUN', 'NOUN', 'PUNCT', 'PRON', 'ADV', 'VERB', 'PRON', 'CCONJ', 'PRON', 'NOUN', 'VERB', 'PRON', 'VERB', 'ADP', 'DET', 'NOUN', 'CCONJ', 'VERB', 'DET', 'NOUN', 'PUNCT']","['I', 'my son', 'a surf lesson', 'He', 'it', 'his instructor', 'him', 'the board', 'some waves']",[],0.0
50924,5.0,Very nice and not crowded,"['ADV', 'ADJ', 'CCONJ', 'PART', 'VERB']",[],[],0.0
50925,1.0,7 drownings this month Be careful,"['NUM', 'NOUN', 'DET', 'NOUN', 'AUX', 'ADJ']",['7 drownings'],"[{'text': '7', 'label': 'CARDINAL'}, {'text': 'this month', 'label': 'DATE'}]",0.3333333333333333
50927,5.0,Gorgeous little corner of paradise,"['ADJ', 'ADJ', 'NOUN', 'ADP', 'NOUN']","['Gorgeous little corner', 'paradise']",[],0.0
50932,5.0,Amo,['VERB'],[],[],0.0
50944,5.0,"Great market for such a small place Avocados, eggs, honey, pesto, yogurt, bread, and more Definitely stop here if you get the chance","['ADJ', 'NOUN', 'ADP', 'DET', 'DET', 'ADJ', 'NOUN', 'PUNCT', 'PROPN', 'PUNCT', 'NOUN', 'PUNCT', 'NOUN', 'PUNCT', 'PROPN', 'PUNCT', 'PROPN', 'PUNCT', 'NOUN', 'PUNCT', 'CCONJ', 'ADJ', 'PUNCT', 'ADV', 'VERB', 'ADV', 'SCONJ', 'PRON', 'VERB', 'DET', 'NOUN', 'PUNCT']","['Great market', 'such a small place', 'Avocados', 'eggs', 'honey', 'pesto', 'yogurt', 'bread', 'you', 'the chance']",[],0.0
50945,5.0,Absolutely gorgeous market. Vendors are chill and let you look without shouting prices. Food is amazing. Youll find some real local talent here.,"['ADV', 'ADJ', 'NOUN', 'PUNCT', 'NOUN', 'AUX', 'ADJ', 'CCONJ', 'VERB', 'PRON', 'VERB', 'ADP', 'VERB', 'NOUN', 'PUNCT', 'NOUN', 'AUX', 'ADJ', 'PUNCT', 'PRON', 'AUX', 'VERB', 'DET', 'ADJ', 'ADJ', 'NOUN', 'ADV', 'PUNCT']","['Absolutely gorgeous market', 'Vendors', 'you', 'prices', 'Food', 'You', 'some real local talent']",[],0.0
50946,5.0,"Best market ever So many vendors and over half seemed to be food related. Breads, pastas, salsa, herbs, coffee, soaps, etc. Better than Sayulitas Market","['ADJ', 'NOUN', 'ADV', 'PUNCT', 'ADV', 'ADJ', 'NOUN', 'CCONJ', 'ADP', 'NOUN', 'VERB', 'PART', 'AUX', 'NOUN', 'VERB', 'PUNCT', 'NOUN', 'PUNCT', 'NOUN', 'PUNCT', 'PROPN', 'PUNCT', 'NOUN', 'PUNCT', 'NOUN', 'PUNCT', 'NOUN', 'PUNCT', 'X', 'X', 'ADJ', 'ADP', 'PROPN', 'NOUN', 'PUNCT']","['Best market', 'So many vendors', 'over half', 'Breads', 'pastas', 'salsa', 'herbs', 'coffee', 'soaps', 'Sayulitas Market']","[{'text': 'over half', 'label': 'CARDINAL'}, {'text': 'pastas', 'label': 'GPE'}]",0.05714285714285714
50947,5.0,"San Panchos mercado is exceptional, especially for such a small beach town. I am blown away by the variety of fresh and organic food and produce available there. If its Tuesday between 10am and 2pm, and youre shopping for a gift or need","['PROPN', 'PROPN', 'NOUN', 'AUX', 'ADJ', 'PUNCT', 'ADV', 'ADP', 'DET', 'DET', 'ADJ', 'NOUN', 'NOUN', 'PUNCT', 'PRON', 'AUX', 'VERB', 'ADV', 'ADP', 'DET', 'NOUN', 'ADP', 'ADJ', 'CCONJ', 'ADJ', 'NOUN', 'CCONJ', 'VERB', 'ADJ', 'ADV', 'PUNCT', 'SCONJ', 'PRON', 'PROPN', 'ADP', 'NUM', 'ADP', 'CCONJ', 'NUM', 'NOUN', 'PUNCT', 'CCONJ', 'PRON', 'AUX', 'VERB', 'ADP', 'DET', 'NOUN', 'CCONJ', 'NOUN']","['San Panchos mercado', 'such a small beach town', 'I', 'the variety', 'fresh and organic food', 'its Tuesday', '2pm', 'you', 'a gift', 'need']","[{'text': 'San Panchos', 'label': 'GPE'}, {'text': 'Tuesday', 'label': 'DATE'}, {'text': '10am and', 'label': 'TIME'}, {'text': '2pm', 'label': 'TIME'}]",0.08
50948,5.0,Lots of variety at the Tuesday market,"['NOUN', 'ADP', 'NOUN', 'ADP', 'DET', 'PROPN', 'NOUN', 'PUNCT']","['Lots', 'variety', 'the Tuesday market']","[{'text': 'Tuesday', 'label': 'DATE'}]",0.125
50949,5.0,"Enjoyed this market very much things were spaced.great vendors very friendly spoke English had lots of different types of food like yaka tamales. Hand made jewelery, wooden painted bowls, blankets and live music was good too So thankful we came on the day it was open Bathrooms were clean and spacious also.","['VERB', 'DET', 'NOUN', 'ADV', 'ADJ', 'NOUN', 'AUX', 'ADJ', 'NOUN', 'ADV', 'ADV', 'VERB', 'PROPN', 'VERB', 'NOUN', 'ADP', 'ADJ', 'NOUN', 'ADP', 'NOUN', 'ADP', 'ADJ', 'NOUN', 'PUNCT', 'PROPN', 'VERB', 'NOUN', 'PUNCT', 'ADJ', 'VERB', 'NOUN', 'PUNCT', 'NOUN', 'CCONJ', 'ADJ', 'NOUN', 'AUX', 'ADJ', 'ADV', 'PUNCT', 'ADV', 'ADJ', 'PRON', 'VERB', 'ADP', 'DET', 'NOUN', 'PRON', 'AUX', 'ADJ', 'PUNCT', 'NOUN', 'AUX', 'ADJ', 'CCONJ', 'ADJ', 'ADV', 'PUNCT']","['this market', 'very much things', 'spaced.great vendors', 'very friendly spoke English', 'lots', 'different types', 'food', 'yaka tamales', 'Hand', 'jewelery', 'wooden painted bowls', 'blankets', 'live music', 'we', 'the day', 'it', 'Bathrooms']","[{'text': 'English', 'label': 'LANGUAGE'}, {'text': 'the day', 'label': 'DATE'}]",0.034482758620689655
50950,5.0,My favorite market Easy to walk and enjoy. You can find unique handmade goodies while listening to live music Love Tuesdays because of this market.,"['PRON', 'ADJ', 'NOUN', 'PUNCT', 'ADJ', 'PART', 'VERB', 'CCONJ', 'VERB', 'PUNCT', 'PRON', 'AUX', 'VERB', 'ADJ', 'ADJ', 'NOUN', 'SCONJ', 'VERB', 'PART', 'VERB', 'NOUN', 'PUNCT', 'PROPN', 'PROPN', 'SCONJ', 'ADP', 'DET', 'NOUN', 'PUNCT']","['My favorite market', 'You', 'unique handmade goodies', 'music', 'Love Tuesdays', 'this market']","[{'text': 'Love Tuesdays', 'label': 'EVENT'}]",0.034482758620689655
50951,5.0,"Incredible market with handmade textiles, jewelry, tasty food, and such a wonderful community vibe. Dont miss it","['ADJ', 'NOUN', 'ADP', 'ADJ', 'NOUN', 'PUNCT', 'NOUN', 'PUNCT', 'ADJ', 'NOUN', 'PUNCT', 'CCONJ', 'DET', 'DET', 'ADJ', 'NOUN', 'NOUN', 'PUNCT', 'AUX', 'PART', 'VERB', 'PRON', 'PUNCT']","['Incredible market', 'handmade textiles', 'jewelry', 'tasty food', 'such a wonderful community vibe', 'it']",[],0.0
50952,5.0,"Great local crafts available at reasonable prices. Theres a lot of food vendors as well with great options for folks with diet restrictions e.g, vegetarian, gluten free, dairy free, etc..","['ADJ', 'ADJ', 'NOUN', 'ADJ', 'ADP', 'ADJ', 'NOUN', 'PUNCT', 'PRON', 'VERB', 'DET', 'NOUN', 'ADP', 'NOUN', 'NOUN', 'ADV', 'ADV', 'ADP', 'ADJ', 'NOUN', 'ADP', 'NOUN', 'ADP', 'NOUN', 'NOUN', 'PROPN', 'PUNCT', 'PROPN', 'PUNCT', 'VERB', 'ADJ', 'PUNCT', 'NOUN', 'ADJ', 'PUNCT', 'X', 'X']","['Great local crafts', 'reasonable prices', 'a lot', 'food vendors', 'great options', 'folks', 'diet restrictions', 'e.g', 'vegetarian']",[],0.0
50953,2.0,I was expecting way more... Singer was American... A lot of people that were selling stuff were not locals ... Not a real Mexican tianguis. Huge tourist trap.,"['PRON', 'AUX', 'VERB', 'NOUN', 'ADJ', 'PUNCT', 'PROPN', 'AUX', 'ADJ', 'PUNCT', 'DET', 'NOUN', 'ADP', 'NOUN', 'PRON', 'AUX', 'VERB', 'NOUN', 'AUX', 'PART', 'NOUN', 'PUNCT', 'PART', 'DET', 'ADJ', 'ADJ', 'NOUN', 'PUNCT', 'ADJ', 'NOUN', 'NOUN', 'PUNCT']","['I', 'Singer', 'A lot', 'people', 'that', 'stuff', 'locals', 'Not a real Mexican tianguis', 'Huge tourist trap']","[{'text': 'American', 'label': 'NORP'}, {'text': 'Mexican', 'label': 'NORP'}]",0.0625
50954,4.0,"Who doesnt love a good farmers market I give it 4 because it does have some fantastic products and vendors, from fresh food to ecofriendly products, handemade jewelry and handicrafts. A lot of the vendors have unique high quality","['PRON', 'AUX', 'PART', 'VERB', 'DET', 'ADJ', 'NOUN', 'NOUN', 'PUNCT', 'PRON', 'VERB', 'PRON', 'NUM', 'SCONJ', 'PRON', 'AUX', 'VERB', 'DET', 'ADJ', 'NOUN', 'CCONJ', 'NOUN', 'PUNCT', 'ADP', 'ADJ', 'NOUN', 'ADP', 'ADV', 'NOUN', 'PUNCT', 'VERB', 'NOUN', 'CCONJ', 'NOUN', 'PUNCT', 'DET', 'NOUN', 'ADP', 'DET', 'NOUN', 'VERB', 'ADJ', 'ADJ', 'NOUN']","['Who', 'a good farmers market', 'I', 'it', 'it', 'some fantastic products', 'vendors', 'fresh food', 'ecofriendly products', 'jewelry', 'handicrafts', 'A lot', 'the vendors', 'unique high quality']",[],0.0
50955,5.0,"Such a cute artisanal market Eat fresh snacks, stock up on natural eco products, buy some handmade jewelry.. all while chatting and listening to live music","['DET', 'DET', 'ADJ', 'ADJ', 'NOUN', 'PUNCT', 'VERB', 'ADJ', 'NOUN', 'PUNCT', 'NOUN', 'ADP', 'ADP', 'ADJ', 'NOUN', 'NOUN', 'PUNCT', 'VERB', 'DET', 'ADJ', 'NOUN', 'PUNCT', 'PRON', 'SCONJ', 'VERB', 'CCONJ', 'VERB', 'PART', 'VERB', 'NOUN', 'PUNCT']","['Such a cute artisanal market', 'fresh snacks', 'stock', 'natural eco products', 'some handmade jewelry', 'music']",[],0.0
50956,5.0,"Old world charm, wonderful handicraftee items for sale, fresh and delicious artisan food, native local musicians filling the air with music...all definitely worth a side trip.","['ADJ', 'NOUN', 'NOUN', 'PUNCT', 'ADJ', 'NOUN', 'NOUN', 'ADP', 'NOUN', 'PUNCT', 'ADJ', 'CCONJ', 'ADJ', 'ADJ', 'NOUN', 'PUNCT', 'ADJ', 'ADJ', 'NOUN', 'VERB', 'DET', 'NOUN', 'ADP', 'NOUN', 'PUNCT', 'PRON', 'ADV', 'ADJ', 'DET', 'NOUN', 'NOUN', 'PUNCT']","['Old world charm', 'wonderful handicraftee items', 'sale', 'artisan food', 'native local musicians', 'the air', 'music', 'all']",[],0.0
50958,5.0,In this farmers market you should try and buy mexican salsas Pajarilla.,"['ADP', 'DET', 'NOUN', 'VERB', 'PRON', 'AUX', 'VERB', 'CCONJ', 'VERB', 'PROPN', 'PROPN', 'PROPN', 'PUNCT']","['this farmers', 'you', 'mexican salsas Pajarilla']","[{'text': 'mexican', 'label': 'NORP'}, {'text': 'Pajarilla', 'label': 'ORG'}]",0.15384615384615385
50959,5.0,Beautiful artisan jewelry for me and my girls,"['ADJ', 'ADJ', 'NOUN', 'ADP', 'PRON', 'CCONJ', 'PRON', 'NOUN']","['Beautiful artisan jewelry', 'me', 'my girls']",[],0.0
50960,5.0,Really nice market for food and for crafts,"['ADV', 'ADJ', 'NOUN', 'ADP', 'NOUN', 'CCONJ', 'ADP', 'NOUN']","['Really nice market', 'food', 'crafts']",[],0.0
50962,5.0,Artesinal local farmers market on Tuesdays and Fridays.,"['ADJ', 'ADJ', 'NOUN', 'NOUN', 'ADP', 'PROPN', 'CCONJ', 'PROPN', 'PUNCT']","['Artesinal local farmers', 'Tuesdays', 'Fridays']","[{'text': 'Tuesdays', 'label': 'DATE'}, {'text': 'Fridays', 'label': 'DATE'}]",0.2222222222222222
50964,5.0,Only happening on TUESDAYS. I missed it by a day.,"['ADV', 'VERB', 'ADP', 'NOUN', 'PUNCT', 'PRON', 'VERB', 'PRON', 'ADP', 'DET', 'NOUN', 'PUNCT']","['TUESDAYS', 'I', 'it', 'a day']","[{'text': 'TUESDAYS', 'label': 'ORG'}]",0.08333333333333333
50966,4.0,"The Tuesday Market is busy and fun, with great food and some lovely crafts and jewellery, but is expensive. There is a wonderful indigenous man who makes incredible leather and antlered, and crocodile skull and skin, shamanic bags. He is a","['DET', 'PROPN', 'PROPN', 'AUX', 'ADJ', 'CCONJ', 'ADJ', 'PUNCT', 'ADP', 'ADJ', 'NOUN', 'CCONJ', 'DET', 'ADJ', 'NOUN', 'CCONJ', 'NOUN', 'PUNCT', 'CCONJ', 'AUX', 'ADJ', 'PUNCT', 'PRON', 'VERB', 'DET', 'ADJ', 'ADJ', 'NOUN', 'PRON', 'VERB', 'ADJ', 'NOUN', 'CCONJ', 'VERB', 'PUNCT', 'CCONJ', 'NOUN', 'NOUN', 'CCONJ', 'NOUN', 'PUNCT', 'ADJ', 'NOUN', 'PUNCT', 'PRON', 'AUX', 'PRON']","['The Tuesday Market', 'great food', 'some lovely crafts', 'jewellery', 'a wonderful indigenous man', 'who', 'incredible leather', 'crocodile skull', 'skin', 'shamanic bags', 'He', 'a']","[{'text': 'Tuesday', 'label': 'DATE'}]",0.02127659574468085
50967,4.0,"Cute market. Music, baking, crafts and clothes.","['ADJ', 'NOUN', 'PUNCT', 'NOUN', 'PUNCT', 'VERB', 'PUNCT', 'NOUN', 'CCONJ', 'NOUN', 'PUNCT']","['Cute market', 'Music', 'crafts', 'clothes']",[],0.0
50968,4.0,"It is definitely worth checking out the market for a bit. There are lots of different food, jewelery, souvenir vendors. Everything is fairly expensive, though.","['PRON', 'AUX', 'ADV', 'ADJ', 'VERB', 'ADP', 'DET', 'NOUN', 'ADP', 'DET', 'NOUN', 'PUNCT', 'PRON', 'VERB', 'NOUN', 'ADP', 'ADJ', 'NOUN', 'PUNCT', 'NOUN', 'PUNCT', 'NOUN', 'NOUN', 'PUNCT', 'PRON', 'AUX', 'ADV', 'ADJ', 'PUNCT', 'ADV', 'PUNCT']","['It', 'the market', 'a bit', 'lots', 'different food', 'souvenir vendors', 'Everything']",[],0.0
50969,5.0,Definitely one of the best local markets Ive ever been too. A great cultural experience.,"['ADV', 'NUM', 'ADP', 'DET', 'ADJ', 'ADJ', 'NOUN', 'PRON', 'AUX', 'ADV', 'AUX', 'ADV', 'PUNCT', 'DET', 'ADJ', 'ADJ', 'NOUN', 'PUNCT']","['the best local markets', 'I', 'A great cultural experience']",[],0.0
51576,5.0,pase maravilla equipo hicieron divertido tolok capitana energia increible complacientes extranjeras lugareños igual buen trabajo chicos i had wonderful time with the crew they made it very fun tolok and the captain had an awesome energy they were very accommodating to foreigners and locals alike great job guys,"['VERB', 'PROPN', 'PROPN', 'PROPN', 'PROPN', 'PROPN', 'PROPN', 'PROPN', 'ADJ', 'NOUN', 'NOUN', 'X', 'ADJ', 'NOUN', 'PROPN', 'NOUN', 'PRON', 'VERB', 'ADJ', 'NOUN', 'ADP', 'DET', 'NOUN', 'PRON', 'VERB', 'PRON', 'ADV', 'ADJ', 'NOUN', 'CCONJ', 'DET', 'NOUN', 'VERB', 'DET', 'ADJ', 'NOUN', 'PRON', 'AUX', 'ADV', 'ADJ', 'ADP', 'NOUN', 'CCONJ', 'NOUN', 'ADP', 'ADJ', 'NOUN', 'NOUN']","['maravilla', 'equipo hicieron divertido tolok capitana energia', 'increible complacientes', 'extranjeras lugareños igual buen trabajo chicos', 'i', 'wonderful time', 'the crew', 'they', 'it', 'the captain', 'an awesome energy', 'they', 'foreigners', 'locals', 'great job guys']","[{'text': 'divertido tolok capitana energia', 'label': 'ORG'}, {'text': 'buen trabajo chicos', 'label': 'PERSON'}]",0.041666666666666664
51895,5.0,bucear cenotes freeway scuba increible the pit probablemente favorito ahora proporcionaron transporte instrucciones claras equipo ademas amables buen guia recomiendo ampliamente,"['PROPN', 'NOUN', 'PROPN', 'PROPN', 'VERB', 'DET', 'PROPN', 'PROPN', 'PROPN', 'PROPN', 'PROPN', 'NOUN', 'NOUN', 'PROPN', 'PROPN', 'PROPN', 'PROPN', 'VERB', 'PROPN', 'PROPN', 'PROPN']","['bucear cenotes freeway scuba', 'the pit probablemente favorito ahora proporcionaron transporte instrucciones claras', 'ademas amables']","[{'text': 'cenotes', 'label': 'GPE'}, {'text': 'ahora proporcionaron', 'label': 'PERSON'}, {'text': 'buen guia', 'label': 'ORG'}]",0.14285714285714285
52102,5.0,parque grande llegar alli debe pagar entrada sitios pueden comprar normalmente buses pasan recogiendo turistas hoteles llevarlos parque entrar deben dar manilla dan opcion comprar 70 dolares tomarte ilimitadas fotografias parque puntos especificos personas encargadas recomiendo opcion van familia numerosa aproximadamente 4 restaurantes diferentes tipos comida podia comer desayuno cualquier restaurante comer veces quisieras para almuerzo mismo podia comer cualquiera veces quisiera salirte comida deliciosa puedes servirte guste tipos comidas elegir dentro parque puedes hacer muchas cosas dividido modulos ejemplo puedes ir faro mirador tirarte tobogan mayoria modulos baños puedes pedir chaleco aletas careta meterte agua cenotes ordenado adaptado grandes multitudes modulo puedes coger bicicleta montar aproximadamente 8 mn llegar colina bajas cenotes flotador parque avistamiento delfines puedes nadar rayas peces dia da tiempo recorrer parque disfrutar puede ofrecerte puedes pagar tipos cosas ejemplo nadar delfines tomarte fotos parque espectacular 100 recomendado opinion gusta ir familia pareja excelente it s very large park to get there you must pay an entrance fee there are many places where you can buy tickets buses usually pick up tourists at their hotels and take them to the park upon entering they should give you wristband and give you the option to take unlimited photos throughout the park at specific points with the attendants for 70 i recommend this option especially if you re traveling with large family there are approximately four restaurants serving different types of food when i went i could eat breakfast at any restaurant and eat as many times as i wanted for lunch it was the same i could eat at any restaurant and eat as many times as i wanted without having to leave the food is delicious and you can help yourself to whatever you like best there are many types of food to choose from inside the park you can do many things it s divided into modules such as the lighthouse viewing platform and the slide most modules have bathrooms and you can ask for life jackets fins and mask to get into the water and the cenotes everything is very organized and adapted for large crowds there s another module where you can take bike and ride for approximately 8 minutes to reach hill where you can float through the cenotes there s dolphin watching in the park and you can swim with rays and fish you won t have enough time to explore the entire park in one day and enjoy everything it to offer you can also pay for other things such as swimming with the dolphins and taking photos with them it s spectacular park 100 recommended and in my opinion it s my favorite it s excellent for going with family or as couple,"['NOUN', 'VERB', 'NOUN', 'PROPN', 'PROPN', 'PROPN', 'PROPN', 'PROPN', 'PROPN', 'PROPN', 'PROPN', 'NOUN', 'VERB', 'PROPN', 'PROPN', 'NOUN', 'PROPN', 'PROPN', 'PROPN', 'PROPN', 'PROPN', 'PROPN', 'PROPN', 'PROPN', 'PROPN', 'NUM', 'NOUN', 'NOUN', 'VERB', 'ADJ', 'NOUN', 'NOUN', 'PROPN', 'PROPN', 'VERB', 'NOUN', 'PROPN', 'PROPN', 'PROPN', 'PROPN', 'PROPN', 'NUM', 'NOUN', 'VERB', 'PROPN', 'PROPN', 'PROPN', 'PROPN', 'PROPN', 'NOUN', 'NOUN', 'NOUN', 'NOUN', 'PROPN', 'NOUN', 'VERB', 'PROPN', 'PROPN', 'PROPN', 'NOUN', 'NOUN', 'PROPN', 'PROPN', 'PROPN', 'PROPN', 'VERB', 'PROPN', 'NOUN', 'PROPN', 'VERB', 'NOUN', 'NOUN', 'NOUN', 'VERB', 'NOUN', 'PROPN', 'PROPN', 'NOUN', 'X', 'NOUN', 'VERB', 'ADP', 'PROPN', 'PROPN', 'PROPN', 'PROPN', 'PROPN', 'ADP', 'PROPN', 'VERB', 'PROPN', 'PROPN', 'PROPN', 'PROPN', 'PROPN', 'PROPN', 'NOUN', 'PROPN', 'NOUN', 'VERB', 'NOUN', 'NOUN', 'VERB', 'NOUN', 'PROPN', 'PROPN', 'PROPN', 'NUM', 'PROPN', 'PROPN', 'PROPN', 'PROPN', 'VERB', 'NOUN', 'NOUN', 'NOUN', 'NOUN', 'VERB', 'NOUN', 'PROPN', 'VERB', 'PROPN', 'PROPN', 'PROPN', 'ADJ', 'NOUN', 'NOUN', 'NOUN', 'NOUN', 'VERB', 'PROPN', 'PROPN', 'PROPN', 'PROPN', 'NOUN', 'NOUN', 'NOUN', 'AUX', 'VERB', 'ADJ', 'NUM', 'NOUN', 'NOUN', 'NOUN', 'ADP', 'INTJ', 'NOUN', 'NOUN', 'PRON', 'VERB', 'ADV', 'ADJ', 'NOUN', 'PART', 'VERB', 'ADV', 'PRON', 'AUX', 'VERB', 'DET', 'NOUN', 'NOUN', 'PRON', 'VERB', 'ADJ', 'NOUN', 'SCONJ', 'PRON', 'AUX', 'VERB', 'NOUN', 'NOUN', 'ADV', 'VERB', 'ADP', 'NOUN', 'ADP', 'PRON', 'NOUN', 'CCONJ', 'VERB', 'PRON', 'ADP', 'DET', 'NOUN', 'SCONJ', 'VERB', 'PRON', 'AUX', 'VERB', 'PRON', 'NOUN', 'CCONJ', 'VERB', 'PRON', 'DET', 'NOUN', 'PART', 'VERB', 'ADJ', 'NOUN', 'ADP', 'DET', 'NOUN', 'ADP', 'ADJ', 'NOUN', 'ADP', 'DET', 'NOUN', 'ADP', 'NUM', 'PRON', 'VERB', 'DET', 'NOUN', 'ADV', 'SCONJ', 'PRON', 'VERB', 'VERB', 'ADP', 'ADJ', 'NOUN', 'PRON', 'VERB', 'ADV', 'NUM', 'NOUN', 'VERB', 'ADJ', 'NOUN', 'ADP', 'NOUN', 'SCONJ', 'PRON', 'VERB', 'PRON', 'AUX', 'VERB', 'NOUN', 'ADP', 'DET', 'NOUN', 'CCONJ', 'VERB', 'ADV', 'ADJ', 'NOUN', 'SCONJ', 'PRON', 'VERB', 'ADP', 'NOUN', 'PRON', 'AUX', 'DET', 'ADJ', 'PRON', 'AUX', 'VERB', 'ADP', 'DET', 'NOUN', 'CCONJ', 'VERB', 'ADV', 'ADJ', 'NOUN', 'SCONJ', 'PRON', 'VERB', 'ADP', 'VERB', 'PART', 'VERB', 'DET', 'NOUN', 'AUX', 'ADJ', 'CCONJ', 'PRON', 'AUX', 'VERB', 'PRON', 'ADP', 'PRON', 'PRON', 'VERB', 'ADV', 'PRON', 'VERB', 'ADJ', 'NOUN', 'ADP', 'NOUN', 'PART', 'VERB', 'ADP', 'ADP', 'DET', 'NOUN', 'PRON', 'AUX', 'VERB', 'ADJ', 'NOUN', 'PRON', 'AUX', 'VERB', 'ADP', 'NOUN', 'ADJ', 'ADP', 'DET', 'NOUN', 'VERB', 'NOUN', 'CCONJ', 'DET', 'NOUN', 'ADJ', 'NOUN', 'VERB', 'NOUN', 'CCONJ', 'PRON', 'AUX', 'VERB', 'ADP', 'NOUN', 'NOUN', 'NOUN', 'CCONJ', 'NOUN', 'PART', 'VERB', 'ADP', 'DET', 'NOUN', 'CCONJ', 'DET', 'NOUN', 'PRON', 'AUX', 'ADV', 'ADJ', 'CCONJ', 'VERB', 'ADP', 'ADJ', 'NOUN', 'PRON', 'VERB', 'DET', 'NOUN', 'SCONJ', 'PRON', 'AUX', 'VERB', 'NOUN', 'CCONJ', 'VERB', 'ADP', 'ADV', 'NUM', 'NOUN', 'PART', 'VERB', 'NOUN', 'SCONJ', 'PRON', 'AUX', 'VERB', 'ADP', 'DET', 'NOUN', 'PRON', 'VERB', 'NOUN', 'VERB', 'ADP', 'DET', 'NOUN', 'CCONJ', 'PRON', 'AUX', 'VERB', 'ADP', 'NOUN', 'CCONJ', 'NOUN', 'PRON', 'VERB', 'NOUN', 'VERB', 'ADJ', 'NOUN', 'PART', 'VERB', 'DET', 'ADJ', 'NOUN', 'ADP', 'NUM', 'NOUN', 'CCONJ', 'VERB', 'PRON', 'PRON', 'PART', 'VERB', 'PRON', 'AUX', 'ADV', 'VERB', 'ADP', 'ADJ', 'NOUN', 'ADJ', 'ADP', 'VERB', 'ADP', 'DET', 'NOUN', 'CCONJ', 'VERB', 'NOUN', 'ADP', 'PRON', 'PRON', 'VERB', 'ADJ', 'NOUN', 'NUM', 'VERB', 'CCONJ', 'ADP', 'PRON', 'NOUN', 'PRON', 'VERB', 'PRON', 'ADJ', 'PRON', 'VERB', 'ADJ', 'ADP', 'VERB', 'ADP', 'NOUN', 'CCONJ', 'ADP', 'NOUN']","['parque grande llegar alli debe pagar entrada sitios pueden comprar normalmente buses', 'recogiendo turistas hoteles', 'fotografias parque puntos especificos personas', 'recomiendo opcion van familia numerosa aproximadamente 4 restaurantes', 'tipos comida podia comer desayuno cualquier restaurante comer veces', 'quisieras para', 'mismo podia comer cualquiera veces quisiera salirte comida deliciosa', 'servirte guste tipos', 'elegir dentro parque puedes hacer muchas cosas dividido', 'modulos ejemplo', 'faro mirador tirarte tobogan mayoria', 'modulos baños', 'ordenado adaptado', 'multitudes', 'modulo', 'coger bicicleta montar aproximadamente', 'flotador parque', 'delfines', 'nadar rayas', 'dia da tiempo recorrer parque disfrutar puede ofrecerte', 'pagar tipos cosas ejemplo nadar delfines tomarte', 'espectacular 100 recomendado opinion gusta', 'familia pareja excelente', 'it', 'very large park', 'you', 'an entrance fee', 'many places', 'you', 'tickets buses', 'tourists', 'their hotels', 'them', 'the park', 'they', 'you', 'wristband', 'you', 'the option', 'unlimited photos', 'the park', 'specific points', 'the attendants', 'i', 'this option', 'you', 'large family', 'approximately four restaurants', 'different types', 'food', 'i', 'i', 'breakfast', 'any restaurant', 'as many times', 'i', 'lunch', 'it', 'i', 'any restaurant', 'i', 'the food', 'you', 'yourself', 'whatever', 'you', 'many types', 'food', 'the park', 'you', 'many things', 'it', 'modules', 'the lighthouse viewing platform', 'the slide', 'most modules', 'bathrooms', 'you', 'life jackets fins', 'mask', 'the water', 'the cenotes', 'everything', 'large crowds', 'another module', 'you', 'bike', 'approximately 8 minutes', 'hill', 'you', 'the cenotes', 'dolphin', 'the park', 'you', 'rays', 'fish', 'you', 't', 'enough time', 'the entire park', 'one day', 'everything', 'it', 'you', 'other things', 'the dolphins', 'photos', 'them', 'it', 'spectacular park', 'my opinion', 'it', 'it', 'family']","[{'text': 'alli debe pagar entrada', 'label': 'PERSON'}, {'text': 'pueden comprar normalmente', 'label': 'PERSON'}, {'text': 'pasan recogiendo', 'label': 'PERSON'}, {'text': 'manilla dan', 'label': 'PERSON'}, {'text': '70', 'label': 'CARDINAL'}, {'text': 'ilimitadas fotografias', 'label': 'PERSON'}, {'text': 'van familia', 'label': 'ORG'}, {'text': '4', 'label': 'CARDINAL'}, {'text': 'podia', 'label': 'GPE'}, {'text': 'quisieras para almuerzo', 'label': 'PERSON'}, {'text': 'podia', 'label': 'GPE'}, {'text': 'comidas elegir dentro parque puedes', 'label': 'ORG'}, {'text': 'muchas cosas dividido modulos ejemplo', 'label': 'PERSON'}, {'text': 'ir faro mirador', 'label': 'PERSON'}, {'text': 'tobogan mayoria modulos baños', 'label': 'PERSON'}, {'text': 'pedir chaleco', 'label': 'PERSON'}, {'text': '8', 'label': 'CARDINAL'}, {'text': 'colina bajas', 'label': 'ORG'}, {'text': 'tipos cosas ejemplo', 'label': 'ORG'}, {'text': 'nadar delfines', 'label': 'ORG'}, {'text': '70', 'label': 'DATE'}, {'text': 'approximately four', 'label': 'CARDINAL'}, {'text': 'approximately 8 minutes', 'label': 'TIME'}, {'text': 'one day', 'label': 'DATE'}, {'text': '100', 'label': 'CARDINAL'}]",0.05506607929515418
