indice,comentario_clean,lang,location
2574,male visitors puerto vallarta statues unique interesting restaurants bars fun enjoyable artists vendors worth look offer interesting,en,puerto_vallarta
2686,male visitors puerto vallarta statues unique interesting restaurants bars fun enjoyable artists vendors worth look offer interesting,en,puerto_vallarta
5373,richie temo excellent guide experience fun canopy tour try afraid heights families time blast recommended richie temo,en,puerto_vallarta
8931,beach quiet waves different activities,en,huatulco
8972,stay dreams resort ubicado en bay way genial,en,huatulco
9082,stay dreams resort ubicado en bay way genial,en,huatulco
10024,swimming seeing tour bay water,en,huatulco
10070,perfect excellent beach,en,huatulco
14036,landscapes close nature family paz island,en,la_paz
15014,beach beautiful problem found lack available parking lot restrooms available options available hope issue great place visit paz,en,la_paz
15370,beautiful area fantastic sculptures walk special separate lanes bikes cruise malecon,en,la_paz
16207,tomar ferry playa,en,la_paz
19161,beautiful beach big walk miles miles sure lot nice little right beach tables chairs available,en,riviera_nayarit
19583,kids love going slides huge jungle best lunch pictures,en,riviera_nayarit
22262,went cenotes visit tulum amazed unique dos ojos spectacular snorkel stalactites stalagmites underwater cave look divers unique experience downside expensive cenotes area cenote cenote pesos guided tour cave portion,en,riviera_maya
22294,dives glad tank dive miss dive instructor amazing time,en,riviera_maya
22719,simply swim cenote miss amazing experience snorkeling scuba excursion swim stalactites stalagmites cave bats beautiful unique experience,en,riviera_maya
22996,think visited cenote coming playa carmen unique experience missed place guide excellent explanation tour,en,riviera_maya
23085,advertised cenotes certainly value actually years ago went looking time cruise ship tell taxi driver find center playa low key water changing area plan spending hours like swim,en,riviera_maya
24265,friendly staff food great bring kids fun recommend,en,riviera_maya
24437,nice facilities excellent service attention denisse great team nick return,en,riviera_maya
25251,tour dark lit year old wondering like,en,riviera_maya
28065,family stayed pullman g pattaya weekend stayed service provided arrival helpful easy way thank khun hand arrived stay drop mom breakfast restaurant kind long walk impressed service thank staffs pool restaurant lobby nice friendly right attitude provide service kids definitely come stay pullman g pattaya best team,en,riviera_maya
28585,stayed night enjoyed stay good location person want facing beach ocean view nice swimming pool good beach club highly recommend,en,riviera_maya
30822,tale tell visual prompts inspire writing writingpromptsdaily writingprompts writinginspiration storyprompt writingcommunity writinglife puertovallartamexico puertovallarta puertovallartamexico puertovallartajalisco puertovallartaliving puertovallarta mexico,en,puerto_vallarta
30864,visitamos oxxo bello mexico vistas playa mismaloya beach umbrella woman man holding hands oxxomismaloya puertovallartajalisco puertovallarta mismaloya travel,en,puerto_vallarta
31138,hike corrientes puerto vallarta water wave mountain herb man running light skin tone beach umbrella spiral shell sun mexico puertovallarta puertovallartamexico jalisco vallarta colomitos,en,puerto_vallarta
31362,fiesta superwendycantinapv party puertovallartamexico superwendyqueenpv gaypvcom thebestplace,en,puerto_vallarta
31481,day beach early morning sunset puerto vallarta puertovallartamexico,en,puerto_vallarta
31584,whatsapp celular con flecha celular con flecha andrealotienetodo andrea sansonlinepv puertovallarta,en,puerto_vallarta
31702,whatsapp andrea lotienetodo andrea sans online pv puerto vallarta,en,puerto_vallarta
32133,want jewelry lasts discoverpermanent jewelryinpuerto vallarta atforeva jewelry k gold fill sterling silver aquiles serdan zona romantica engravedjewelry laseredengraved laseredjewelry joyeriapermanentepuertovallarta zonaromantica puertovallartathingstodo vallartavibes permanentjewelry puertovallartawedding vallartaadventures,en,puerto_vallarta
32364,chachacual bahiachachacual beach playa ocean isla good instagram pacificocean pacifico oaxacaparatodos fresh awesome mexico visitmexico sunny sol hermoso beachvibes mar yourshootphotographer mdemexico snorkeling gopromx gopro mexico fotografos fotografosmx mexicoesfotografia oaxaca,en,huatulco
32380,snorkel chachacual,en,huatulco
32716,plan perfecto existe combo glow masaje relajante facial profesional personalizado misma sesion smiling face heart eyes leaf fluttering wind ideal para check mark bajar estres check mark mejorar piel check mark regalarte break real si pueden tomarlo dividir pago amigas asi todas consienten juntas sparkles huatulco santacruzhuatulco spa,en,huatulco
32757,sun sundara stay connected beach vibrant atmosphere santa cruz minutes enjoy amenities pool loungers commercial spaces ground level parking thoughtfully designed modern relaxed lifestyle contact telephone receiver office mobile phone whatsapp mail info com sundarahuatulco santacruzhuatulco huatulcoliving sundaraamenities beachlifestyle coastalhomes mexicorealestate sun sundara conectate playa ambiente vibrante santa cruz solo minutos disfruta amenidades alberca camastros locales comerciales estacionamiento planta baja disenadas complementar estilo vida moderno relajado contactanos telephone receiver oficina mobile phone whatsapp mail info com sundarahuatulco santacruzhuatulco huatulcoliving sundaraamenities beachlifestyle coastalhomes mexicorealestate,en,huatulco
33206,poster advertising chocolate shop ad image marketing design canva advertisment marketing chiaoscuro canva carvagio definido chocolate sauce poster template canva marketing photo drawfolio rococco fanoos emulador advertising visualization,en,huatulco
33605,woman bikini standing beach monokini bali sling bikini shiny plastic bikini white silver bikini blue skin jamaica kaitlyn michelle siragusa body shot bikini bikini model beautiful woman body lacivious pose kauai,en,huatulco
34099,woman long hair braids long braided hair head white black fade braided hair elaborate braided hair braided hairstyle braided hair aztec hair long flowing braided hair long braided black hair complex braided hair long braided silver hair long black braided hair pigtail braids white braided hair long braided blue hair braids hair,en,huatulco
34230,bedroom bed tv photograph ios room bedroom interior bed right bed dim bedroom photorealistic room small bedroom inside bedroom bedrooms seen bed room houzz bedroom cg cg sterile minimalistic room white bed,en,huatulco
34618,best mexican food date plantain molote coloradito braised beef ribs merida green sauce sabores paz bcs mexico lapazmexico mexico,en,la_paz
34927,shooting pacenos lapazmx bajacaliforniasur labajasur fitmenover fitmens fitmenstyle fitmendaily fitdadlife fitdadfitness lapazmexico labaja bajacaliforniasurmexico fitdaddy papafit gymmen gymculture gymhealth ejerciciofisico gymtimebaby bcs lapazbcs mensfitness fitmen fitdad fitdads fotografos fotografoiniciante fotografomexicano fotografos mx,en,la_paz
34961,round pushpin buceriasnayaritmexico mexico round pushpin sanvicentenayarit ven vivir experiencia,en,riviera_nayarit
34971,chincheta redonda genio beachlife beachvibes agua ola happygirl vibes buceriasnayarit buceriasnayaritmexico mexico,en,riviera_nayarit
35101,leaving degrees degrees heading happy place bucerias bucerias buceriasnayaritmexico mexico mexico,en,riviera_nayarit
35175,shopping bags palm tree market strolls ocean views short trip away kovay gardens cruz huanacaxtle farmers market offers perfect blend local culture seaside charm pick unique souvenirs handmade treasures tasty treats piece paradise home water wave sun kovaygardens kovaygardensresort farmersmarket lacruzdehuanacaxtle nayaritadventures buylocal vacationvibes hiddengemsmexico shopping bags palm tree paseo mercado vista mar solo corto viaje kovay gardens mercado agricultores cruz huanacaxtle combina mejor cultura local encanto costero descubre recuerdos unicos artesanias delicias locales llevarte pedacito paraiso contigo water wave sun,en,riviera_nayarit
35183,drama enjoy nail color smiling face sunglasses nail polish manicures pedicures foot telephone abel lacruzdehuanacaxtle lacruzdehuanacaxtlesalon puntamita puntamitalife puntamitasalon bucerias buceriassalon,en,riviera_nayarit
35390,nadie puede andar favoritos cuidado ojos menos mas anos beneficios ilimitados smiling face heart eyes smiling face heart eyes ok hand ok hand desinflama elimina lineas expresion elimina ojeras elimina arrugas mas hidratacion tensa lineas expresion reafirma tonifica debes tener usalo manana noche backhand index pointing right backhand index pointing right backhand index pointing right escribeme envio gratis marykaydemexico marykaydemexico bahiadebanderas nuevonayarit puertovallartamexico consultoradebellezamarykay enviosatodomexico consultoradebellezamarykay maquillaje maquillajemarykay makeup givaudan garantia satisfaccion citlali g marykay citlaligardunomarykay,en,riviera_nayarit
35624,aqui aprendi sonar sparkles water wave spiral shell beach umbrella nayarit rincondeguayabitos turismoguayabitos travelblogger dalitravelblog,en,riviera_nayarit
35677,agusshhtoo dijo molachaaa photooftheday curvygirl instabeach rincondeguayabitos relsb,en,riviera_nayarit
35778,fire san blas tattoo fest fire roger westt roger tatuador originario villa hidalgo nayarit mexico presente segunda edicion san blas tattoo fest roger destacado piezas realismo sombra blackwork blackandgrey nuevas tendencias gran exponente sido participe diferentes eventos largo ancho pais instagram facebook roger westt whatsapp warning abril sabado domingo warning round pushpin san blas nayarit mexico round pushpin expotattoo convenciontattoo tattofest sanblasnayarit villahidalgo nayarit mexico gobiernodesanblas abril calendar,en,riviera_nayarit
36241,hermoso dia soleado akumal golfgirls mujereswhogolf jellynails titleistprov,en,riviera_maya
36354,espectaculo digno hollywood clapper board star presento participacion lleno referencias peliculas series hizo pasar mejores momentos festival camera flash tecateemblema tecateemblema davidguetta alanismorissette morat pitbull cd sofitukker jamesbay mariajose hanson lasso patrickmiller kaialana sofish bocapaila willsmith sweetprince autodromohermanosrodriguez festivaldemusica errantemx,en,riviera_maya
36367,dia dos tecate emblema fotos alanis morrisette willsmith mariajose beckyhill boca paila,en,riviera_maya
36386,amanecer paraiso sparkling heart bocapaila siankaan reservadesiankaan beach playa caribe nature quintanaroo sunrise,en,riviera_maya
36624,iglesia amiga brunch white heart brunch amigas playadelcarmenmexico domingo fin de semana,en,riviera_maya
36872,collision white heart mejor recuerdo white heart collision rivieramaya playadelcarmen tulum puertoaventuras puertomorelos ventasinstagram bombasdehumo,en,riviera_maya
37129,tulum mexicancaribbean puntaallen azulik xcaret inlakech tribe dance roots islands blue ocean spirits die warriors jungle,en,riviera_maya
37162,excelentes capturas amigo phil kayflyfishinglodge permit puntaallen ascencionbay,en,riviera_maya
37320,sonrie respira lentamente thich nhat hanh sol noiretblancphotographie noirphotography noirlovers noir vision bnwzone bnwphotos bwphoto bwbeauty bwoftheday bwlovers bwphotography bnwmagic bnwlovers bnw fotografia,en,riviera_maya
37400,siempre vuelve feliz mvngatabeachclub xcalacoco playadelcarmen caribemexicano picoftheday camera flash,en,riviera_maya
37412,corazon azul reservar thebeachfrontbythefiveshotels feelthefives thefiveshotels playadelcarmen xcalacoco palmera,en,riviera_maya
37414,bebida caliente reservar thebeachfrontbythefiveshotels feelthefives thefiveshotels playadelcarmen xcalacoco libro abierto,en,riviera_maya
37416,bandera amarilla hoy playa beach playadelcarmenbeach xcalacoco blueflag,en,riviera_maya
37417,ola de agua reservar thebeachfrontbythefives feelthefives thefiveshotels playadelcarmen xcalacoco sirena,en,riviera_maya
37418,reserve thebeachfrontbythefiveshotels feelthefives thefiveshotels playadelcarmen xcalacoco mareado todo listo solo faltas,en,riviera_maya
37710,multas piden mar hoy llamando nombre ven serenity desconectate ruido conectate contigo reserva espacio frente mar whatsapp round pushpin xpu carretera federal playa carmen tulum serenitybeachclub serenityvibes beachclublife barefootluxury slowliving oceanmood escapadaperfecta luxurybeach xpuha rivieramaya caribemexicano wellnessbythesea,en,riviera_maya
37718,nofilter blovedboutique mexico xpuha breakfastview,en,riviera_maya
37745,nofilterneeded xpuha beachpath rivieramaya mexico,en,riviera_maya
39757,great beach lots food options busy weekdays early february grilled fish shrimp dish fresh,en,huatulco
39760,beautiful beach went sunday crowded overall water nice kids fun rented table ordered food restaurant called super nt research going taxi driver recommended restaurant food good wifi bathrooms available extra charge showers paid total 1700 pesos included 150 tip ordered 3 pc fish tacos shrimp pizza pop orange juice 2 nonalcohol mojitos pina colada mojito better staff kind service great issues restaurant downside location right boat docking area super crowded kept bumping people getting splashed face s crowded nt swim husband went swimming bit far said best snorkelling experiences 3 year old great time 4 month old slept noise left beach slightly shallow crowded far right peaceful,en,huatulco
39765,enjoyed snorkeling rocky bay saw species fish morning lovely afternoon friday beach extremely busy recommend visit week day,en,huatulco
39776,great beach   nt need snorkeling gear goggles good fishes close ocean shore,en,huatulco
39788,beautiful day maguey mahi mahi restaurant great big thank staff especially tonita,en,huatulco
39792,beautiful quiet warm water lots food choose seafood fee wait time enter beach,en,huatulco
39796,beautiful beach crowded nt enjoy people beginning offering things sale time food expensive bring need buy beer able use shade parking driving,en,huatulco
39818,arrive approached immediately restaurant staff trying convince restaurants facing beach walk right look bathrooms   showers   public path beach water calm lovely   incredibly clear aware afternoon numerous boat tours quickly customers herded restaurants fleeced simply walked quiet area beach   set space enjoyable time,en,huatulco
39850,beautifulonly thing beach goes deep soon aware restaurants beach tend add extras tab,en,huatulco
39853,tons beach restaurants staff accost soon taxi trying come place far left end beach s small public swimming area able snorkel wide variety small fish waves current fine swimming kids water beautiful turquoise warm water,en,huatulco
39957,lugar hermoso sobre todo su gente un lugar para visitar disfrutar para pasar una vacaciones de tranquilidad cuenta con restaurantes pie de playa playas hermosas como playa la cruz la india esta ultima es una playa virgen donde se pueden observar las pequenas tortugas asi como los cangrejos al atardecer y los lugarenos gente hermosa que te atiende super bien quedas encantado los lancheros te trasladan diferentes playas te dan un recorrido y te traen de regreso el las playitas encontraras pequenos puestos de bebidas como agua de coco micheladas y alguna otra que te la sed y si llegas por carretera todo el camino tiene para disfrutar de la naturaleza mini pueblos que parecen de pelicula magicos y agradables,en,huatulco
40559,lugar hermoso sobre todo su gente un lugar para visitar disfrutar para pasar una vacaciones de tranquilidad cuenta con restaurantes pie de playa playas hermosas como playa la cruz la india esta ultima es una playa virgen donde se pueden observar las pequenas tortugas asi como los cangrejos al atardecer y los lugarenos gente hermosa que te atiende super bien quedas encantado los lancheros te trasladan diferentes playas te dan un recorrido y te traen de regreso el las playitas encontraras pequenos puestos de bebidas como agua de coco micheladas y alguna otra que te la sed y si llegas por carretera todo el camino tiene para disfrutar de la naturaleza mini pueblos que parecen de pelicula magicos y agradables,en,huatulco
40611,came family friends time huatulco claudia ownerchef inviting taking special time care telling different dishes offered making sure picked best ones disappointed happily return anytime try creations,en,huatulco
40766,small church getting little face,en,la_paz
40770,good place,en,la_paz
40772,hermosos sitio,en,la_paz
40773,pretty church definitely worth taking look,en,la_paz
40779,iconic historic building la paz sun moon glow matter time day visit place inspire stop breathe deeply,en,la_paz
40786,room improvements,en,la_paz
40788,beautiful building great reflection,en,la_paz
40801,sat spanish sermon christmas day mexican christian brothers sisters la paz feliz navidad,en,la_paz
40804,beautiful historic cathedral downtown la paz mexico,en,la_paz
40812,peaceful lil church park square,en,la_paz
40814,nice quaint church spots photos inside la paz city sign street church city plaza stree stained glass ones depicting lords life tribulations,en,la_paz
40828,cool outside,en,la_paz
40829,nice cathedral beautiful,en,la_paz
40834,muy bonita catedral,en,la_paz
40847,beautiful church lot history relaxing park pavillion cool places visit area like malecon local stores ice cream shops,en,la_paz
40860,buetiful little cathedral la paz,en,la_paz
40861,beautiful cathedral,en,la_paz
40869,nice walk square,en,la_paz
40879,beautiful church,en,la_paz
40898,place beautiful recommend taken care great place,en,la_paz
40901,lovely simple cathedral standing tall la paz s entrance fee,en,la_paz
40914,hermoso templo,en,la_paz
40928,beautiful church la paz need prayer place,en,la_paz
40949,beautiful nice place pray spend time presence lord despite hot weather outside inside feels cool peaceful,en,la_paz
40952,beautiful church cathedral near el malecon city center church built 500 years ago kept intricate arches holding ceiling city center shaded plaza benches sit relax,en,la_paz
40962,beautiful church history,en,la_paz
40964,granddaughters baptized beautiful church oldest communion beautiful ceremony,en,la_paz
40988,peaceful interesting historical catedral,en,la_paz
40989,beautiful landmark center la paz lovely lit night,en,la_paz
40990,impressive large cathedral imho la paz artwork inside nice,en,la_paz
40991,beautiful catholics church,en,la_paz
41007,old spanish mission church bad,en,la_paz
41029,oldest church built 16 th century,en,la_paz
41036,visit place bring friends town beautiful architecture atmosphere la paz extraordinary catholic cathedral,en,la_paz
41041,beautiful old church lovely plaza,en,la_paz
41051,great walk beautiful church,en,la_paz
41056,1000 sunday mass obligation bishop celebrant welcoming joyous,en,la_paz
41060,doctor emergency attentive informative knowledgeable diagnostic treatment effective timely medicine avaliable street,en,la_paz
41068,beautiful mexican catholic church looks newer rushing prayed kept going nt learn history quick stop la paz 10 mins enoughn,en,la_paz
41072,beautiful 18th century cathedral,en,la_paz
41091,beautiful old school church,en,la_paz
41102,nice cathedral visit saw day unfortunately stained glass windows broken beautiful wood beams worth 15 minutes nice park street free art museum street park,en,la_paz
41103,small church nice walk worth highly recommended ice cream coffee shops near,en,la_paz
41104,wonderful colonial era cathedral spectacular visit beautiful architecture truly inspiring spiritual favor,en,la_paz
41106,beautiful serene church night beautiful mass going nice view,en,la_paz
41108,best hotel town lapaz beautiful views friendly staff great breakfast easy walk plenty restaurants hesitate book,en,la_paz
41111,clean nice cathedral visit worth 1015 minutes quick stop parking bit constrained park street nice place stretch legs,en,la_paz
41113,enjoyed ice cream strolling beautiful plaza area stop history la paz,en,la_paz
41114,stayed la catedral hotel directly street dec 2030 church constantly busy enjoyed christmas performance outside 21st listening carols christmas,en,la_paz
41115,lovely cathedral illuminated beautifully night lucky catch christmas concert performed outside doors peaceful inside sit admire park opposite,en,la_paz
41116,beautiful serene cathedral la paz great area lots nearby attractions,en,la_paz
41118,wooden ceiling unusual church size plan 10 mins special street art museum good combination,en,la_paz
41119,beautiful restoration ceiling elegantly simple cathedral great place meditate,en,la_paz
41121,nice basic cathedral real fancy mexico latin america ornate work quick visit peaceful town square road,en,la_paz
41122,beautiful place open visiting praying daily masses christmas decorations nice,en,la_paz
41123,main temple la paz example town bast traditionhistory rich culture wrong la paz piece paradise earth come natural beauties cultural attractives,en,la_paz
41124,nice church beautiful town place nice rest little seat check architecture nice stop way attractions,en,la_paz
41125,nt know history m sure important looks s special church like stained glass,en,la_paz
41126,enjoyed visit cathedral blocks malecon center town beautiful cathedral redoing outside gardens walkways beautiful weeks visit town,en,la_paz
41127,church nuestra senora de la paz airapi mission founded jesuits towers main entrance impressive color stone church gardens directly church stops history traditional walking tour la paz street construction unfortunately gardens closed,en,la_paz
41128,told 2 columns cathedral built 2 different times left built 1918 right 1928 overall nice place visit relaxing time,en,la_paz
41129,nice little church plain interior like wooden roof circular cupola middle presently working square government offices peaceful beautiful finished,en,la_paz
41130,beautiful old cathedral central town currently road works going right outside peaceful normally certainly worth stop interior beautiful arched ceilings chandeliers hanging christmas displays early january ornate,en,la_paz
41132,stops tour special bit history travel near far,en,la_paz
41135,la paz cathedral catedral de nuestra senora de la paz brief stop daytrip la paz beautiful visit twotower stone sculpted building impressive passion christ depictions line inside sanctorum spent little calm atmosphere major road construction roads cathedral visited november 2019,en,la_paz
41139,pros great location great breakfast authentic mexican food comfortable clean rooms cons hard find spoke english asked 2nd wash cloth told nt nt expect sleep rooms open courtyard breakfast starts 7 noise church door bells start 6,en,la_paz
41141,loved cathedral built 1600s church town loved architecture wooden stages cross walls plus s special prayer room,en,la_paz
41144,todays standards small church built m sure considered huge old stained glass windows doors probably original structure enormous begs question came la paz desert parishioners praying m catholic nt spend real time church 2 blocks waterfront worth walk thoughts building dating 1861 wonderful condition amazing obviously services held remember reading cornerstone mentioning earlier date 1700s quick review history dates la paz 1535 town 500 year history north america pretty good reason visit oldest structures,en,la_paz
41147,happened church going saturday market street amazing view,en,la_paz
41148,sweet little area garden museum street nice cool place rest sun sweet little town feels safe laid,en,la_paz
41149,lovely cathedral nice stained glass statues mass times 0700 1000 1700 1830 2000 nice service choir,en,la_paz
41152,explored city la paz went cathedral beauty square couple blocks malecon,en,la_paz
41154,cathedral complex lovely orphanage bring gifts love giggles spent day eating treats magic puppet showlaughter giggles unforgettable day la paz b4 swimming turtles dolphins whales,en,la_paz
41155,fairly small average church central south american standards worth special trip,en,la_paz
41157,huge fan histroicql churches nice wood ceilings real sense construction period,en,la_paz
41162,thankful visit beautiful place sunday morning heard choir singing bells ringing congregation gathering stopped look items nuns selling sat sanctuary minutes awe inspiring experience nt timeline cabo stayed entire service protestant gringo felt welcome,en,la_paz
41163,happened wedding ceremony moving close worth stop admire,en,la_paz
41164,lovely open air cathedral worth walk malecon impressive gift shop nice,en,la_paz
41165,ve couple time enjoy cathedral town square street,en,la_paz
41167,charming old cathedral center la paz nice plaza easy distance walk downtown,en,la_paz
41169,amazing hotel shame location nt recommend stay weeks definitely hire car explore coast breakfast great pool cold great roof views,en,la_paz
41172,great la paz old mission beautiful stained glass windows building brings early 1800s,en,la_paz
41173,visited la paz cathedral trip s nice park tha street sit relax,en,la_paz
41174,centre la paz old historic building tradition lady peace cathedral originally built 18th century la paz,en,la_paz
41175,short visit church la paz quiet cool nice respite streets la paz enjoyed time holy space,en,la_paz
41176,modest cathedral plaza large ornate provides peaceful refuge hot day sightseeing,en,la_paz
41177,pretty cathedral heart la paz short walk park restaurants interesting bit history,en,la_paz
41178,got downtown thing visited beautiful old cathedral inside mass held like hear presentation history significance dontmiss spot,en,la_paz
41181,love location structure cathedral walk plaza straight malecon s coffee shop corner cathedral great coffee pharmacies icecream shops kinds stores unfortunately able enter church preparing wedding great outside peaceful feeling,en,la_paz
41182,good thing easily find close malecon city center interesting architecture s nice place hide hot hot day sun,en,la_paz
41184,simple kept center townworth walk maybe sit park hot,en,la_paz
41185,cathedral easy find blocks malecon la paz church looked info history inside church find left main entrance interesting historical marker surprisingly english notes significant dates la paz history arrival cortes onward,en,la_paz
41193,gorgeous cathedral blocks malecon stained glass beautiful fascinating history picturesque facade worth visit especially interested california missions plan 3060 minutes appreciate thingalthough quick perusal time,en,la_paz
41194,walking la paz stopped look historical building gave 5 stars attraction history traveled west coast enjoyed stopping missions churchs gives insight area worth quick stop soak past,en,la_paz
41195,walking backstreets la paz ll find nice little church nice architecture little plaque outside brief history,en,la_paz
41196,love walking old churches exception tourists stop beautiful ceilings,en,la_paz
41199,married 1996 getting permission church met fell love woman la paz church perfect visit trip recommend churchs peninsula rustic attended beautiful place center old town worth going,en,la_paz
41200,visit la paz beautiful warm flair inside allowed want middle center close malecon boulevard,en,la_paz
41201,large catholic cathedral rebuilt 1835 original finished 1692 taking 70 years complete office able purchase mass friend passed away friendly people beautiful cathedral,en,la_paz
41202,worth visit touring la paz nice stained glass windows modern feel,en,la_paz
41203,pretty inside outside nice bell concert christmas classical concerts multi colored lights festive church casa de gobierno interesting expositions like fishing free entry plaza church great place relax watch people shoe cleaning stands farmers market tuesdays saturdays 10 1 pm stands plaza,en,la_paz
41205,outside nice church like twin bell towers outside solid rustic look typical mission architecture outside impressive inside stained glass windows nice overall church light opulence religious art decorations sparse church large cross simple religious art ordinary terms churchs interior leave awe slightly interested la pazs oldest church place stop visit,en,la_paz
41206,nice experience pretty inside historical people praying respectful,en,la_paz
41208,nice architecture reminds spain hot day cathedral cool inside area gets busy sundays,en,la_paz
41213,went mass attended wish better posting online mass times,en,la_paz
41214,went farmers market happened building looked like double wedding happening walked outside building great example architecture time period 1860,en,la_paz
41216,cathedral beautiful hated taking pics old worth seeing,en,la_paz
41217,renovations wonderful nt waste time plain 100 characters,en,la_paz
41218,small unassuming cathedral downtown la paz particularly impressive town choice cultural landmarks area find cathedral difficult miss,en,la_paz
41220,church towers dates 16th century spend time holy place read plaques wander inside cornerstone devotion people la paz,en,la_paz
41221,la paz cathedral definitely worth visit beautiful inside quiet peaceful inside,en,la_paz
41223,unable walk inside service progress stopped took peak doors nice cathedral plaza nice sit cup coffee,en,la_paz
41224,oldest church la paz nice original construction know history staying los cabos san jose ready fro long road trip,en,la_paz
41227,cathedral block away hotel el angel azul street lovely square door open time 900pm stop prayer attend masses offered daily spanish,en,la_paz
41228,walked area loved going inside cathedral look peaceful lovely looking sitting pew cool pray silence,en,la_paz
41230,like visit places worship world beautiful architecture beautiful exterior plaque explaining churches history service progress peeked inside interior stained glass gorgeous,en,la_paz
41231,church directly street hotel staying christmas eve day arrival privilege experiencing traditional catholic service old church old tradition clearly represents generations faith bells ring hour makes retain charm beautiful brick work makes special church visit,en,la_paz
41233,wandering downtown area cathedral place want include list places towns established spanish tradition church plaza mayorprincipal government buildings located like time read historical plaques interior chance pray meditate reflect impact religion culture,en,la_paz
41234,church plaza street create small mexican town atmosphere exterior church attractive interior interesting stations cross captioned english plain interior spend peaceful minutes,en,la_paz
41235,pretty mission outside maintained working inside beautiful stained glass windows lovely place worth visit,en,la_paz
41236,beautiful old cathedral lots history seen wedding parties years lots color family wedding settings,en,la_paz
41237,beautiful cathedral zocalo found strange soon walked lady begging money,en,la_paz
41242,best church pray nice church visit center town enjoy pray blessed country,en,la_paz
41244,beautiful cathedral city center lovely build open everybody visits la paz look like cathedrals beautiful,en,la_paz
41245,like churches visited scenic setting square interesting melange rock types history available spanishchallenged pretty plain interesting inside churches spain italy look like countyesque sincere nice vibes inside,en,la_paz
41247,stayed hacienda blocks away hear church bells day reminded cultural roots small ocean centered community cathedral epicenter community life,en,la_paz
41248,catherdral oldest la paz beautiful definitely jardin street wonderful place sit shade watch world centro,en,la_paz
41252,lucky special service luckily got early sit service 10 950 sro beautiful church,en,la_paz
41255,great place sit revitalise walking malecon awed churchesan impressive understated way,en,la_paz
41257,beautiful cathedral decorated christmas open day travelers locals come quiet look prayer,en,la_paz
41264,cathedral stop walking tour red travel guide hugo told story architecture construction worth stop tour,en,la_paz
41269,enjoyed simplicity cathedral contrasts favourably opinion conspicuous opulence attractive setting near markets shopping coffee shops street vendors,en,la_paz
41272,blocks malecon sits historic catedral de nuestra senora de la paz old structure built 18611865 nice inside catholic church quiet place heat right jardin velasco nice block park,en,la_paz
41279,nt waste lot time quick stop need architecture old world charm nice visit,en,la_paz
41286,jesuit father jamie bravo founded permanent mission la paz 1861 old mission church cathedral maintained worth visit la paz catholic mass spanish available times sunday attended mass times cathedral recent past sunday certainly worth visit,en,la_paz
41287,privileged attend friends wedding beautiful cathedral recommend visit walking city,en,la_paz
41292,beautiful serene cathedral exterior mix stone area interior simple clean white beige gold,en,la_paz
41293,cathedral constructed stone pale purple mauve gives building unusual pleasant appearance church ornate mexico possesses architectural elements common cathedrals stained glass windows attractive stone plaques outside door briefly describe history area cathedral exceptional worth visit tour la paz,en,la_paz
41294,generally head main church visiting town find locked cathedral la paz open time dropped welcome piece oldworld mexico central square busy town coffee bars pleasant park outside church worth visit,en,la_paz
41295,nt spend lot time nice site lot beat path nice history pretty anticlimactic,en,la_paz
41296,stopped tour la paz church architecture history interesting enjoyed visit,en,la_paz
41297,basic architecture outside ok alluring spend 10 minutes walk particularly appealing,en,la_paz
41298,cathedral small mixture old new worth visit la paz best tour la paz local sites,en,la_paz
41303,extraordinary humble place people crowds visited cathedral sunday noon service going impressive nice hear neatly decorated interior,en,la_paz
41306,brief visit la paz daylong tour cabo san lucas esperanzas tours la paz encounter tour stopped able enjoy sanctuary photographs interior exterior wellkept building skylight sanctuary unique ceilings beautifully arranged naves beautiful cathedral la pazs main square velasco garden,en,la_paz
41307,places visit la paz easy find lucky tour group listen history adds cathedral important community worth visiting,en,la_paz
41310,grand imposing cathedral felt sincere s bit interpretive history nearby way walk local englishlanguage bookstore worth stop especially faithful enjoy religious experience sense local history culture,en,la_paz
41311,went tour great history cared built jesuits came mexico given history,en,la_paz
41315,seen cathedrals mexico best worst beautiful church inside fact outside simple simple elegance inside yellow domed arches white trim plaques commemorating founding la paz city english left spanish right cathedral dates 1861 making modern hernan cortes set forth 1535 town officially called lady peace 1683 beautiful zocalo street,en,la_paz
41316,sits town square basic simple worth 5 minute photo opp peak inside like cathedrals thinking europe nice local culture,en,la_paz
41320,overly fancy sincere soulful locally spiritual worth minutes quiet meditative visit,en,la_paz
41322,cathedral small fairly plain compared cathedrals seen lovely statues decor catholic churches interesting square church nice benches serves community gathering place,en,la_paz
41323,ornate impressive church mexico far ok quick look interesting things la paz,en,la_paz
41324,normal church flamboyant looking cathedral nice spot learn culture,en,la_paz
41328,beautiful lapaz history admit europe seen amazing churchesthis probably sanctuary people mexico community,en,la_paz
41329,pretty stained glass windows small intimate lovely tiny chapel individuals praying altar flowers pretty maintained close shopping city building,en,la_paz
41331,cathedral beautiful time statues rushed tour guide excursion offered princess cruise,en,la_paz
41337,beautiful old cathedral interest folks like historical buildings magnificent,en,la_paz
41341,cathedral beautiful stopped photos came christening fact christening number people ages baby senior citizens moving interesting watch,en,la_paz
41343,despite exteriors larger scale interior cathedral small intimate lovely,en,la_paz
41345,worth look passing special nt way,en,la_paz
41346,visited catholic cathedrals different countries unadorned cathedral seen criticism fact short visit 10 minutes,en,la_paz
41347,m fascinated devotion churches cathedrals mexico devotion living blessed life beautiful detail mexican churches shows love good visiting cathedral mexico,en,la_paz
41348,beautiful old cathedral big compared older european cathedrals enormous population peninsula great place visit bells ring hour 2 blocks beach touristy area bonus left face cathedral block corner ll red awning s corazon cafe great place eat enjoy drink completely surprising garden seating imagine street,en,la_paz
41351,cathedral central la paz step old mexico church bells ringing structure reminiscent hundreds years ago,en,la_paz
41353,thank opportunity pray sing spanish thank safe enjoyable time friends,en,la_paz
41356,nice old cathedralcornerstone laid 1861 went morning happened come afternoon wedding taking placecharming,en,la_paz
41357,impress upkeep historical s surprise like wow factor simple parking touristy unlike cathedrals austria european countries,en,la_paz
41358,fine old church good place meditate away pounding sounds city fallen catholic found peace quiet guilt sitting church,en,la_paz
41359,beautiful cathedral heart la paz wonderful walk plaza great place soak city,en,la_paz
41360,church built 1800s remodeled looks great altar christmas best manger scene seen,en,la_paz
41361,nice small church middle town walk try small coffee shops restaurants,en,la_paz
41362,simple pretty church feel grandeur mixed difficulty architecture materials available time ie crystal chandeliers curved wooden ceiling loved attend service decorations fabulous fact locals come pray midday despite tourists special uphill climb walking malecon pretty town square right street locals shoe shine stands pretty large marble cathedrals ve seen,en,la_paz
41364,nice traditional spainish architecture festive christmas holidays friendly enjoyable atmosphere open wander look,en,la_paz
41365,reason stop poke head exciting cathedral construction worth peak completely unfinished state big,en,la_paz
41366,mexico grand cathedrals true flavor place necessary attend service experience devotion parishioners,en,la_paz
41369,agree friar 4 cathedral impressive means whatsoever compared cathedrals world think guadalajara impressive account built impressivewe land locked peninsula located 1000 miles civilization paved road 1000 miles international airport major seaport taking account stones build church church hauled impassible baja california desert mules sea cortz routes la paz 1835 construction began impressive feat account population time numbered 800 inhabitants prisoners help build later 1908 church actually stands built,en,la_paz
41370,needs walk street tour buses let worth walk cathedral quaint able watch service place architecture pretty amazing built stone major stop local flavor culture,en,la_paz
41381,worth visit impressive stone cathedral dusty humble baja town faces town square good energy inside,en,la_paz
41382,cathedral built 1800s nice use locals seen cathedrals wo nt wowed plaza de la constitucion ok nt rank sites major draws la paz,en,la_paz
41383,la paz cathedral worth visit like spanish colonial churches mexico architecture worth visit check,en,la_paz
41384,beautiful old cathedral sit pew feel serenity wash absolute stop real interest history la paz,en,la_paz
41385,fabulous building nice worth look difficult park awhile good photo op recording visit la paz,en,la_paz
41386,worth pop chandeliers art virgin de guadalupe nice worth minute stop,en,la_paz
41387,la paz cathedral small gem downtown la paz beautifully decorated serene restful place worth visit peaceful atmosphere long history nicely explained entry signs spanish english,en,la_paz
41388,building fancy amazing able find new structure time looked inside greata house worship plain simple heartfelt stained glass altars evoked deep feelings church real happening placewe witnessed concerts masses communityoriented tradition la loteria like bingo outside grounds bells beautiful enhanced month la paz,en,la_paz
41391,beautiful cathedral best baja peninsulaeverytime visit lapaz stand awe visiting lapaz cathedral adjoins old zocalo band stand historic la paz best,en,la_paz
41392,plaques entrance spanish english giving information dates development lovely cathedral quick visit tourists enjoying silence beauty interior,en,la_paz
41393,attended wedding beautiful cathedral majestic nicely maintained truly place visiting lapaz cathedral disappoint friends,en,la_paz
41396,cathedral simple church maintained clean peaceful square cathedral local people goes flirt talk common small villages,en,la_paz
41399,stunning architecture intriguing history opinion truly jewel city beautiful photo op lucky attend event worth time,en,la_paz
41400,small beautiful cathedral impressed upkeep decoration parking easy hard find,en,la_paz
41402,cathedral visiting la paz nt realize historical site read inscripture outside located nice area walk explore,en,la_paz
41403,cathedral incredible beauty takes surprise easy walk square kept,en,la_paz
41406,fantastic beautiful architecture visit fabulous cathedral enjoy superb architecture accross street town square quaint kiosk enjoy ice cream playing mexican bingo loteria,en,la_paz
41407,nice cathedral historical site easy great pictures taken people friendly helpful,en,la_paz
41408,cathedral original center waterfront shopping area open public use walk architecture icons decorations cathedral grounds true gathering place locals,en,la_paz
41411,love land mark historical hole area grab coffee cafe gourmet hi americans hang outside daily basis talk tell donna sent hear churchbells check sit soso spanish spiritual love feeling place,en,la_paz
41413,neat area walk amazing cathedral ve seen nice pretty area takes minutes cathedral,en,la_paz
41415,beautiful old church personal parish named nuestra senora de la luz,en,la_paz
41419,serenity peace surround cathedral surrounding square,en,la_paz
41422,ornate inside beautiful nice area town park street love la paz,en,la_paz
41423,liked opportunity shoot nice photos interior light sprayed stained glass,en,la_paz
41425,visited mexico impress interesting,en,la_paz
41428,lovely church loved brick architecture gardens surrounding,en,la_paz
41445,great place walk sit enjoy view,en,la_paz
41466,beautiful place walk cooler downtown day night great relaxing stroll cooler evening air weekends local families walk walk entire malecon takes 23 hours,en,la_paz
41473,lovely smooth walking surface common mexico bay water access bars restaurants lots activities available swam whale sharks lifetime experience,en,la_paz
41478,mind blowing sunset beautiful ll driving riding bike walking natures delight,en,la_paz
41479,loud night like bourbon street new orleans duval street key west great cities,en,la_paz
41482,good walking food,en,la_paz
41486,nice walking path sea cortez,en,la_paz
41489,best sunsets,en,la_paz
41498,muy agradable para solo caminar y ver un precioso atardeces mucha gente paseando caminando o corriendo con perros se respira tranquilidad extreamely peaceful walking enjoying perfect sunset beach lots people jogging pets,en,la_paz
41502,nice calm february sunsets gorgeous,en,la_paz
41504,intense sun end february 2026 nice,en,la_paz
41505,nice boardwalk beautiful views lot food options,en,la_paz
41513,excellent boardwalk boards miles long bring walking shoes shops plenty dining available excellent views bay bring sunglasses hat plenty sunblock excellent weather enjoy come hear birds ocean relax,en,la_paz
41515,hermoso sitio,en,la_paz
41524,beautiful 5 km malecon la paz   great day abd thr evening specially sunset,en,la_paz
41525,liked nice place stroll people watch window shop manny interesting statues s shade want nice place spend time,en,la_paz
41530,best walks mexico,en,la_paz
41532,boardwalk waterfront clean family friendly,en,la_paz
41564,nice stroll public restrooms clean,en,la_paz
41567,m going want retire,en,la_paz
41568,bike paths ocean sidewalks best beach board walk ve walked,en,la_paz
41569,beautiful walk lots tourists,en,la_paz
41577,malecon wonderful place stroll waters edge advantage options exercise benchrs malecon public restrooms near middle weather beautiful locals nice helpful ll enjoy great food drinks,en,la_paz
41587,great walking sightseeing sides street familyfriendly tons restaurants easy access centro couple blocks midpoint malecon,en,la_paz
41588,epic sunset spot lots way,en,la_paz
41593,malecon la paz missed great vibe life,en,la_paz
41598,breathtaking view malecon far favourite clean peaceful day life night enjoy walks runs nt wait visit,en,la_paz
41601,great place roller skate,en,la_paz
41602,great food view,en,la_paz
41605,incredible views,en,la_paz
41606,la paz fantastic malecon heart city doubt s familyfriendly city mexico,en,la_paz
41614,malecon de la paz beautiful gem looked city clean safe place walk enjoy views bite eat rent bicycles scooters ride clean free washrooms use plenty garbage cans emptied daily sunset best ve seen statues entire length entertaining fun dog friendly dogs control times pick dogs mess,en,la_paz
41617,merry christmas,en,la_paz
41622,christmas parade malecon good time,en,la_paz
41629,wonderful place walk sites lots restaurants,en,la_paz
41633,lovely walk bay beach area,en,la_paz
41637,lovely stroll filled markets statues cool,en,la_paz
41638,clean area easy walk,en,la_paz
41650,safe lots fun hanging people sorts fun activities,en,la_paz
41654,love malecon unlike malecons quiet lots little spots shop eat,en,la_paz
41670,favorite beautiful stop trip visited cabo puerto villarta mazatlan,en,la_paz
41671,beautiful wide way town,en,la_paz
41674,wonderful place walk water find souvenirs restaurants lots cool statues photos,en,la_paz
41689,want good walk beautiful shoreline walk ocean malecon crowded street vendors bother interesting artwork look impressive views sea cortez business street restaurants little congested good morning late afternoon spot good walk,en,la_paz
41700,beautiful views statues familyfriendly,en,la_paz
41703,excellent experience start finish affordable prices quality work definitely,en,la_paz
41704,beautiful boardwalk water ton statues lots restaurants shops,en,la_paz
41706,la paz best city mexico far peaceful respect rules great options tours city local beaches great swimming water warm best sunsets enjoyed malecon cerro de la calavera speechless sun came slowly went ocean gone m definitely going amazing city,en,la_paz
41716,beautiful lots restaurants bars 60 plus minutes walk end,en,la_paz
41717,nice walk great shops eateries way nice statues pics w.,en,la_paz
41730,pretty board walk harbor shops eateries activities,en,la_paz
41736,great place watch sunset grab ice cream dark watch people families stroll,en,la_paz
41739,nice walk 1145am1200pm shops closed employees chatting friends outside store entrance ask open said 1 extra star cause views looking sea cortez nice,en,la_paz
41745,malecon de la paz nt boardwalk citys living room street party catwalk rolled sunsets flex harder instagram filter ocean view free therapy sculptures half cool half hell entertained micheladas day joggers strollers night turns neon parade vendors performers families generations deep miss malecon nt skip tourist stop skipped soul la paz,en,la_paz
41748,great time town restaurants good felt safe,en,la_paz
41756,busy anytime day nice walk malecon people friendly traffic little hectic times overall nice place walk,en,la_paz
41760,un excelente lugar para caminar comer y disfrutar excelentes atardeceres,en,la_paz
41796,nice malecon walk evening 7 pm temperature lots bars restaurants shops bike rental enjoy entire area,en,la_paz
41797,beautiful like popular tourist destination traffic crazy s parking recommend lotsa sunscreen hat park block 2 away public pay parking areas like 20 pesos dollar hour d recommend restroom s scarcity public bathrooms usually customers hey mexico nt expect usa infrastructure nt unfamiliar dark ll fine,en,la_paz
41830,came walk quick lunch pretty,en,la_paz
41847,coming la paz,en,la_paz
41861,best malecon mexico,en,la_paz
41865,awesome place,en,la_paz
41872,nice clean protected area stroll buy goods,en,la_paz
41877,chill peaceful place spend afternoons,en,la_paz
41884,amazing promenade perfect running biking path sunsets spectacular restaurants bars coffee shops strip,en,la_paz
41893,short trip la paz coming sure el malecon looks amazing lot restaurants street shopping good vibes walking,en,la_paz
41894,malecon beautiful place fitness relaxing spot la paz sea breeze people restaurant electrifying,en,la_paz
41913,great scenery weather perfect,en,la_paz
41923,hot nice need hours enjoy couple days,en,la_paz
41928,nice walk tons place eat humbrusia awesome sandy sunny beaches nt locals fantastic,en,la_paz
41932,nt come,en,la_paz
41934,beautiful clean safe place walk family shop relax,en,la_paz
41966,malecon beautiful walk drive amazing la paz waterfront friendly people lots cool shops restaurants check hook experiences looking memories water   best town,en,la_paz
41971,great place walk human dog,en,la_paz
41973,absolutely best tacos die especially tripa free sauces line chopped lettuce onions etc basically tacos delicious oh nt forget order guacamole,en,la_paz
41974,great place walk relax lot food wise,en,la_paz
41976,great early morning walk nt evening m sure wonderful,en,la_paz
41989,nice,en,la_paz
41991,beautiful water malecon worth trip,en,la_paz
41992,love place walk far beach restaurants road peaceful great views,en,la_paz
41996,beautiful place lot people visit place afternoon,en,la_paz
42016,great place food shopping bars clubs live music street vendors bike paddleboard rentals boat tours snorkeling whales beaches skatepark harbor marina spend day night s lots resort area makes way better find stuff geared northerners timeshare vibe,en,la_paz
42027,like riviera france pretense lots shops restaurants gift shops etc laid bustling time big deal,en,la_paz
42028,routes bikes walkers different lanes nice art work,en,la_paz
42029,beautiful place lot places eat drink walkable,en,la_paz
42036,fun fun fun sun shops eateries parks definitely place come hang vacation,en,la_paz
42040,beautiful malecon nice little restaurants stop eat view ocean paths bikes rollerblades sit beach enjoy lovely afternoon,en,la_paz
42042,beautiful malecon mexico lot eye candy,en,la_paz
42043,beautiful clean great walk water la paz loved night families enjoying evening,en,la_paz
42051,la paz kick city nice vibe excellent food definitely,en,la_paz
42056,amazing feeling soon arrived beautiful filled amazing energy,en,la_paz
42079,aun sigue sorprendiendo la tranquilidad de este hermoso lugar pesar de todos los comercios q siguen agregando y se cansan de embellecerlo con nuevos atractivos visuales el respeto al ciclista y la gran cantidad de bancas para disfrutar de la vista,en,la_paz
42095,easy walk run beautiful views,en,la_paz
42101,carnival festival malecon tremendous,en,la_paz
42102,great spot walk enjoy restaurants,en,la_paz
42106,beautiful boardwalk lots shops restaurants lot laid cabo san lucas,en,la_paz
42107,beautiful place stroll slow bike ride beach stop restaurants way great food,en,la_paz
42117,great walking sidewalk   malecon right water people watch look whales dolphins karoke people lolits great,en,la_paz
42118,road bikes enjoyable designated trails bikes,en,la_paz
42124,immediately transport relaxing chill atmosphere step beachfront people playing music skateboarding rollerblading playing volleyball stroll quick ease mind,en,la_paz
42127,visiting la paz walk malecon walk beach park variety places grab dessert grab food feel like locals hang cruze,en,la_paz
42134,pretty great place run bike ride day night,en,la_paz
42135,beautiful malecon friendly people great restaurants,en,la_paz
42139,interesting water tide looks scrappy water beautiful,en,la_paz
42146,malecon la paz baja california sur 5kilometer stretch walk jog ride bike incredibly picturesque charming shops buy souvenirs simply enjoy music played musicians near pier families stroll creating atmosphere feels like dream neighborhood ll find restaurants suit budgets offering best seafood including tuna yellowfin sea bass jurel perfect spot sunset dinner fell love city makes feel safe welcome taken care service phenomenal truly special time cherish memories jacqueline fritz,en,la_paz
42157,la paz visit end december 2023 nice quiet town stayed posada las flores great location end malecon center hotel good location excellent clean safe helpful management expect 5 star rating took tour espiritu santo island 7 hours long beautiful beaches snorkeling wanted water kind cold need wet suit.we went tecolote beach rented jet skis nice experience 100 hour saw belentra beach boat island trip beautiful facilities protected area access limited places eat bismark good veracruz style fish best central breakfast ice cream michocan try guanabana exotic fruit delicious corner sure 1 block hot dog hamburger vendor try incredibly delicious,en,la_paz
42158,beautiful clean location lots shops good restaurants,en,la_paz
42171,beautiful views wonderful bike path art installations photo worthy,en,la_paz
42179,nice clean great views lots nice decoration,en,la_paz
42196,gusto mucho,en,la_paz
42200,malecon beautiful anytime day calm peaceful day lively densely populated evening love la paz definitely favorite destinations escape,en,la_paz
42212,clean pretty malecon vendors aggressive like experienced cancun plays del carmen los cabos puerto vallarta dog poop careful,en,la_paz
42215,awesome place hang,en,la_paz
42219,beautifull relaxing walking place,en,la_paz
42228,peaceful long sidewalk sea cortez,en,la_paz
42234,pleasure walk malecon dogs welcome families kids lovely view water,en,la_paz
42253,beautiful places earth,en,la_paz
42254,nice busy shops restaurants beautiful ocean warm little rocky shoreline,en,la_paz
42266,beautiful place away common routine lots options food entertainment,en,la_paz
42272,malecon great place excersice walk people friendly plus furry baby friendly,en,la_paz
42292,beautiful best place photos activities food touristic activities including snorkel scubba diving sunk boats visit espiritu santo island pedal kayak hiking multiple beaches sandboard etc beaches services virgin beaches,en,la_paz
42297,beautiful place sand sunsets hammocks volleyball plenty culture,en,la_paz
42310,best malecon visited,en,la_paz
42321,fun nice,en,la_paz
42331,great place walk family,en,la_paz
42338,limited options food entertainment wifi,en,la_paz
42353,nice place stroll great scenery happening,en,la_paz
42363,special place eat catch cold drink,en,la_paz
42368,great place spend time loved nice walk boats got engaged little beaches romantic area,en,la_paz
42378,loved peaceful vibrant time,en,la_paz
42389,great place enjoy afternoon evening walk buzzing activity lively relaxing atmosphere,en,la_paz
42394,relaxing chill vibe walk absolute favorite watching sunset kid friendly playgrounds malecon restaurants skatebike park shops ice cream,en,la_paz
42401,rhe beautiful peaceful places know,en,la_paz
42403,great town wish street vendors malecon clubs closed beaches clean people friendly recommend hotel pekin luxurious clean malecon morning evening walks,en,la_paz
42405,malecon fun family place sure plan nice anytime walks runs exercise visiting family night dinner walk ice cream paleteria la fuente example decide sit benches people watch enjoy local entertainment street relaxing safe people animals friendly love vibe,en,la_paz
42410,oxxo restaurants close early,en,la_paz
42417,amazing place chill,en,la_paz
42439,super bonito,en,la_paz
42460,malecon la paz wonderful place walk especially sunset evenings people playing volleyball beach s amazing bike paths run way wide walkway pedestrians separate,en,la_paz
42466,great place hang nice views bay plenty food entertainment hotel accommodations walking distance family friendly option cabo safe chilled environment beautiful sunsets,en,la_paz
42482,malecon favorites entire mexico clean safe beautiful sunsets,en,la_paz
42489,lovely place morning evening walks nice restaurants aera,en,la_paz
42492,clean kept,en,la_paz
42497,lively stalls selling jewelry restaurants busy street families,en,la_paz
42500,peoples,en,la_paz
42509,broad seaside walkway benches beach palapas piers playgrounds bandstands occasions favourite daytime evening weekend stroll hangout perfectly safe,en,la_paz
42515,great place walk sun high,en,la_paz
42516,beautiful entertaining maintained attraction pearl lapaz,en,la_paz
42521,great place stroll people watch,en,la_paz
42533,walked beach shops lots places eat drink ice cream shops yummy,en,la_paz
42538,best features la paz maintained better lit night thanks new street lighting great running walking host activities,en,la_paz
42543,pleasant exciting,en,la_paz
42544,great place lovely walk day night,en,la_paz
42548,love walk malecon bicycle bike lanes,en,la_paz
42561,nice walk waterfront piers attractions way,en,la_paz
42562,beautiful malicon places dine shop parking tough,en,la_paz
42575,kingfishermex,en,la_paz
42577,fun place hangout kid,en,la_paz
42578,beautiful place great view nice bars restaurants beaches touristy parts occasionally crowded locals friendly,en,la_paz
42582,malecon heart la paz playground children including special needs kids children teens adults skate ride bikes walk dogs stroll watching scenery street restaurants activities love,en,la_paz
42584,coastal cities mexico malecon nicest far access numerous restaurants bars bathrooms access playgrounds small parks great bike path adjacent malecon walk malecon sunset,en,la_paz
42585,nice relaxing place nice walk beach lot restaurants nightlife great nice music life band 99 dog friendly,en,la_paz
42587,great waterfront plenty benches statues local tour boats restaurants,en,la_paz
42588,wonderful place walking families,en,la_paz
42596,5 km paradise malecon walking rollerskates skateboarding bicycling cement walking bicycling paths continues 25 km ferry terminal beautiful coastline numerous beaches,en,la_paz
42606,good place,en,la_paz
42608,drove cabo la paz let tell s worth,en,la_paz
42613,bonita public space sea gazing people watching walking biking skateboarding etc,en,la_paz
42617,nice walk restaurants street tour operators lots statues rent bikes scooters items ad,en,la_paz
42621,help spread word visiting la paz caution police likely shake foreigners great experience making way la paz los cabos 1 police target foreigners extort money usually corrupt cops stop example stopped speeding 90 km 30 km zone know nt hey argue arrest continue extort police station want provide tips traveling mexico fully staying resort drive corruption police like seen experienced 1 calm respectful stern 2 try provoke humiliate slightly threaten 3 try stop lit area 4 carry 2 wallets 75100 eventual extortion need pay 5 nt la paz book tour cost likely stopped police nt try pay immediately actually dealing good cop actually wrong good cops careful nt trouble usually hint cop corrupt contact embassy arrested trust let know arrested request assistance gets point corruption limits,en,la_paz
42627,lovely place hang secure,en,la_paz
42639,parks kids great smaller kids larger pirate ship lovely casual nice restaurants walk christmas lights awesome interactive free christmas lights park mile plenty places hang family area,en,la_paz
42644,restaurant variety eating nice vews,en,la_paz
42649,"fantastic beautiful day wife visit got 17,000 steps day",en,la_paz
42653,clean lots cool sculptures vendors great shopping food malecon,en,la_paz
42656,beautiful area water,en,la_paz
42668,family eats visit los angeles menu great particularly enjoy spaghetty favorite best breakfast lunch dinner town owners caesar lovely wife ana welcoming service friendly recommend visits la paz visit itacate,en,la_paz
42672,space super quiet stay went walk morning afternoon entire boardwalk bike path people jogging pets sunsets beautiful heat tolerable stores sidewalk buy water souvenirs impressed clean kept,en,la_paz
42688,great place catch sunset walking path patio restaurants strip,en,la_paz
42696,nice place walk eat wonderful places,en,la_paz
42700,adventure,en,la_paz
42750,lugar,en,la_paz
42756,recommend walking esplanade eveningnight ll burned drenched sweat lots yummy street food beautiful art installation pictures try bismarkcito pulpogrilled octopus fish prawn ceviche beware buskersstreet performers asking tip best ignore ll flocked ending troop spot best eat claros fish jr ceviche tower amazing good variety tacos affordable local eat prices,en,la_paz
42758,malecon la paz long peaceful walk preferably night sun temperature ok walk think people walk night dangerous maybe problem nt night life wanted,en,la_paz
42784,place nice hot summer time went late august hot enjoy day vacation nt going waste time 9 sweating bullets mean like drenched vendors vendors come night cold nice place walk scenery bars eateries street enjoy,en,la_paz
42790,love la pazs malecon great views sea cortez beautiful boats sailing explore baja shops food good morning noon evening super fun families enjoying sunsets festivities,en,la_paz
42804,interesting statues peaceful place walk,en,la_paz
42826,city great job maintaining malecon biggest con public restrooms directly malecon s backside tourist information office,en,la_paz
42829,beautiful street walk family friends nice written town huge perl plaza pictures markets outside noticed lots mini cars scooters believe rent site 1h entrance dock ask sure beach right sit enjoy waves free bathroom pier entrance,en,la_paz
42835,love malecon la paz recomended walking family girlfriend bros pefect sunsets everyday water restaurants famous perla la paz lill ones nice playground play tired,en,la_paz
42863,best   beautiful lively beach lot happening night loved touristy la paz nice,en,la_paz
42868,best place walking morning sunset,en,la_paz
42870,wow beautiful port awesome views,en,la_paz
42872,malecon la paz taken care sidewalks clean great place long walk,en,la_paz
42877,awesome,en,la_paz
42882,family friendly waterfront notches notches cabo waterfront experience relaxing,en,la_paz
42898,amazing visiting love,en,la_paz
42904,amazing place exercising swimming socializing eating sight seeing chilling fun watching people night mingle enjoy life place cleaned lots places visit,en,la_paz
42915,love area peaceful walk anyday,en,la_paz
42922,great place combine walk people watching enjoying unique sculptures grabbing snack eating delicious meal grab bench watch parade cars pedestrians gaze bay array anchored yachts basically s enjoy list discover magical area,en,la_paz
42931,lovely peaceful walk breathtaking sunset,en,la_paz
42933,nice place morning walk,en,la_paz
42940,beautiful place hightly recommended,en,la_paz
42957,hot daylight hours sun sets comfortable lots businesses including restaurants bars tours etc,en,la_paz
42958,wonderful place walk,en,la_paz
42959,great place visit s restaurants places desert,en,la_paz
42973,crowded loud tourist trap views nice debatable waters ok swim kiddo went swim spotted broken danger toxic chemical sign water look marina ll power plants,en,la_paz
42982,amazing place walk catch sunset plenty dining,en,la_paz
42997,cool place nice relaxed,en,la_paz
43003,beautiful place walk beach,en,la_paz
43006,beautiful place sunsets look wonderful amazing nice comfortable place skate 3,en,la_paz
43030,extremely nice place hang,en,la_paz
43052,best pleace walk miss sunset,en,la_paz
43053,way fun interesting things happening great food great music wonderful people,en,la_paz
43056,town great place walk helado excellent view watch sunset,en,la_paz
43063,love malecon sunsets incredible people friendly,en,la_paz
43072,perfect paseo run walk beautiful views clean kept cute little beaches way,en,la_paz
43083,beautiful place walk boulevard bike definitely want 5 6 sun hiding beautiful,en,la_paz
43090,beautiful fun place walk tons options eat drink friends family,en,la_paz
43095,place restaurants entertainment walking la paz,en,la_paz
43103,muy hermoso,en,la_paz
43108,beautiful place shame people respect local authorities absolutely supposed law collected right carnaval central el malecon shame,en,la_paz
43119,nice place visit garbage shame nice maintenance sculptures walls sidewalks,en,la_paz
43122,nice walk la paz waterfront nice statues way la paz es nice found bcs towns quaint beautiful,en,la_paz
43124,busy place evening sunsets beautiful,en,la_paz
43131,different sunsets lots good food carnival huge street festival parade,en,la_paz
43134,recommend visiting la paz unfortunately city oppressing people forcing people wear masks like living 2020 especially kids workers silent protest free residents hope boycott la paz support example subway store serve nt mask popular bars forced buy mask walk door bar wearing complete theater,en,la_paz
43144,great walk jog stroll malecon lined unique art venture farther seashore sights view,en,la_paz
43145,great pleasure coming couple years clean ready help great culinary vacation time food american mediterranean italian argentinian,en,la_paz
43153,delightful experience great place getting know local folklore,en,la_paz
43162,beautiful waterfront prominad lots shops cafes vendors parking issue times spot block main drag best explored foot anyways,en,la_paz
43174,love charming vibe enjoy couple beautiful place visit,en,la_paz
43177,awesome experience,en,la_paz
43178,good place walk,en,la_paz
43180,heart city peace scenic magnificence provides perfect celestial canvas hearts minds drawn share grandeur,en,la_paz
43181,cool park lots people lots cool statues kids play ground road food drink hope street,en,la_paz
43190,beautiful busy comfortable probably 10 20 years overbuilt cabo 50 years ago nice places sit outside margarita easy access town,en,la_paz
43196,great place evenings,en,la_paz
43197,great place running swimming browsing,en,la_paz
43199,malecon area fine yuppies la paz dirty industrial city whales shark swim ocean activities great s city offers ps cheated whale shark trip leader cautious,en,la_paz
43215,place la paz,en,la_paz
43220,malecon clean beautiful lot places eat things,en,la_paz
43229,nice 5.5 km   long smooth skating rink lot banches excersise places dogs dogs area,en,la_paz
43230,love malecon clean lot beautiful view great restaurants whale shark swim great time rent bike walk way amazing time,en,la_paz
43231,great views great way walking exercise lots great food choices ice cream drink,en,la_paz
43235,happening tourist area,en,la_paz
43240,loved walking malecon,en,la_paz
43245,beautiful walk art activities places eat water beautiful low tide walk life lies water shore,en,la_paz
43251,stroll malecon area nt spend day better told 1000 times,en,la_paz
43254,good use public space gets clean safe family friendly fun,en,la_paz
43257,favorite spoke english knew prices lovely cab driver limited english saved day,en,la_paz
43269,nice atmosphere breathtaking sunsets felt safe,en,la_paz
43272,great spot plenty stores restaurants spots pictures nt want spend dinero highly recommend taking walk boardwalk visiting la paz,en,la_paz
43275,best malecon mexico ruined resorts walking lanes dedicated bike lanes skate parks bike parks nice dog park,en,la_paz
43282,friendly interesting homemade waffle cones,en,la_paz
43289,lovely place,en,la_paz
43290,beautiful walking area kids families tourists cool sculptures way restaurants bars coffee shops great time day,en,la_paz
43292,nice stroll enjoying sunset,en,la_paz
43293,broad walk busy rocky beach places lots restaurant choices,en,la_paz
43296,love malecon lots friendly people safe usually cool markets events going lived d walk day,en,la_paz
43305,great place stroll sunset fantastic lot tabletop stalls sell food beer artisanal stuff definitely recommended,en,la_paz
43324,great place restaurants,en,la_paz
43331,s like lol,en,la_paz
43341,nice walkway bay interesting artistic sculptures great views surrounding mountains families enjoy evenings restaurants shops road,en,la_paz
43347,great place visit,en,la_paz
43358,gem la paz great place walk water delicious meal interact community,en,la_paz
43375,beautiful clean place feels safe middle night nice art play areas wading areas told ok probably swim area great walk ice cream dinner breakfast super place,en,la_paz
43392,fun place walk family,en,la_paz
43393,good food drinks better especially mojito saury watery,en,la_paz
43398,beautiful beach promenade restaurant road,en,la_paz
43411,beautiful clean loved lapaz,en,la_paz
43420,nice walk harbor hot,en,la_paz
43473,hotel malecon good spot stay la paz blocks away choose walk rent scooter car parking bit scarce find parking spot walk need blocks away,en,la_paz
43480,public area sunsets incredible gets busy night time,en,la_paz
43485,love walking exploring near malecon,en,la_paz
43533,best pastime la paz free,en,la_paz
43549,beautiful coast walk small monuments erected way main square visit place la paz,en,la_paz
43560,nice place visit,en,la_paz
43585,beautiful kept,en,la_paz
43614,favorite places la paz,en,la_paz
43618,beautiful beware traffic,en,la_paz
43646,malecon truly awesomely place hang,en,la_paz
43678,nice clean place visit,en,la_paz
43680,gorgeous day,en,la_paz
43698,nice malecon variety shops restaurants nice break away hustle cabo san lucas,en,la_paz
43701,beautiful promenade walk ride bike rollerblading etc great walk catch sunset,en,la_paz
43711,lovely sunsets family friendly lots places sit eat ice cream things volleyball court,en,la_paz
43714,lots stuff going wonderful sunsets,en,la_paz
43737,malecon la paz incredible natural beauty statues incredible people mexico,en,la_paz
43756,best tour,en,la_paz
43763,love watching sunsets,en,la_paz
43786,boring concrete jungle beach nt stink,en,la_paz
43795,opinion malecon overrated things use pieces public art include food art vendors sides promenade especially outdoor vendors nt cross busy thoroughfare restaurants vendors nt mean snooty opinion nt compare favorably public seaside boardwalks,en,la_paz
43818,lovely walk ocean restaurants shops galore,en,la_paz
43819,great lunch night life,en,la_paz
43821,great family atmosphere bring skate board roller blades advantage wide smooth surfaces malecon,en,la_paz
43825,things experience great place spend day enjoy beach shop eat great food malecon,en,la_paz
43830,nice place nice walk catch fresh air love place clean great views,en,la_paz
43849,clean perfect skating,en,la_paz
43850,great maleon great food great sunsets,en,la_paz
43862,amazing visit place great records,en,la_paz
43867,great day night,en,la_paz
43870,perfect stroll cool town,en,la_paz
43873,nice clean newish cycle path long restaurants bars small beaches people crowded maybe saturday night cruising strip lines cars going forth obviously fun place,en,la_paz
43879,clean views awesome,en,la_paz
43886,beautiful place stroll taken care lots restaurants beautiful sunsets,en,la_paz
43895,lovely malecon sculptures view free palapas available beach,en,la_paz
43898,nice smooth concrete pathway people roller skating walking good bike path ocean road lots cafes,en,la_paz
43900,kept bustling people time restaurants bit pricey view sea people,en,la_paz
43902,boardwalk beautiful beach restaurants bars shops opposite beach,en,la_paz
43918,nice seafront people walking jogging rollerblading generally enjoying,en,la_paz
43923,clean streets nice atmosphere,en,la_paz
43925,beautiful sea drive walk plenty place eat place looks beautiful night,en,la_paz
43952,delicioso desayuno nice view service delicious variety plates,en,la_paz
43971,great local beach spits restaurants shopping spits 3 different icecream places,en,la_paz
43985,wonderful place walk enjoy bay people,en,la_paz
43992,great walk best malecon s mexico,en,la_paz
43997,la paz malecon great beautiful views people ate great restaurant looking water,en,la_paz
44008,people watch sunset roller bladeskate cycle eat ice cream hold hands sit palapa walk dog photos friends family art sculptures locals come night smooth surface enjoy new skates scooter impressed handicap playground great bike lane gets hand swept frequently covid update masks required town evening police tell sips smoothie 01.04.2022,en,la_paz
44016,clean fast,en,la_paz
44026,probably best malecon mexico,en,la_paz
44027,nice stroll scenic vistas enhanced series marvelous civic statues public playitas palapas sweet baroque architecture mural art,en,la_paz
44031,generous portions tasty food,en,la_paz
44042,way end day strolling malacon watching sun set,en,la_paz
44046,cool malecon visit skate park lots talented kids having wholesome good time like deserve smiles love place,en,la_paz
44053,bautiful place walk,en,la_paz
44086,beautiful boardwalk tons shops restaurants way great sight seeing relaxing place handicapped friendly surprised accessible wheelchair ramps,en,la_paz
44089,wonderful place,en,la_paz
44094,peaceful alive time,en,la_paz
44101,beautiful walk run bike,en,la_paz
44105,long lots art great space,en,la_paz
44109,beautiful view safe relaxing walk malecon,en,la_paz
44124,visit travel baja,en,la_paz
44130,beautiful,en,la_paz
44132,na e place walk eat,en,la_paz
44142,beautiful walkway water 3 miles long great place people watch stop restaurants bars shops great views sunset extremely lively weekend tourists locals small beaches hang nt nicest beaches expect city beach,en,la_paz
44151,visit visit nice place walk pictures malecon bars restaurants souvenir stores want buy banks ice cream shops,en,la_paz
44155,charming place safe walk people ice cream bike ride watching unique sunsets single day feeling safety adds perfect formula quiet steady town rush,en,la_paz
44180,beautiful love seeing people families come evening,en,la_paz
44184,nice great family place need,en,la_paz
44205,view beautiful malecon awesome people bicicleta nt line riding pedestrians people got ta taking care police officers taking care,en,la_paz
44208,fan tastic,en,la_paz
44240,tons shops night life amazing sunsets great food cheap drinks,en,la_paz
44242,favorite beaches warm water day peaceful environment,en,la_paz
44279,great walk eating places swim afternoon play pick game volleyball,en,la_paz
44313,nice smooth boardwalk little congested small price pay views beach sunsets,en,la_paz
44330,great place visit awesome sunset,en,la_paz
44338,beautiful city people cabo,en,la_paz
44353,pretty galore sunset july beautiful,en,la_paz
44366,beautiful place beaches gorgeous people awesome,en,la_paz
44409,nice walk spectacular view places meals drinks,en,la_paz
44430,nice area walk early morning run lots restaurants enjoy 3 shops,en,la_paz
44433,malecon lovely walk wishing bicycle end nice statuary love palapas beach free stop stay places eat drink good option enjoy tues sat market street malecon like walkers cyclists vehicles separate,en,la_paz
44436,great place spend day,en,la_paz
44439,morning bike rides nice,en,la_paz
44443,honestly better views area nt ran artwork truly changed walking malecon,en,la_paz
44444,watched beautiful sunsets malecon beautiful walk sundown parts malecon especially closer kiosk busy usually find spot sand bench watch sunset,en,la_paz
44471,amazing great views lot step,en,la_paz
44476,boardwalk area stunning breathtaking thanks la pz amazing experience,en,la_paz
44494,beautiful clean malecon breathtaking view,en,la_paz
44519,malecon huge ve seen lot ve witnessed end possibly island s merry round wheelchairbound people observation area water wheelchairs people chairs enjoy scenery getting stuck sand grass statues statuelike objects grand ones plates places names inscribed shall right know ve named according particular dreams hot mexico prosperous tijuana 85 percent fewer trip hazards immigrants yearning free,en,la_paz
44545,strong service attentive service,en,la_paz
44562,nice walk,en,la_paz
44568,loved malecon area,en,la_paz
44604,beautiful peaceful place,en,la_paz
44612,best sunsets,en,la_paz
44619,fun 90 open,en,la_paz
44641,beautiful path water walk covid restrictions got sense beautiful walk sunset,en,la_paz
44647,nice relax place lot bars places eat easy parking beautiful views bay,en,la_paz
44660,love place time m amazes time,en,la_paz
44664,disliked cruise shop sight time,en,la_paz
44684,great job space modern classic combined excellent value excellent location,en,la_paz
44714,nice nice boardwalk smooth,en,la_paz
44718,lovely walkway water,en,la_paz
44764,nice place walking feel safe night,en,la_paz
44766,great malecon unfortunately closed local officials closing apparently think covid spreads people walking outdoors si es loco allowed walk ignore perimeter tape la policia enforcing walk street sidewalk crowded weave restaurant tables dine indoors haircut mask join local nighttime parties walking malecon mask dangerous,en,la_paz
44768,great closed covid,en,la_paz
44770,beautiful walkway sea lots things interest,en,la_paz
44783,amazing place people kind view wow purrrfecto,en,la_paz
44793,wonderful walk ocean restaurants shopping interesting sculptures perfect place grab ice cream sit people watch walking strolling skating area super clean enjoyable spend time,en,la_paz
44798,great place walk good food right water sandy areas swimming playground nice statues,en,la_paz
44847,cleanest beautiful malecon ve wide good walk time day   winter time,en,la_paz
44853,love sculptures art end,en,la_paz
44861,night life great,en,la_paz
44886,cleanest kept malecon mexico beautiful,en,la_paz
44900,clean,en,la_paz
44945,class beach walk,en,la_paz
44959,great night fresh 6 possible walk peacefully night breeze,en,la_paz
44977,beautiful boardwalk watch sunset great stores way feels safe,en,la_paz
44994,estrella del mar called stellas entrance malecon food service excellent choose table beach open air restaurant fabulous view gorgeous sunsets,en,la_paz
45007,beautiful view clean,en,la_paz
45027,love sunset malecon,en,la_paz
45029,beautiful clean malecon loved,en,la_paz
45040,great place visit,en,la_paz
45052,beautiful atmosphere walks shopping merchandise food,en,la_paz
45054,malecon normal times wonderful place walk stop cafes ride bikes water markets buy local artesans goods local fresh vegetables home cheeses delicacies rates virus increasing malecon closed foot traffic open vehicles,en,la_paz
45056,muy bonitl,en,la_paz
45060,enjoy coming la paz spent 5 days making friends businesses closed good time favorite spots,en,la_paz
45073,beautiful walk beautiful city,en,la_paz
45083,best place baja,en,la_paz
45085,great location whale shark experience excellent,en,la_paz
45086,nice walk lots shops,en,la_paz
45102,laid exceptionally polite,en,la_paz
45104,best pavilion visited lined artwork beautiful sculptures sea creatures sea people coean safe wonderful families couples fun watch rollerblading skateboarding evenings,en,la_paz
45152,beautiful malecon better great dog walking   clean pet sunsets exercise nature viewing gorgeous,en,la_paz
45161,best feature la paz,en,la_paz
45169,newly furnished clean missing street vendors,en,la_paz
45187,nice walk beach beach look cery good swimming lots restaurants bars entire malecon great vibe lovely place whalesharks visiting la paz,en,la_paz
45192,malecon la paz seen appreciate beauty long mile wide polished concrete sprinkled liberally small parks statues piers beaches benches gathering places bay bistros souvenir shops ice cream parlors coffee shops et al separate set bike lanes included watch sun sidewalk bistro   nt ask,en,la_paz
45197,lots walking restaurants coffee shops small bars town based malecon,en,la_paz
45202,beautiful bring windproof jacket,en,la_paz
45206,super hermoso,en,la_paz
45247,lots selection low prices problem product labels hard read bit unorganized difficult find english speaking staff patient friendly,en,la_paz
45248,malecon wonderful clean great views lots things plenty different restaurants authentic mexican sushi coffee shops bars etc s market saturdays fresh vegetables fresh breads jewelery etc great place walk tons activities especially busy weekends especially night,en,la_paz
45249,loved   clean selling timeshares,en,la_paz
45279,great family place explore la paz visit friends,en,la_paz
45295,better malecons refurbished year 19 clean young vibe dedicated cycle lanes fun things like water jet ground kids like run staying town end outdoor gym watch roller skaters wobbling hirelay bikes nice resistants shrimp tacos best,en,la_paz
45323,impressed passenger walking skating sealed cement surfaces wellmarked bike lanes lanes traffic way courteous 2 passengers ice cream shops right near enjoyable seven crown hotel outstanding,en,la_paz
45329,beautiful lots restaurants good food margaritas beach,en,la_paz
45346,beautiful walk different things restaurants stop way,en,la_paz
45357,clean lively,en,la_paz
45368,malecon great walked malecon parade day different times night felt safe entire time thing makes great locals tourist trap trying sell pulling shop clean time la paz capital state m sure reason plenty officers added feeling safety lots great restaurants malecon malecon cabo times choose la paz time future,en,la_paz
45381,beautiful waterside walkway,en,la_paz
45390,happy place 1st visit la paz 2008 place great transformation,en,la_paz
45398,stroll bike ll love,en,la_paz
45407,new expanded malecon board walk beautiful locals families enjoying casual walk,en,la_paz
45425,increible lugar atardeceres increibles,en,la_paz
45482,beautiful sunset walk super clean glowing promenade ease soul,en,la_paz
45483,nice clean area stroll beggers people selling junk,en,la_paz
45503,cool place stroll enjoy ocean breeze sidewalk smooth skateboard roller blade scooter walk run rental blaces scooters trikes,en,la_paz
45513,amazing place watch sunset ride bikes scooters family,en,la_paz
45566,great place visit beautiful sunsets enjoy,en,la_paz
45595,nice nice place vacation enjoyed la paz bcs,en,la_paz
45616,thing la paz stroll enjoy view shopping food sculptures way,en,la_paz
45619,paradise best sunsets,en,la_paz
45640,excelente place stroll afternoon night,en,la_paz
45660,beautiful beaches good authentic mexicana sea food,en,la_paz
45668,wonderful place walk run bike,en,la_paz
45670,lovely malecon lot representative statues la paz,en,la_paz
45712,fun clean friendly,en,la_paz
45722,great place walk spend day getting know parts la paz,en,la_paz
45735,beach amenities,en,la_paz
45736,peaceful quiet place connect land water,en,la_paz
45740,interesting place check water exceedingly shallow ways allows cracks fish easily plenty people lounging water shore important note recently added entrance fee paid online service 1520 mins entrance sure buy tickets ahead time unlike friends cap number people enter morning afternoon require leave morning afternoon sessions set time blast loud horn signal time glad took time visit,en,la_paz
45744,amazing beach,en,la_paz
45748,okay water come knee level smooth walk pretty spot nice pretty beach visited island espiritu santo,en,la_paz
45751,amazing experience playa balandra important tip purchase entry ticket digital bracelet advance official conanp websiteits required access beach process easy organized arrived 100 pm settled 115super efficient controlled entry system helps beach peaceful uncrowded area absolutely stunningcalm pristine incredibly preserved truly feel protected natural reserve s visible presence authorities makes feel safe managed follows rules beach stays clean serene water crystal clear shallow like natural poolhonestly magical beaches ve visited parking accessible restrooms available plus overall perfect experience visiting la paz mustbut plan ahead bracelet,en,la_paz
45756,awsome beach,en,la_paz
45763,balandra beach true disappointment accessing unnecessarily complicated worth effort need purchase bracelets online 15 person drive designated supermarket physically pick need arrive early secure entry assigned time slot arrived 1230 pm afternoon entry able fairly quickly initially promising reached beach experience fell far short expectations beach look nearly impressive photos water extremely shallow absolutely shade importantly amenitiesno chairs umbrellas food options visitor expected bring carry makes experience inconvenient uncomfortable left minutes genuinely nt understand place heavily promoted mustsee la paz instead went tecolote beach better experience offers restaurants chairs shaded areas renteverything need enjoyable relaxing beach day wish honest reviews balandrait saved time money,en,la_paz
45768,gorgeous unusual location warm pristine blue water surrounded barren hills teaming marine life truly remarkable beach worth drive,en,la_paz
45774,arrived 7 early friday morning 1020 people ahead vendor selling fruit 100mx cup deal bracelets mx govt website login usually nt work sucks person office bought 15us 3rd party vendor yachtmx picked convenience store way ranger asked bracelet need exceptions local senior student unavoidable creatures bitesting sand fliesfleasmidges jellyfish larvaeadult missing star bites got,en,la_paz
45777,entry process continues evolve 2 months ago tried reserve entry tickets march 19 official website button making reservations disabled airbnb host told balandra pay entry got line told pay online cell coverage balandra nearby food truck selling wifi service 150 pesos apparently recent process change 30 minutes online struggles got tickets enjoyed beach nice beach competes nice beaches world,en,la_paz
45780,beautiful beach little 15 min hike mountain tops clear waters sure tickets online let groups day beach reservations,en,la_paz
45781,place amazing years ago purchase pass kick 20 minutes pass staff rude confused driving 2 hours time slots day m glad got experience beach changed balandras big money pit sad,en,la_paz
45782,drove cabo stops think worth incredibly beautiful stung jellyfish oh,en,la_paz
45787,beautiful clear water stays shallow long time nice temperature saw eels puffer fish natural shade bring,en,la_paz
45795,left la paz 7 thursday quick coffee stop way problem getting happened cool windy morning went walk length beach thankfully calmed went water beautiful,en,la_paz
45798,free 4 hours time good snorkeling stung jelly fish beach sand nice,en,la_paz
45799,recommend place absolutely clear information needing reservation advance arrive driving way suddenly ask reservation casually explain supposed book specific platform system information clearly communicated proper signs clear instructions end wasting time fuel energy driving turned away forced feels disorganized unprofessional place operates like clearly respect visitors time disappointing experience return recommend,en,la_paz
45804,beautiful beaches ve visited need book ahead time simple awesome limit number people day got small jellyfish stings faded quick itched little awesome spot,en,la_paz
45816,best beach beautiful water kayaks rent bathrooms sketchy bring spare bag pick trash litterbugs help beach clean,en,la_paz
45817,super awesome views went tuesday morning 830 got parking entry snorkelled beach got stung micro jellyfish beautiful swim sting nt went away day,en,la_paz
45822,worth going view breathtaking,en,la_paz
45828,beautiful beach relaxing unfortunately got pretty bad jelly fish stings feet lower legs 2626,en,la_paz
45840,closed 3 pm,en,la_paz
45849,balandra beautiful unique place relax scenery water clear warm abundance wildlife live waters need reserve time slot buy ticketsbracelets pit toilets parking lot ask donation provide toilet paper careful follow speed limit traffic laws heading balandra road small police alert,en,la_paz
45854,best beaches ve,en,la_paz
45864,beautiful free beach stunning views short hike need reservation 1 hour prior opening 9 1 pm highly recommend,en,la_paz
45870,nice place kids,en,la_paz
45872,favorite beach mexico beautiful quiet access limited 200 people shift enter beach daily food drinks available beach prepared bring food,en,la_paz
45873,beautiful beach free lots ants stingrays,en,la_paz
45874,beautiful protected bay sand dunes water shallow great wading nice views bluffs abo e bay note told gate nt bring food lawn chairsumbrellas false people seen stuff food beach guy gate trying rent chairs umbrella 400 pesos,en,la_paz
45877,beautiful place walked shocked painted graffiti rocks beach paid beach maybe money remove graffiti,en,la_paz
45885,water shallow clear ages clean beach loads fish lots places escape sun rocks 5 minutes snorkeling saw pufferfish needlefish unfortunately got stung stray jellyfish stinger water minor inconvenience,en,la_paz
45886,great beautiful beach online buy spot,en,la_paz
45894,beautiful beach crystal clear water available time slots 800 1200 recommend arrive 30 minutes time slots maximum people reached able need ticket beach free need wait queue nt forget walk hill beautiful view point hour closing beach let walk toilets available parking 1020 mxn,en,la_paz
45898,hype truly disappointed place big shallow swimming pool absolutely waves small children want wait line hopefully gain access paid entrance fee 8 dollars person food type service exception 3 dry bathroom stalls place personally nt recommend tou decide nt waste money passes ask,en,la_paz
45900,beautiful beach calm warm water fine candy toilets water,en,la_paz
45913,place absolutely beautiful water crystal clear easy swim snorkel relax waves easy walk mushroom rock great photo opportunity regulated pretty heavily limitations long stay bummer highly recommend,en,la_paz
45914,time windows beach 8001200 13001700 buy tickets online website come highly recommend rent sun umbrella beach great shallow water fish,en,la_paz
45917,beautiful beaches ve seen water shallow s short hike hill best photos sure wear right footwear trail bit rocky s lots marine life saw plenty fish eel early beat crowds parking fills fast 9,en,la_paz
45921,gorgeous beach crystal clear waters super shallow walk forever sure come early entry times limit number people,en,la_paz
45922,shallow water great beach,en,la_paz
45929,ve traveled lot seen beaches world playa balandra different thing hits water impossibly clear shifting turquoise teal soft jade light moves shallow feels like forever wade ripples dancing feet place feels untouched sacred hills cradle bay perfect natural curve calmness feel crowds noise wind salt unreal blue stretching horizon park free nt let vendor tell 20 minutes la paz took scooter,en,la_paz
45938,beautiful clear water amazing location,en,la_paz
45941,beautiful public beach,en,la_paz
45949,fantastic photogenic unfortunately 2 hours.i recommend highly,en,la_paz
45954,beautiful beach silky sand clear water waves perfect kids,en,la_paz
45987,beautiful beach beautiful place pass hours nice views bring fooddrinks avoid glass garbage 2 possible access 800h 1200 maximum stay 4 hours limited access group need stay line 40 minutes line guys selling drinks food ceviche good prepared inside option buy beach clean group staff clean place water cold augsep activity consider sea wildlife jellyfish mantas etc step grounding feet cover skin large clothes jellyfish burn skin die better avoid portable toilet place needed parking lot free charge safe,en,la_paz
45997,possibly beautiful beach world forewarned parking brutal weekends,en,la_paz
46000,muy hermoso el lugar pero te advierte que hay muchas malahuas al salir una caida porque tienen descuidado los escalones de madera disen ser playa protegida nos dieron una hora y cuarenta minutos la verdad puro negocio,en,la_paz
46005,s 30 minute drive centro la paz 8 line group let 8 11301145 group goes,en,la_paz
46009,beautiful beach visit near la paz came august heat water warm saw puffer fish   lots little fish manta rays impressive birds flying thermals amazing people arrive beach supplies creating great business opportunity locals protected beach allow limited group morning clear noon limited group afternoon closure 5 pm,en,la_paz
46011,far favorite beach baja sur went getting tickets advance plus helps crowding spent day kayaking exploring little corner magical place sure book guide chance mangroves missed,en,la_paz
46016,nice buy tickets advance let 450 people day good double price foreigners water deep s little sad,en,la_paz
46023,wow breathtaking beautiful beach definitely worth 50 list worth drive cabo beach visit,en,la_paz
46032,beautiful beach far recommend place,en,la_paz
46038,best beaches world,en,la_paz
46049,cool spot experience definitely depend arrive day split timeframes runs noon second starts 1 pm session ends clear new group let hour later problem getting morning session left line afternoon super long tuesday morning imagine packed weekends beach peaceful scenic calm shallow water goes knees making super safe nonswimmers perfect families kids hoping good swim deep honestly nt dealbreaker handful palapas available shade ll want grab early definitely worth checking aiming afternoon session d highly recommend arriving ahead time beat crowds,en,la_paz
46050,totally worth drive cabo excellent day trip beautiful beach goes knee deep long stretch warned stingrays nt walk shuffling feet avoid stepping totally worth great view hike definitely check,en,la_paz
46062,great places beware sand flies 100 bites body cover bug spray especially going morning,en,la_paz
46064,great beach looks like huge swimming pool   water great n best nt charge entrance beach nice n clean,en,la_paz
46084,serene beautiful beach   watch scammers entrance,en,la_paz
46089,beautiful beach truly best world shallow beach nt swim limit people limit time opening slot time 8 second 1 pm wave people allowed 4 hours beach limit enter sell snacks rental umbrellas chairs entrance going vendors legit safe bring snacks drinks going nt sell inside beach overall great experience enjoyed simple hike small hill nice view beaches worth,en,la_paz
46100,beautiful hot cool temperature beach helps lot rent umbrellas chairs prior entrance highly recommend come prepared drinks snacks trash help beach immaculate,en,la_paz
46105,beautiful beach turquoise water walk walk water waist high rent chairs umbrella entrance highly recommend checking wo nt disappointed,en,la_paz
46106,beautiful beach nice place visit need tickets advance online 2 turns 8 12,en,la_paz
46111,schedule starts line 730am 8am12pm pm schedule starts 15 pm line 45min hour prior limited people allowed line coming secure stationary umbrellas need rent saw sea turtles small ray puffer fish sardines bunch humans,en,la_paz
46116,beautiful beach shallow swim tour buses,en,la_paz
46119,best beach bring food umbrella chairs rent enter premises,en,la_paz
46122,picture plan landing,en,la_paz
46131,favorite beaches la paz   water crystal clear walk mile water gets deeper waist deep morning afternoon time slot visiting 3 4 hours sure yo u plan trip accordingly bring cooler bury inexpensive nt forget rent umbrellas chairs way people great driving park   combo la paz area,en,la_paz
46161,beautiful beach able come available spots sold,en,la_paz
46173,muchas trabas para entrar te dan una pagina para comprar tus boletos y te cuesta la vida para poderlos comprar si tienes suerte yo batalle 2 dias hasta que alguien del parque comento que en semarnat los compras directamente al llegar con nuestros brazaletes nos dijeron que eran validos que esos soll los podian adquirir los prestadores de tours tuvimos que ponernos muy energicos pues ya habiamos pagado una institucion gubernamental y soll asi pudimos accesar el personal muy grosero y despota hay muy largas filas y si dicen ya te fregaste y todo para entrar una playa como muchas otras de baja pero sin hongo es un atraco solo los operadores turisticos se las dan sin problemas muy mal por parte del gobierno paceno un gran tache coml nota adicional las playas cercanas son del mismo tipo el pulguero es identico en aguas y oleaje casi nulo,en,la_paz
46174,gorgeous beach mustvisit area wading feels like vast infinity pool waisthigh cool turquoise waters white sands shoals fishes swimming arrive early 7 8am12pm slot digital pass advance nt allow 400 people time come prepared food water wo nt location hot umbrella rent location wear lots sunscreen rashguard avoid sunburn bathroom facilities exist portable sort clean   removed star state bathrooms venue nt breathtakingly beautiful remember shuffle sands wade sting rays underneath,en,la_paz
46175,gorgeous beach la paz unfortunately fact natural reserve access limited twice day nt prevent bad human behavior garbage people behavior ruining place loud music people settling close enjoy place early stage crowded music noise magic went away,en,la_paz
46178,visit   rare,en,la_paz
46182,beautiful beach bay memorable lovely walking knee deep puffer fish small fish fun pelicans landed right walking bay rented umbrella vendors park entrance 20mxn,en,la_paz
46188,gorgeous crystal clear shallow water beach walk hundreds meters shore water waste level remember buy bracelet online going,en,la_paz
46189,true beautiful place like beaches near la paz good s beach like big waves s beach want post day near restaurant s beach want bothered single person day long playa balandra safest cleanest flattest brightest biologically pristine beaches like sort playa,en,la_paz
46190,best beach world,en,la_paz
46196,nt usually write reviews m hoping help similarly confused new online ticketing system march told purchase digital bracelets entry online select time slot wanted able use enter beach morning session 8 monday arrived 7.45am 10 cars soon turned 8 moved quickly showing digital pdf phone staff easy process reading reviews expecting bit hectic tourist trap relaxed nt feel crowded tide went quickly probably possible walk entire way bay noon super shallow super child friendly rented umbrella chairs vendor lined entrance 350 pesos nt inside gave freedom sit wanted beach recommend kayaks nt available rent super keen worthwhile booking tour,en,la_paz
46197,clearest ocean water seen life tranquil,en,la_paz
46201,amazing try early getting popular limit ppl day allowed,en,la_paz
46232,beautiful beach near lapaz check tide charts going high tide best crystal clear water s 4 foot deep high tide hiking trails wonderful views intermediate level hiking,en,la_paz
46237,visited monday left 4 cabo san lucas arrived line 7 limit number people enter beach sure super early beach got crowded entrance free charge use bathrooms sure bring cash permanent umbrellas beach use gentleman entrance rents chairsumbrellas d collateral return return chairs kayak stand paddle boards rent food vendors sure come prepared beautiful beach low tides hike hill super easy hiked flip flops views totally worth time visiting beach definitely,en,la_paz
46238,water spectacularly clear word caution s place buy water food inside park,en,la_paz
46240,arrived 4 pm told day guard nt let cars leaving guard said 7 8 1130 1 pm like big effort long time wait beach,en,la_paz
46241,playa balandra place sea meets desert beach offers stunning unique landscape best beach relax enjoy natural beauty la paz bcs,en,la_paz
46243,best beaches,en,la_paz
46252,beautiful white sandy beach arrive low tide wo nt water swimming beautiful allow morning afternoon shifts people nt overcrowded views short hike near playa fabulous,en,la_paz
46259,beautiful beach lot space people spread coming la paz playa bus noon bus 1 pm opening,en,la_paz
46262,limit number cars enter sure arrive early,en,la_paz
46269,beautiful beach maybe best beach mexico claim,en,la_paz
46270,nice spot better high tide,en,la_paz
46280,early january 2025 exquisitely beautiful,en,la_paz
46286,beautiful beach baja maybe world try low tide enjoy,en,la_paz
46288,truly hidden gem worth drive,en,la_paz
46291,beautiful bay beach early parking spot walk nt reached capacity,en,la_paz
46299,heaven earth walk water miles water wo nt reach hips,en,la_paz
46303,best beach ve far baja california,en,la_paz
46306,stunning beach worth visit,en,la_paz
46312,gong limited people allowed drive way ll turn waiting line 500pesos person tide low looks like crap places boat entry better view lot shallow water place worth seeing meh appreciate limits come figure system,en,la_paz
46313,ok view water good feel limiting number people marketing ploy seeing bay nt marketing limiting number people probably nt gone way visit works nt total waste time probably enjoyed nt built,en,la_paz
46317,absolutely beautiful unique bring food cafes amazing far walk shallow water came winter midmorning little windy chilly warmed 11 close kick 121pm nt short hike view time people start lining entry noon afternoon session recommend coming 113012pm line longer spend beach afternoon weather better andor door playa tecolote line beautiful views bigger parking right beach cafes hammocks shallow best setup cafehammocksbeach way left beach spend halfday day,en,la_paz
46327,wonderful beach interesting geological structures tide area,en,la_paz
46328,crystal clear water white sands authority limits visitors beach crowded aware wait queue actually reach beach great foto spot worth drive la paz,en,la_paz
46330,beautiful beach loved beach spend hours love colors wildlife,en,la_paz
46332,gorgeous perfect little kids stated pack alot needed items towels umbrella etc went morning slot come sweep clean garbage left nt feel rushed slow ve gotten line reenter leave 1145 session let 1 pm def slow season early december temperature perfect alot people,en,la_paz
46333,great beach kids explore,en,la_paz
46342,balandra protected area mind s limited capacity essential arrive early spot 800 100 pm unfortunately close 500 pm catching sunset hard important note phone reception hard find plan accordingly remember stores important bring snacks drinks pack umbrella chairs nt available rent onsite,en,la_paz
46346,overrated opinion went found beach people soon buses arrived place crowded going picture silly,en,la_paz
46350,beautiful beach controlled slammed times 8 1 pm line early,en,la_paz
46352,rightfully famous beautiful beach near la paz.this spot timed entry policy place slot runs till midday pm slot runs afternoon arrived mid morning went directly gate attendant allowed use remaining time left left early hour beach perfect went door tecolote beach restaurant service time limit,en,la_paz
46353,beach rare beauty highly recommend checking la paz wildlife watch cast area protected conservation ministry,en,la_paz
46365,got overview water boat tour beautiful beach,en,la_paz
46373,nice hours day snorkeling enjoy incredible views,en,la_paz
46380,balandra beach mustsee beach la paz warm clear bluegreen calm waters want water shallow walk bay balandra limited palapas 1520 recommend bring umbrellas chairs blankie find right spot beach beach sure check famous mushroom rock approximately 15 minute walk swim shallow waters recommend water shoes traveling group visited september arrived entrance gate told beach come following morning ended going neighboring beach playa tecolote area balandra limited parking lot food vendors restaurants bring food drinks recommend playa balandra,en,la_paz
46385,gate security let enter arrived 4 pm told came far away nt care nt recommend wasting day driving way nt let according gate person close 5 pm nt let,en,la_paz
46394,different times recommend earlier time 812 2 water nt wow factor rented umbrella 130 pesos,en,la_paz
46396,whatch jellyfishes,en,la_paz
46398,scenery wise beach 5   spectacular view beach nestled mountains swimming wise 0 read reviews coming number posts pointed jellyfish medusas aguamalas exaggeration taking precaution took 2 steps water trying look jellyfish 5 mins got stung species apparently super invisible swim groups impossible avoid luckily beach staff vinegar spray helped swelling s way water especially children avoid going water,en,la_paz
46405,beautiful beaches ve visited organized shifts enjoy 812 15 went saturday afternoon shift ok people renting umbrellas chairs need trust need cover gon na melt 15 public palapas cars ones getting,en,la_paz
46430,wonder world magnificent shallow white sand beach la paz beach protected nt shops beach parking lot garbage cans pack brought bathroom kinda sus nt reccomend goodluck need 2 mangrove dunes areas limits use ans trail hike views trails limits nt trails dangerous park rangers park reccomend booking advance limited people allowed 2 time slots 81 15p recomend bringing umbrellas chairs little umbrellas beach come serve find tour groups beach limited time,en,la_paz
46435,endless clean shallow waters,en,la_paz
46443,super nice chilled spot open 1 pm like 1130 sure spot bring need nt purchase bathrooms outhouse tip use restrooms beach awesome worth stay visit la paz town,en,la_paz
46453,place wonderful nice beach good snorkeling,en,la_paz
46454,location nice thing nt enjoy water s aguas malas bit lot tourists complaining bring vinegar wash welts lot bees workers nt speak english signal cellphone good tour guide,en,la_paz
46460,lot people parties controlled music loud chill,en,la_paz
46467,beautiful everyones posts true helpful warn manta rays shuffle sand nt actually lot jellyfish folks including getting stung worth nt know mentioned,en,la_paz
46493,beautiful alway,en,la_paz
46504,better line advance worth beautiful beaches existence pictures mushroom stone explain later recommend morning slot water levels extremely low afternoon water shallow inside bay recommend bring water shoes,en,la_paz
46510,felt like pilgrimage shallow waters mushroom rock beautifully clear water fish harmless arrived 845am monday got fine wish rented umbrellas vendors outside entrance recommend listening direct sun beach,en,la_paz
46523,great place overcast day,en,la_paz
46526,playa balandra beautiful expected chose afternoon time slot arrived 1130 finding 15 cars line waiting rented umbrellas chairs vendor knowing nt free palapas cars bus ahead unfortunately chairs type allow sit straight reclining beach chairs hoped umbrella essential beach people let noon found plenty parking water stunning color changes afternoon progresses way sun reflects ocean water beautiful couple hours started look like ordinary ocean 2 pm morning slot appealing highly recommend hike mirador panoramic views breathtaking easy hike taking minutes pack lightly secure secluded spot mirador challenging reach lot gear area way mushroom rock,en,la_paz
46541,beautiful beach arrived 11 knowing time frames let people guy gate said closed 1 asked tour guide lower entrance situation told line lot said line gets long got line ended second line talked car infront gave bit information getting beach works ended opening gate 1230 let know beach closes 5 parked found palm umbrella set enjoyed beach,en,la_paz
46544,favorite places water calm nice warm somewhat shallow beautiful place bela paz baja californiamexico,en,la_paz
46547,beautiful beach super calm little far los cabos recommend rent car arrive time water super clear amazing beach crowded come baja sur,en,la_paz
46555,place earth like let certain people 4 hour time slots 812 15 shaded options early knee deep water mountain views truly kind la paz shuffle feet step rays,en,la_paz
46558,went afternoon great parking right beach beach water wonderful expansive low key friendly,en,la_paz
46563,worlds aquarium,en,la_paz
46564,great views beautiful beach excursion near area,en,la_paz
46565,yep nice says took bus complaint nt time morning close noon white sand beach shallow water cove pretty look forward going,en,la_paz
46570,white sand warm water paradise plus mushroom,en,la_paz
46572,arrive early spot capped entries tons vendors queue line entry amazing beach knee deep beautifully clear water meters,en,la_paz
46584,unique beach sand white water comfortable walk completely getting submerged water arrive hour half wait line gate opens 9 1 update previous post went balandra end april 2024 1 pm nt wait long enter beach small line great day hot bring umbrella sell entrance people place umbrella water sit water enjoy day sand white hike mushroom rock tour boats swing usually yachts sitting enjoy beach wonderful beach nt miss visit la paz,en,la_paz
46596,beautiful beach mustsee visiting area,en,la_paz
46611,beautiful beaches arrive early 8 12 slot,en,la_paz
46613,"700 m walking water needing swim water clear fish trying hide sand need time clean beaches paradise level 9,5 10 paradise 10",en,la_paz
46627,great beach shallow waters allowing walk middle sea,en,la_paz
46628,early morning,en,la_paz
46630,wow playa balandra la paz baja california sur absolutely breathtaking ve seen stunning scenery got ta admit getting nt easiest mainly locals nt clear things work maybe keeping quiet sure heres found visit march 2024 1 ll need wheels beach taxis getting tricky ve arranged driver 2 protected area let 400 people time slots early morning 78 noon 1 pm 4 pm warned s usually long line cars slot best arrive early secure spot 3 heres kicker facilities beach sure bring drinks snacks plus remember trash leave 4 waiting rent chairs umbrellas vendors nt bother 5 couple portapotties near parking lot plan accordingly 6 oh nt count cell service despite hassle natural beauty peaceful atmosphere playa balandra totally worth trip,en,la_paz
46632,best beaches ve seen shallow water great family beach shifts packed pay fee enter,en,la_paz
46636,beautiful beach limits number people visiting feels crowded,en,la_paz
46641,love definitely going,en,la_paz
46643,unique beach worth days visit protected food drinks stuff buy beach bring grub kayak walk kilometers bring camara rock ridge want avoid sun plenty safe parking,en,la_paz
46648,beautiful blue water wade cove warmer water saw sea turtle bathrooms donation based dry toilets suggest business arrive,en,la_paz
46652,visit absolutely gorgeous sand soft water clear warm visiting windows 812 15 afternoon packed long line cost bring need cooler umbrella chair bathrooms pesos wonderful,en,la_paz
46654,jewel mother nature visit parts,en,la_paz
46655,piece paradise,en,la_paz
46656,looking super chill beach place watch sting rays,en,la_paz
46657,world,en,la_paz
46658,beautiful hidden gem desert ll find rock formation known el hongo de la paz protected beach plan accordingly scheduled hours beach magical,en,la_paz
46659,place la paz beautiful beaches breathtaking areas parking way arches mushroom rock nt believe walked worth trip,en,la_paz
46666,recomended find peaceful ocean calm relaxing recomended,en,la_paz
46669,best reason la paz,en,la_paz
46673,beautiful unique beach shallow walk far distance water knees arrived 1245pm friday got fine pay small tip use bathroom beach clean bring umbrellas water food etc sand rock water gorgeous,en,la_paz
46683,beautiful beach said logistics time slots enter 812 pm 15pm 400 people enter time slot went 1 pm got 1145 line start forming 12 pm think getting hour early need close line got start going beach 1215 pm official start time afternoon 1 pm got early personally think ve got anyways arrived 1 pm based crowd sure got reading reviews people turned away lining lots people trying sell beach chairumbrellas note line forms people selling umbrellas enter line dirt road highway pass near main road guide tho feels wrong thought try line vendors ended main line beach s bathroom need pay vendors kayaks rent s entrance fee 20 permanent umbrellas use ones bring,en,la_paz
46686,absolutely gorgeous maybe nicest beach mexico,en,la_paz
46697,fantastic,en,la_paz
46700,wonderful beach shallow palapa gates open 8 morning folk asked leave noon room people afternoon,en,la_paz
46701,love nature having place like nature having good food service drinks ro tecolote beach,en,la_paz
46705,lovely place good sandy beach leave trace place kayaks avail shallow bay blue blue water,en,la_paz
46709,beautiful beach,en,la_paz
46713,beautiful knee deep water huge expanse worth early morning visit wait midafternoon protected park limited services kayak rental sups pack trash pay small fee porta potties palapas thatched umbrellas early nice hike upper saddle ridge tide right access beaches point charge access,en,la_paz
46714,bomb like die m kidding checked list ready,en,la_paz
46718,best beach visited far beautiful colors water crystal clear,en,la_paz
46720,awesome place overcrowded maybe 400 people enter day,en,la_paz
46727,place fun perfect family beach clear water little free cabanas saw fish sting ray totally free 11 want groups 8 9 1 pm come noon want 1 wait line hours nt group,en,la_paz
46731,dec 28th 2023 morning quota reached 1030 afternoon quota filled 1 pm cars lined git nice beach maybe best ve visited rented kayak explored mushroom rock beaches snorkled little hikes amazing experience worth wait,en,la_paz
46742,gorgeous beach worth wait opening hours afternoon 14 try later 1230,en,la_paz
46743,beautifully maintained beach helps wild life wild beautiful sandy beaches great snorkeling high tide awesome views,en,la_paz
46747,beautiful beach doubt s information stingray present got bit stingray experienced worst pain life got bit middle water husband carry way parking staff help bring nt antitode poison squeezed poison excruciating painful wound drive 40 minutes doctor.i felt like going die people kids water imagine kid got bit happen warning signs recommend careful water,en,la_paz
46750,wonderful shallow crystal bay perfect clam swim,en,la_paz
46752,stellar spot great views restrict certain times arrived 830am leave 12 noon sure kick police use sirens sure leave officials literally kick ran couple minutes told throw stuff van clean later definitely spot check,en,la_paz
46757,nice secluded beach early,en,la_paz
46758,knew going beautiful disappointed,en,la_paz
46760,amazing snorkeling saw fish maintained park wonderful experience,en,la_paz
46768,beach beautiful access easy water ideal temperature deep areas end vast majority beginning water ankle level good place children spend day drinking beers enjoying sea place hope return soon famous mushroom found doubt makes place special water level temperature,en,la_paz
46779,beautiful place worth drive mornings better,en,la_paz
46782,beautiful place area advised entrance based morning 8 12 afternoon 13 16 shifts cars allowed car park morning shift ends people asked leave shift gets kayak rental service portaloos,en,la_paz
46789,wow place super special worth trip limited certain number cars hours nt turn late expect trash,en,la_paz
46798,early,en,la_paz
46820,amazing beautiful places ve visited far water warm free charge plenty parking spaces spend couple hours let 400 people morning 400 people 1 pm super crystal clean water bring chair beach items food drinks national treasure respectful clean,en,la_paz
46827,quiet privat definitely bring drinks snacks chance buy stuff,en,la_paz
46831,favour nt 2 weeks water sadly completely brown dirty nt obviously effects hurricane raw sewage continues pour directly town la paz sea probably polluted wonderful scenery disappointed,en,la_paz
46842,loved beach complaint place fooddrinks,en,la_paz
46851,beautiful beaches ve water salty,en,la_paz
46863,bring picnic stay day s good snorkeling near mushroom rock,en,la_paz
46864,ridiculous beach shallow water warm clean organized going parking lot saw variety fish octopus crabs want hut sure early arrived 1245 got 20 minutes time come early food drinks non motorized water activities rent like kayaks paddle boards bring pesos instead usd charged usd leave trace pick place like far earth saw young guys throwing cigarette buds beach hope maintaining beach pristine maybe instill rules loud music cigarrette smoking thumbs,en,la_paz
46865,beautiful beach calm water excellent swimming,en,la_paz
46877,bring snacks water bring sure cameraphone fully charged ll wanna pictures hours 8 noon noon 4 daily permit 450 time recommend leaving cabo early like 5 wanna time absolutely stunning wish nt leave glad went,en,la_paz
46888,incredible place,en,la_paz
46889,awesome place visit water clear walk knee high water half mile square visit place protected location respectful,en,la_paz
46892,great way spend morning best view playa balandra head mirador balandra antenna walk dirt track left heading la paz balandra pull walk 20mins spectacular views,en,la_paz
46893,beautiful peaceful beach warm water crystal clear deep welcoming beautiful rock formation mindful timed entry,en,la_paz
46897,incredible beach gates open 8 1 pm 12 pm,en,la_paz
46903,place awesome,en,la_paz
46916,drive cabo 2 hours worth crystal clear water higher waist,en,la_paz
46918,beautiful beach 100 sure early shifts s mama dog 5 puppies sweet street dogs asking food bring extra water food live tourists wo nt close accept food water need lay shade palapas swimming cool porfa traigan extra comida y agua para los 6 perritos callejeros que viven en la playa y piden comida de los turistas viven de lo que puedan encontrar,en,la_paz
46926,beautiful.saw lots fish snorkeling watch sting rays,en,la_paz
46931,beautiful beach roaming schools manta rays,en,la_paz
46933,wonderful place people cares protect place yo need wait little longer entrance worth,en,la_paz
46937,playa balandra best beach mexico far visited famous highly recommended beach tourists till reviews honest clear information day visit 2 slots day e 1st slot 8 12 2nd slot 1 pm 5 pm come serve tickets pre booking planning visit morning slots 5 hall depends luck 400 people queue hopes slot patience 2nd slot wait till 12 queue 300 meter security checkpoint car queue security come token headcount worth waiting family planning enjoy beautiful beach plan ahead accordingly inside vendors carry hope helps,en,la_paz
46943,absolutely gorgeous beach water amazing views stunning services vendors come prepared,en,la_paz
46961,playa balandra mexico absolutely breathtaking opinion stunning beaches country comparable isla mujeres saying lot crystalclear turquoise waters white sand beaches truly sight behold nt wait soak sun,en,la_paz
46967,beautiful beach went private tour driven beach set umbrella lunch etc easily saw taxis dropping people entrance walking beach morning slots 812 closes 121 reopens 15pm recommend getting early queue arrived 0730am waited queue till 0800am allow certain number people beach number change day went 450 people allowed morning slot recommend going morning limited shade umbrellas bring food drink non sight public toilets small fee available short hike steep hill incredible views,en,la_paz
46982,arrive early want great spot arrived 0645 pretty deep line sure bring cooler cold drinks great experience lots puffer fish small schools fish wife enjoyed time,en,la_paz
46995,beautiful federally protected bay visitors limited 400450 time 2 shifts visitors 8am12pm 1pm5pm early start lining gates open lots puffer fish sting rays rent kayaks street vendors rent beach umbrellas enter bay palapas comefirst served,en,la_paz
47008,absolutely beautiful definitely gods creations wish stayed longer pics correct beautiful,en,la_paz
47018,wonderful place protected area incredible water,en,la_paz
47026,beautiful beach time slots open 8am12pm 1 pm 5 pm allow 450 people slot sell food drinks bring food 13 palapas come serve bring canopy,en,la_paz
47028,balandra beach better known playa balandra spectacular beach baja california sur waves clear knee high water experience day small parking allows select number feel special beach unlike,en,la_paz
47034,beautiful beach got viewpoint tried twice beach time wednesday 2 pm slots taken nt day arrived 1215 pm 100 cars line 450 spots afternoon nt wait want sure arrive super early,en,la_paz
47051,overrated impressive spend day beach,en,la_paz
47055,beautiful area crystal clear warm water ready surrounded fish,en,la_paz
47064,amazing wildlife fish pelicans fishing relaxing showed 715 sunday like 25 cars,en,la_paz
47067,beautiful beach la paz went twice la paz plan visiting definitely worth going lifetime,en,la_paz
47069,unforgettable place beautiful words explain nt think justice words,en,la_paz
47070,beautiful clear water perfect paddle boarding pristine fine sand great day worth drive cabo 2.5 hours suggest planning advance bringing food drinks cooler concessions suggest staying night la paz split drive,en,la_paz
47073,beautiful beach need leave 5 pm early amazing,en,la_paz
47074,beautiful beach world wellhidden disregard commercial website links scam buying pass free park need prepurchase bracelet pick store public park follow local mexican adventurers tourists probably disgusted scams   june 2023 currently sessions limit people allowed time session 8 12 pm second 1 pm 5 pm park rangers manage traffic gate problem weekday parking free unpaved lot spots overflow parking available medium walk locals choose use taxi beach soft white sand walk way water chestdeep kayaks available rental public restrooms food drink vendors pack beach beautiful,en,la_paz
47080,amazing beaches controlled access turns 8am12pm 1pm5pm line early,en,la_paz
47083,beautiful park sadly hours,en,la_paz
47088,playa balandra lived hype views mirador small hike entering worth trip time slots 8 12 pm clear beach second slot 1 pm 5 pm got 730am cars line got exactly 8 problem line left 12 pm 1 pm crazy long recommend coming 8 slot nt want risk getting things note 4 beach dogs harmless lot rocks suggest bring water shoes entrance fee small charge use bathroom lastly rock look like mushroom ll picture,en,la_paz
47090,best beach shifts let people 800 1100 1200 300 limited number cars allowed water amazing cool deep great kids,en,la_paz
47091,topfavorite beach la paz rented car week actually went beach twice renting canoe beach walked beach water level highest point stomach lot palapas shade recommend bring beach umbrella rent beach waterdrinks food food beach restroom charge pesos use beach parking lot free limit entrance early reviews visit la paz including restaurants beaches look profile,en,la_paz
47096,great experience beautiful beach thing provide information scheduling capacity,en,la_paz
47108,amazing places ve seen life,en,la_paz
47117,incredible views great hiking,en,la_paz
47128,beautiful sure bring supplies water good beautiful portraits,en,la_paz
47131,tried driving la paz thursday afternoon nt dt max occupancy friday showed 730 waited car 8 beach open maybe 10th car lined got problem limited 400 people day entry fee told stay noon easy close parking permanent beach umbrellas services little row portapotties pay 5 pesos ll provide toilet paper beach pretty got bad weather cold cloudy windy limited visibility water annoying getting everyones eyes mouth bring jacket better wetsuit case lot people beach clothes looked miserable stingray think poor visibility couple schools small fish wading careful drag feet directly step wildlife opt afternoon timeslot instead higher chance good weather big line people picture mushroom,en,la_paz
47161,absolutely gorgeous short drive la paz good drive los cabos great day trip todos santos sure park permit wrist band official website pick office near hotel la concha 20min away arrive early stay day bay turns turquoise silver morning direction sunlight start turning people away daily head count limit reached,en,la_paz
47165,love beach,en,la_paz
47177,amaing beach early access capped certain number shifts 9a1p 1p5p,en,la_paz
47180,beautiful beach surrounded rock formations goes waist cabanas lounge early 2 entry times 8 1 pm allow 400 people time wait line cars sell food national park bring quiet relaxing breathtakingly beautiful,en,la_paz
47184,place beautiful water cristal clear perfect pictures time important know specific hours entry 800 a.m. 100 p.m. second 100 p.m. 500 p.m. 500 p.m. close beach sure snacks drink nt sell balandra beach called playa el tecolote mariscos fruit beverages,en,la_paz
47198,beautiful beaches seen entire life true masterpiece nature changes completely morning low tide evening high tide parking convenient recommend going early access beach fortunately limited bring water bars maintained monitored mexican government preserve best possible disappointment seeing plastic deposited roads reach road baja california sur la paz el tecolote real openair dump winds danger pollute precious sea cortez hope local organizations mexican government clean soon possible hope wonderful unique nature preserved forever attract tourists attentive respectful place,en,la_paz
47233,beautiful preserved bay mexico amazing job protecting waters biodiversity ballandra heaven earth,en,la_paz
47241,breathtaking experience best views mexico found photos 12 pm slot parked prior entrance balandra morning afternoon slots available miss opportunity,en,la_paz
47249,beautiful beach water shallow walk deep ocean submerged know swim safe activity beach like boarding kayaking fun hill hike beach surrounding breathtaking,en,la_paz
47259,bringing dog read beach truly beautiful definitely need time went downhill dog attacked 2 dogs live noticed woman s dog attacked day m sure dog hurt walk dog leash pack came went way dog ended bite leg pretty deep nt dog nt worry pretty friendly people m surprised mentioned dogs territorial dogs hopefully warning help careful bring dog,en,la_paz
47267,gorgeous beach arrived 745 8 window 10th car line issues getting cost money highly recommend water shoes nice,en,la_paz
47269,beautiful place morning hike wade waters mind verg shallow diving impossible amazing views park closes noon early infrastructure,en,la_paz
47275,beautiful beach world,en,la_paz
47279,great place kids water shallow let people 2 groups 812 1230 530 aware limits people allowed,en,la_paz
47286,beautiful walk color s saw people care good,en,la_paz
47290,looks like beaches asia stunning,en,la_paz
47292,beautiful bay balandra regulate people coming 450 stay 8am12 noon apparently clear set 15pm sunday month restricted la paz residents la paz,en,la_paz
47302,beautiful drive stunning x,en,la_paz
47306,gorgeous beach prettiest baja california,en,la_paz
47326,nice clean beach easy free access great views scenery,en,la_paz
47345,worth trip north lapaz,en,la_paz
47348,beach open 8 12 1 pm 5 pm got line 1140am 1 pm openin number 30 cap 400 cars set waiting area away main road cars restaurants buy food drinks clean kyak avail rent vendor 5 portapotties nice beach great experience swim kept secluded sand careful sting rays,en,la_paz
47356,beach amazing nt skip stop la paz allow number people early went week november got 8 waiting hear try earlier noon asked leave group people come plenty time hike water hike takes 10 minutes rent kayaks paddle boards s restrooms place buy food spent morning balandra drove 5 minutes tecolote s restaurants anyways long review hope helps,en,la_paz
47357,beautiful beach excessively long walk mushroom rock,en,la_paz
47358,amazing colors,en,la_paz
47375,beautiful place calm water windy sandy spots little hike,en,la_paz
47379,exception stone mushroom special beach location beaches lit better balandra,en,la_paz
47397,quiet kneedeep beach restrooms nicely sorounded rocks dunes 350hour kayak stand boards rental admision sessions 8 12 13 yo 17 100 person,en,la_paz
47399,arrived 930am 10 january informed gate need leave noon reviewers reported entry blocks lots parking arrived renting paddle board water easy 300p phr time wanted relax water 11 palapa use beautiful place,en,la_paz
47400,stunning beach shallow coves walk miles warm sparkling water arrive early palapa lot fills park 5 minute walk road,en,la_paz
47417,awesome place better watch visiting sunday let outside la paz citizens domingo paceno better early prepared pack stuff leave 1 pm second shift people come police patrols megaphone way line,en,la_paz
47435,awesome beach experience changing tides visible need sure early able beach capacity limits people enter beach preserve pristine nature enjoy,en,la_paz
47447,pretty incredible beach s lot people want visit prepared lot tourists small parking area people bus downtown la paz recommend hiking viewing beach vs. beach paddleboarding kayaks rent amenities bring snack drinks,en,la_paz
47449,clean beach showers bathrooms maintained water clear lots fish bring snorkel gear tent onsite worth visiting,en,la_paz
47459,great beach local vibes free close parking shallow relaxed water kids play,en,la_paz
47461,great little beach close town palapas restaurants,en,la_paz
47486,like speech happy fish yenny main server beach sister nati owner happy fish absolutely best seafood beach hands ve recommended countless people eat speech best ceviche world,en,la_paz
47516,wonderful experience beautiful beach feels safe staff super nice food fresh delicious,en,la_paz
47517,incredibly clear calm water super gradual water depth 10s kinds fish swim right happy fish 12 restaurant best shrimp ceviche,en,la_paz
47518,water crystal clear schools fish swimming nice,en,la_paz
47519,nice beach close town s public restrooms small seafood restaurant s scenic overlook great ocean views,en,la_paz
47520,gorgeous beach,en,la_paz
47521,great little beach look umbrellas pay consumption,en,la_paz
47526,close town easy transportation snorkeling water sports beach service eateries,en,la_paz
47533,solid beach edge town works family vibes cracking beers bros plenty free palapas claim spring umbrella setup chairs table food available tootake short walk restaurants kick let tableside service come buzzkill shards broken glass sand nt hit sharp bottles beach trash movestick cans people showed place little respect d easily 5star recommendation stands vibe setup glass safety hazard,en,la_paz
47551,excellent choice looking convenient familyfriendly beach close city beach wellmaintained essentials need comfortable day water biggest perks accessibility quick easy drive downtown la paz s plenty parking available nt worry long journey find great spot water typically calm shallow makes perfect kids swim play palapas lounge chairs rent stuck laying towel directly sand onsite restaurant food stalls huge plus offering decent variety food drinks bathrooms clean wellkept reason m giving stars pretty crowded especially weekends holidays atmosphere busy public beach tranquil escape looking quiet secluded spot traveling family want beach amenities lively vibe fantastic option great place spend fun hasslefree day soaking sun enjoying sea cortez,en,la_paz
47576,nt fooled water slide beach ok went water slide ill forgive deceit,en,la_paz
47597,restrooms restaurants,en,la_paz
47612,favorite beaches la paz,en,la_paz
47645,nice family oriented beach palapas washroom restaurant shower,en,la_paz
47658,beach small shallow clear water fishes beach cam snorkel standing saw huge pod dolphins past end pier,en,la_paz
47659,great beach swimming little waves,en,la_paz
47666,nice little beach music fish swimming free,en,la_paz
47709,stopped way la paz beautiful beach cold beer delicious ceviche inexpensive restaurant place definitely ill recommend love,en,la_paz
47720,bit crowded weekend beautiful tons fish swimming shore feet feed thell crazy fun times,en,la_paz
47739,beach pretty love great swim cooler wc 3 food restaurants awful,en,la_paz
47741,beautiful beach good customer service,en,la_paz
47757,looking nice quiet calm beach place weekday waves calm umbrella service umbrella chairs table 12 usd aprox restaurants near order food snacks beverages shower cabin fees toilets free,en,la_paz
47766,ok like loud crowded beaches,en,la_paz
47785,great beach soaking sun water locals familyfriendly watch s going beach cheap beers decent food gentle water great views sunset,en,la_paz
47790,great beach fairly quiet rent table chairs umbrella going buy food highly recommend breaded shrimp,en,la_paz
47800,maintained public beach plenty public parking restrooms showers water great swim good kids bring food buy beach,en,la_paz
47810,lovely beach close el paz umbrellatablechair rentals 10 usdhour visited 2023 table service food drinks water crystal clear warm calm,en,la_paz
47825,beach fantastic sea feels like spacious swimming pool perfect swimming water generally calm lifeguards present day ensure safety chance spot fish swim remember garbage leave help beach clean beautiful enjoy,en,la_paz
47850,great beach close town free parking bathrooms shade local beaches calm clear water suitable swimming,en,la_paz
47866,great beach sea like big pool swimming water calm swimming guards day fishes garbage leave,en,la_paz
47872,nice beach relax friend family,en,la_paz
47889,beach perfect spend time friends drinking beers eating seafood restaurants,en,la_paz
47894,nice beach swim quiet away tourists,en,la_paz
47900,pretty calm ocean sand soft restaurants bars servers come beach offer chairs plastic chairs lounge chairs tables eating ignore big container ships distance,en,la_paz
47905,beautiful beach lapaz food close sure bring toilet paper pesos bathroom,en,la_paz
47909,stony dirty small,en,la_paz
47919,beach free parking showers signs shampoosoap prohibited bathrooms s long pier walk pictures people 2 zip lines nt staff signs went monday 10 maybe closed mondays sat beach shade chairstables rent saw lot ants sand decided m beach person stairsrampspierrestaurants lot walk explore s bike path sidewalk goes roadrock wall shaded morning s benches sit way,en,la_paz
47994,prices amazing attention employees great rent umbrellas shades consuming menu highly recommend almeja aguachile delicious,en,la_paz
48020,muy bonita playa pero el espacio es un poco limitado sin embargo es una buena opcion para convivir es cercana la ciudad y hay senal de telefono celular nice beach space bit limited good option live close city cell phone signal,en,la_paz
48021,beach locals car swim families ve visiting m kid viva el coromuel let trash dejen basura por favor,en,la_paz
48033,nice public beach busy easter holiday quiet excellent service surrounding restaurants,en,la_paz
48055,beautiful beach great swimming shaded palapas umbrellas rent restaurant workers walk beach ask want food beer enjoyed time,en,la_paz
48065,went spend hours drinks food service food great beach area nice definitely,en,la_paz
48068,stumbled place exploring la paz todos santos tuesday 223 beautiful sunny day temp 75 light breeze easy parking crowds locals like spot couples families offer umbrellas chairs tables ordered civiche guacamole large portions delicious big bottles pacifico bit friendly staff english problem pleasant mix music peoples radios water clear calm warmer pacific great place relax afternoon,en,la_paz
48078,free parking lot free beach bathroom,en,la_paz
48088,place amazing clean beautiful want rest disconnect stress problems definitely love,en,la_paz
48105,great place kids,en,la_paz
48126,nice clean hidden beach palapas restaurant beer free parking,en,la_paz
48129,beach downtown hyatt area la paz nicer beaches area nt waste time,en,la_paz
48131,love beach great place bad thing os close 6 pm s time best,en,la_paz
48137,let pictures speak,en,la_paz
48146,super chevere,en,la_paz
48161,simply amaizing limit 150 people covid early open 11 6 surrounding area construction accessible wonderful views,en,la_paz
48164,great beach water amazing spots shade best come early currently cap 120 people enter covid,en,la_paz
48210,el malecon walking nice option,en,la_paz
48213,small beautiful beach,en,la_paz
48214,clean safe good amenities close town,en,la_paz
48233,nice beach,en,la_paz
48294,great beach food drinks restroom site,en,la_paz
48298,beautiful beach places sun,en,la_paz
48308,excellent place view beach food drink places fairly inexpensive,en,la_paz
48349,perfect 8k run la paz kiosk coromuel beach early morning enjoy fresh air views coromuel beautiful,en,la_paz
48358,check awesome,en,la_paz
48372,awesome place ve coming yrs safe family beach,en,la_paz
48438,kidding favorite place earth,en,la_paz
48441,incredible natural reserve missed mexico pristine waters,en,la_paz
48450,easy island far worth time swam sea lions witnessed enormous squadron manta rays flying midair right water en mass definitely recommendi floating baby sea lion hugged leg nt let best snorkeling experience ve enjoyed lunch quiet beach cove tour provided meal psa boat ride arduous years small children captain going speeds ride extremely bumpy stood trip avoid danger sore repeated slamming water,en,la_paz
48468,55 amazing experience secured tickets going malecon early morning got breakfast meantime trip beautiful peaceful people glamping island snorkel certain areas island recommend taking jacket appropriate sunscreen damage coral,en,la_paz
48473,gorgeous place definitely need visit,en,la_paz
48478,sv rhiannon stop beautiful island great duck wait northern wind crystal clear water great snorkeling fishing permits journey rhiannon thankfully changed life heart soul person change sailing solo 45 ft sailboat,en,la_paz
48480,beautiful scenery beware low budget tour salesmen,en,la_paz
48484,totally overrated,en,la_paz
48493,beautiful trip visit sea lions enjoy beautiful beaches,en,la_paz
48508,california,en,la_paz
48509,tour sea cortez amazing,en,la_paz
48532,burn skin ground pleasure pain cool,en,la_paz
48533,blew expectations november swim whale sharks sea lions,en,la_paz
48551,great place visit snorkel 100 experience,en,la_paz
48554,nice place visit honest way better playa balandrai stay isla espiritu santo forever,en,la_paz
48559,amazing place actually appreciate lot things like mountain layers sea lions whales dolphins sea flora fauna incredible,en,la_paz
48569,hermosa isla,en,la_paz
48586,amazing eco system sea cortez different types species whales dolphins etc,en,la_paz
48589,amazing place explore,en,la_paz
48594,help protect beautiful environment booked day trip baja expeditionsthey employ knowledgable conservation oriented tour guides swim snorkel kayak dive having great time learning lot,en,la_paz
48601,real beauty,en,la_paz
48608,great experience sea lion watching,en,la_paz
48611,snorkeling saw cool things like coral eel cornet fish things nt know lot fund beautiful scenery,en,la_paz
48619,truly magical beautiful,en,la_paz
48623,luminous island turquoise waters white sandy beaches swim sea lion babies sea lion mamas safety outer islands love place come,en,la_paz
48629,wowthis area awesome opportunity snorkel area restricted climbing rock formations coral area restricted protected placing foot near restrictions enjoyed snorkeling exploring rock formations coral area saw varieties fish birds unidentified life great explore kinda feel like lol isla espiritu santo nature preserve area snorkeling swimming hanging beach saw variety local sea life including manta rays schools fish jumping water kinds tropical fish sea lion pups adults area best explored knowledgeable local knowledgeable tour guide answer questions area licenses needed area visiting people area visiting boats docked area open water adjacent land shores enjoy beaches nice picnic shade tent sun area awesome,en,la_paz
48633,word fabulous,en,la_paz
48637,amazing island place nt want miss visit la paz ill recommend start trip playa el tecolote instead la paz start trip el tecolote island watch wonderful places island spend time swiming sea lions swimming gran ensenada beach snorkeling reefs,en,la_paz
48666,incredible definitely worth kayaking took days island nice sea lion rookery north cool,en,la_paz
48670,speechless stunning secluded pristine island,en,la_paz
48680,simple overview cultures land time signs spanish enjoyed,en,la_paz
48681,excellent historical review baja california starts distant history progresses current day great time reading learning diverse history area recommended,en,la_paz
48688,sure bring mexican pesos want visit museum accept credit debit cards,en,la_paz
48689,lovely museum neat dioramas enjoyed learning history human baja california sur,en,la_paz
48690,worthy stop,en,la_paz
48691,la paz nt stop ar disservice starting 12000 bc 1800s laid 3 floors qr codes english cool,en,la_paz
48693,interesting displays huge diaoramas lots historical detail went great exhibit contemporary mexican art lower wings recomended,en,la_paz
48695,partial experience nt pesos place cards kind weird good prepared,en,la_paz
48713,beautifully organized easy follow ice age current times,en,la_paz
48716,admission 75 pesos free nicely exposition baja prehistoric times past century,en,la_paz
48719,spanish quaint informative museum area,en,la_paz
48722,interesting museum bcs history related models nice,en,la_paz
48723,people working nice,en,la_paz
48725,admit like museums pretty interesting informative history baja mexico main level current art paintings sale reasonable prices original art going story baja region early man cave paintings spanish dioramas recreations actual cave paintings life long ago baja interesting learned lot baja history visit la paz places visit,en,la_paz
48727,signs english need download qr code site day idea seeing looked like interesting clue waste money time hot day,en,la_paz
48732,learned new things ancient americas modern bcs structure path independence,en,la_paz
48742,week upper level interesting exposition free enter support exit small museum need 1 hour s good time refresh self souvenir store local artisans pieces,en,la_paz
48752,lovely museum better thought friendly employees good collections visiting carnival cruise ship la,en,la_paz
48771,great little museum la paz 75 pesos enter,en,la_paz
48775,great displays artifacts,en,la_paz
48784,recommend checking place lots information cave paintings found baja,en,la_paz
48791,love regional museum small informative like museums started floor ancient history paleolithic think explains mammoths live area area close meteor strike end dinosaur era took place showed ancient people lived thrived area 2nd floor explained exploration spanish went modernday histories revolution fight independence california baja sur easy find access cab driver took right nt cost bucks guide busy childrens group explored camera museum offers english translation barcodes look online exhibits sure smart phone easy find access cab driver took nt cost bucks guides busy childrens group explored informative archeology reminds museums relationships connect worlds history enjoyed,en,la_paz
48793,great interesting museum history la paz cost 75 pesos person recommendation dust place better air cleaning filter,en,la_paz
48800,nice museum desk staff friendly instead bathroom clean toilet paper saw workers standing talking instead taking care restroom,en,la_paz
48804,fella went check place cool staff dude long hair knowledgeable chill shout,en,la_paz
48809,history geographic area dating prehistoric times security strange taking pictures tour limited facilities long waits tour group,en,la_paz
48811,listed anthropological museum interest glad pay entry fee support think museum geared children expected dis appointed friendly helpful staff gringo,en,la_paz
48813,loved space,en,la_paz
48821,informative exhibits dioramas dated qr codes english translations weren t working google glass great,en,la_paz
48832,excellent staff knowledgeable exhibits spanish english good museum,en,la_paz
48833,admission cash excellent introduction particular history region floor guide spoke english explained displays answered questions don t overlook small stocked gift shop cash worth trip atm,en,la_paz
48847,great museum lots history artifacts baja,en,la_paz
48848,years neglect museum finally joined ranks worthwhile regional history destinations nice static exhibits interpretive artwork check bad digital media cousinadmin ball,en,la_paz
48862,pericues,en,la_paz
48866,baja regional history museum fun place rich history bsc indigenous tribes monasteries established museum tells story baja unique creative ways docent daniella knowledgeable section museum helped desipher depth depicted exhibits baja story described models reliefs docent techniques exhibits explained english qr code spanish native language husband look forward returning museum explore final exhibit near future,en,la_paz
48878,arrived museum easy free parking outside greeted entry followed guide childrens exhibit paintings groundfloor 1st 2nd floors filled history baja floor expert explaining exhibits passion guides fluent english added bonus love baja museum visit,en,la_paz
48879,small walk learn bajas history,en,la_paz
48880,wish d time especially loved cat door,en,la_paz
48882,thought nice little museum interest disclosure total nerd went sunday closed monday cost 75 pesos   5 worth descriptions exhibits informative content good descriptions spanish use qr codes signs good english translations exhibits prehistory early habitation colonial period revolutions wish geology personal taste recommended like museums beer need escape sun couple hour s.,en,la_paz
48892,small informative museum suprise wheel chair accessibility,en,la_paz
48894,great displays,en,la_paz
48899,great museum large small informative especially good guide,en,la_paz
48900,nicely museum spanish cell phone use qr option english,en,la_paz
48902,good place overview baja history,en,la_paz
48910,interesting local history,en,la_paz
48911,fabulous space laid great background area,en,la_paz
48917,went visit friday jan 5th 2024 315 pm unfortunately doors locked signs posted closing early security guard approached let know let closed lady inside main counter confirmed argued different closing time online wich replied right info closing 4 pm told coming far away 315 pm possible chance nt longer 30 min finish tour let stayed outside children realized lady desk went building 5 min denying entry figured personal errands came minutes 400 pm posted closed sign visitors coming museum 4 horrible experience kids excited museum irresponsible workers false online information thanks,en,la_paz
48924,pleasantly surprised exhibits artifacts artwork 3 floors floor different time period history starting natives culture lifestyles spanish influence history founders country depicted easy follow staff friendly helpful,en,la_paz
48926,free despite people 70 pesos enter bring small bills,en,la_paz
48929,enjoyed displays commentary spanish helped sever l pieces visit baja spent 1.5 hours loved seeing pictures cave paintings models people lived ages,en,la_paz
48944,new baja california sur experience visit museum contains permanent expositions geologic origins peninsula shows history original inhabitants way cave paintings prehispanic people colony independence movement region including multiple annexation attempts time itinerant art expositions great place spend half day,en,la_paz
48950,children enter free adult entrance 70 pesos goes nt understand says free admission man check said free sundays language hinted locals ones free sundays admission unclarity aside art exhibit located ground floor probably best exhibit rest museum filled mediocre best replicas problematic ignorant language describe indigenous peoples historic events continues inaccurate heartbreaking falsehoods regurgitating museums like depicting colonizers religious genocide extermination peoples discoveries explorers makes palatable specific ignorant audience sugar coats reality overall museum sadly waste opportunity left feeling ripped,en,la_paz
48961,excellent little museum air conditioned clean blocks away staying entrance fee donation good thing,en,la_paz
48962,read spanish bring phone translate write home basic anthropology museum section set apart local artists paintings,en,la_paz
48970,nice experience works spoke,en,la_paz
48972,great museum informative think gave great fair representation mission period love organized different time periods treasure city,en,la_paz
48975,enjoyed visit museum learned lot culture history baja california impressed guide levi extremely knowledgeable helped learn went met volunteer daniela provided additional information friendly welcoming museum exceeded expectations gracias,en,la_paz
48994,interesting thank god google translate,en,la_paz
49002,walked permanent temporary exhibitions located levels lots real recreated artifacts museum like items wellinformed guide added experience,en,la_paz
49005,great artifacts history baja california signs spanish prepared translate understanding rich history,en,la_paz
49009,great staff nice dioramas interesting stories learnt local history recommend,en,la_paz
49015,museum amazing visit levi tour share stories facts history region educational group enjoyed listening learning artifacts exhibits shown loved experience reflected long amazing visit attraction la paz levi great answering questions sharing details fascinated group return sure,en,la_paz
49018,hermoso museo,en,la_paz
49022,la paz museums worth visiting museum anthropology history baja california sur tells story baja peninsula going 1000s years 20th century interesting engaging displays location doable walk malecon enjoyable 90 minute visit,en,la_paz
49034,d recommend museum interested history region interesting artifacts historical cultural displays,en,la_paz
49043,english explanation displayed staff super nice provided private 30 min tour free learned lot glad visit museum stop la paz,en,la_paz
49044,enjoyed glimpse history baja california sur exhibits great way practice spanish history spanish,en,la_paz
49046,whale museum favorite mustsee places la paz places helped convince actually quality history science exhibits tour guides visit guide makes incredible difference local authority ofttimes history anthropology student local university share details exhibits authentic conversation unique history baja california peninsula history area geographically politically religiously truly different rest mexico worth learning visit lived life,en,la_paz
49067,nice guided tour director gave good talk area museum,en,la_paz
49068,tiny museum definitely worth visit learn history baja peninsula people,en,la_paz
49079,want charge enter tho sign says age 50 free said s americans left,en,la_paz
49094,worthy visit learn bcs history friendly helpful staff,en,la_paz
49104,friendly helpful staff museum half dedicated colonial era forward history anthropology museum anthropology history museum native people spanish contact portrayed extremely primitive learned native people wikipedia spanish jesuits founding fathers state extensively covered colonialism portrayed positively mention disease removals cultural language erasure suffered original inhabitants overheard staff person explain canadian visitor spanish culture culture mexico right wrong spain thank nt aware common sentiment mexico guess s learned,en,la_paz
49107,photographs cave paintings best,en,la_paz
49108,short sweet local history museum,en,la_paz
49110,wonderfully great detail outstanding docent highly knowledgeable attention gringos explanatory posters spanish thats need ask docent wo nt sorry,en,la_paz
49111,fabulous tour ruben guide knowledgeable,en,la_paz
49119,nice little local museum regional history especially liked cave paintings replica   cool descriptions spanish translation app ready spanish speaking super friendly museum guides like share,en,la_paz
49123,definitely worth stop la paz museum designed volunteer tour guides fully fluent english learn history baja california peninsula settlers s truly wonderful experience,en,la_paz
49131,worth visit slowly exhibits,en,la_paz
49138,worth taking time visiting la paz museum helps uncover questions arise spending time baja california sur   museum covers nations way life settlers missionaries colonisation explored museum levi outstanding   hands best guide experienced museum knowledge mexicos complex history impeccable left feeling impressed lucky received knowledge insight history baja california sur mexico large,en,la_paz
49141,nice museum great cave painting reproductions,en,la_paz
49144,beautifully,en,la_paz
49158,nice museum history state volunteer guide gave good explanation exhibit,en,la_paz
49167,excellent loved,en,la_paz
49168,sadly closed covid post open gracias,en,la_paz
49195,interesting historical,en,la_paz
49219,history 10k bc,en,la_paz
49226,place filled history,en,la_paz
49227,admission mx45 pay door actually 4 floors americans nice reproductions artifacts histories,en,la_paz
49228,impressive small museum covering history area bit art spanish google lens fabulous job translating posters,en,la_paz
49229,interesting history baja california,en,la_paz
49238,signage explanations spanish english hard understand,en,la_paz
49256,fabulous presentation eras baja past staff friendly brought best english translator,en,la_paz
49262,interesting museum telling history lapaz surrounding english read lapaz moon handbooks   baja book understand interesting,en,la_paz
49289,big interesting know mexican history,en,la_paz
49291,guide informative knowledgeable artifacts,en,la_paz
49292,museum contains history region floor current ocean research,en,la_paz
49295,great museum personal tour included,en,la_paz
49340,great place children learn,en,la_paz
49341,loved place interesting history student offer awesome helpful information spanish,en,la_paz
49379,wonderful museum   totally renovated exhibition interesting actualized lots artefacts reconstitution easy understand passionate temporally exhibition powerful nice pictures describe spirit baja california sur disappointed,en,la_paz
49381,english small simple museum,en,la_paz
49388,ability read spanish help enormously museum great especially replica cave paintings section indigenous cultures particularly interesting want photos inside museum small extra fee,en,la_paz
49396,sweet museum guide levy knowledgeable pretty funny dude floor cool check,en,la_paz
49398,read reviews decided look nt natural fauna section hoping great history lesson baja mexico nt lesson info spanish young man passionate history country curator second floor group guide want learn thank,en,la_paz
49402,enjoyed museo regional de anthropologia today great discussion alberto main level custodian thank,en,la_paz
49405,wonderful curator reception person friendly knowledgeable,en,la_paz
49412,friendly english speaking staff great exhibits clean easy find,en,la_paz
49415,nice facility worth visit interested,en,la_paz
49418,surprisingly organized interesting museum history baja spanish docents generally english speakers rest friendly try help local plants outside museum named described,en,la_paz
49424,small museum la paz local history,en,la_paz
49425,nicely displays great way spend afternoon displays spanish enjoyed checking things able read spanish photography display floor outstanding 45 pesos person think totally worth,en,la_paz
49440,collection complete sense land nt know california hernan cortes southern peninsula known california blown mind missions history world fascinating,en,la_paz
49477,interesting museum provides good overview baja s prehistory revolution including extensive detail bajan ancient rock art unfortunately s spanish spanish miss lot,en,la_paz
49488,bad little museum area worth visit nt,en,la_paz
49491,bring spanish language knowledge   described english person ticket booth speak understand english displayed ticketing information spanish,en,la_paz
49492,found museum fascinating prehistoric fossils displays showing early man cave paintings later times 20th century big place saw floors,en,la_paz
49499,entrance staff greeted warmly english entered doors absolutely worth dollars floors exhibits walked history baja california wish lights nt dim nt feel like closet display explanations english knew looking,en,la_paz
50842,serene place hard justice words pictures seeking bit rustic natural place special shout staff accommodating heartbeat mas,en,riviera_nayarit
50855,feel thankful landed thanks recommendation friend thoroughly enjoyed night stay extended time permitted wish campsite mexico cool property mas,en,riviera_nayarit
50858,unfortunately good stay camping san pancho fully understand going rough ready camping experience mas,en,riviera_nayarit
50860,nice peaceful location cool guys relaxing night sleep van mas,en,riviera_nayarit
50873,awesome spot filled lovely people ill backhabitaciones 5 mas,en,riviera_nayarit
50897,great beach good food access nearby southern end beach children play nice rolling waves town cute cleaner friendly,en,riviera_nayarit
50908,took son surf lesson enjoyed instructor got standing board catching waves,en,riviera_nayarit
50924,nice crowded,en,riviera_nayarit
50925,7 drownings month careful,en,riviera_nayarit
50927,gorgeous little corner paradise,en,riviera_nayarit
50932,amo,en,riviera_nayarit
50944,great market small place avocados eggs honey pesto yogurt bread definitely stop chance,en,riviera_nayarit
50945,absolutely gorgeous market vendors chill let look shouting prices food amazing ll find real local talent,en,riviera_nayarit
50946,best market vendors half food related breads pastas salsa herbs coffee soaps etc better sayulitas market,en,riviera_nayarit
50947,san panchos mercado exceptional especially small beach town blown away variety fresh organic food produce available tuesday 10 2 pm shopping gift need,en,riviera_nayarit
50948,lots variety tuesday market,en,riviera_nayarit
50949,enjoyed market things spaced.great vendors friendly spoke english lots different types food like yaka tamales hand jewelery wooden painted bowls blankets live music good thankful came day open bathrooms clean spacious,en,riviera_nayarit
50950,favorite market easy walk enjoy find unique handmade goodies listening live music love tuesdays market,en,riviera_nayarit
50951,incredible market handmade textiles jewelry tasty food wonderful community vibe nt miss,en,riviera_nayarit
50952,great local crafts available reasonable prices s lot food vendors great options folks diet restrictions e.g vegetarian gluten free dairy free etc,en,riviera_nayarit
50953,expecting way singer american lot people selling stuff locals real mexican tianguis huge tourist trap,en,riviera_nayarit
50954,nt love good farmers market 4 fantastic products vendors fresh food ecofriendly products handemade jewelry handicrafts lot vendors unique high quality,en,riviera_nayarit
50955,cute artisanal market eat fresh snacks stock natural eco products buy handmade jewelry chatting listening live music,en,riviera_nayarit
50956,old world charm wonderful handicraftee items sale fresh delicious artisan food native local musicians filling air music definitely worth trip,en,riviera_nayarit
50957,great visit s food handmade items great music,en,riviera_nayarit
50958,farmers market try buy mexican salsas pajarilla,en,riviera_nayarit
50959,beautiful artisan jewelry girls,en,riviera_nayarit
50960,nice market food crafts,en,riviera_nayarit
50961,prices expensive nice visit,en,riviera_nayarit
50962,artesinal local farmers market tuesdays fridays,en,riviera_nayarit
50964,happening tuesdays missed day,en,riviera_nayarit
50965,beautiful place,en,riviera_nayarit
50966,tuesday market busy fun great food lovely crafts jewellery expensive wonderful indigenous man makes incredible leather antlered crocodile skull skin shamanic bags,en,riviera_nayarit
50967,cute market music baking crafts clothes,en,riviera_nayarit
50968,definitely worth checking market bit lots different food jewelery souvenir vendors fairly expensive,en,riviera_nayarit
50969,definitely best local markets ve great cultural experience,en,riviera_nayarit
51576,pase maravilla equipo hicieron divertido tolok capitana energia increible complacientes extranjeras lugarenos igual buen trabajo chicos wonderful time crew fun tolok captain awesome energy accommodating foreigners locals alike great job guys,en,riviera_maya
52102,parque grande llegar alli debe pagar entrada sitios pueden comprar normalmente buses pasan recogiendo turistas hoteles llevarlos parque entrar deben dar manilla dan opcion comprar 70 dolares tomarte ilimitadas fotografias parque puntos especificos personas encargadas recomiendo opcion van familia numerosa aproximadamente 4 restaurantes diferentes tipos comida podia comer desayuno cualquier restaurante comer veces quisieras para almuerzo mismo podia comer cualquiera veces quisiera salirte comida deliciosa puedes servirte guste tipos comidas elegir dentro parque puedes hacer muchas cosas dividido modulos ejemplo puedes ir faro mirador tirarte tobogan mayoria modulos banos puedes pedir chaleco aletas careta meterte agua cenotes ordenado adaptado grandes multitudes modulo puedes coger bicicleta montar aproximadamente 8 mn llegar colina bajas cenotes flotador parque avistamiento delfines puedes nadar rayas peces dia da tiempo recorrer parque disfrutar puede ofrecerte puedes pagar tipos cosas ejemplo nadar delfines tomarte fotos parque espectacular 100 recomendado opinion gusta ir familia pareja excelente s large park pay entrance fee places buy tickets buses usually pick tourists hotels park entering wristband option unlimited photos park specific points attendants 70 recommend option especially traveling large family approximately restaurants serving different types food went eat breakfast restaurant eat times wanted lunch eat restaurant eat times wanted having leave food delicious help like best types food choose inside park things s divided modules lighthouse viewing platform slide modules bathrooms ask life jackets fins mask water cenotes organized adapted large crowds s module bike ride approximately 8 minutes reach hill float cenotes s dolphin watching park swim rays fish won t time explore entire park day enjoy offer pay things swimming dolphins taking photos s spectacular park 100 recommended opinion s favorite s excellent going family couple,en,riviera_maya
53081,bonita playa rocas ver hicimos snorkel olas rompen arrecife asi ir barco hacer snorkel,en,riviera_maya
