indice,comentario_clean,lang,location
13,excelente area excelentes vistas compras comida pasos distancia area caminata segura obtenga area caminata personal ofreciendo,mix,puerto_vallarta
71,gay cuerpo playa agua aspera nadar mejores playas sur,mix,puerto_vallarta
131,lugar excelente comida excelente gente excelentes restaurantes excelentes compras puedas desear,mix,puerto_vallarta
136,go go muertos beach well,mix,puerto_vallarta
187,consiga suficiente gente playa mundial actividades excelente comida,mix,puerto_vallarta
264,ondas divertidas olas cuidadosas cubrirse nadando,mix,puerto_vallarta
311,area rodeada condominios hoteles inclusive significa personas hoteles,mix,puerto_vallarta
326,lugar super camareros,mix,puerto_vallarta
345,vendedores playa central compras restaurantes clubes,mix,puerto_vallarta
385,like beach sand good one done,mix,puerto_vallarta
423,love waves sun sand even vendors like people watching,mix,puerto_vallarta
490,playa gay arena bonita olas restaurantes bonitos hoteles cercanos,mix,puerto_vallarta
555,traer lugar relajante favorito,mix,puerto_vallarta
564,years playa muertos lots still good lost,mix,puerto_vallarta
595,name playa muertos everyone quite lively muertos happening place middle,mix,puerto_vallarta
647,gusto zona lote limpio restaurantes lugares puestos agradable,mix,puerto_vallarta
675,hang day umbrella music sip away drinks gay get better,mix,puerto_vallarta
712,gay beach gay want stay play gay like fun good time enjoy also fun safe,mix,puerto_vallarta
717,muelle lugar amor mirar nadar oceano comer comida,mix,puerto_vallarta
721,playa muertos restaurante borde playa comer beber disfrutar playa,mix,puerto_vallarta
722,impresionante playa sillas comida restaurantes llenan vacaciones,mix,puerto_vallarta
727,keep beach water warm sip drinks umbrella bring towels,mix,puerto_vallarta
729,pier goes ocean nice get minutes view nice pier nice see,mix,puerto_vallarta
760,walking around get meet people one friendly must gotten places drinks dinner loved,mix,puerto_vallarta
767,love place lots see,mix,puerto_vallarta
772,acceso hotel playa bonita playa snorkeling,mix,puerto_vallarta
782,playa parasailing pesca olas altas tiempos,mix,puerto_vallarta
785,dont want share one else goes,mix,puerto_vallarta
799,playa divertida gente genial pasando cosas playa,mix,puerto_vallarta
807,atardecer muelle muerto gente playa feliz banarse familia centro,mix,puerto_vallarta
811,pier shrimp take,mix,puerto_vallarta
827,bus get get see beach see beach,mix,puerto_vallarta
838,genial amigable genial,mix,puerto_vallarta
840,lugar bonito lugar pasear bonita playa autobus pequeno,mix,puerto_vallarta
841,gente playa arena restaurantes,mix,puerto_vallarta
1207,get buy nice walk,mix,puerto_vallarta
1223,favorita vallarta viaje caminar malecon tardes playa sonidos gente especial,mix,puerto_vallarta
1252,walking distance hotel walked back shops nice lots vendors even bought oysters street vendors get malecon must see,mix,puerto_vallarta
1385,super fun place lots beautiful statues live entertainment great places eat spent lot time walking malecon,mix,puerto_vallarta
1424,hermoso paseo maritimo vistas impresionantes cerveza paseo maritimo economico extremadamente limpio,mix,puerto_vallarta
1655,paseo maritimo ofrece cosas artistas estatuas roca oceano,mix,puerto_vallarta
1695,malecon fun boardwalk enjoy visiting puerto vallarta many cool statues fun entertainment,mix,puerto_vallarta
1747,ones sand sculptures human statues see guided sculpture tours recommended chance next visit,mix,puerto_vallarta
1750,must see gorgeous boardwalk sculptures great safe friendly environment party like,mix,puerto_vallarta
1844,get buy nice walk,mix,puerto_vallarta
1860,favorita vallarta viaje caminar malecon tardes playa sonidos gente especial,mix,puerto_vallarta
1881,super fun felt safe fun get resort hours statues beautiful,mix,puerto_vallarta
1887,pescar divertido estatuas humanas personas vestidas tomar fotos consejo tomar selfie corta distancia gratis,mix,puerto_vallarta
1993,want harassed take walk much see get water taxi like,mix,puerto_vallarta
2003,pase caminando malecon debes visitar vallarta excelentes bares frente mar detente disfrutar margarita observa gente,mix,puerto_vallarta
2184,hermoso paseo maritimo vistas impresionantes cerveza paseo maritimo economico extremadamente limpio,mix,puerto_vallarta
2273,paseo maritimo ofrece cosas artistas estatuas roca oceano,mix,puerto_vallarta
2323,like take walks boardwalk relaxing plus see sand sculptures awesome restaurants,mix,puerto_vallarta
2357,hermoso lugar puesta sol bebes happy hour,mix,puerto_vallarta
2376,amor caminar comprar gente caminar malecon estatuas hermosas miran,mix,puerto_vallarta
2415,malecon fun boardwalk enjoy visiting puerto vallarta many cool statues fun entertainment,mix,puerto_vallarta
2427,esculturas arena estatuas humanas visitas guiadas esculturas recomendado oportunidad proxima visita,mix,puerto_vallarta
2453,super fun felt safe fun get resort hours statues beautiful,mix,puerto_vallarta
2459,pescar divertido estatuas humanas personas vestidas tomar fotos consejo tomar selfie corta distancia gratis,mix,puerto_vallarta
2513,picturesque walk bay beautiful sunsets many restaurants bars several good local restaurants great art galleries souvenir shops,mix,puerto_vallarta
2574,male must see visitors puerto vallarta statues unique interesting restaurants bars fun enjoyable artists vendors worth look offer interesting,mix,puerto_vallarta
2610,experiencia definitiva vida viajar malecon entretenido increible,mix,puerto_vallarta
2632,want harassed take walk much see get water taxi like,mix,puerto_vallarta
2642,pase caminando malecon debes visitar vallarta excelentes bares frente mar detente disfrutar margarita observa gente,mix,puerto_vallarta
2686,male must see visitors puerto vallarta statues unique interesting restaurants bars fun enjoyable artists vendors worth look offer interesting,mix,puerto_vallarta
2756,like take walks boardwalk relaxing plus see sand sculptures awesome restaurants,mix,puerto_vallarta
2788,hermoso lugar puesta sol bebes happy hour,mix,puerto_vallarta
2807,amor caminar comprar gente caminar malecon estatuas hermosas miran,mix,puerto_vallarta
2845,experiencia definitiva vida viajar malecon entretenido increible,mix,puerto_vallarta
2926,hermosa iglesia antigua asegurese asistir misa asistir misa ingles,mix,puerto_vallarta
2938,hermosa iglesia catolica visto malecon altar impresionante necesito visitar iglesia,mix,puerto_vallarta
2977,beautiful piece history doors open anyone enter say doors door door iron open even beauty inside crown top amazing must see,mix,puerto_vallarta
2982,ingles asiento minutos misa excelente hermoso,mix,puerto_vallarta
2993,definitivamente apreciar sitio iglesia hermoso detalle arte mente,mix,puerto_vallarta
2998,bonita iglesia disfruta gente visita iglesia historia iglesia interesante,mix,puerto_vallarta
3013,hermosa iglesia arte iglesia,mix,puerto_vallarta
3021,seguro tomar festividades zona centro lleno celebrando dama vendedores comida comida,mix,puerto_vallarta
3023,impresionante arquitectura exterior interior cerca malecon lugar facil vale pena visitar seguro,mix,puerto_vallarta
3025,church end nice square lot locals selling souvenirs enter church quick visit,mix,puerto_vallarta
3034,visitando asistir misa dama iglesia hermoso sacerdote misa tardes inglesas,mix,puerto_vallarta
3045,antigua iglesia plaza stand plaza musica abierto usado publico perdido,mix,puerto_vallarta
3053,visito iglesia santa esposa belleza amado esposa trajo experiencia,mix,puerto_vallarta
3060,hermoso iglesias catolicas area hermoso curso cuadra corta ciudad principal parada,mix,puerto_vallarta
3071,simple abierta,mix,puerto_vallarta
3079,iglesias catedrales encontraron vale pena visitar,mix,puerto_vallarta
3086,hermosa arquitectura historica iglesia sucedio venir encantador,mix,puerto_vallarta
3098,increible arquitectura antigua impresionante belleza cosa pagar calle,mix,puerto_vallarta
3102,iglesia hecha excelente arquitectura oportunidad completamente iglesia comunidad,mix,puerto_vallarta
3103,iglesia turistica bellamente ornamentada vale pena visitar,mix,puerto_vallarta
3119,iglesia mantenida vale pena caminar costado malecon,mix,puerto_vallarta
3131,hermosa iglesia hermosas estatuas historicas fotos favor iglesia respetuosa,mix,puerto_vallarta
3136,interesante iglesia iglesias vista impresionante,mix,puerto_vallarta
3141,catedral hermosa definitivamente vale pena mira hermosa arquitectura mira,mix,puerto_vallarta
3153,iglesia absolutamente hermosa visitar estatuas arquitectura increible,mix,puerto_vallarta
3154,iglesia recomendaria asistir servicio gente lugar tienda,mix,puerto_vallarta
3160,vi iglesia noche hermoso servicio adornado lindo hermoso,mix,puerto_vallarta
3165,amor iglesia historica hermoso amor,mix,puerto_vallarta
3166,iglesia visitada visitar hermosa iglesia estatuas llenas iglesia colores,mix,puerto_vallarta
3178,punto referencia catolico religioso belleza vale pena paseo,mix,puerto_vallarta
3179,iglesia absolutamente hermosa verla ocupada,mix,puerto_vallarta
3204,hermosa iglesia,mix,puerto_vallarta
3226,cercano visitando sitio catolico completo antiguo,mix,puerto_vallarta
3236,hermoso amor corona cima arquitectura definitivamente vista perdido,mix,puerto_vallarta
3251,bonita iglesia mira bonita ciudad vale pena visitarla pasa media hora agradable,mix,puerto_vallarta
3262,hermosa arquitectura facil obtenga oportunidades haga donacion facil,mix,puerto_vallarta
3305,hermosa iglesia iniciada disfrutar detalles hermosa iglesia,mix,puerto_vallarta
3319,part noon mass saw inside maintained outside must see,mix,puerto_vallarta
3326,visitado masa genial belleza interior especial,mix,puerto_vallarta
3338,hermosa iglesia caminando paseo seguro,mix,puerto_vallarta
3360,hermosa iglesia hermosa boda lugar,mix,puerto_vallarta
3371,facil misa ingles vale pena,mix,puerto_vallarta
3376,amigos casados arquitectura absolutamente hermosa recomiendo misa,mix,puerto_vallarta
3390,iglesia vista alterada,mix,puerto_vallarta
3412,siente historia hermosa antigua iglesia catolica arte sientete increible,mix,puerto_vallarta
3413,visite iglesias iglesias blancas fuente,mix,puerto_vallarta
3416,iglesia central vista favor oro visto vale pena comprobarlo,mix,puerto_vallarta
3435,hermosa iglesia misa iglesia llena gente arquitectura,mix,puerto_vallarta
3471,sentarse quitar respeto detalle cuadros vidrio,mix,puerto_vallarta
3475,increible hermosa iglesia antigua maravilloso bloques imprescindibles principal vale pena pasear ve,mix,puerto_vallarta
3477,encanta iglesia original debes visitar iglesias pequenas,mix,puerto_vallarta
3485,iglesia vista cosa,mix,puerto_vallarta
3511,iglesia maravillosa iglesia antigua paz amor altar hermoso abierto publico sentarse visitar noche iluminado ciudad,mix,puerto_vallarta
3516,interesante arquitectura exterior interior vale pena visitar brevemente iria visitar,mix,puerto_vallarta
3535,iglesia construir gente trabajo construir iglesia dama,mix,puerto_vallarta
3540,visto iglesias catedrales mundo oro blanco impresionante,mix,puerto_vallarta
3545,hermoso entorno historia area limpia excelentes oportunidades tomar fotografias tiendas bonitas cerca,mix,puerto_vallarta
3555,encanto pequena iglesia historica misa bilingue ninos vistiendo tomando,mix,puerto_vallarta
3564,antiguo cerca malecon caminar calle visitar iglesia suerte noche gente local vestida,mix,puerto_vallarta
3565,iglesia hermosa afuera ubicada centro excelente area visita area compras excelente area comida,mix,puerto_vallarta
3577,pagar excursion iglesia aceptar donaciones definitivamente vale pena,mix,puerto_vallarta
3615,catedral experiencia colonial campanario increible visto mundo dificil iglesia,mix,puerto_vallarta
3625,sitio misa detenido hermoso interior fotos aire exterior lugares comunes mostrar respeto caminar,mix,puerto_vallarta
3640,iglesia bonita iglesia movida renovaciones iglesia tiempo visitado bonita,mix,puerto_vallarta
3644,asombro belleza paseo facil vale pena cerrar arte historia completa senorita,mix,puerto_vallarta
3651,iglesia hermosa afuera adentro casa vestida gente cristal,mix,puerto_vallarta
3653,bonita iglesia pared iglesia cruzar calle,mix,puerto_vallarta
3657,iglesia absolutamente hermosa vale pena visitar obras arte hermosas arquitectura,mix,puerto_vallarta
3660,iglesia visto historia zona espiritu,mix,puerto_vallarta
3665,iglesia desfiles terminar iglesia semanas vacaciones,mix,puerto_vallarta
3694,hermosa vista comunidad amigable vendedores ambulantes vendiendo comida,mix,puerto_vallarta
3696,misas asombrosas misa cruzada ingles debes,mix,puerto_vallarta
3697,beautiful church inside especially crown top unique inside statue saint time,mix,puerto_vallarta
3705,entrar sentir experiencia espiritual santa iglesia experimentan visitar,mix,puerto_vallarta
3710,iglesia popular iglesia historica recomendar visita turistica,mix,puerto_vallarta
3713,iglesia hermosa amigable catedral semana tranquila pacifica,mix,puerto_vallarta
3722,amo iglesia malecon hermosamente tradicional visita iglesia disfruta,mix,puerto_vallarta
3728,must see church absolutely beautiful clean place unique,mix,puerto_vallarta
3736,impresionante edificio hermoso interior visitar ciudad,mix,puerto_vallarta
3747,definitivamente vale pena visitarlo absolutamente impresionante religioso siente,mix,puerto_vallarta
3750,hermosa iglesia vale pena visitar asisti misa iglesia magnifico coro vale pena visitar,mix,puerto_vallarta
3757,caminar tomando fotografias arte callejero vino iglesia absolutamente impresionante historia historia importante vale pena visitar,mix,puerto_vallarta
3758,must stop see downtown view inside well feel see history,mix,puerto_vallarta
3759,quiero volver asistir ingles servicio arquitectura absolutamente impresionante volver,mix,puerto_vallarta
3764,iglesia vale pena visitar detalles arquitectura hermosa,mix,puerto_vallarta
3794,maravillosa iglesia misa ingles visita bilingue hermosa iglesia perfecto,mix,puerto_vallarta
3815,iglesia dama edificio asombroso,mix,puerto_vallarta
3829,lugar absolutamente impresionante asisti misa hermosa arquitectura hermosa,mix,puerto_vallarta
3831,desfile desfile asientos aire libre gente camino iluminada camino catedral llena facil caminata segura disfrute local camino catedral,mix,puerto_vallarta
3836,bonito viaje colorido lleno maravilloso llegar noche,mix,puerto_vallarta
3847,bonita catedral corazon casco antiguo definitivamente sitio,mix,puerto_vallarta
3914,go marina vallarta go port say service awesome view tell say,mix,puerto_vallarta
3937,bonito paseo maritimo restaurantes terminaron lugar excelente comida bebidas definitivamente recomendado,mix,puerto_vallarta
3938,nice afternoon spent walking around drink two nice easy get bus zone,mix,puerto_vallarta
3955,left marina deep nice marina convenient easy get,mix,puerto_vallarta
3967,pase increible pescando visite playa disfrute delicioso,mix,puerto_vallarta
3985,excelentes compras seguro ideal familias compras restaurantes precios excelente barco gratis,mix,puerto_vallarta
4083,encontre comida gratis restaurante tragos tequila pasear,mix,puerto_vallarta
4090,pescar sur pescar vallarta bonito genial pescar vallarta,mix,puerto_vallarta
4100,area pequena paseo agua comprar comer comprar recuerdos gente segura gente amigable area amigable,mix,puerto_vallarta
4106,comer caminar mirar yates encantadores lugar agradable relajante restaurantes tiendas multitudes,mix,puerto_vallarta
4150,camine buscando lotes alquiler botes restaurantes area autobuses locales observar cocodrilos area iguanas excelente area caminar,mix,puerto_vallarta
4186,tour pesca profunda marina amigable,mix,puerto_vallarta
4263,resort one marina conveniente mercado marina centro realmente disfrute,mix,puerto_vallarta
4298,servicios spa baratos masajes minutos,mix,puerto_vallarta
4354,aventura crucero aire libre,mix,puerto_vallarta
4358,area enter pretty upscale condos,mix,puerto_vallarta
4360,went marina vallarta get massages day spa minute massage best activities week needed,mix,puerto_vallarta
4401,marina great prepared restaurant people eat,mix,puerto_vallarta
4437,safe experience beautiful,mix,puerto_vallarta
4439,vale pena viajar taxi lugar faro atardecer mexicano,mix,puerto_vallarta
4446,fun stroll local merchants quite nice fun talk,mix,puerto_vallarta
4457,area amor paseo comprar comer parar beber hermoso limpio seguro favorito,mix,puerto_vallarta
4458,marina lot fun several nice shops restaurants marina safe clean beautiful,mix,puerto_vallarta
4517,actually favorite quiet clean many good restaurants,mix,puerto_vallarta
4567,best restaurant port marina vallarta good see crocodiles water close,mix,puerto_vallarta
4584,bonita zona segura limpia escapo gente intenta vendernos viajes,mix,puerto_vallarta
4692,go restaurant lots empty,mix,puerto_vallarta
4716,marina mercado cena anoche excelentes lotes buscar comprar vendedores excelentes restaurantes elegir,mix,puerto_vallarta
4761,vine limpio seguro lugar perfecto caminar disfrutar agradable clima invernal vallarta,mix,puerto_vallarta
4768,spend lot time vallarta always near marina great restaurants fun,mix,puerto_vallarta
4788,visto comida maravillosa disfrute bocado viaje,mix,puerto_vallarta
4832,marina vallarta great visit view sunset lot restaurants bars quiet relax lot recommend place go vallarta place minutes airport minutes away downtown,mix,puerto_vallarta
4840,lugar caminar comer beber restaurantes amigable bebe tranquilo,mix,puerto_vallarta
4857,condo gemelas beach us condo beautiful sand clean condos rent condo go,mix,puerto_vallarta
4858,viaje semana viaje realmente gemelas viaje regreso viaje viaje,mix,puerto_vallarta
4868,hotel gemelas place need take bus hotel private beach nice place like recommend beach,mix,puerto_vallarta
4892,people vendors,mix,puerto_vallarta
4899,one beautiful go,mix,puerto_vallarta
4927,lugar agua limpia vale pena escapar ciudad agua,mix,puerto_vallarta
4929,mejores playas sur hermosa arena restaurante playas adecuadas,mix,puerto_vallarta
4930,playa pequeno hallazgo encontrar playa valga pena,mix,puerto_vallarta
4934,sur limpia bonita playa disfruta restaurante autobus lejos preciosa zona,mix,puerto_vallarta
4936,hermosas playas bonita agua agua hermoso tiempo,mix,puerto_vallarta
4938,agua azul,mix,puerto_vallarta
4942,best beaches best sun beach snorkeling beaches,mix,puerto_vallarta
4943,quite climb lot stairs locals look day,mix,puerto_vallarta
4948,absolutamente playa subir escaleras,mix,puerto_vallarta
4951,playa privada agua hermosa playa arena agua limpia gemelas amadas,mix,puerto_vallarta
4953,playas arena blanca agua clara playa publica,mix,puerto_vallarta
4962,bonita playa lejos sur vale pena,mix,puerto_vallarta
4998,encontrado tour restaurante tirolesas,mix,puerto_vallarta
5098,get meet predator place jungle literally ride get big food restaurant look flies get drink,mix,puerto_vallarta
5141,go car go lunch go,mix,puerto_vallarta
5167,gracias richie increible aventura tirolesa genial estrella increible,mix,puerto_vallarta
5169,went great view got see house zip line also got see waterfall kind staff people,mix,puerto_vallarta
5176,tiempo maravilloso amado minuto tirolesas caidas agua piscinas caida,mix,puerto_vallarta
5179,guides fun engaging lots ziplines even let go upside would suggest town,mix,puerto_vallarta
5191,experience excellent unforgettable professional much fun recommend trying,mix,puerto_vallarta
5192,excellent guides us fun zip lines amazing exciting experience,mix,puerto_vallarta
5198,far best zip line ever done better guide friendly patient professional must,mix,puerto_vallarta
5202,genial familiar atento tirolesa comida,mix,puerto_vallarta
5208,great experience richie great tour guide nice cool great job use zipline,mix,puerto_vallarta
5212,zip lines made super special fantastic guides experience amazing guides made extra fun great time restaurant also,mix,puerto_vallarta
5235,staff extremely helpful friendly felt safe absolute blast far must,mix,puerto_vallarta
5237,aventura increible realmente recomiendo richie maravilloso util necesito venir,mix,puerto_vallarta
5269,trip great interesting alive bring repellent,mix,puerto_vallarta
5276,encontrado tour restaurante tirolesas,mix,puerto_vallarta
5321,equipo increible servicial maravilloso duda volveremos facil,mix,puerto_vallarta
5333,temo pollo increible definitivamente familia recomendar suficiente,mix,puerto_vallarta
5350,personal excelente atento divertido seguro momento disfrute viendo novio,mix,puerto_vallarta
5354,zip line staff amazing super helpful front,mix,puerto_vallarta
5366,richie temo increible momento risas divertido altamente recomendado amigos familia,mix,puerto_vallarta
5408,amazing time zip lining drake made experience much fun funny go request,mix,puerto_vallarta
5429,gira mariscos ok personal ok lindo lugar mira,mix,puerto_vallarta
5446,montanas camino accidentado diversion vale pena saludado limpio fresco,mix,puerto_vallarta
5458,comida genial orden plato vale pena agua increible,mix,puerto_vallarta
5465,hermosas cataratas palabra cae rocas jungla vale pena salir cerca recorrido,mix,puerto_vallarta
5467,vino recorrido area carretera camino estrecho camino tierra imagino autobus manejado viniendo restaurante bosque escondido cascada area nadar,mix,puerto_vallarta
5499,taxi entrada sendero rio pago pesos hora tomado regreso restaurante agua area juegos,mix,puerto_vallarta
5500,camino camino camino accidentado tirolesa disfrute hermosas caidas agua,mix,puerto_vallarta
5509,set depredador filmado restaurante comida rio tomar,mix,puerto_vallarta
5560,river nice designed restaurant go get river someone able area river,mix,puerto_vallarta
5636,get meet predator place jungle literally ride get big food restaurant look flies get drink,mix,puerto_vallarta
5655,get good walk follow road trail horses use walk back take water good walking shoes enjoy views time get eden sure enjoy cold beer,mix,puerto_vallarta
5679,go car go lunch go,mix,puerto_vallarta
5705,gracias richie increible aventura tirolesa genial estrella increible,mix,puerto_vallarta
5707,went great view got see house zip line also got see waterfall kind staff people,mix,puerto_vallarta
5714,tiempo maravilloso amado minuto tirolesas caidas agua piscinas caida,mix,puerto_vallarta
5717,guides fun engaging lots ziplines even let go upside would suggest town,mix,puerto_vallarta
5729,experience excellent unforgettable professional much fun recommend trying,mix,puerto_vallarta
5730,excellent guides us fun zip lines amazing exciting experience,mix,puerto_vallarta
5736,far best zip line ever done better guide friendly patient professional must,mix,puerto_vallarta
5740,genial familiar atento tirolesa comida,mix,puerto_vallarta
5746,great experience richie great tour guide nice cool great job use zipline,mix,puerto_vallarta
5750,zip lines made super special fantastic guides experience amazing guides made extra fun great time restaurant also,mix,puerto_vallarta
5775,aventura increible realmente recomiendo richie maravilloso util necesito venir,mix,puerto_vallarta
5798,equipo increible servicial maravilloso duda volveremos facil,mix,puerto_vallarta
5810,temo pollo increible definitivamente familia recomendar suficiente,mix,puerto_vallarta
5840,amables terminaron espero llegar encanto experiencia gastronomica,mix,puerto_vallarta
5842,amazing experience recommend skip recommend unique experience idea come family couples friends even friends everyone,mix,puerto_vallarta
5843,excelente servicio atentos amables divertidos tirolesas pasar rato familia amigos super recomendado,mix,puerto_vallarta
5845,excelente experiencia gracias temo recorrido altamente recomendado,mix,puerto_vallarta
5850,oportunidad tomar tirolesa tour feliz temo,mix,puerto_vallarta
5851,gracias dejando feliz amabilidad gracias temo deseo volver,mix,puerto_vallarta
5869,super taste much fun attention excellent super friendly guides also prices place cute recommended,mix,puerto_vallarta
5879,encontre experiencia excelente servicio trato tiro tirolesas lindo paisaje,mix,puerto_vallarta
5895,excelente servicio comida servicio recibido excelente gusto,mix,puerto_vallarta
5933,personal excelente atento divertido seguro momento disfrute viendo novio,mix,puerto_vallarta
5937,personal tirolesa increible frente super servicial,mix,puerto_vallarta
5949,richie temo increible momento risas divertido altamente recomendado amigos familia,mix,puerto_vallarta
5991,amazing time zip lining drake made experience much fun funny go request,mix,puerto_vallarta
6012,gira mariscos ok personal ok lindo lugar mira,mix,puerto_vallarta
6029,montanas camino accidentado diversion vale pena saludado limpio fresco,mix,puerto_vallarta
6041,comida genial orden plato vale pena agua increible,mix,puerto_vallarta
6048,hermosas cataratas palabra cae rocas jungla vale pena salir cerca recorrido,mix,puerto_vallarta
6050,vino recorrido area carretera camino estrecho camino tierra imagino autobus manejado viniendo restaurante bosque escondido cascada area nadar,mix,puerto_vallarta
6082,taxi entrada sendero rio pago pesos hora tomado regreso restaurante agua area juegos,mix,puerto_vallarta
6083,camino camino camino accidentado tirolesa disfrute hermosas caidas agua,mix,puerto_vallarta
6092,set depredador filmado restaurante comida rio tomar,mix,puerto_vallarta
6143,river nice designed restaurant go get river someone able area river,mix,puerto_vallarta
6176,amables terminaron espero llegar encanto experiencia gastronomica,mix,puerto_vallarta
6178,amazing experience recommend skip recommend unique experience idea come family couples friends even friends everyone,mix,puerto_vallarta
6179,excelente servicio atentos amables divertidos tirolesas pasar rato familia amigos super recomendado,mix,puerto_vallarta
6181,excelente experiencia gracias temo recorrido altamente recomendado,mix,puerto_vallarta
6186,oportunidad tomar tirolesa tour feliz temo,mix,puerto_vallarta
6187,gracias dejando feliz amabilidad gracias temo deseo volver,mix,puerto_vallarta
6205,super taste much fun attention excellent super friendly guides also prices place cute recommended,mix,puerto_vallarta
6215,encontre experiencia excelente servicio trato tiro tirolesas lindo paisaje,mix,puerto_vallarta
6226,excelente servicio comida servicio recibido excelente gusto,mix,puerto_vallarta
6318,waters made snorkeling swimming great big variety fish see snorkeling,mix,puerto_vallarta
6322,barcos navegan semana clima temporada perfecta,mix,puerto_vallarta
6327,hermosa area bahia pies tierra areas profundas jorobadas area amor,mix,puerto_vallarta
6370,visit puerto vallarta visit beaches restaurants area,mix,puerto_vallarta
6379,staying great culture feel safe,mix,puerto_vallarta
6388,got see dolphins turtles lots got snorkel views bay,mix,puerto_vallarta
6400,bahia completa cantidad basura flotante oceano area amor esperanza area personas mantener limpio,mix,puerto_vallarta
6417,bahia hermosa bahia ballenas jorobadas,mix,puerto_vallarta
6427,playa favorita millas arena lugar surfear nadar,mix,puerto_vallarta
6439,,mix,puerto_vallarta
6450,area gorgeous sierra stunning views way look bay lots see,mix,puerto_vallarta
6475,bahia bahia mundo enorme playas,mix,puerto_vallarta
6488,view hotel like saw dolphins along shore awesome,mix,puerto_vallarta
6527,lindo lugar gente gusta esperar agradable esperar,mix,puerto_vallarta
6543,great places restaurants beaches love paradise,mix,puerto_vallarta
6550,great views relax sun take ride drink lot,mix,puerto_vallarta
6577,playa beber mirar sol bahia,mix,puerto_vallarta
6580,hermosa playa acceso agua casco antiguo visitar puerto vallarta,mix,puerto_vallarta
6600,atardeceres oceano calido agua mantenida,mix,puerto_vallarta
6611,warm water even need great snorkeling done shore,mix,puerto_vallarta
6690,agua escenica generalmente turbia necesito agua disfrutar mirar intentar avistar ballenas,mix,puerto_vallarta
6692,water much else say swim drink,mix,puerto_vallarta
6702,luce hermosa,mix,puerto_vallarta
6703,bahia banderas hermosa calma hermoso atardecer,mix,puerto_vallarta
6704,atardeceres absolutamente hermosos,mix,puerto_vallarta
6706,gira enfermare increible proxima seguro,mix,puerto_vallarta
6714,camine playa visite tiendas restaurantes gente guapa agradable,mix,puerto_vallarta
6719,puerto vallarta beautiful bay banderas sierra back get much better,mix,puerto_vallarta
6729,great place look see wonderful sunsets end day,mix,puerto_vallarta
6735,temporada realmente afortunada ballenas bebe bebe siguio rompiendo dejar agua genial,mix,puerto_vallarta
6741,agua limpia playas arena blanca dicha bahia realidad protegida olas bahia,mix,puerto_vallarta
6743,bahia vallarta hermosas oportunidades vida,mix,puerto_vallarta
6771,waters made snorkeling swimming great big variety fish see snorkeling,mix,puerto_vallarta
6775,barcos navegan semana clima temporada perfecta,mix,puerto_vallarta
6780,hermosa area bahia pies tierra areas profundas jorobadas area amor,mix,puerto_vallarta
6823,visit puerto vallarta visit beaches restaurants area,mix,puerto_vallarta
6852,staying great culture feel safe,mix,puerto_vallarta
6861,got see dolphins turtles lots got snorkel views bay,mix,puerto_vallarta
6873,bahia completa cantidad basura flotante oceano area amor esperanza area personas mantener limpio,mix,puerto_vallarta
6890,bahia hermosa bahia ballenas jorobadas,mix,puerto_vallarta
6900,playa favorita millas arena lugar surfear nadar,mix,puerto_vallarta
6912,,mix,puerto_vallarta
6923,area gorgeous sierra stunning views way look bay lots see,mix,puerto_vallarta
6948,bahia bahia mundo enorme playas,mix,puerto_vallarta
6961,view hotel like saw dolphins along shore awesome,mix,puerto_vallarta
7000,lindo lugar gente gusta esperar agradable esperar,mix,puerto_vallarta
7016,great places restaurants beaches love paradise,mix,puerto_vallarta
7023,great views relax sun take ride drink lot,mix,puerto_vallarta
7050,playa beber mirar sol bahia,mix,puerto_vallarta
7053,hermosa playa acceso agua casco antiguo visitar puerto vallarta,mix,puerto_vallarta
7073,great sunsets ocean warm kept water,mix,puerto_vallarta
7084,warm water even need great snorkeling done shore,mix,puerto_vallarta
7163,agua escenica generalmente turbia necesito agua disfrutar mirar intentar avistar ballenas,mix,puerto_vallarta
7165,water much else say swim drink,mix,puerto_vallarta
7175,luce hermosa,mix,puerto_vallarta
7176,bahia banderas hermosa calma hermoso atardecer,mix,puerto_vallarta
7177,atardeceres absolutamente hermosos,mix,puerto_vallarta
7179,gira enfermare increible proxima seguro,mix,puerto_vallarta
7187,camine playa visite tiendas restaurantes gente guapa agradable,mix,puerto_vallarta
7192,puerto vallarta beautiful bay banderas sierra back get much better,mix,puerto_vallarta
7202,great place look see wonderful sunsets end day,mix,puerto_vallarta
7208,temporada realmente afortunada ballenas bebe bebe siguio rompiendo dejar agua genial,mix,puerto_vallarta
7214,agua limpia playas arena blanca dicha bahia realidad protegida olas bahia,mix,puerto_vallarta
7216,bahia vallarta hermosas oportunidades vida,mix,puerto_vallarta
7291,experiencia increible guia informacion perfecta diversion recomendaria absolutamente,mix,puerto_vallarta
7294,experiencia recomendaria vale pena conducir puerto lugar hermoso recorrido informativo genial,mix,puerto_vallarta
7413,unique beautiful place go mezcal everyone chocolate pairings,mix,puerto_vallarta
7513,recorrido privado comenzo sabrosos cocteles hermosos contar pasion cerrar vale pena conducir,mix,puerto_vallarta
7541,great explaining distilling tequila mezcal raicilla visiting finca tequila need,mix,puerto_vallarta
7548,hermoso entorno fresco informado,mix,puerto_vallarta
7578,disfrute hermoso rancho aprendiendo bebidas espirituosas agave probando delicioso refrescante beber realmente agradable volver casa,mix,puerto_vallarta
7587,hospitalidad lugar increible hermosa area recorrido linda degustacion interesante amado,mix,puerto_vallarta
7588,tour cerca zona puerto minutos linda experiencia,mix,puerto_vallarta
7590,place beautiful distillery tour excellent see agave taste best,mix,puerto_vallarta
7605,excelente lugar finca recomendable,mix,puerto_vallarta
7606,experiencia increible amigable increible definitivamente regresaria,mix,puerto_vallarta
7948,get buy nice walk,mix,puerto_vallarta
7964,favorita vallarta viaje caminar malecon tardes playa sonidos gente especial,mix,puerto_vallarta
7993,walking distance hotel walked back shops nice lots vendors even bought street vendors get malecon must see,mix,puerto_vallarta
8092,hermoso paseo maritimo vistas impresionantes cerveza paseo maritimo economico extremadamente limpio,mix,puerto_vallarta
8180,paseo maritimo ofrece cosas artistas estatuas roca oceano,mix,puerto_vallarta
8220,malecon fun boardwalk enjoy visiting puerto vallarta many cool statues fun entertainment,mix,puerto_vallarta
8232,ones sand sculptures human statues see sculpture tours recommended chance next visit,mix,puerto_vallarta
8248,kinds buy view bay better view hotel nice walk day,mix,puerto_vallarta
8258,super fun felt safe fun get resort hours statues beautiful,mix,puerto_vallarta
8358,definitivamente vale pena estatuas especialmente increibles bares restaurantes eligen tiendas variadas,mix,puerto_vallarta
8366,want harassed take walk much see get water taxi like,mix,puerto_vallarta
8376,pase caminando malecon debes visitar vallarta excelentes bares frente mar detente disfrutar observa gente,mix,puerto_vallarta
8408,calle boardwalk cerro realmente pequena comunidad historia vistas arte gente encantadora,mix,puerto_vallarta
8411,good place walk along beach enjoy stop beer lots vendors almost polite,mix,puerto_vallarta
8481,enjoyable day malecon relaxing stroll enjoy view entertainment,mix,puerto_vallarta
8488,like take walks boardwalk relaxing plus see sand sculptures awesome restaurants,mix,puerto_vallarta
8520,hermoso lugar atardecer beber hora feliz,mix,puerto_vallarta
8539,amor caminar comprar gente caminar malecon estatuas hermosas miran,mix,puerto_vallarta
8576,hermosa historia haria viaje especial visitar ciudad,mix,puerto_vallarta
8603,experiencia definitiva vida viajar malecon entretenido increible,mix,puerto_vallarta
8641,bahia area segura stand clima hermosas vistas lugar,mix,huatulco
8678,bahia area segura stand clima hermosas vistas lugar,mix,huatulco
8683,bahia excelente manana disfrutar gente clima agua,mix,huatulco
8695,regreso lugar regreso momento,mix,huatulco
8705,playa limpia agua clara definitivamente lugar visita,mix,huatulco
8709,genial increible snorkeling relajante hermoso regreso,mix,huatulco
8718,bahia excelente manana disfrutar gente clima agua,mix,huatulco
8730,regreso lugar regreso momento,mix,huatulco
8740,playa limpia agua clara definitivamente lugar visita,mix,huatulco
8744,genial increible snorkeling relajante hermoso regreso,mix,huatulco
8752,water ever gets deep little water calm bay see,mix,huatulco
8778,bay one bays dream resorts ubicados hermosas playas vista mar,mix,huatulco
8780,bahia olas agua limpio genial caminar playa,mix,huatulco
8781,excelentes vistas area pintoresca lejana,mix,huatulco
8782,tomo viaje barco bahias viaje agua hermosa genial,mix,huatulco
8785,resorts ubicados excelente agua nadar,mix,huatulco
8791,playa bahia facil paseo playas rocas lugar nadar,mix,huatulco
8802,water ever gets deep little water calm bay see,mix,huatulco
8828,bay one bays dream resorts ubicados hermosas playas vista mar,mix,huatulco
8830,bahia olas agua limpio genial caminar playa,mix,huatulco
8831,excelentes vistas area pintoresca lejana,mix,huatulco
8832,tomo viaje barco bahias viaje agua hermosa genial,mix,huatulco
8835,resorts ubicados excelente agua nadar,mix,huatulco
8841,playa bahia facil paseo playas rocas lugar nadar,mix,huatulco
8874,lugar increible belleza amor,mix,huatulco
8878,love bay beach clima snorkeling mantener experiencia mirar,mix,huatulco
8887,scenic area like go,mix,huatulco
8895,vistas hermosas,mix,huatulco
8907,noche increible servicio comida increible,mix,huatulco
8915,camine quede suenos limpio tiendas cafe disponible,mix,huatulco
8921,bahia hoteles caros belleza definitivamente vale pena hospedarse hotel realmente,mix,huatulco
8923,beach went get hotel water,mix,huatulco
8930,encontre cafe hotel familiar capaz,mix,huatulco
8931,beach quiet waves different activities,mix,huatulco
8948,zone many big hotels many kids want quiet go,mix,huatulco
8972,stay dreams resort ubicado bay way genial,mix,huatulco
8990,lugar increible belleza amor,mix,huatulco
8994,love bay beach clima snorkeling mantener experiencia mirar,mix,huatulco
8999,water rough days water visit,mix,huatulco
9003,scenic area like go,mix,huatulco
9011,vistas hermosas,mix,huatulco
9023,noche increible servicio comida increible,mix,huatulco
9031,camine quede suenos limpio tiendas cafe disponible,mix,huatulco
9037,bahia hoteles caros belleza definitivamente vale pena hospedarse hotel realmente,mix,huatulco
9039,beach went get hotel water,mix,huatulco
9046,encontre cafe hotel familiar capaz,mix,huatulco
9064,zone many big hotels many kids want quiet go,mix,huatulco
9082,stay dreams resort ubicado bay way genial,mix,huatulco
9095,llevo camino local vale pena conducir pesos preparados llegar,mix,huatulco
9111,excelente guia turistico excelente lugar tiempo camino vale pena cascadas nadar increible,mix,huatulco
9146,cruz times stay visitamos tiendas marina condo condo marina nice,mix,huatulco
9149,facil caliente oceano taxi barato vale pena,mix,huatulco
9181,pescado cruz marina,mix,huatulco
9187,bonito precio calle alejate,mix,huatulco
9296,comprobar mirar bahia,mix,huatulco
9299,joven turista vistas mar,mix,huatulco
9305,area bahia ofrece excelentes restaurantes distancia,mix,huatulco
9311,hombre area local bonita zona comer comprar tomar relajarse,mix,huatulco
9331,relajante arena frio pedir pasar horas proxima semana,mix,huatulco
9360,recorrido realmente seguro,mix,huatulco
9390,bahias hombre barco calma tortugas delfines increible vale pena,mix,huatulco
9400,tome area taxis tome bote comer pescar lugar comprar comer disfrutar gente,mix,huatulco
9404,lots sure try tour guide tour area make sure visit church,mix,huatulco
9406,fun place stop quick drink take pretty quite expensive far food souvenirs,mix,huatulco
9417,lots restaurants aggressive,mix,huatulco
9471,playa abierta limpia ninos bebidas comida vale pena visitar seguro,mix,huatulco
9475,jet bay lugar bonito,mix,huatulco
9481,bote cruz bay genial delfines montar playas snorkel snorkel traer,mix,huatulco
9486,pasar gente guapa pueblo,mix,huatulco
9495,nice beach many like,mix,huatulco
9516,lovely bay nice shops restaurants bars still quite quiet cruise ship pier bit,mix,huatulco
9519,lugar nadar bonita tienda mirar barcos,mix,huatulco
9522,went times quiet,mix,huatulco
9543,playas bahia gente,mix,huatulco
9559,get like bay beautiful walk red dangerous,mix,huatulco
9581,club playa nadar,mix,huatulco
9585,visitar playa gente local haz personas locales,mix,huatulco
9596,hermosa arena tranquila clubes playa hoteles club playa,mix,huatulco
9598,nice area stay clean people place restaurants,mix,huatulco
9608,great beach like like beach deep steep sand water deep ocean nice quite deep sand quite fine nice several available great shade food drinks good,mix,huatulco
9620,day free day,mix,huatulco
9623,yendo duro,mix,huatulco
9632,gastado club playa piscina disfrutado bahia excelentes pesos comida gente,mix,huatulco
9649,playa lejos hermosa playa limpia,mix,huatulco
9650,nice quiet bay many people several quite,mix,huatulco
9651,excelente amanecer recomendar traer,mix,huatulco
9654,bird guide park time see national park birds guide birds got bird tour see us birds seen us like time take bird bird hour tour water park bird time went take able,mix,huatulco
9659,parque aves genial genial,mix,huatulco
9663,tome parque nacional boat bays tomo hora llegar lugar regreso regreso consiguio bahia barco regreso viaje tomo,mix,huatulco
9669,several park great park snorkeling,mix,huatulco
9674,like see place people like,mix,huatulco
9677,playa parada,mix,huatulco
9679,seen beach get,mix,huatulco
9688,lugar gente,mix,huatulco
9694,hermosa playa hermosa,mix,huatulco
9696,bahia agua snorkel agua playa,mix,huatulco
9698,snorkeling hour good,mix,huatulco
9699,great birds take good,mix,huatulco
9703,hermosa zona hermoso barco obtener playas hermosas,mix,huatulco
9704,hermosas bahias tomar tour snorkel tomar,mix,huatulco
9814,agua vista zona aguas tranquilas definitivamente ocupada realmente,mix,huatulco
9877,lugar amor snorkeling playa sierra hermoso pez pez hermoso,mix,huatulco
9906,beautiful place swim dirty restaurants beautiful,mix,huatulco
9973,hermosa playa pintoresca venta cerveza comida disfrutada nadar parada fria,mix,huatulco
9977,hermosa playa definitivamente vale pena bucear increible,mix,huatulco
9986,vistas increibles aguas snorkeling restaurantes comida,mix,huatulco
10009,vino barco realmente excelente playa vendedores horas mirando cosas comido,mix,huatulco
10024,swimming seeing tour bay water,mix,huatulco
10070,perfect excellent beach,mix,huatulco
10071,playa increible hermoso snorkeling,mix,huatulco
10073,traido pescado pescado cocinado hora restaurantes pedir pesos pescado,mix,huatulco
10114,hermosa playa agua clara calida paseo taxi comida playa,mix,huatulco
10123,bonito paseo playa barcos agua,mix,huatulco
10136,several restaurants sure name great food take lots pesos,mix,huatulco
10153,playas bonitos paseos barco ven comida playa playas mejores lugares comer beber,mix,huatulco
10206,recorrido detenido playa pequenos restaurantes lugar caro vale pena mirar,mix,huatulco
10209,restaurante playa comida increible playa familiar,mix,huatulco
10230,get busy awesome massages beach water pretty good waves water like,mix,huatulco
10331,bahias detenidas crucero horas restaurantes area vista agua traiga pesos use asegurese venir,mix,huatulco
10384,great snorkeling crowded weekends many vendors sell week relax,mix,huatulco
10391,pescado fresco marisco pedir excelentes bebidas playa,mix,huatulco
10395,gusta agua lugar llegar playa definitivamente vale pena,mix,huatulco
10397,excelente lugar nadar snorkel hermosa playa,mix,huatulco
10399,comida cara hermosa,mix,huatulco
10401,semana extremadamente concurrida,mix,huatulco
10555,profundo area peces alquilar equipo restaurantes sitio,mix,huatulco
10560,disfrute tiempo bar bebidas refrigerios snorkel hermosa playa gente amigable,mix,huatulco
10655,turistas lugarenos snorkeling playa favorita,mix,huatulco
10674,enjoyed seeing reef told bit loved,mix,huatulco
10686,encanta playa pina mariscos increible hermoso lugar snorkel,mix,huatulco
10802,restaurantes ok vender snorkel bonitas areas descenso vistas peces,mix,huatulco
10810,tomar taxis familias nadar lugares comer beber,mix,huatulco
10823,visitar playa salir playa espectacular agua tranquila azul excelente snorkel arrecife coral etc.,mix,huatulco
10825,bonita playa limpia snorkel nadar restaurantes almuerzo bebidas,mix,huatulco
10868,nadar bucear comer beber observar local familias,mix,huatulco
10905,agua azul clara super tranquila excelente nadar,mix,huatulco
10946,snorkel visitando hermosa playa gente amable sintio segura,mix,huatulco
10962,snorkelling beach pm quiet go weekend bet busier,mix,huatulco
10974,lots locals authentic restaurants rent snorkel gear cost pesos people,mix,huatulco
10992,playa ocupada lugares sentarse agua genial snorkeling,mix,huatulco
11019,lugar pequeno taxi encontrar vale pena ambiente comida,mix,huatulco
11024,playa bonita bucear olas restaurantes playa mala cara playa popular llena,mix,huatulco
11119,concurrida hermosa playa lugares comer prueba langosta roja,mix,huatulco
11277,profundo area peces alquilar equipo restaurantes sitio,mix,huatulco
11282,disfrute tiempo bar bebidas refrigerios snorkel hermosa playa gente amigable,mix,huatulco
11377,turistas lugarenos snorkeling playa favorita,mix,huatulco
11396,disfrute viendo arrecife contado amado,mix,huatulco
11408,encanta playa pina mariscos increible hermoso lugar snorkel,mix,huatulco
11452,bring umbrella plan buying something one many fun snorkling beginner taxi walked,mix,huatulco
11524,restaurantes ok vender snorkel bonitas areas descenso vistas peces,mix,huatulco
11532,tomar taxis familias nadar lugares comer beber,mix,huatulco
11545,visitar playa salir playa espectacular agua tranquila azul excelente snorkel arrecife coral etc.,mix,huatulco
11547,bonita playa limpia snorkel nadar restaurantes almuerzo bebidas,mix,huatulco
11590,nadar bucear comer beber observar local familias,mix,huatulco
11627,agua azul clara super tranquila excelente nadar,mix,huatulco
11668,great afternoon snorkeling visiting beautiful beach people friendly felt safe,mix,huatulco
11684,snorkelling beach pm quiet go weekend bet busier,mix,huatulco
11696,lots locals authentic restaurants rent snorkel gear cost pesos people,mix,huatulco
11714,playa ocupada lugares sentarse agua genial snorkeling,mix,huatulco
11741,lugar pequeno taxi encontrar vale pena ambiente comida,mix,huatulco
11746,playa bonita bucear olas restaurantes playa mala cara playa popular llena,mix,huatulco
11841,concurrida hermosa playa lugares comer prueba langosta roja,mix,huatulco
11859,playa pareja lugares comer arena caminar quedarse vale pena,mix,huatulco
11867,agua llegar lejos caminar playa playa,mix,huatulco
11877,surfers quite rocky quite pretty back go back,mix,huatulco
12036,playas favoritas vienen playas sur anos necesitan visitar lugar,mix,huatulco
12086,burger delicious burger every side,mix,huatulco
12111,larga playa impresionante altamente recomendable vale pena seguro,mix,huatulco
12151,playas favoritas vienen playas sur anos necesitan visitar lugar,mix,huatulco
12201,burger delicious burger every side,mix,huatulco
12226,larga playa impresionante altamente recomendable vale pena seguro,mix,huatulco
12234,playa pareja lugares comer arena caminar quedarse vale pena,mix,huatulco
12242,agua llegar lejos caminar playa playa,mix,huatulco
12252,surfers quite rocky quite pretty back go back,mix,huatulco
12300,caminata larga playa aguas agitadas nadar lugar playa visitar,mix,huatulco
12318,barco snorkel cerca olas genial nadar,mix,huatulco
12323,playa lugar ve querer lugar genial,mix,huatulco
12324,bit get well worth good hike want,mix,huatulco
12329,grupo barco nado camino playa vale pena visitar,mix,huatulco
12330,good place go,mix,huatulco
12335,playa necesita bote pequeno tomar aguas gente playa,mix,huatulco
12342,bit get beautiful beach,mix,huatulco
12347,barco accesible agua vale pena viaje,mix,huatulco
12350,playa correcta,mix,huatulco
12356,playa viaje hotel valor playa gente,mix,huatulco
12359,accesible playa caminata bote selva playa desierta selva,mix,huatulco
12364,great day tour guide us best trip,mix,huatulco
12371,playa lugar despejado,mix,la_paz
12372,colocar comida agua,mix,la_paz
12375,playas,mix,la_paz
12377,hermosa playa palapas limpia publica playa limpia playa playa,mix,la_paz
12378,playa playa nadar nadar agua clara nadar playa lugares playa agua playa limpia pequena bonita,mix,la_paz
12380,bonita playa playa agua,mix,la_paz
12381,bonita playa playas agua,mix,la_paz
12382,beautiful place palapas get,mix,la_paz
12383,playa bonitas sillas limpias,mix,la_paz
12384,swim sand palapas,mix,la_paz
12385,agua clara,mix,la_paz
12386,hermosas playas limpias playas claras comida,mix,la_paz
12389,museo aprender historia disfruto comprar abierto vale pena,mix,la_paz
12395,artefactos gente,mix,la_paz
12398,realmente aprender museos visitar gratis aprender museos,mix,la_paz
12402,bonito museo vale pena visitar toma,mix,la_paz
12406,exhibiciones valen pena,mix,la_paz
12414,abiertos realmente vale pena trabajo tienda genial abierto,mix,la_paz
12443,idioma leer museo vale hora,mix,la_paz
12444,good displays get even worth,mix,la_paz
12448,piso piso vale pesos sale gratis,mix,la_paz
12451,abierto realmente vale pena quiero experiencia realmente disfrute,mix,la_paz
12454,limited museum going,mix,la_paz
12455,small see us get,mix,la_paz
12457,see part museum,mix,la_paz
12460,go way take,mix,la_paz
12463,good work museum area good museum good work going visit,mix,la_paz
12464,visitado museo lugar forma vida,mix,la_paz
12547,islas virgenes hermosas feliz capaz experiencia belleza,mix,la_paz
12586,time paz baja food galore kids ages,mix,la_paz
12603,debes verlo tomar bote privado disfrutar isla increible belleza increible,mix,la_paz
12624,vale pena pagar tour snorkel increible inusual gente,mix,la_paz
12687,arena blanca agua hermosa azul turquesa,mix,la_paz
12697,hermosa isla barco area protegida arrecifes coral rodean increible cristalino,mix,la_paz
12708,di basta ceviche almuerzo belleza isla desierta espectacular pozo playas,mix,la_paz
12724,aventura visitar paz snorkel aventura isla espiritu santo nadar leones habitat natural tomar isla belleza natural,mix,la_paz
12726,save money go snorkel lions right inquisitive quite friendly,mix,la_paz
12742,must see paz minute boat ride even great snorkeling great water,mix,la_paz
12745,paz viaje mundial agua suave comodo disfrutado minuto,mix,la_paz
12758,disfrutar encuentros vida marina destacar leones valen pena,mix,la_paz
12759,make sure keep arms sides play fun pups like puppies wanting nip,mix,la_paz
12803,debes baja hermosas aguas vida leon,mix,la_paz
12821,little tour guides provide good pups get little playful nip,mix,la_paz
12900,leones nadadores kayak mundo camping hermosas playas virgenes,mix,la_paz
12945,anchorage espiritu get better,mix,la_paz
12946,vi isla barco viaje snorkeling realmente bonito snorkeling increible,mix,la_paz
12951,water still warmer waters,mix,la_paz
12954,got swim lions kayak beautiful spot,mix,la_paz
12963,tiburones ballena leones isla genial,mix,la_paz
12970,amazing place paz color amazing one,mix,la_paz
12991,lugar visitar cosas increibles esperanza gente preocupa lugar increible respeto,mix,la_paz
13012,amazing scenery great kayaking little times camping swimming lions amazing went amazing time,mix,la_paz
13044,impresionante disfrutar vista vida marina super,mix,la_paz
13047,scuba diving lions lifetime experience get try,mix,la_paz
13058,kayak nadar snorkel aguas cristalinas vio leones ballenas tipos aves salvajes,mix,la_paz
13076,nadar bebes leones experiencia increible playa maravillosa barco mirar delfines,mix,la_paz
13112,love nature visit even baja visit discover wonders underwater world,mix,la_paz
13138,lugar visto viaje baja,mix,la_paz
13144,increibles rocas alto snorkeling leones reales,mix,la_paz
13150,campamento reservado kayak espiritu santo area paisaje maravilloso paisaje submarino perdido,mix,la_paz
13186,pesca vida paso noche isla increible hermosa,mix,la_paz
13193,paisajes cerrar naturaleza familia isla paz,mix,la_paz
13244,bit get boats guides nice may worth,mix,la_paz
13251,go kayaking snorkeling espiritu santo drive take cool day trip,mix,la_paz
13254,water looks like travel desert landscape marine life,mix,la_paz
13267,anclado noche hermosa tranquilidad viento hermosa playa,mix,la_paz
13296,area protegida hermosas playas caminamos nadamos vemos gente amable,mix,la_paz
13303,viajes playa isla ballena,mix,la_paz
13304,viajar panga kayak tiburones ballena leones snorkel nadar peces caminar desierto yacer playa ceviche viaje isla espiritu,mix,la_paz
13305,gusto recuerdos vida,mix,la_paz
13390,islas virgenes hermosas feliz capaz experiencia belleza,mix,la_paz
13429,time paz baja food galore kids ages,mix,la_paz
13446,debes verlo tomar bote privado disfrutar isla increible belleza increible,mix,la_paz
13467,vale pena pagar tour snorkel increible inusual gente,mix,la_paz
13530,arena blanca agua hermosa azul turquesa,mix,la_paz
13540,hermosa isla barco area protegida arrecifes coral rodean increible cristalino,mix,la_paz
13551,di basta ceviche almuerzo belleza isla desierta espectacular pozo playas,mix,la_paz
13567,aventura visitar paz snorkel aventura isla espiritu santo nadar leones habitat natural tomar isla belleza natural,mix,la_paz
13569,save money go snorkel lions right inquisitive quite friendly,mix,la_paz
13585,must see paz minute boat ride even great snorkeling great water,mix,la_paz
13588,paz viaje mundial agua suave comodo disfrutado minuto,mix,la_paz
13601,disfrutar encuentros vida marina destacar leones valen pena,mix,la_paz
13602,make sure keep arms sides play fun pups like puppies wanting nip,mix,la_paz
13646,debes baja hermosas aguas vida leon,mix,la_paz
13664,little tour guides provide good pups get little playful nip,mix,la_paz
13743,leones nadadores kayak mundo camping hermosas playas virgenes,mix,la_paz
13788,anchorage espiritu get better,mix,la_paz
13789,vi isla barco viaje snorkeling realmente bonito snorkeling increible,mix,la_paz
13794,water still warmer waters,mix,la_paz
13797,got swim lions kayak beautiful spot,mix,la_paz
13806,tiburones ballena leones isla genial,mix,la_paz
13813,amazing place paz color amazing one,mix,la_paz
13834,lugar visitar cosas increibles esperanza gente preocupa lugar increible respeto,mix,la_paz
13855,amazing scenery great kayaking little times camping swimming lions amazing went amazing time,mix,la_paz
13887,awesome enjoy view marine life super,mix,la_paz
13890,scuba diving lions lifetime experience get try,mix,la_paz
13901,kayak nadar snorkel aguas cristalinas vio leones ballenas tipos aves salvajes,mix,la_paz
13919,nadar bebes leones experiencia increible playa maravillosa barco mirar delfines,mix,la_paz
13955,love nature visit even baja visit discover wonders underwater world,mix,la_paz
13981,lugar visto viaje baja,mix,la_paz
13987,increibles rocas alto snorkeling leones reales,mix,la_paz
13993,campamento reservado kayak espiritu santo area paisaje maravilloso paisaje submarino perdido,mix,la_paz
14029,pesca vida paso noche isla increible hermosa,mix,la_paz
14036,landscapes close nature go family go paz island,mix,la_paz
14087,bit get boats guides nice may worth,mix,la_paz
14094,go kayaking snorkeling espiritu santo drive take cool day trip,mix,la_paz
14097,water looks like travel desert landscape marine life,mix,la_paz
14110,anclado noche hermosa tranquilidad viento hermosa playa,mix,la_paz
14139,area protegida hermosas playas caminamos nadamos vemos gente amable,mix,la_paz
14146,viajes playa isla ballena,mix,la_paz
14147,viajar panga kayak tiburones ballena leones snorkel nadar peces caminar desierto yacer playa ceviche viaje isla espiritu,mix,la_paz
14148,gusto recuerdos vida,mix,la_paz
14160,playa playa,mix,la_paz
14161,beach beach,mix,la_paz
14162,playa playa,mix,la_paz
14163,beach beach,mix,la_paz
14291,check kayak rentals guy,mix,la_paz
14332,viajar cabo vale pena cuidado senales creer senales,mix,la_paz
14406,place beautiful almost different saw beautiful place,mix,la_paz
14519,playa balandra tranquila hermosa playa arena blanca fina palapas sombra baja agradable,mix,la_paz
14525,daria mareas recomendamos comprobar problemas salir mitad semana,mix,la_paz
14555,balandra beach breathtaking get crowded weekends day like weekend pm kayaks available rent,mix,la_paz
14571,hermosa playa jugar almuerzo arena absolutamente increible marea baja caminar bahia,mix,la_paz
14581,playa interesante genial alguien viera caminando,mix,la_paz
14695,hermosa playa has visto agua playa cristalina hermosa debes verla,mix,la_paz
14730,servicio playa virgen alquiler kayak hermoso tranquilo temporada alta,mix,la_paz
14746,playa visitada disfrutada zonas naturales playas,mix,la_paz
14779,hermosa playa bahia oceano playa olas traer comida bebidas relajante kayak remo disponible pequena tarifa,mix,la_paz
14817,hermosa agua cristalina hermosa profunda vida,mix,la_paz
14831,hermosa playa arena agua clara mantener coche coches,mix,la_paz
14840,definitivamente vale pena conducir playa tranquila hermosa palapa sombra aguas cristalinas,mix,la_paz
14843,asegurese alquilar kayaks horas kayak aguas turquesas hongo rock manglar haga playa maravillosa,mix,la_paz
14881,water nice easy kayak swim remote nice,mix,la_paz
14885,lugar asombroso palabras madre naturaleza amor,mix,la_paz
14888,gorgeous view beach,mix,la_paz
14889,great experience pack great helpful made sure best time,mix,la_paz
14903,hermosa playa turistas visitan bahia turistas,mix,la_paz
14919,consultar tabla mareas wade bay vale pena conducir,mix,la_paz
14953,bonita ve luce hermosa ame volvi,mix,la_paz
14968,must visiting paz nice beautiful clean real take care keep clean nice people must,mix,la_paz
15012,increible playa llegar enganchar palapas orilla pagar marea marea baja agua bahia lugar perfecto marea alta,mix,la_paz
15014,beach beautiful problem found lack available parking lot restrooms available options available go hope issue great place visit paz,mix,la_paz
15061,vale pena conducir playa limpia excelente vista hermosa ocupada,mix,la_paz
15081,tirar agua cristalina comprobar comprobar abundante vida comprobar comprobar turistas comprobar arena blanca comprobar naturaleza pura comprobar obtener foto,mix,la_paz
15146,hermosas aguas remotas cristalinas excelente snorkel aguas profundas ninos,mix,la_paz
15157,increibles aguas calidas agradable capaz vadear lejos encontrar agua cintura,mix,la_paz
15164,beach beach beach,mix,la_paz
15165,reef beach reef beach reef reef reef reef,mix,la_paz
15166,playa playa,mix,la_paz
15170,necesito caminar malecon opciones comida entretenimiento paz oferta atardecer disfrutar,mix,la_paz
15192,maravilloso limpio amigable seguro noche camina disfruta atardecer toma helado disfruta fruta,mix,la_paz
15221,pasear millas comprar visitar restaurantes amar vendedores malecon,mix,la_paz
15345,rent bike malecon see beautiful sculptures fun enjoy,mix,la_paz
15414,hermosa vista malas playas zona cerrada visita volver,mix,la_paz
15415,wonderful sunset walk start soon sunset relaxing walk sunset malecon great time,mix,la_paz
15428,walk walk great views tired walking cross street grab drink feels safe,mix,la_paz
15434,malecon bonito limpio calle agua,mix,la_paz
15437,must get check people sculptures rent bikes hour cruise around,mix,la_paz
15439,lovely late evening kids skate board old folks strolling enjoying breeze safe vendors across street nice life,mix,la_paz
15468,relaxing walk malecon sculpture different life nice,mix,la_paz
15494,noches realmente distancia tiempo,mix,la_paz
15546,mostrando azulejos areas faltantes necesita vigilancia area paso turistas seguros area policia restaurantes cercanos oceano hermoso lugar turistico paz,mix,la_paz
15576,looking place walk ride missing tiles kind look make part,mix,la_paz
15594,best side walks view gorgeous ocean sun set rent bike bike get fun night lot activity good,mix,la_paz
15633,observar pajaros,mix,la_paz
15635,excelentes vistas agua zona centro tiendas,mix,la_paz
15658,paz walk malecon nice breeze,mix,la_paz
15692,pleasant walk people enjoying view exercising watch people bikes use walk bike lane street got see kids bikes,mix,la_paz
15716,lindo viaje caminar lugares parar comer realmente gusto paz,mix,la_paz
15756,malecon caminar calles favoritas animadas estacionamiento malecon extremo sur,mix,la_paz
15794,museo perdi experiencia agradable guay traer lugar,mix,la_paz
15813,paz senorita necesito tomar foto paz,mix,la_paz
15875,camine horas excelentes tiendas comida gente parecia realmente segura volver,mix,la_paz
15897,stroll along malecon statues said beautiful,mix,la_paz
15898,grab kids take walk enjoy ice cream great time walking kids,mix,la_paz
15901,paz lugar familiar malecon big roller parejas viejo joven paseando malecon,mix,la_paz
15924,walked friend right good idea go walk wait,mix,la_paz
15956,paz experiencia nadar magnifico cerca comer pescado magnifico alto,mix,la_paz
15976,horas norte vale pena viajar lugar experiencia cerca lugar increible mundo,mix,la_paz
16004,paseo noche maravillosas vistas viendo escultura perdida hermosa,mix,la_paz
16040,malecon lindo lugar caminar vista clima fantastico frio traer disfrutar malecon,mix,la_paz
16072,malecon becomes great deal fun sun goes fine restaurants local people large enjoying,mix,la_paz
16075,caminar gusta idea disfrutar,mix,la_paz
16077,day spend told like like bad many use,mix,la_paz
16132,playa playas tranquilas playa hermosa,mix,la_paz
16141,hora lugar,mix,la_paz
16143,spend day rent day lot get,mix,la_paz
16144,one place place went,mix,la_paz
16162,agua restaurante almejas lugar,mix,la_paz
16163,playa arena blanca agua clara playa nadar pequeno lugar disfrutar sol playa,mix,la_paz
16181,playas hermosas playas playa agua hermosa pareja,mix,la_paz
16182,genial marisco,mix,la_paz
16187,like one would good first well go,mix,la_paz
16197,lot great spot beautiful place,mix,la_paz
16209,playa bonita bonita pareja restaurantes restaurante,mix,la_paz
16213,dinner us order,mix,la_paz
16215,hermosa playa bonitas aguas aguas excelente comida restaurante comer comida,mix,la_paz
16220,comida bonita playa tomar sol playa alquilar,mix,la_paz
16221,great beach beautiful nice nice nice,mix,la_paz
16226,hermosa tranquila relajante playa agua,mix,la_paz
16236,animales zoo reptiles poquito animales,mix,la_paz
16254,visita hallazgo vale pena aviario aves tortugas reptiles,mix,la_paz
16282,vale pena visitar precio ninos seguro ninos,mix,la_paz
16286,lugar disfrute,mix,la_paz
16289,time wonderful us volunteers keep well would,mix,la_paz
16290,like went tour hour,mix,la_paz
16297,hermosa iglesia hermosa misa,mix,la_paz
16298,masa masa,mix,la_paz
16303,vale pena mirar especial,mix,la_paz
16308,visitado interesante,mix,la_paz
16309,hermosa catedral sencilla lugar,mix,la_paz
16312,iglesia cruzando calle,mix,la_paz
16317,iglesia amor visita iglesia iglesia hermoso lugar centro casco antiguo vale pena,mix,la_paz
16318,catedral capaz masa gente hermosa catedral,mix,la_paz
16319,vale pena visitar bonitas vidrieras,mix,la_paz
16320,catedral hermosa antigua valor,mix,la_paz
16324,catedral pequena antigua vale pena visitar recorrido local,mix,la_paz
16326,hermosa catedral antigua historica,mix,la_paz
16328,iglesias catedrales hermosas iglesias amor basta visitar catedral,mix,la_paz
16332,bonita arquitectura mirada abierta,mix,la_paz
16333,catedral construida agradable visto catedrales plaza,mix,la_paz
16334,catedral pequeno lugar vale pena visitar historia pacifica,mix,la_paz
16339,hermosa arquitectura iglesia,mix,la_paz
16341,pequena iglesia bonito paseo vale pena tomar cafe,mix,la_paz
16342,catedral visitar hermosa arquitectura,mix,la_paz
16346,hermosa catedral excelente area,mix,la_paz
16359,boda vale pena detenerse,mix,la_paz
16360,catedral abierta realmente encantadora vale pena caminar impresionante agradable,mix,la_paz
16362,antigua catedral centro bonita plaza paseo frontal,mix,la_paz
16363,hotel get great great,mix,la_paz
16364,genial viejos hermosos vitrales edificio atras,mix,la_paz
16365,visite catedral bonito parque calle,mix,la_paz
16367,visit church quiet nice enjoyed time,mix,la_paz
16369,bonita catedral paseo parque interesante historia,mix,la_paz
16373,sencillo centro ciudad vale pena caminar sentarse parque,mix,la_paz
16381,bonito bonito gente historica,mix,la_paz
16382,bonita arquitectura catedral zona interior,mix,la_paz
16395,hermosa catedral antigua historia vista boda boda,mix,la_paz
16396,hermosa catedral,mix,la_paz
16397,iglesia bonita iglesia visitar centro ciudad disfrutar,mix,la_paz
16401,one beautiful must see across street place sit go,mix,la_paz
16406,disfrute catedral calles cafe,mix,la_paz
16408,antigua iglesia catedral vale pena visitar misa misa catedral vale pena visitar,mix,la_paz
16410,hermosa catedral piedra area interior simple,mix,la_paz
16412,tiempo bonito bonita historia bonita,mix,la_paz
16415,lugar gente visita catedral servicio impresionante bonito interior,mix,la_paz
16416,visita encontrar recorrido historia catedral digno visitar,mix,la_paz
16421,worth minutes get quiet visit,mix,la_paz
16423,adornado impresionante iglesia vistazo rapido interesante,mix,la_paz
16424,iglesia catedral agradable,mix,la_paz
16432,iglesia construida genial vista,mix,la_paz
16438,catedral vale pena visitar iglesias arquitectura vale pena visitar,mix,la_paz
16440,edificio bonito vale pena mirar parque visita,mix,la_paz
16441,vale pena verlo bonito vale pena parar,mix,la_paz
16442,cita preciosa catedral visita rapida interior,mix,la_paz
16443,boda hermosa catedral lugar visitar catedral,mix,la_paz
16447,hermosa arquitectura visitar catedral disfrutar arquitectura calle plaza disfrutar,mix,la_paz
16450,zona paseo catedral visto bonito zona minutos catedral,mix,la_paz
16453,bonito vitral interior,mix,la_paz
16488,excelente servicio gente limpia excelente servicio familia servicio,mix,riviera_nayarit
16507,stunning beach lovely walk like walk edge walk miles,mix,riviera_nayarit
16524,almost sting feet ocean get getting jet even lifeguard go back water week week,mix,riviera_nayarit
16550,stunning sunsets ever seen walk long time never get,mix,riviera_nayarit
16557,take friends take take nice bring good take time relax enjoy person never go enjoy,mix,riviera_nayarit
16571,playa vallarta paseo favorito bonito piso precioso,mix,riviera_nayarit
16573,avistar ballenas delfines caminantes calidos playa recorre millas limpia,mix,riviera_nayarit
16598,lugar increible semana increible natural,mix,riviera_nayarit
16606,quiet beach get great massage blue hour,mix,riviera_nayarit
16630,vallarta located vallarta beach part,mix,riviera_nayarit
16635,vendedor ballenas delfines,mix,riviera_nayarit
16642,playa agua sucia,mix,riviera_nayarit
16644,personas playa bahia mexico,mix,riviera_nayarit
16649,disfrute caminando hayas aguas daly bahia playa tranquila facil paseo,mix,riviera_nayarit
16663,encanta playa bonita zona bonita vista arena agua agua tipica arena,mix,riviera_nayarit
16694,great walk tide going get full,mix,riviera_nayarit
16718,disfrute semana excelentes playas arena pase rocas duras,mix,riviera_nayarit
16757,nice sun going,mix,riviera_nayarit
16771,quede amado playa limpia oportunidades actividades nadar boogie boarding barco,mix,riviera_nayarit
16772,love coming vallarta people wonderful make feel home,mix,riviera_nayarit
16790,bahia estrellas agua aire aire necesita tomar,mix,riviera_nayarit
16803,sunsets amazing vallarta sunsets around must best taken better,mix,riviera_nayarit
16811,wonderful beach water like walk water edge miles miles edge water watching sunset truly,mix,riviera_nayarit
16830,clima calido tiempo normalmente clima normalmente temporada lluvias,mix,riviera_nayarit
16836,go downtown pesos try city,mix,riviera_nayarit
16857,fotos impresionantes disfrutando atardeceres aguas claras cerrar,mix,riviera_nayarit
16862,bay village perfect place relax enjoy,mix,riviera_nayarit
16872,lots vallarta much mexico good beaches walk way marina vallarta vallarta lots rented condos area,mix,riviera_nayarit
16887,visit vallarta go hotel get day pesos pesos towels pool rooms bars,mix,riviera_nayarit
16889,olas jugar agua calida sierra pequenas olas montar genial,mix,riviera_nayarit
16891,impresionante lugar amable aloje playa noche,mix,riviera_nayarit
16895,arena relajante senti concha vista pie hermoso,mix,riviera_nayarit
16938,bonita playa agua calida segura,mix,riviera_nayarit
16947,walk must visit market dinner awesome,mix,riviera_nayarit
16963,hermosa playa pozo bares playa paseo compras agua,mix,riviera_nayarit
16964,encantadora playa amplia hotel acuatico limpio encantador prefiero playa pacifico,mix,riviera_nayarit
16965,visited vallarta many times time experience better people restaurants excellent,mix,riviera_nayarit
16982,playa hermosa arena suave calida vida guardada ojo agua encantadora fuerte genial,mix,riviera_nayarit
16990,arena suave basura playa olas area bahia tipica frente mar,mix,riviera_nayarit
16991,nice bars great view sunset staff bars one drink playing beer food looked good like friends family,mix,riviera_nayarit
17011,playa estupenda bahia caminar agua atardeceres,mix,riviera_nayarit
17041,nice swim hard get past first steep beach ok get past water,mix,riviera_nayarit
17045,clean safe right next pacific ocean available lucky lucky people,mix,riviera_nayarit
17047,oceano pacifico mantenido reloj agua,mix,riviera_nayarit
17068,pies caminar agua evitar peces disfrutar recurso,mix,riviera_nayarit
17073,agua almorzar gente parecia pasarlo playa parecia limpia,mix,riviera_nayarit
17108,costa oceano aspero arena rocoso,mix,riviera_nayarit
17129,agradable arena suave agua tibia playa area limpia agua mantenida area nadar agradable sentarse mirar puerto deportivo,mix,riviera_nayarit
17135,walked vallarta beach village restaurant bay beach best vallarta,mix,riviera_nayarit
17149,playa excelente caminar horas atras area agua amor aguas cristalinas sur nadar,mix,riviera_nayarit
17161,super playa hermosas aguas,mix,riviera_nayarit
17164,playa playa limpia arena aspero agradable,mix,riviera_nayarit
17167,liked vendors huts ready buy,mix,riviera_nayarit
17168,open walk miles,mix,riviera_nayarit
17173,playa limpia segura familia paseo facil disfrutar tortuga,mix,riviera_nayarit
17208,limpia playa arena agua limpia prefiere surf,mix,riviera_nayarit
17238,vallarta beach water easy walk long wide beautiful sand looks like gold going water easy water warm recommend beach like go long walk swim ocean water,mix,riviera_nayarit
17247,arena suave hermosa vista agua agitada lugares fantasticos detener comer definitivamente volver,mix,riviera_nayarit
17265,amigable vistas maravillosas playa playa caminar lugar,mix,riviera_nayarit
17270,excellent experience beach chairs excellent food service available,mix,riviera_nayarit
17299,hermosa playa arena limpia millas areas tortugas hoteles,mix,riviera_nayarit
17310,beautiful resort restaurants nice service good place clean service excellent would,mix,riviera_nayarit
17313,piscina piscina piscina complejo,mix,riviera_nayarit
17314,genial servicio excelente gente,mix,riviera_nayarit
17324,hermosa playa llena gente atardeceres increible arena,mix,riviera_nayarit
17347,love beach walk miles one watch tide best time get huge flat like walking,mix,riviera_nayarit
17352,gente playa genial,mix,riviera_nayarit
17360,great safe beautiful sunsets go spot hot enjoyable friendly,mix,riviera_nayarit
17393,playa vallarta hermosa playa agua nadar surf zona amigable,mix,riviera_nayarit
17408,need keep feet hot sand sand smooth full rocks easy get water go far deep waves look big much times like going late early water warm,mix,riviera_nayarit
17412,beach amazing seen one beautiful sunsets ever seen,mix,riviera_nayarit
17417,bonita playa calida calida agua oscura limpia disfrutada estancia,mix,riviera_nayarit
17465,larga playa caminar olas genial,mix,riviera_nayarit
17473,tiempo disfrutar playa agua linda playa,mix,riviera_nayarit
17479,pequena comida playa gente encanta,mix,riviera_nayarit
17522,visitado vale pena visitar ciudad bares restaurantes estupenda playa relajado,mix,riviera_nayarit
17534,visitamos ciudad amada relajado vale pena,mix,riviera_nayarit
17556,playa limpia,mix,riviera_nayarit
17565,one favorite street garbage local like garbage,mix,riviera_nayarit
17567,playa playa playa hermosa divertida lugarenos,mix,riviera_nayarit
17574,day small restaurants like,mix,riviera_nayarit
17579,hermosa playa ve limpia,mix,riviera_nayarit
17581,one best water lots,mix,riviera_nayarit
17582,semana bahia,mix,riviera_nayarit
17588,playa,mix,riviera_nayarit
17597,see places see,mix,riviera_nayarit
17609,much beach like beach,mix,riviera_nayarit
17612,comida hermosa gente gente,mix,riviera_nayarit
17664,caminar cementerio muertos vendedores cerveza comida,mix,riviera_nayarit
17667,pequena caminata sur vale pena playa larga,mix,riviera_nayarit
17673,sayulita bad sewage going ocean everyone getting swimming beaches sayulita sad,mix,riviera_nayarit
17682,encanto playa excelentes bebidas estropeo descanso imprescindible,mix,riviera_nayarit
17695,traer sombrillas sillas aguas residuales oceano vale pena cerca,mix,riviera_nayarit
17729,playa aislada sur servicios seguro traer sombrilla comida zona playa zona,mix,riviera_nayarit
17741,going may like water,mix,riviera_nayarit
17758,went hidden beach people went great view,mix,riviera_nayarit
17762,lot quieter main beach people visit beautiful bay quick minute walk villa,mix,riviera_nayarit
17765,playa principal sayulita pequena tranquila caminar suficiente,mix,riviera_nayarit
17774,traido cementerio dejado familias seres queridos,mix,riviera_nayarit
17791,playa bonito lugar relajarse camino cementerio,mix,riviera_nayarit
17800,bit like well,mix,riviera_nayarit
17827,playa querer multitudes encantador paseo,mix,riviera_nayarit
17828,playa encontrar llegar rapido conducir gente vale pena,mix,riviera_nayarit
17888,muertos minutos playa principal sayulita vale pena caminar pequeno espacio nadar,mix,riviera_nayarit
17896,bonita escapada playa principal lejos playa principal vale pena caminar,mix,riviera_nayarit
17914,linda playa escapar bullicio playa sayulita agua genial nadar gente limpia,mix,riviera_nayarit
17959,vale pena caminar ciudad pequena playa arena limpia agua traer agua comida,mix,riviera_nayarit
17990,playa olas sayulita relax,mix,riviera_nayarit
17999,paseo disfrutado cementerio muertos sayulita hermoso vale pena caminar minutos,mix,riviera_nayarit
18004,playa playa principal local sombra definitivamente debes surfear amigablemente,mix,riviera_nayarit
18011,bonita playa pasar rato sombrillas alquilar bebidas,mix,riviera_nayarit
18015,playa sayulita nadar tardes,mix,riviera_nayarit
18041,best market something must go,mix,riviera_nayarit
18054,market market love vendors variety food arts crafts music love,mix,riviera_nayarit
18057,miss many great vendors unique gifts souvenirs go food food vendors,mix,riviera_nayarit
18083,mercado comida fresca delicioso mercado pescado excelente,mix,riviera_nayarit
18085,market last day wonderful artisans get market,mix,riviera_nayarit
18099,market open end spend get find return back,mix,riviera_nayarit
18102,visited week visit art,mix,riviera_nayarit
18103,mercado alimentos excelentes vendedores,mix,riviera_nayarit
18120,always enjoy market love beach variety,mix,riviera_nayarit
18124,large vendors stalls excellent variety market worth visit close,mix,riviera_nayarit
18147,mercado pasar manana almuerzo amor pequenos alimentos organicos artesanales selecciones increible,mix,riviera_nayarit
18152,divertido mercado excelente comida local fresca habitual,mix,riviera_nayarit
18155,market fish market marina vendors selling everything glass sold market use food take beach market take home love go back,mix,riviera_nayarit
18166,loved nice artisan great variety vendors,mix,riviera_nayarit
18343,visita absolutamente increible visita guiada vale pena atencion experta conservacion animales viaje destacado,mix,riviera_nayarit
18353,recorrido informativo vida silvestre local bebe cocodrilo genial,mix,riviera_nayarit
18367,informativo interesante guia turistico excelente camino vale pena,mix,riviera_nayarit
18428,santuario visitado realmente disfrute visita guia visita informativa,mix,riviera_nayarit
18442,big crocs get good looking big like like others many,mix,riviera_nayarit
18449,excursion km road experience restaurant crocodile preservation,mix,riviera_nayarit
18452,altamente lugar ayuda vida silvestre rehabilitar habitat,mix,riviera_nayarit
18537,leones nadadores increible genial personal amable seguro,mix,riviera_nayarit
18557,tiempo divertido nadando delfines foto cara,mix,riviera_nayarit
18571,felt bad animals lions also kept small one looking,mix,riviera_nayarit
18604,genial foto foto precio aprovechando,mix,riviera_nayarit
18617,vale pena delfines realmente disfrute opcion comprar fotos video diversion,mix,riviera_nayarit
18654,swim nice park water slides taxi ride,mix,riviera_nayarit
18792,excelente perdido experiencia tengas oportunidad,mix,riviera_nayarit
18810,much fun dolphins even encounter memorable fun hope visit,mix,riviera_nayarit
18817,disfrute interaccion delfines criaturas increibles increible atencion personal,mix,riviera_nayarit
18859,excelentes fotos buscadas entrada pagada,mix,riviera_nayarit
18883,personal increible informado amigable delfines piscina tiempo increible,mix,riviera_nayarit
18960,increible aventura delfines personal momento,mix,riviera_nayarit
18962,mantente duro comida cosas pequenas bebidas valen pena gente,mix,riviera_nayarit
18966,grupo pequeno experiencia esperar,mix,riviera_nayarit
18994,cabo nadar delfines absolutamente obtener experiencia,mix,riviera_nayarit
19006,disfrute momento momento divertido divertido divertido momento,mix,riviera_nayarit
19012,unique experience need try least lifetime dolphins friendly,mix,riviera_nayarit
19016,diversion familias grupos pequenos excursion costosa vale pena,mix,riviera_nayarit
19025,experience right minutes got lot time lions dolphins,mix,riviera_nayarit
19031,realmente suficiente tiempo pasar delfines abarrotado nadar tocar vale pena comprar,mix,riviera_nayarit
19032,pretty cool expensive get photos experience photo,mix,riviera_nayarit
19050,best part cruise wonderful experience kiss,mix,riviera_nayarit
19059,nice adventure dolphins kids enjoyed price picture expensive get,mix,riviera_nayarit
19084,experiencia increible disfrute personal fotografo super preparado super definitivamente vale pena,mix,riviera_nayarit
19107,place almost beach get get,mix,riviera_nayarit
19120,playa natacion playa caminar comida playa maravillosa,mix,riviera_nayarit
19126,playa hermosa agua azul amor,mix,riviera_nayarit
19161,beautiful beach big walk miles miles side quite sure lot nice little right beach tables chairs available,mix,riviera_nayarit
19195,limpia arena agua playa playa caminada milla,mix,riviera_nayarit
19203,ocupado disfrutar area seguro jugar,mix,riviera_nayarit
19215,buscando escaparse playa conducir vale pena,mix,riviera_nayarit
19217,playa olas boogie board alquiler sombrilla,mix,riviera_nayarit
19267,visita favorita playas disfrute caminando olas,mix,riviera_nayarit
19268,paseo boogie boarding playa favorita bahia recomendable,mix,riviera_nayarit
19279,used favorite built time still beautiful quiet gone many,mix,riviera_nayarit
19281,walk way water see water near beach enjoy get better,mix,riviera_nayarit
19501,swimming dolphins excellent give best experience activities dolphins,mix,riviera_nayarit
19509,excelentes fotos delfines amable amigable,mix,riviera_nayarit
19516,great dolphins experience recommend visit great,mix,riviera_nayarit
19565,realize entire water park loved water slides enjoyed zipline,mix,riviera_nayarit
19583,kids love going slides huge jungle best lunch pictures could,mix,riviera_nayarit
19661,spent day kids loved slides lazy river staff friendly,mix,riviera_nayarit
19720,mantenimiento parque atracciones necesita toboganes tubos,mix,riviera_nayarit
19731,parque excelente quiero chica trabajadora excelente,mix,riviera_nayarit
19735,excellent experience dolphins lions best animals look happy,mix,riviera_nayarit
19748,stayed hotel lake per well lake restaurant great time lake great made,mix,riviera_nayarit
19754,spot crater lake good restaurants even made water drive good road enjoy,mix,riviera_nayarit
19761,disfrutar lago agua lugar relajante relajarse,mix,riviera_nayarit
19763,lake drive restaurants one like lake great spot quiet relax enjoy,mix,riviera_nayarit
19766,spot long weekend family,mix,riviera_nayarit
19772,visit lake quiet good weekend away relax visit day road lake worth,mix,riviera_nayarit
19988,pictures th avenue alive questions help,mix,riviera_maya
20226,bares restaurantes tiendas avenida pasa cuadras mayoritariamente peatonal paseo seguro,mix,riviera_maya
20292,encontrar cosa quiero avenida quiero,mix,riviera_maya
20533,cientos restaurante elegir bares compras entretenimiento ofertas gente reune,mix,riviera_maya
20540,avenida ve caer lugarenos preguntan quieren comprar drogas,mix,riviera_maya
20547,carretera corazon ciudad restaurante tipo tienda,mix,riviera_maya
20574,comprar seguro area vendedores agresivos,mix,riviera_maya
20584,gente vendiendo cosas vendedores ambulantes mintiendo sabiendo hotel,mix,riviera_maya
20585,hermoso lugar gente tratando vender cosas incomodo,mix,riviera_maya
20606,avenida better times unique beautiful get place must visit ever staying playa carmen,mix,riviera_maya
20620,vas perder tipico calle centro comercial restaurantes compras tienda unico comprar mundo vendiendo cosas impresionado,mix,riviera_maya
20637,prices really good hotel boutique plus taxi resort,mix,riviera_maya
20653,calle lote peatonal compras restaurantes bares entretenimiento realmente disfrutar lugar tiempo,mix,riviera_maya
20662,caminar areas comprar comer areas turisticas particularmente,mix,riviera_maya
20666,area excelentes recuerdos preparados acosado gente ninos disfrutaron comprando helados decidido regresar resort almuerzo comer area,mix,riviera_maya
20710,mixed tourist souvenirs etc nice restaurants friendly,mix,riviera_maya
20942,beautiful historic mayan ruin gets hot bring water inside see water lots vendors right outside entrance bring pesos take us,mix,riviera_maya
21418,gira tulum tulum maravilloso recorrido extenso ruinas playa foto hermosa tomar nadar toalla refrescante bienvenida,mix,riviera_maya
21662,tulum better chichen itza much much see beautiful well aggressive hawkers chichen itza either guide great,mix,riviera_maya
21707,lugar realmente ordenado seguro paga extra persona guia privado hora guia,mix,riviera_maya
21890,diving would disappointed snorkeled dive see pretty,mix,riviera_maya
21915,one cenote need visit guide second cenote guide best guide go deep enough see cenote water light cenote looked amazing water,mix,riviera_maya
21929,experiencia general proxima alquiles coche,mix,riviera_maya
21952,dove cenotes favorite site nice formations cenote great,mix,riviera_maya
21957,dificil cenotes bucear snorkel perder tiempo cenote snorkel increible,mix,riviera_maya
21989,vine visitar ruinas tulum caluroso agua refrescante hamacas excelentes areas negativas,mix,riviera_maya
21990,snorkel quiero perderme,mix,riviera_maya
21997,cenote realmente sitios areas restaurante comercial belleza cenotes unicos,mix,riviera_maya
22002,mirar sentir agua cristalina personal ok caminar km entrada llegar cenotes,mix,riviera_maya
22014,second scuba dive ojos facilities access done many dives one,mix,riviera_maya
22030,visite cenotes famosos viaje tulum llegue bucee agua pura nadar pozos agua cuevas miedo agua quede absolutamente impresionante nade completamente vi hermoso luciendo definitivamente capaz verificar lista deseos cenotes visitados absolutamente imprescindible,mix,riviera_maya
22051,definitivamente vale pena bucear bucear cenote facil,mix,riviera_maya
22088,cenote ojos ubicado carretera principal tulum tomar colectivo tulum entrada cenote km distancia entrada comprar tour intentar agua cristalina bonito lugar snorkel recomendaria destruir magico,mix,riviera_maya
22095,momento disfrute nadando siquiera pague,mix,riviera_maya
22115,parada colectivo boleto transporte boleto entrada cenote pesos guia afortunado encontrado chico agradable auto trajo km camino grados agua chaqueta segura casillero gratis lindo restaurante disfrute tiempo,mix,riviera_maya
22146,semana hermoso cenote ruinas refrescantes sitio increible vale pena,mix,riviera_maya
22262,went cenotes visit tulum amazed unique ojos spectacular snorkel stalactites stalagmites within underwater cave look divers unique experience downside much expensive cenotes area cenote cenote pesos full guided tour cave portion,mix,riviera_maya
22268,muchisima gente naturaleza amable maravilla natural,mix,riviera_maya
22279,compre boletos realmente ojo interesante agua clara,mix,riviera_maya
22294,dives glad tank dive miss dive instructor amazing time,mix,riviera_maya
22326,gusto agua dulce formaciones interesantes bonita playa agua perderse multitudes,mix,riviera_maya
22361,true adventure great guide tulum led us tunnel several large pools exciting,mix,riviera_maya
22371,hermoso azul oscuro agua clara temperatura perfecta facil increible snorkeling,mix,riviera_maya
22444,cenote clear cool enjoy clear water see unique environment,mix,riviera_maya
22469,ojos buzo cenote agua fresca aberturas nombre conectado hermoso sistema cavernas buzos disfrutar,mix,riviera_maya
22499,fantasticas inmersiones buceo cenotes agua tulum vistas cristalinas,mix,riviera_maya
22509,lugar impresionante visitar nadar evitar multitudes tomar agua,mix,riviera_maya
22521,cenotes parecia caro ojos tratan persona definitivamente ojo magico,mix,riviera_maya
22527,amazing cenote swim deep ground guide beautiful get wet suit snorkel gear site,mix,riviera_maya
22548,cenote beautiful place unique water clear little bit entrance fee place little enjoy,mix,riviera_maya
22565,sitio visitado visita ruinas bonito agua fresca limpio vale pena darse chapuzon,mix,riviera_maya
22567,tirolesa snorkeling cenotes amado preocupado tirolesa alegro amado amor cenotes hermosos,mix,riviera_maya
22568,experiencia vida ambiente limitado valga pena visitar mosquitos,mix,riviera_maya
22575,costs pesos enter ojos one cenotes along road turn km tulum km dirt road separate required cenote given price decided go pesos beautiful,mix,riviera_maya
22588,ojos tour recomiendo cenotes especialmente turisticos,mix,riviera_maya
22655,belleza impresionante visitar maravillas naturales,mix,riviera_maya
22728,grupo genial paisaje increible evitar multitudes trabajamos,mix,riviera_maya
22729,cenote ojos cenotes increible sistema agua snorkel nadar bucear aguas frescas km carretera obtener valor precio,mix,riviera_maya
22739,experiencia personal gastar dinero extra recorrido corto vale pena,mix,riviera_maya
22748,vino tulum cenote tarifa entrada km caminata obtener traer snorkel agua linterna gracias increible,mix,riviera_maya
22808,hermoso paisaje cenote corazon vida tranquila vale pena,mix,riviera_maya
22886,go purchase transportation go transportation ask guide best guide guides tell understand,mix,riviera_maya
22899,tour guide great time made entire tour learning experience enjoyable tours years experience great recommend especially guide,mix,riviera_maya
23125,hidden gem real beaten path gives real sense adventure bring underwater flashlight snorkel gear get ready adventure guides friendly helpful,mix,riviera_maya
23140,excellent guide cenote beautiful nice experience swimming cenote caverns caves,mix,riviera_maya
23214,piensa importante ve cenote lindo regresa nade agua agua clara lindo cambio ve debes cenotes interesante,mix,riviera_maya
23245,cenotes visitados hermosos definitivamente vale pena guia agradable,mix,riviera_maya
23246,increible tour cenotes snorkel conocedor increible,mix,riviera_maya
23387,aventura vistos selva viajes agua gente buceando,mix,riviera_maya
23391,agua cristalina vista magica esposa encontro peces ligeramente,mix,riviera_maya
23399,agua clara vista imagina agua hermosa,mix,riviera_maya
23468,awesome experience never seen swim water,mix,riviera_maya
23489,guide awesome would visit cenote,mix,riviera_maya
23516,increible camino experiencia lugar increible,mix,riviera_maya
23550,beautiful cenote tour one best experience ever guide helpful fun make tour enjoyable tour photos affordable,mix,riviera_maya
23553,realmente vale pena visitar precio lugar guia agradable divertido informado,mix,riviera_maya
23558,guide made unique experience even better wonderful day stop,mix,riviera_maya
23601,hermoso cenote sumidero cueva estalagmitas agua fria gente hermosa,mix,riviera_maya
23602,place beautiful guide made day care people group fine experience,mix,riviera_maya
23629,tiempo excepcional visitando cenote altamente recomendado recorrido privado usado amado cerca,mix,riviera_maya
23656,beat obtuve socio turistico vale pena obtener guia obtuve paquete fotos vale pena dinero,mix,riviera_maya
23664,guide place great beautiful cenote price went people saw nice stalactites stalagmites,mix,riviera_maya
23722,experiencia guia conocedor maravillosa cultura local definitivamente recomendaria,mix,riviera_maya
23745,beautiful environment professional guide several different caves distance playa carmen,mix,riviera_maya
23893,hotel nickelodeon vacaciones perfectas hielo hamburguesas toboganes increible excelente opcion vacaciones,mix,riviera_maya
24021,angel look like far job place stay big angel team nick,mix,riviera_maya
24023,inclusivo super excelente feliz emocionado agradecer amigos invitaron jugar,mix,riviera_maya
24037,lindo feliz areas correctas edad regresa excelentes diapositivas variedad edades variados snacks excelente equipo nick,mix,riviera_maya
24042,lindo excelente servicio equipo nick excelente comida equipo nick nick club deportes luis excelente gracias,mix,riviera_maya
24087,amazing super denisse team nick,mix,riviera_maya
24106,comida bistro restaurante aqua nick impresionante parque,mix,riviera_maya
24112,bistro restaurant excellent excellent service great quality service excellent coming back next trip,mix,riviera_maya
24122,servicio nick bistro bonito quiero bonito lugar,mix,riviera_maya
24124,good park good good drinks coming soon,mix,riviera_maya
24136,parque increible servicio excelente gente realmente sentir comida deliciosa,mix,riviera_maya
24142,servidor super increible aqua nick patrulla canina jlo amor definitivamente regresa,mix,riviera_maya
24143,experiencia increible absolutamente imprescindible volver equipo nick,mix,riviera_maya
24144,best person like hotel like food,mix,riviera_maya
24146,preguntar atento familia capaz volveria,mix,riviera_maya
24158,calificaria servicio excelente excelente comida bebida excelentes bebidas,mix,riviera_maya
24162,view amazing service nice snacks good park,mix,riviera_maya
24163,vino servicio increible incluye bebidas comida vuelve seguro servidor,mix,riviera_maya
24167,parque encantador cosas comida deliciosa fondo bikini piscina atento quedate divertido disfrutado rio lento,mix,riviera_maya
24170,servicio camarero parque acuatico zona bikini comida excelente agradable,mix,riviera_maya
24201,excelente servicio experiencia amor atento buscando estancia placentera,mix,riviera_maya
24210,excelentes actividades ninos,mix,riviera_maya
24217,absolutamente amo diversion,mix,riviera_maya
24227,slides service amazing people wonderful slime fun luis amazing,mix,riviera_maya
24230,gente genial genial,mix,riviera_maya
24236,increible definitivamente volvere excelente personal limpio increible,mix,riviera_maya
24237,personal increible familia chicos geniales,mix,riviera_maya
24238,attention luis definitely excellent attentive friendly,mix,riviera_maya
24254,fabulosos tragos rapidos atento genial amado aqua nick,mix,riviera_maya
24262,slime lot fun loved everything staff friendly,mix,riviera_maya
24265,friendly staff food great bring kids much fun recommend,mix,riviera_maya
24273,hotel personal agradable atencion,mix,riviera_maya
24275,excellent experience friendly new fabulous lunch,mix,riviera_maya
24276,great tour fun trip entire team helpful food restaurant delicious quite bit one trip,mix,riviera_maya
24300,increible tiempo parque comida bebida servicio excelente quiero mencionar comida area bebida angel luis atentos tiempos,mix,riviera_maya
24301,encontre atencion brindada excelente amable,mix,riviera_maya
24315,excellent place excellent care waiter luis amazing time children,mix,riviera_maya
24321,linda experiencia disfruta familia super comida rica atencion increible equipo nick especialmente,mix,riviera_maya
24324,excelente parque cosa slime time slime increible,mix,riviera_maya
24326,parque diversion chicas disfrutaron rica comida atencion joven excelente pendiente,mix,riviera_maya
24330,encanto animacion animacion comida rica gusto rio encanto,mix,riviera_maya
24337,viaje increible ninos extremadamente vale pena pago,mix,riviera_maya
24341,nice also slides also nice also,mix,riviera_maya
24360,correcto comida mejorar asistir equipo nick atencion,mix,riviera_maya
24371,excellent day grateful people like life never stop like people like life,mix,riviera_maya
24373,would good snacks pool pizza,mix,riviera_maya
24384,comidas ricas programa favorito diapositiva excelentes bebidas vino pregunte momento,mix,riviera_maya
24390,excelente servicio super atentos especialmente rapido pregunta,mix,riviera_maya
24399,excellent attention kindness part unforgettable experience,mix,riviera_maya
24405,excellent food drinks hotel park staff denisse team nick friendly,mix,riviera_maya
24407,gusta equipo ninos nick rico gustara informacion atencion,mix,riviera_maya
24413,visit aquanick excellent team nick beautiful supporting us denisse attention improve care inside hotel provided us support general,mix,riviera_maya
24418,excelente parque servicio servicio atento rapido trayendonos comida bebidas,mix,riviera_maya
24437,nice facilities excellent service attention denisse great team nick return,mix,riviera_maya
24468,atencion general increible personal buffet comida gusto snacks bistro buffet,mix,riviera_maya
24481,park amazing experience luis nice attentive super recommended go regret,mix,riviera_maya
24490,realmente disfrute estancia chicas jlo excelente oferta definitivamente regresaria,mix,riviera_maya
24496,excellent restaurant attention attention bistro restaurant thank attention,mix,riviera_maya
24509,rico buffet personal estupendo servicio limpio restaurante gracias,mix,riviera_maya
24514,caro vale pena tiempo aparcar aparcar,mix,riviera_maya
24553,excelente servicio atencion personal super amable comida deliciosa variedad pequenos pasan genial,mix,riviera_maya
24561,perfecto encanto comida bebidas equipo chicos denisse,mix,riviera_maya
24575,unique animation guys like denisse good waiter service,mix,riviera_maya
24581,bonita comida gracias atenciones excelente servicio,mix,riviera_maya
24588,nice park lot fun host super cool super cute deal nice experience nice improve food,mix,riviera_maya
24602,super bonito lugar comida rica atento equipo amable nick personal especialmente super lindo atento,mix,riviera_maya
24628,excelente servicio excelente comida excelente experiencia inolvidable excelente servicio jam nick bistro,mix,riviera_maya
24642,equipo entrada nick amistoso juegos diapositivas denisse,mix,riviera_maya
24644,excellent unique fun adventure thank making something unique fun thank,mix,riviera_maya
24651,padre familia equipo nick muestra denisse camarero angel nick,mix,riviera_maya
24653,unique experience adults children much fun love see happy grateful always guys,mix,riviera_maya
24676,lugar visitar vale pena visitar ninos seguridad tiempos calidad comida beber,mix,riviera_maya
24695,excelente experiencia increible espectaculo atencion increible,mix,riviera_maya
24708,encantada atencion personal llegada restaurantes atento cumpleanos llegada excelente,mix,riviera_maya
24709,bistro excelente servicio amable atento pedido gracias,mix,riviera_maya
24722,excelente ambiente familia atencion gente comida excelentes atracciones,mix,riviera_maya
24741,visita restaurante bistro delicioso servicio,mix,riviera_maya
24746,divertido excelente ambiente especialmente animadores actividades divertidas,mix,riviera_maya
24762,excellent lot many activities park hotel excellent food restaurants,mix,riviera_maya
24763,servicio restaurante bistro excelente comida recomendado mejores camareros,mix,riviera_maya
24774,foto excursion costosa vale pena precio guias conocedores mejores curso,mix,riviera_maya
25621,maravilloso recorrido vale pena precio excelente guia genuina excursiones,mix,riviera_maya
25647,foto excursion costosa vale pena precio guias conocedores mejores curso,mix,riviera_maya
25788,maravilloso recorrido vale pena precio excelente guia genuina excursiones,mix,riviera_maya
25830,encanto excursion recomiendo encarecidamente camioneta cuidada,mix,riviera_maya
25883,guia hermoso recorrido apasionado informativo increible definitivamente amar area gracias,mix,riviera_maya
25896,guia turistico agradable profesional informativo pasar rato aprendido cultura maya mantuvo seguro aventura tulum rio secreto altamente recomendado tour aventura hermosos paisajes riviera maya,mix,riviera_maya
25994,dark slippery area careful water deep get blessing never seen anyone,mix,riviera_maya
26054,encanto excursion recomiendo encarecidamente camioneta cuidada,mix,riviera_maya
26151,awesome time rio secreto awesome guide made experience fun interactive time riviera maya absolute must got bus leaves playa carmen tulum end expect decent meal,mix,riviera_maya
26153,guia hermoso recorrido apasionado informativo increible definitivamente amar area gracias,mix,riviera_maya
26166,guia turistico agradable profesional informativo pasar rato aprendido cultura maya mantuvo seguro aventura tulum rio secreto altamente recomendado tour aventura hermosos paisajes riviera maya,mix,riviera_maya
26573,best experience life magic cave beautiful good guide food liqueur afterwards must,mix,riviera_maya
26750,best experience life magic cave beautiful good guide food liqueur afterwards must,mix,riviera_maya
27058,parque puma jaguares aguila pumas jaguares cerrado x isla aguila km distancia super devolver parque libertad,mix,riviera_maya
27086,xcaret belleza disfrute solicitud gente mundo terminando familia amor,mix,riviera_maya
27426,visitar ordenar lugares naturaleza ganar dinero naturaleza animal dinero glorificado,mix,riviera_maya
27787,arrived staff drive go parking everyone got staffs making end excellent even,mix,riviera_maya
27947,aloje hotel noches hora cheque tarjeta credito,mix,riviera_maya
28082,aloje personal fabuloso amable atento comida club playa excelente pasar area privada hospedado piso vistas excelentes,mix,riviera_maya
28186,aire ruidoso bano viejo inodoro restaurante antiguo mesa,mix,riviera_maya
28415,vale dinero viejo hotel piscina sucia limpia piscina siente agua viejo necesita arreglar comprar vale pena gastar dinero hotel estrella hotel estrella,mix,riviera_maya
28625,general servicio ubicacion limpieza precio piscina desayuno buffet acceso directo chiringuito restaurante punto negativo falta disponible resort,mix,riviera_maya
28697,booked hotel take daughter see room upgraded top floor see well room big clean floor noise walking,mix,riviera_maya
28733,room booked deluxe room arrived hotel go room like view room room clean hope go back hotel,mix,riviera_maya
28801,lugar lindo entrando sitio nadar tortugas areas pesos hora gente lugar observar tortugas areas rayas pescar hermosos corales tortugas,mix,riviera_maya
28911,gana dinero pagar estacionamiento pagar entrar playa pagar pagar pagar playa simple lugar super hermoso verguenza turismo naturaleza sale lote,mix,riviera_maya
29017,lugar snorkel gratis tortugas manchadas,mix,riviera_maya
29170,lugar akumal actividad snorkel tortugas rayas lote peces tropicales corales tour bahia segura,mix,riviera_maya
29286,playa limpia playa,mix,riviera_maya
29399,lugar comercial turistico totalmente perdido autentica verguenza natural,mix,riviera_maya
29511,algas problema mantener hermosa playa,mix,riviera_maya
29539,viaje destacado olvides nadando tortugas grupo pagado,mix,riviera_maya
29621,alquilar auto playa carmen manejo akumal min entrada lote gente probando reglas playa preguntar consejo leer reglas entrada amable santuario tortugas playa snorkeling olas playa carmen visitar recomendar pasar horas playa,mix,riviera_maya
29657,playa cerrada secretos comprados paseo angosto area acordonada nadar masas turistas partes abarrotado arruinado lugar anteriormente maravilloso,mix,riviera_maya
29662,agua azul algas,mix,riviera_maya
30015,excelente lugar guia conocedor claramente trabajo apasionado altamente recomendado lugar visitar area,mix,riviera_maya
30032,nice place visit get enjoy local local white deer parrots croco cun,mix,riviera_maya
30098,increibles crocs serpientes alimentar monos caminar camino cocodrilo guays lotes animales mascota,mix,riviera_maya
30232,went kids age enjoyed good english speaking staff take tour zoo get informed animals get feed even hold way seen places,mix,riviera_maya
30312,lugar serpientes monos cocodrilos animales hora visita guiada vale pena,mix,riviera_maya
30374,lindo tropical zoologico interactivo educativo entretenido disfrutado alimentando ciervos sosteniendo cocodrilos super recomendado,mix,riviera_maya
30378,pequeno lugar joya anunciado vale pena visitar guias interactivas recorrido especial,mix,riviera_maya
30476,loros crocs ninos animales guia experto vale pena visitar adultos ninos,mix,riviera_maya
30523,plus crocs animals parrots kiss talk zoo,mix,riviera_maya
30524,experiencia volveria mejorar,mix,riviera_maya
30609,excursion perfecta ninos pequenos guias amables contacto cercano animales incluida alimentacion tocar,mix,riviera_maya
30619,hermoso zoologico criaturas habitat natural guia interactiva fantastico completo conocimiento altamente recomendado,mix,riviera_maya
30620,excelente guia informativo amable amigable altamente recomendado guia zoologico,mix,riviera_maya
30630,agradable experiencia educativa guia informativa experiencia familiar pasar hora,mix,riviera_maya
30654,personal increible amable profesional animales genial manos experiencia volver,mix,riviera_maya
30658,lugar increible divertido genial definitivamente guia visita divertido informativo,mix,riviera_maya
30677,experiencia ninos lugar encantador personal excelentes animales ninos encanto,mix,riviera_maya
30680,nice zoo kids one guide give nice guide recommend bring children,mix,riviera_maya
30691,monkey say monkey monkey monkey monkey high monkey monkey fit monkey bit monkey,mix,riviera_maya
30698,excellent little zoo get personal guide take tour zoo get chance touch feed animals one best zoo experiences,mix,riviera_maya
30724,excellent prices excellent friendly professional staff,mix,riviera_maya
30747,fun place kids adults big lot local close,mix,riviera_maya
30775,amo puerto vallarta guayabitos palm tree red heart guayabitosnayarit sun palm tree tropical fish footprints puertovallartajalisco,mix,puerto_vallarta
30777,blk diamond barberia elevamos imagen tecnica elegancia round pushpin calle francia col versalles puerto vallarta mobile phone somoscaballerosblkdiamondversalles blkdiamondbarberiapv puertovallartajalisco versalles fluvialvallarta,mix,puerto_vallarta
30778,blk diamond barberia cuidamos detalle reflejar distincion personalidad round pushpin calle francia col versalles puerto vallarta mobile phone somoscaballerosblkdiamondversalles blkdiamondbarberiapv puertovallartajalisco versalles fluvialvallarta,mix,puerto_vallarta
30782,lugar regalo mundo reflexion autocritica olimpo pensamientos retrospectiva gratitud bello lugar puertovallartamexico puertovallartajalisco,mix,puerto_vallarta
30784,bienvenido gilberto st place medal deseamos exito etapa herramientas alto realestateagent bienesraices puertovallarta casasenventa luxuryproperty luxury realtors puertovallartajalisco somoskw bienesraices kellerwilliams kellerwilliamsrealestate inmobiliarias crecimiento kellerwilliamsrealty culturakw,mix,puerto_vallarta
30791,blk diamond barberia estilo trabajado precision distincion caballeros valoran excelencia round pushpin calle francia col versalles puerto vallarta mobile phone somoscaballerosblkdiamondversalles blkdiamondbarberiapv puertovallartajalisco versalles,mix,puerto_vallarta
30794,sparkles diseno sonrisa pensado verse natural armonico saludable white heart desliza mira transformacion backhand index pointing right round pushpin ubicados plaza centro city prisciliano sanchez local moras aramara puerto vallarta jal mobile phone with arrow whatsapp llamadas veeners carillasdentales puertovallartajalisco bahiadebanderasnayarit eeuu,mix,puerto_vallarta
30797,corte refleja distincion caracter scissors sparkles blk diamond barberia perfeccionamos imagen precision estilo elegancia nota detalle round pushpin calle francia col versalles puerto vallarta mobile phone somoscaballerosblkdiamondversalles blkdiamondbarberiapv puertovallartajalisco,mix,puerto_vallarta
30801,great trip miss puertovallarta mexico vallarta puertovallartamexico jalisco rivieranayarit visitpuertovallarta beach nuevovallarta travel puertovallartajalisco puertovallartagay sayulita vacation visitmexico playa sunset cancun nayarit vallartaadventures beachlife bucerias zonaromantica puntamita puertovallartaphotographer gay puertovallartafood guadalajara mazatlan,mix,puerto_vallarta
30802,puertovallartajalisco,mix,puerto_vallarta
30803,tereza vibes wilted flower look digno reina belleza crown citas via whatsapp mobile phone with arrow puertovallarta puertovallartamexico puertovallartajalisco puertovallartagay puertovallartawedding,mix,puerto_vallarta
30805,essentials miedo dios doble signo exclamacion vendido red square talla ss color jet black diseno minimalista corte oversized essentialsfearofgodessentialsss jetblackessentialshoodiefearofgodessentialsstreetwearmxpuertovallartapuertovallartajaliscovallarta,mix,puerto_vallarta
30808,muellelosmuertos parachute puertovallarta person swimming losmuertosbeach water wave playalosmuertos sun puertovallartajalisco palm tree,mix,puerto_vallarta
30810,smiling face with sunglasses puertovallarta puertovallartamexico visitpuertovallarta puertovallartajalisco puertovallarta,mix,puerto_vallarta
30813,seahorse puertovallarta caballitodemar puertovallartajalisco,mix,puerto_vallarta
30814,mil maneras amo bello pincnic atardecer puerto vallarta vallartalovelypicnics puertovallartaproposal puertovallarta puertovallartajalisco puertovallartaphotographer,mix,puerto_vallarta
30816,estilo comienza ambiente sparkles barber pole blk diamond barberia detalle disenado ofrecerte comodidad distincion experiencia superior lujo vive round pushpin calle francia col versalles puerto vallarta mobile phone somoscaballerosblkdiamondversalles blkdiamondbarberiapv puertovallartajalisco versalles coloniaversallespv,mix,puerto_vallarta
30822,tale tell visual prompts inspire writing writingpromptsdaily writingprompts writinginspiration storyprompt writingcommunity writinglife puertovallartamexico puertovallarta puertovallartamexico puertovallartajalisco puertovallartaliving puertovallarta mexico,mix,puerto_vallarta
30823,barber pole blk diamond barberia transformamos visita ritual bienestar precision estilo lujo scissors round pushpin calle francia col versalles puerto vallarta mobile phone somoscaballerosblkdiamondversalles blkdiamondbarberiapv puertovallartajalisco versalles,mix,puerto_vallarta
30824,corte experiencia cuidado descanso sparkles barber pole blk diamond barberia transformamos visita ritual bienestar precision estilo lujo round pushpin calle francia col versalles puerto vallarta mobile phone somoscaballerosblkdiamondversalles blkdiamondbarberiapv puertovallartajalisco versalles,mix,puerto_vallarta
30825,message buyer guide download free guide gerardo flores gonzalez puertovallartarealestate pvrealestate mexicorealestate buyinginmexico investinmexico puertovallartahomes puertovallartacondos homesforsale realestateinvesting oceanviewproperty luxuryrealestate puertovallarta puertovallartajalisco puertovallartamexico,mix,puerto_vallarta
30829,problemas alberca cross mark solucion telefono movil flecha telefono movil flecha puerto vallarta jalisco puerto vallarta albercas,mix,puerto_vallarta
30830,vive bucerias live bucerias house hab banos money bag precio starting price mxn sparkles caracteristicas features cocina equipada barra granito equipped kitchen granite countertop estufa horno gas gas stove oven extractor aire range hood cisterna water cistern calentador agua water heater tanque estacionario stationary gas tank estacionamiento coches parking cars patio cuarto servicio patio service room estudio planta baja ground floor study agenda cita karina castellanos real estate agent realty group mobile phone casaspuertovallarta puertovallarta ventadeinmuebles realestatelife puertovallartajalisco ventadecasa departamentos inmueblesvallarta realestatepv casasenventa realestateagent inmueblesvallarta puertovallarta realestatetips puertovallartamexico venta casasmodernas realestate puertovallarta puertovallartamexico x puertovallartamexico puertovallartamexicobyutmb,mix,puerto_vallarta
30835,partying face puertovallarta visitpuertovallarta puertovallartamexico puertovallartamexico puertovallartajalisco,mix,puerto_vallarta
30838,corte altura estilo scissors sparkles blk diamond barberia servicio refleja caracter precision gusto somoscaballerosblkdiamondversalles blkdiamondbarberiapv puertovallartajalisco versalles,mix,puerto_vallarta
30839,distincion nota vistazo scissors sparkles round pushpin calle francia col versalles puerto vallarta mobile phone somoscaballerosblkdiamondversalles blkdiamondbarberiapv puertovallartajalisco versalles mismaloya fluvialpv coloniaversallespv barbershoppvta,mix,puerto_vallarta
30840,racing car chequered flag chequered flag motores pacifico chequered flag chequered flag racing car united states mexico canada germany japan motores importados nacionales united states mexico canada germany japan mobile phone mobile phone whatsapp telephone round pushpin visitanos francisco villa col olimpica puerto vallarta jalisco puertovallartapuertovallartamexicopuertovallartajalisco,mix,puerto_vallarta
30842,desert island sun water wave add caletas puerto vallarta itinerary click book puertovallarta visitpuertovallarta puertovallartamexico puertovallartajalisco lascaletas,mix,puerto_vallarta
30846,partying face get access hottest clubs puertovallarta visitpuertovallarta puertovallartamexico puertovallartajalisco puertovallarta,mix,puerto_vallarta
30848,ultimas vallarta puertovallarta puertovallartajalisco playamismaloya elizabethtaylor lanochedelaiguana,mix,puerto_vallarta
30854,casateconmigo ring lizmarfloreriapuertovallartajalisco,mix,puerto_vallarta
30857,blk diamond barberia detalle pensado caballero barber pole round pushpin calle francia col versalles puerto vallarta mobile phone somoscaballerosblkdiamondversalles blkdiamondbarberiapv puertovallartajalisco versalles mismaloya,mix,puerto_vallarta
30858,wishing merry christmas christmas tree wrapped gift puertovallarta puertovallartamexico visitpuertovallarta puertovallartajalisco vallarta,mix,puerto_vallarta
30859,party popper bottle with popping cork clinking glasses book puerto vallarta nightlife tickets puertovallarta puertovallartamexico visitpuertovallarta puertovallartamexico puertovallartajalisco,mix,puerto_vallarta
30861,estilo autentico comienza corte scissors fire blk diamond barberia transformamos imagen tecnica distincion round pushpin calle francia col versalles puerto vallarta mobile phone somoscaballerosblkdiamondversalles blkdiamondbarberiapv puertovallartajalisco versalles mismaloya fluvialpv coloniaversallespv barbershoppvta,mix,puerto_vallarta
30862,elegancia precision detalle scissors sparkles corte disenado caballeros distinguir calidad round pushpin calle francia col versalles puerto vallarta mobile phone somoscaballerosblkdiamondversalles blkdiamondbarberiapv puertovallartajalisco versalles mismaloya fluvialpv coloniaversallespv barbershoppvta,mix,puerto_vallarta
30865,puerto vallarta riviera nayarit mexico youtube videos promovision puertovallarta tourism travel travelguide travelvideo travelblog news puertovallartamexico visitpuertovallarta puertovallartajalisco beach playa,mix,puerto_vallarta
30869,container inn hotel esperando check mark button desayuno gratis free button wireless wifi gratis p button estacionamiento techado sujeto disponibilidad ubicados avenida principal round pushpin dim button min aeropuerto central camiones coche automobile puertovallarta puertovallartamexico puertovallartajalisco puertovallartamexico hotelcontainer hotelcontainervallarta hotelcontainervallarta hotelcontainerinnpvr vallarta,mix,puerto_vallarta
30870,garritas listas amor sorprendan agenda cita puertovallartamexico puertovallartamexico puertovallartajalisco puertovallartawedding,mix,puerto_vallarta
30872,departamento renta villas rio long term rental caracteristicas features habitaciones bedrooms bano completo full bathroom cocina totalmente equipada fully equipped kitchen area lavado lavadora secadora laundry area washer dryer teatro casa sala cocina home theater living room kitchen aire acondicionado departamento c throughout apartment er nivel escaleras rd floor stairs only servicios independientes utilities included luz agua gas wifi electricity water gas wifi preferencia preference mascotas pets renta mensual monthly rent mxn informacion agendar visita contactame for information schedule visit contact karina castellanos real estate agent g realty group casaspuertovallarta puertovallarta ventadeinmuebles realestatelife puertovallartajalisco ventadecasa departamentos inmueblesvallarta realestatepv casasenventa realestateagent inmueblesvallarta puertovallarta realestatetips puertovallartamexico venta casasmodernas realestate puertovallarta puertovallartamexico,mix,puerto_vallarta
30873,blk diamond barberia elevamos imagen tecnica elegancia calle francia col versalles puerto vallarta somoscaballerosblkdiamondversalles blkdiamondbarberiapv puertovallartajalisco versalles fluvialvallarta,mix,puerto_vallarta
30874,blk diamond barberia cuidamos detalle reflejar distincion personalidad calle francia col versalles puerto vallarta somoscaballerosblkdiamondversalles blkdiamondbarberiapv puertovallartajalisco versalles fluvialvallarta,mix,puerto_vallarta
30875,enjoy book dark party pass dm us book reservation now puertovallarta puertovallartamexico visitpuertovallarta puertovallartajalisco ptovallarta,mix,puerto_vallarta
30878,lugar regalo mundo reflexion autocritica olimpo pensamientos retrospectiva gratitud bello lugar puertovallartamexico puertovallartajalisco,mix,puerto_vallarta
30887,blk diamond barberia estilo trabajado precision distincion caballeros valoran excelencia calle francia col versalles puerto vallarta somoscaballerosblkdiamondversalles blkdiamondbarberiapv puertovallartajalisco versalles,mix,puerto_vallarta
30893,corte refleja distincion caracter blk diamond barberia perfeccionamos imagen precision estilo elegancia nota detalle calle francia col versalles puerto vallarta somoscaballerosblkdiamondversalles blkdiamondbarberiapv puertovallartajalisco,mix,puerto_vallarta
30897,great trip miss pv nataneltuchman puertovallarta mexico vallarta puertovallartamexico jalisco rivieranayarit visitpuertovallarta beach nuevovallarta pv travel puertovallartajalisco puertovallartagay sayulita vacation visitmexico playa sunset cancun nayarit vallartaadventures beachlife bucerias zonaromantica puntamita puertovallartaphotographer gay puertovallartafood guadalajara mazatlan,mix,puerto_vallarta
30898,puertovallartajalisco,mix,puerto_vallarta
30899,tereza vibes look digno reina belleza citas via whatsapp puertovallarta puertovallartamexico puertovallartajalisco puertovallartagay puertovallartawedding,mix,puerto_vallarta
30901,essentials fear god vendido talla xs temporada ss color jet black diseno minimalista corte oversized essentials fearofgod essentialsss jetblack essentialshoodie fearofgodessentials streetwearmx puertovallarta puertovallartajalisco vallarta,mix,puerto_vallarta
30902,photo nocturno paisaje cheche puertovallartajalisco,mix,puerto_vallarta
30906,www afterdark entertainment com puertovallarta puertovallartamexico visitpuertovallarta puertovallartajalisco puertovallarta,mix,puerto_vallarta
30909,seahorse puertovallarta caballitodemar puertovallartajalisco,mix,puerto_vallarta
30910,mil maneras amo bello pincnic atardecer puerto vallarta vallartalovelypicnics puertovallartaproposal puertovallarta puertovallartajalisco puertovallartaphotographer,mix,puerto_vallarta
30917,check amazing events excursions offer make puerto vallarta trip unforgettable one click link bio message us now puertovallarta puertovallartamexico puertovallartajalisco,mix,puerto_vallarta
30921,message buyer guide download free guide gerardo flores gonzalez coldwellbankerlacosta puertovallartarealestate pvrealestate mexicorealestate buyinginmexico investinmexico puertovallartahomes puertovallartacondos homesforsale realestateinvesting oceanviewproperty luxuryrealestate puertovallarta puertovallartajalisco puertovallartamexico,mix,puerto_vallarta
30929,negro marron foto foto negro puerto vallarta jalisco malecon pv,mix,puerto_vallarta
30931,www afterdark entertainment com puertovallarta visitpuertovallarta puertovallartamexico puertovallartamexico puertovallartajalisco,mix,puerto_vallarta
30933,reduccion precio price reduction coto privado juntas puerto vallarta precio price mxn amueblada furnished caracteristicas features habitaciones bedrooms banos bathrooms espacio coches parking cars aires acondicionados air conditioning units patio trasero backyard amenidades coto community amenities seguridad security alberca swimming pool area asador bbq area salon usos multiples event room estacionamiento visitas guest parking pet friendly agenda recorrido conoce hogar schedule visit discover new home today karina castellanos real estate agent g realty group casaspuertovallarta puertovallarta ventadeinmuebles realestatelife puertovallartajalisco ventadecasa departamentos inmueblesvallarta realestatepv casasenventa realestateagent inmueblesvallarta puertovallarta realestatetips puertovallartamexico venta casasmodernas realestate puertovallarta puertovallartamexico,mix,puerto_vallarta
30935,distincion nota vistazo calle francia col versalles puerto vallarta somoscaballerosblkdiamondversalles blkdiamondbarberiapv puertovallartajalisco versalles mismaloya fluvialpv coloniaversallespv barbershoppvta,mix,puerto_vallarta
30938,add caletas puerto vallarta itinerary click link bio dm us book now puertovallarta visitpuertovallarta puertovallartamexico puertovallartajalisco lascaletas,mix,puerto_vallarta
30940,view sunset swim up bar puerto vallarta mexico september sunset sunsetsky sunsetphotography sunsetlover sunsetlovers sunsetlovers puertovallartamexico puertovallarta puertovallartajalisco jalisco mexicotravel mexicosunsets mexicosunset poolsunset pool cloudsphotography cloudsofinstagram clouds cloudstagram cloudscape vivamexico mexico drunkphotographer drunkphotography,mix,puerto_vallarta
30941,couple shots coldwellbankerlacosta posada christmas puertovallarta puertovallartamexico puertovallartajalisco,mix,puerto_vallarta
30942,get access hottest clubs www afterdark entertainment com dm us now puertovallarta visitpuertovallarta puertovallartamexico puertovallartajalisco puertovallarta,mix,puerto_vallarta
30944,ultimas vallarta puertovallarta puertovallartajalisco playamismaloya elizabethtaylor lanochedelaiguana,mix,puerto_vallarta
30950,casateconmigo lizmarfloreria puertovallartajalisco,mix,puerto_vallarta
30953,blk diamond barberia detalle pensado caballero calle francia col versalles puerto vallarta somoscaballerosblkdiamondversalles blkdiamondbarberiapv puertovallartajalisco versalles mismaloya,mix,puerto_vallarta
30954,wishing merry christmas puertovallarta puertovallartamexico visitpuertovallarta puertovallartajalisco vallarta,mix,puerto_vallarta
30955,book puerto vallarta nightlife tickets www afterdark entertainment com dm us now puertovallarta puertovallartamexico visitpuertovallarta puertovallartamexico puertovallartajalisco,mix,puerto_vallarta
30957,estilo autentico comienza corte blk diamond barberia transformamos imagen tecnica distincion calle francia col versalles puerto vallarta somoscaballerosblkdiamondversalles blkdiamondbarberiapv puertovallartajalisco versalles mismaloya fluvialpv coloniaversallespv barbershoppvta,mix,puerto_vallarta
30958,elegancia precision detalle corte disenado caballeros distinguir calidad calle francia col versalles puerto vallarta somoscaballerosblkdiamondversalles blkdiamondbarberiapv puertovallartajalisco versalles mismaloya fluvialpv coloniaversallespv barbershoppvta,mix,puerto_vallarta
30959,vive frente mar live ocean bucerias nayarit oceanfront condo mxn bedrooms flex bathrooms immediate delivery infinity pool gym restaurant bar rooftop sky bar jacuzzis fire pit security luxury living lujo frente mar agenda cita privada conoce hogar schedule private showing meet future home karina castellanos g realty group casaspuertovallarta puertovallarta ventadeinmuebles realestatelife puertovallartajalisco ventadecasa departamentos inmueblesvallarta realestatepv casasenventa realestateagent inmueblesvallarta puertovallarta realestatetips puertovallartamexico venta casasmodernas realestate puertovallarta puertovallartamexico,mix,puerto_vallarta
30961,puerto vallarta riviera nayarit mexico youtube videos promovision https promovisionpv com puerto vallarta youtube videos promovision puertovallarta tourism travel travelguide travelvideo travelblog news puertovallartamexico visitpuertovallarta puertovallartajalisco beach playa,mix,puerto_vallarta
30972,palm tree hibiscus dizzy yellow heart puertovallartamexico nuevovallarta travel bday beach,mix,puerto_vallarta
30977,dec inspo tematica puertovallartamexico surprise birthdaygirl celebration,mix,puerto_vallarta
30988,mobile phone cambio centro carga redmi note smiling face with sunglasses sparkles calidad garantizada wrench lista instalacion inmediata mobile phone with arrow contactanos whatsapp backhand index pointing right round pushpin puerto vallarta jalisco calle aires col brisas pacifico link info allmylinks com escobarreparaciones reparaciondecelulares puertovallarta reparacionesescobar puertovallartamexico reparacionsamsung,mix,puerto_vallarta
30990,domingo super bowl promo alitas fried box aprovecha kilo alitas pollo fuego juego emocion sabor juntos perder backhand index pointing right pick whatsapp comenzar reunion complicaciones american football round pushpin benemerito americas mobile phone envianos whatsapp pasa pick fire advertencia terminos condiciones promocion valida unicamente jueves domingos menu round aplica pick whatsapp sujeto disponibilidad puertovallartamexico alitas superbowl superbowl latebreakfast,mix,puerto_vallarta
30991,fire herb ecstatic dance marians chocafrodisiaca herb fire marians chocafrodisiaca english domingo abrimos espacio soltar ruido externo regresar ritmo interno experiencia danza libre consciente cuerpo guia musica sostiene energia mueve juicio formas imitar traves guia musical marians presencia viva chocafrodisiaca entramos viaje movimiento autentico liberacion conexion profunda pulso colectivo pasos seguir escucha respiracion cuerpo recordando sabiduria movimiento vuelve medicina cuerpo territorio sagrado round pushpin terra noble sparkles palomar spiral calendar domingo febrero alarm clock money bag pesos ven bailar fire sparkles puedes unirte sesion quedarte vivir completo actividades terra noble celebrando vida comunidad bienestar conexion naturaleza sparkles fire herb ecstatic dance marians chocafrodisiaca herb fire marians chocafrodisiaca sunday open space release external noise return inner rhythm conscious free form dance experience body leads music holds energy moves without judgment choreography guided marians musical journey embodied presence chocafrodisiaca enter collective movement ritual rooted authenticity liberation deep connection steps listening breath body remembering wisdom movement becomes medicine body becomes sacred ground round pushpin terra noble sparkles palomar spiral calendar sunday feb alarm clock money bag pesos come dance truth fire sparkles welcome join session stay full day activities terra noble full day celebration life community wellness immersed nature sparkles puertovallarta puertovallartamexico,mix,puerto_vallarta
30994,barcopirata tourdenoche tourdedia puertovallartamexico playa,mix,puerto_vallarta
30995,erik vinculado proceso juez dicto ano prision preventiva responsabilidad fallecimiento clarisa audiencia inicio miercoles imputado llego silla ruedas collarin sesion ministerio publico presento pruebas sustentar vinculacion proceso recesos pese argumentos defensa juez resolvio vincularlo proceso ordeno prision preventiva ano audiencia concluyo madrugada erik paso noche penal puerto vallarta diego esposo clarisa agradecio respaldo ciudadano anuncio concluir novenario realizara caminata iglesia celebrara misa memoria clarisa fypage fypppppppppppppppppppppppppppppppppppppppppppppppppppppppppppppppppppppp puertovallartamexico casoclarisa,mix,puerto_vallarta
31002,vida beachlifestyle sunset puertovallartamexico,mix,puerto_vallarta
31006,high voltage black heart sesion electro dance jary torres black heart high voltage english sabado invitamos sesion electro dance guiada jary torres bailarina docente creadora local espacio disenado explorar movimiento improvisacion escucha autenticidad traves herramientas creativas dinamicas corporales sesion invitacion soltar juicio conectar musica electronica expandir lenguaje corporal necesitas experiencia previa curiosidad energia ganas moverte pulso espacio abierto experimental profundamente humano bailar investigar expresarte high voltage experimentalpv round pushpin yambak spiral calendar sabado febrero alarm clock money bag pesos ven moverte formas fijas ven descubrir esencia high voltage despierta esencia programa ayudarte brillar vemos high voltage black heart electro dance session jary torres black heart high voltage saturday join electro dance session led jary torres local dancer teacher creator space designed explore movement improvisation listening authenticity creative tools embodied exercises session invites release judgment connect deeply electronic music expand movement vocabulary prior experience needed curiosity energy willingness move rhythm open experimental deeply human space dance explore express high voltage experimentalpv round pushpin yambak spiral calendar saturday feb alarm clock money bag pesos come move beyond form come find flow high voltage spark flow day program created help shine see soon puertovallarta electrodance vallarta puertovallartamexico visitpuertovallarta,mix,puerto_vallarta
31010,double exclamation mark sold double exclamation mark wait long book viewing units sell fast modernmexico inmueblespuertovallarta outdoorspace puertovallarta outdoorliving viviendamoderna coldwellbankerlacosta moveinready vidadelujo puertovallarta puertovallarta puertovallartamexico puertovallartamexico puertovallartarealestate puertovallartamexico mexico realestate realestatetips realestatemarket realestateforsale realestateinvestment mexico mexicotravel expats expatslife expatsabroad,mix,puerto_vallarta
31016,sparkles planea ahorra despreocupate sparkles febrero momento perfecto apartar fiesta peques party popper promo activa fechas disponibles ano dizzy desliza descubre asegurar lugar beneficio especial backhand index pointing down yellow heart diversion sparkles tranquilidad round pushpin centrocity local nine clock envelope with arrow escribenos info fiestasinfantiles ludotecas puertovallartamexico,mix,puerto_vallarta
31029,taste best puerto vallarta taco wine glass gourmet beachfront dining authentic street tacos guide features top gay owned gay friendly restaurants town discover next favorite meal romantic zone beyond spanish prueba puerto vallarta taco wine glass cenas gourmet frente mar autenticos tacos callejeros guia destaca mejores restaurantes propiedad gay gay friendly ciudad descubre proxima comida favorita zona romantica alla foodlovers lgbtq saboresdemexico puertovallartamexico,mix,puerto_vallarta
31030,double exclamation mark super promocion puerto vallarta water wave double exclamation mark hotel costa club hotel pie playa water wave palm tree cerca malecon raising hands spiral calendar mayo sun noches crescent moon check mark button hotel incluido check mark button transporte redondo salidas calera fresnillo zacatecas oncoming bus tarifas persona heavy dollar sign adulto heavy dollar sign junior anos heavy dollar sign menores anos esperes reserva vacaciones beach with umbrella airplane palm tree telephone receiver pushpin calera calle laguna teculapa num col ricardo monreal puertovallartamexico playa viajaseguroconshalom vacaciones,mix,puerto_vallarta
31036,puertovallartamexico light blue heart,mix,puerto_vallarta
31044,mexico love really want leave puertovallartamexico,mix,puerto_vallarta
31046,oral health goes beyond aesthetics combine precise diagnosis modern technology thoughtful clinical care deliver results feel good look book consultation confidence salud oral alla estetica combinamos diagnostico preciso tecnologia moderna atencion clinica cuidadosa lograr resultados sienten ven agenda valoracion confianza dentalcare oralhealth professionaldentistry healthysmiles dentalclinic puertovallarta saveyourtooth puertovallartamexico tratamientodeconducto salvatudiente,mix,puerto_vallarta
31048,desert island umbrella on ground renta umbrella on ground desert island tules puerto vallarta mxn noche cuartos aire acondicionado bano completo bano completo area comun personas cocina comedor sala wifi terraza balcon vista mar condominio minutos aeropuerto minutos centro malecon tules man cook restaurante steaming bowl room service oncoming automobile estacionamiento vigilancia battery cargadores electricos ping pong canchas tenis man swimming albercas person taking bath jacuzzi man walking trail caminar person in steamy room spa vallarta puertovallarta jalisco puertovallartamexico puertovallartarealestate nexo nexocapital nexorealestate,mix,puerto_vallarta
31049,desert island umbrella on ground renta umbrella on ground desert island tules puerto vallarta mxn noche cuartos aire acondicionado bano completo bano completo area comun personas cocina comedor sala wifi terraza balcon vista mar condominio minutos aeropuerto minutos centro malecon tules man cook restaurante steaming bowl room service oncoming automobile estacionamiento vigilancia battery cargadores electricos ping pong canchas tenis man swimming albercas person taking bath jacuzzi man walking trail caminar person in steamy room spa vallarta puertovallarta jalisco puertovallartamexico puertovallartarealestate nexo nexocapital nexorealestate,mix,puerto_vallarta
31056,semana puerto vallarta amigos puertovallartamexico,mix,puerto_vallarta
31062,puertovallartamexico fotografia,mix,puerto_vallarta
31063,contraste puertovallartamexico fotografia,mix,puerto_vallarta
31064,vallarta puertovallartamexico fotografia,mix,puerto_vallarta
31075,puertovallarta puertovallartamexico beach,mix,puerto_vallarta
31079,amazing puertovallartamexico puertovallarta,mix,puerto_vallarta
31085,salty air frizzy hair mexicomagico travel mexicotravel puertovallartamexico beaches,mix,puerto_vallarta
31087,sunset sips first day puerto vallarta puertovallartamexico margarita pinacolada tropical drink,mix,puerto_vallarta
31090,libros hechos leerse rapido hermandad fantasia epica llena magia mundo completo empieza termina abrazo corazon crossed swords magia reglas black heart personajes cambian water wave historia perderte frente mar paginas lectores aman habitar mundos books disponible fil puerto vallarta apoyada pushpin stand round pushpin plaza armas calendar semana puertovallartamexico booksbooksbooks bookstagram novela magia,mix,puerto_vallarta
31091,ayer realice trabajitos retratos animados lindo pasamos jiji vemos evento market biblioteca mangos puedes contactarme gustas servicio fiesta puertovallartamexico bibliotecalosmangos retratoanimado artist artist palette thumbs up woman dancing man dancing smiling face with smiling eyes ok hand two hearts,mix,puerto_vallarta
31093,fiesta party puertovallartamexico thebestplace,mix,puerto_vallarta
31095,vallarta sparkles pt puertovallartamexico,mix,puerto_vallarta
31097,sit back relax beautiful condo located heart puerto vallarta bedroom bath prime location walking distance many local markets walmart cruise ship port local restaurants inmueblespuertovallarta coldwellbankerlacosta modernmexico vidadelujo moveinready puertovallarta viviendamoderna outdoorliving outdoorspace puertovallarta puertovallarta puertovallartamexico puertovallartamexico puertovallartarealestate puertovallartamexico mexico realestate realestatetips realestatemarket realestateforsale realestateinvestment mexico mexicotravel expats expatslife expatsabroad beach,mix,puerto_vallarta
31105,lunes sparkles sparkles inicio semana smiling face with open hands cursos puertovallarta pitillal puertovallartamexico bkprofessionalcenter,mix,puerto_vallarta
31109,citas disponibles telefono movil flecha puertovallartamexico unasdalia,mix,puerto_vallarta
31110,alebrijes painted brighten vibes bedroom fixing canvases magical creatures alebrijes mexicanartist puertovallartamexico,mix,puerto_vallarta
31113,puertovallarta puertovallartamexico puertovallartarealestate puertovallartabeach,mix,puerto_vallarta
31114,puertovallartabeach puertovallarta puertovallartarealestate puertovallartamexico,mix,puerto_vallarta
31115,inigualable puertovallarta puertovallartamexico puertovallartarealestate puertovallartabeach,mix,puerto_vallarta
31121,idea vivir vida disfrutarla sunrise palm tree style beachlife puertovallartamexico,mix,puerto_vallarta
31122,puertovallartamexico puertovallarta vacation beach life,mix,puerto_vallarta
31124,puerto vallarta palm tree spiral shell water wave urgiaaaan vacaciones folded hands light skin tone playa vacaciones puertovallartamexico paratiiiiiiiiiiiiiiiiiiiiiiiiiiiiiii heart suit,mix,puerto_vallarta
31130,beach pool margarita club repeat travel puertovallartamexico,mix,puerto_vallarta
31134,love mexico nayarit puertovallartamexico,mix,puerto_vallarta
31138,hike corrientes puerto vallarta water wave mountain herb man running light skin tone beach with umbrella spiral shell sun mexico puertovallarta puertovallartamexico jalisco vallarta colomitos,mix,puerto_vallarta
31142,star experience important travel see recent guest say experience villa coming starreview starservice villapuravidapv puertovallarta puertovallartamexico vallarta luxurypoolvilla pvr travelgram wanderlusting poolife beachlife vacaymode vacayvibes paradise,mix,puerto_vallarta
31146,jalisco rajes puertovallartamexico vallarta,mix,puerto_vallarta
31150,pedicure manicure puertovallartamexico manicurista,mix,puerto_vallarta
31153,infinity pool time endless great stress eliminator puertovallartamexico almarresort pooltime,mix,puerto_vallarta
31154,perfect senior trip seniortrip puertovallartamexico,mix,puerto_vallarta
31164,puerto vallarta vallarta puertovallartamexico jalisco,mix,puerto_vallarta
31165,palm tree emilieque puertovallartamexico tropical ootd vacation,mix,puerto_vallarta
31172,puerto vallarta sol agua ola corazones manos tono piel chincheta redonda malecon vallarta chincheta redonda vibra tranquilita chincheta redonda sayulita san pancho chincheta redonda joyita lugar marcos amanecer chincheta redonda visita arcos chincheta redonda safari ballenas reparando corazon amanecer estrella puertovallartamexico,mix,puerto_vallarta
31176,mexico sun sunglasses water wave puertovallartamexico,mix,puerto_vallarta
31178,mismaloya beach puerto vallarta jalisco puertovallarta tourism travelgirls travelguide travelvideo travelbloggers puertovallartamexico visitpuertovallarta beachvacation exploremexico travelmexico puertovallartatravel travelguide traveltips travelbloggerlife solotravel,mix,puerto_vallarta
31179,puerto vallarta travel guides tourism travelgirls travelguide travelvideo travelbloggers puertovallartamexico visitpuertovallarta beachvacation exploremexico travelmexico puertovallartatravel travelguide traveltips travelbloggers solotravel,mix,puerto_vallarta
31180,puerto vallarta travel guides tourism travelgirls travelguide travelvideo travelblog puertovallartamexico visitpuertovallarta beachvacation exploremexico travelmexico puertovallartatravel travelguide traveltips travelbloggers solotravel,mix,puerto_vallarta
31181,puerto vallarta travel guides tourisme travel travelguide travelvideo travelblog puertovallartamexico visitpuertovallarta beachvacation exploremexico travelmexico puertovallartatravel travelguide traveltips travelbloggers solotravel,mix,puerto_vallarta
31184,animalsofpuertovallarta animals puertovallartamexico cuties wildpomeranian,mix,puerto_vallarta
31188,palmeras viento nature naturaleza puertovallartamexico,mix,puerto_vallarta
31194,mermaid light skin tone golden sailboat puertovallarta vallarta puertovallartamexico jalisco jaliscoesmexico water wave,mix,puerto_vallarta
31196,pediste waffle guino cara cocodrilo postres puerto vallarta mexico fyp fypage susuwaffleslab,mix,puerto_vallarta
31201,agua ola palmera playa puerto vallarta mexico parati viral,mix,puerto_vallarta
31204,tequila sunset puertovallartamexico,mix,puerto_vallarta
31208,looking something little beaten path puerto vallarta grand miramar exudes sophistication puertovallarta puertovallarta puertovallartamexico grandmiramor grandmiramarpuertovallarta grandmiramarpv,mix,puerto_vallarta
31210,hombres romanticos dizzy sparkling heart moments picnic cherry blossom presente momentos importan momentspicnicpv bucerias puertovallartamexico picnicpuertovallarta nuevovallarta,mix,puerto_vallarta
31213,iniciar sol isla desierta bikini agua ola beachlovers puerto vallarta mexico,mix,puerto_vallarta
31214,dump favorite people sun desert island puertovallartamexico almar mantamar beefdip instagay,mix,puerto_vallarta
31218,happiest beach puertovallartamexico beachlife sun mexico mexico,mix,puerto_vallarta
31221,girgit lizard iguana puertovallartamexico,mix,puerto_vallarta
31225,prefer breakfast float droplet marivalarmony marivalresorts puertovallartamexico thesocialpassport,mix,puerto_vallarta
31229,comparto resultado tattoo recuerden agenda abierta manden citas cotizaciones tattoo blackandgreytattoo puertovallartamexico tattooartists pitillal,mix,puerto_vallarta
31230,double exclamation mark sold double exclamation mark wait long book viewing units sell fast modernmexico inmueblespuertovallarta outdoorspace puertovallarta outdoorliving viviendamoderna coldwellbankerlacosta moveinready vidadelujo puertovallarta puertovallarta puertovallartamexico puertovallartamexico puertovallartarealestate puertovallartamexico mexico realestate realestatetips realestatemarket realestateforsale realestateinvestment mexico mexicotravel expats expatslife expatsabroad,mix,puerto_vallarta
31231,promovisionpv com travel guide puerto vallarta puertovallarta tourism travelgirls travelguide travelvideo travelblog puertovallartamexico visitpuertovallarta vacationrentals exploremexico travelmexico puertovallartatravel travelguide traveltips travelbloggers solotravel,mix,puerto_vallarta
31239,filter needed mexico puertovallartamexico traveling travelgram viajar,mix,puerto_vallarta
31241,puertovallartamexico nuevovallarta travel bday beach,mix,puerto_vallarta
31246,dec inspo tematica puertovallartamexico surprise birthdaygirl celebration,mix,puerto_vallarta
31251,hills puerto vallarta musician cleans readies tuba sat night salsa dance teacher mentor also dad sits behind puertovallartamexico,mix,puerto_vallarta
31258,garritas listas amor sorprendan agenda cita puertovallartamexico puertovallartamexico puertovallartajalisco puertovallartawedding,mix,puerto_vallarta
31260,ecstatic dance dj marians chocafrodisiaca dj marians chocafrodisiaca english below domingo abrimos espacio soltar ruido externo regresar ritmo interno experiencia danza libre consciente cuerpo guia musica sostiene energia mueve juicio formas imitar traves guia musical dj marians presencia viva chocafrodisiaca entramos viaje movimiento autentico liberacion conexion profunda pulso colectivo pasos seguir escucha respiracion cuerpo recordando sabiduria movimiento vuelve medicina cuerpo territorio sagrado terra noble terra noble marians palomar chocafrodisiaca domingo febrero pm pesos ven bailar puedes unirte sesion quedarte vivir completo actividades terra noble celebrando vida comunidad bienestar conexion naturaleza ecstatic dance dj marians chocafrodisiaca with dj marians chocafrodisiaca this sunday open space release external noise return inner rhythm conscious free form dance experience body leads music holds energy moves without judgment choreography guided dj marians musical journey embodied presence chocafrodisiaca enter collective movement ritual rooted authenticity liberation deep connection steps follow listening breath body remembering wisdom movement becomes medicine the body becomes sacred ground terra noble terra noble marians palomar chocafrodisiaca sunday feb pm pesos come dance truth you re welcome join session stay full day activities terra noblea full day celebration life community wellness immersed nature puertovallarta puertovallartamexico,mix,puerto_vallarta
31263,barcopirata tourdenoche tourdedia puertovallartamexico playa,mix,puerto_vallarta
31264,erik n vinculado proceso juez dicto ano prision preventiva responsabilidad fallecimiento clarisa audiencia inicio miercoles imputado llego silla ruedas collarin sesion ministerio publico presento pruebas sustentar vinculacion proceso recesos pese argumentos defensa juez resolvio vincularlo proceso ordeno prision preventiva ano audiencia concluyo madrugada erik n paso noche penal puerto vallarta diego esposo clarisa agradecio respaldo ciudadano anuncio concluir novenario realizara caminata iglesia celebrara misa memoria clarisa fypage fypppppppppppppppppppppppppppppppppppppppppppppppppppppppppppppppppppppp puertovallartamexico casoclarisa,mix,puerto_vallarta
31271,vida beachlifestyle sunset puertovallartamexico,mix,puerto_vallarta
31275,sesion electro dance jary torres english below sabado invitamos sesion electro dance guiada jary torres bailarina docente creadora local espacio disenado explorar movimiento improvisacion escucha autenticidad traves herramientas creativas dinamicas corporales sesion invitacion soltar juicio conectar musica electronica expandir lenguaje corporal necesitas experiencia previa curiosidad energia ganas moverte pulso espacio abierto experimental profundamente humano bailar investigar expresarte jarytorress fusion jam experimentalpv yambak yambakpv sabado febrero pm pesos ven moverte formas fijas ven descubrir esencia despierta esencia programa ayudarte brillar vemos electro dance session jary torres this saturday join us electro dance session led jary torres local dancer teacher creator space designed explore movement improvisation listening authenticity through creative tools embodied exercises session invites release judgment connect deeply electronic music expand movement vocabulary prior experience needed curiosity energy willingness move rhythm an open experimental deeply human space dance explore express jarytorress fusion jam experimentalpv yambak yambakpv saturday feb pm pesos come move beyond form come find flow spark flow day program created help shine see soon puertovallarta electrodance vallarta puertovallartamexico visitpuertovallarta,mix,puerto_vallarta
31279,sold out don t wait long book viewing units sell fast https www cblacosta com galeritas modernmexico inmueblespuertovallarta outdoorspace puertovallarta outdoorliving viviendamoderna coldwellbankerlacosta moveinready vidadelujo puertovallarta puertovallarta puertovallartamexico puertovallartamexico puertovallartarealestate puertovallartamexico realestate realestatetips realestatemarket realestateforsale realestateinvestment mexico mexicotravel expats expatslife expatsabroad,mix,puerto_vallarta
31280,instagram novio nathanielswales puertovallartamexico viajes,mix,puerto_vallarta
31281,breakfast pv puertovallartamexico pvr gaypvr friendspvr,mix,puerto_vallarta
31290,fotos olvidado subir momento paso recuerdo costalegre mexico puertovallartamexico visitmexico,mix,puerto_vallarta
31292,etiqueta persona encantaria caminata malecon puerto vallarta atardecer brisa marina colores dorados compania plan perfecto visitpuertovallarta puertovallarta vamarvallarta puertovallartamexico visitpuertovallarta,mix,puerto_vallarta
31298,taste best puerto vallarta gourmet beachfront dining authentic street tacos guide features top gay owned gay friendly restaurants town discover next favorite meal romantic zone beyond https www gayguidevallarta com restaurants spanish prueba puerto vallarta cenas gourmet frente mar autenticos tacos callejeros guia destaca mejores restaurantes propiedad gay gay friendly ciudad descubre proxima comida favorita zona romantica alla https www gayguidevallarta com restaurants foodlovers lgbtq saboresdemexico puertovallartamexico,mix,puerto_vallarta
31300,mire nomas piernon puertovallartamexico mexicocomoteamo mexico amazing bikinilife beachbody,mix,puerto_vallarta
31303,departamento venta terra fluvial vallarta ubicacion premium corazon puerto vallarta recamara bano walk in closet estacionamiento elevador porton electrico cerrojo inteligente roof top vistas increibles lobby recepcion adicionales asesor gabriela gomez realestateagency vivela bienesraices puertovallartamexico puertovallarta,mix,puerto_vallarta
31307,jan setting sail new home next months long beach california new locations along mexican riviera cabosanlucasmexico puertovallartamexico ensendamexico mazatlan lapaz,mix,puerto_vallarta
31311,sientes hormigueo entumecimiento dolor mano muneca noches celular computadora herramientas tratarse sindrome tunel carpo sindrome ocurre nervio mediano comprime muneca provocando dolor debilidad perdida fuerza mano ignorarlo sintomas empeoren tiempo fisioterapia clave aliviar dolor mejorar movilidad recuperar funcion mano necesidad cirugia casos atencion profesional personalizada terapia domicilio consultorio agenda cita whatsapp vuelve manos dolor fisioterapia sindromedeltunelcarpiano buceriasnayaritmexico terapiafisicayrehabilitacion puertovallartamexico,mix,puerto_vallarta
31312,amigxs visitantes puerto vallarta preparamos arte movimiento musica bienestar personas espacios favoritos ciudad etiqueta amix comparte historias oportunidad ganar entrada gratuita actividad elijas jam nights recorridos arte salsa electrodance yoga circulos creatividad ecstatic dance inmersion completa domingo terra noble semana invitacion entrar flow crear comunidad comenzar inspiracion sumate evento revisa flyer programa completo compartiremos flyers detalles reservas traves sitio web directamente lxs colaboradorxs movernos crear celebrar juntxs comenta spark mandamos info dm puerto vallarta friends visitors we put together five days art movement music wellness favorite people places town tag friend share stories chance win free entrance activity choice from jam nights art walks salsa electrodance yoga creativity circles ecstatic dance full sunday immersion terra noble week entering flow building community starting inspired join us one event many check flyer full schedule flyers details come reservations website directly collaborators let s move create celebrate together comment spark dm info puertovallarta vallarta ptovallarta puertovallartamexico puertovallartamexico,mix,puerto_vallarta
31315,oral health goes beyond aesthetics we combine precise diagnosis modern technology thoughtful clinical care deliver results feel good look book consultation confidence salud oral alla estetica combinamos diagnostico preciso tecnologia moderna atencion clinica cuidadosa lograr resultados sienten ven agenda valoracion confianza dentalcare oralhealth professionaldentistry healthysmiles dentalclinic puertovallarta saveyourtooth puertovallartamexico tratamientodeconducto salvatudiente,mix,puerto_vallarta
31316,aprovecha increible promocion febrero cuota inscripcion valido mes puertovallartamexico gymmotivation lifefitnessgym gimnasio defebrero,mix,puerto_vallarta
31321,conoce instalaciones cumple metas alcanza potencial gymmotivation puertovallartamexico fitnessmotivation lighweight,mix,puerto_vallarta
31325,semana puerto vallarta amigos puertovallartamexico,mix,puerto_vallarta
31327,puerto vallarta puertovallarta puertovallartamexico bearweek beefdip beefdip,mix,puerto_vallarta
31331,puertovallartamexico fotografia,mix,puerto_vallarta
31332,contraste puertovallartamexico fotografia,mix,puerto_vallarta
31333,vallarta puertovallartamexico fotografia,mix,puerto_vallarta
31345,vivamexico puertovallartamexico latinaforeva immigrantsmakeamericagreat friendsforever,mix,puerto_vallarta
31348,amazing pv puertovallartamexico puertovallarta,mix,puerto_vallarta
31354,salty air frizzy hair mexicomagico travel mexicotravel puertovallartamexico beaches,mix,puerto_vallarta
31355,ramo rosas boton detalleseternosconliston diadesanvalentin defebrero puertovallartamexico fypage,mix,puerto_vallarta
31356,sunset sips first day puerto vallarta puertovallartamexico margarita pinacolada,mix,puerto_vallarta
31362,fiesta superwendycantinapv party puertovallartamexico superwendyqueenpv gaypvcom thebestplace,mix,puerto_vallarta
31364,vallarta pt puertovallartamexico,mix,puerto_vallarta
31365,esculturas puerto vallarta recorrido imperdible malecon vallarta puertovallarta vallarta puertovallartamexico maleconpuertovallarta puertovallartamexico,mix,puerto_vallarta
31366,sit back relax beautiful condo located heart puerto vallarta bedroom bath prime location walking distance many local markets walmart cruise ship port local restaurants https www cblacosta com galeritas inmueblespuertovallarta coldwellbankerlacosta modernmexico vidadelujo moveinready puertovallarta viviendamoderna outdoorliving outdoorspace puertovallarta puertovallarta puertovallartamexico puertovallartamexico puertovallartarealestate puertovallartamexico realestate realestatetips realestatemarket realestateforsale realestateinvestment mexico mexicotravel expats expatslife expatsabroad beach,mix,puerto_vallarta
31374,lunes inicio semana cursos puertovallarta pitillal puertovallartamexico bkprofessionalcenter,mix,puerto_vallarta
31379,alebrijes painted brighten vibes bedroom fixing canvases magical creatures alebrijes mexicanartist puertovallartamexico,mix,puerto_vallarta
31382,puertovallarta puertovallartamexico puertovallartarealestate puertovallartabeach,mix,puerto_vallarta
31383,puertovallartabeach puertovallarta puertovallartarealestate puertovallartamexico,mix,puerto_vallarta
31384,inigualable puertovallarta puertovallartamexico puertovallartarealestate puertovallartabeach,mix,puerto_vallarta
31388,doll sbeautyoficial daniela efs puertovallartamexico makeup girls shoponline,mix,puerto_vallarta
31389,bad bunny nombre benito antonio martinez ocasio deje creer creer puertovallartamexico badbonny superbowl,mix,puerto_vallarta
31390,idea vivir vida disfrutarla style beachlife puertovallartamexico,mix,puerto_vallarta
31391,puertovallartamexico puertovallarta vacation beach life,mix,puerto_vallarta
31393,puerto vallarta urgiaaaan vacaciones playa vacaciones puertovallartamexico paratiiiiiiiiiiiiiiiiiiiiiiiiiiiiiii,mix,puerto_vallarta
31399,beach pool margarita club repeat travel puertovallartamexico,mix,puerto_vallarta
31403,love mexico nayarit puertovallartamexico,mix,puerto_vallarta
31407,hike c corrientes puerto vallarta puertovallarta puertovallartamexico jalisco vallarta colomitos,mix,puerto_vallarta
31411,star experience important travel see recent guest say experience villa coming starreview starservice villapuravidapv puertovallarta puertovallartamexico vallarta luxurypoolvilla pvr pv travelgram wanderlusting poolife beachlife vacaymode vacayvibes paradise,mix,puerto_vallarta
31415,ay jalisco rajes puertovallartamexico vallarta,mix,puerto_vallarta
31419,pedicure manicure puertovallartamexico manicurista,mix,puerto_vallarta
31421,eating drinking adventure puertovallartamexico vacation,mix,puerto_vallarta
31422,infinity pool time endless great stress eliminator puertovallartamexico almarresort pooltime,mix,puerto_vallarta
31423,perfect senior trip seniortrip puertovallartamexico,mix,puerto_vallarta
31424,set volumen tecnologico lashes lashes pestanas bkprofessionalcenter fypage puertovallartamexico,mix,puerto_vallarta
31425,nails nails sofgeltips bkprofessionalcenter fypage puertovallartamexico,mix,puerto_vallarta
31426,lashes lashes pestanas bkprofessionalcenter fypage puertovallartamexico,mix,puerto_vallarta
31427,set hibrido lashes agendaste lashes pestanas bkprofessionalcenter fypage puertovallartamexico,mix,puerto_vallarta
31429,puertovallartamexico fypage fypage playa atardecer,mix,puerto_vallarta
31433,puerto vallarta vallarta puertovallartamexico jalisco,mix,puerto_vallarta
31437,dump vallarta mar entendi merezco momentos bearweek puertovallartamexico bear potoursinos,mix,puerto_vallarta
31440,garritas listas amor sorprendan agenda cita puertovallartamexico puertovallartamexico puertovallartajalisco puertovallartawedding,mix,puerto_vallarta
31441,puerto vallarta malecon vallarta vibra tranquilita sayulita san pancho joyita lugar marcos visita arcos safari ballenas puertovallartamexico,mix,puerto_vallarta
31447,mismaloya beach puerto vallarta jalisco https promovisionpv com mismaloya beach in puerto vallarta jalisco puertovallarta tourism travelgirls travelguide travelvideo travelbloggers puertovallartamexico visitpuertovallarta beachvacation exploremexico travelmexico puertovallartatravel travelguide traveltips travelbloggerlife solotravel,mix,puerto_vallarta
31448,puerto vallarta travel guides https promovisionpv com puerto vallarta travel guides puertovallarta tourism travelgirls travelguide travelvideo travelbloggers puertovallartamexico visitpuertovallarta beachvacation exploremexico travelmexico puertovallartatravel travelguide traveltips travelbloggers solotravel,mix,puerto_vallarta
31449,puerto vallarta travel guides https promovisionpv com puerto vallarta travel guides puertovallarta tourism travelgirls travelguide travelvideo travelblog puertovallartamexico visitpuertovallarta beachvacation exploremexico travelmexico puertovallartatravel travelguide traveltips travelbloggers solotravel,mix,puerto_vallarta
31450,puerto vallarta travel guides https promovisionpv com puerto vallarta travel guides puertovallarta tourisme travel travelguide travelvideo travelblog puertovallartamexico visitpuertovallarta beachvacation exploremexico travelmexico puertovallartatravel travelguide traveltips travelbloggers solotravel,mix,puerto_vallarta
31453,animalsofpuertovallarta animals puertovallartamexico cuties wildpomeranian,mix,puerto_vallarta
31454,encanta vallarta amigos gente quiero puertovallartamexico beefdipbearweek bears,mix,puerto_vallarta
31457,palmeras viento nature naturaleza puertovallartamexico,mix,puerto_vallarta
31468,departamento renta villas rio long term rental caracteristicas features habitaciones bedrooms bano completo full bathroom cocina totalmente equipada fully equipped kitchen area lavado lavadora secadora laundry area washer dryer teatro casa sala cocina home theater living room kitchen aire acondicionado departamento c throughout apartment er nivel escaleras rd floor stairs only servicios independientes utilities included luz agua gas wifi electricity water gas wifi preferencia preference mascotas pets renta mensual monthly rent mxn informacion agendar visita contactame for information schedule visit contact karina castellanos real estate agent g realty group casaspuertovallarta puertovallarta ventadeinmuebles realestatelife puertovallartajalisco ventadecasa departamentos inmueblesvallarta realestatepv casasenventa realestateagent inmueblesvallarta puertovallarta realestatetips puertovallartamexico venta casasmodernas realestate puertovallarta puertovallartamexico,mix,puerto_vallarta
31470,playaplaya puertovallartamexico parati viral foryou,mix,puerto_vallarta
31472,atv pv baby atv puertovallartamexico vacation,mix,puerto_vallarta
31473,tequila sunset puertovallartamexico,mix,puerto_vallarta
31477,looking something little beaten path puerto vallarta that grand miramar exudes sophistication puertovallarta puertovallarta puertovallartamexico grandmiramor grandmiramarpuertovallarta grandmiramarpv,mix,puerto_vallarta
31481,day beach early morning sunset puerto vallarta puertovallartamexico,mix,puerto_vallarta
31483,pv photo dump favorite people puertovallartamexico almar mantamar beefdip instagay,mix,puerto_vallarta
31487,playa feliz puerto vallarta mexico beachlife mexico,mix,puerto_vallarta
31490,girgit iguana puertovallartamexico,mix,puerto_vallarta
31494,prefer breakfast float marivalarmony marivalresorts puertovallartamexico thesocialpassport,mix,puerto_vallarta
31498,comparto resultado tattoo recuerden agenda abierta xolotattoo pv manden dm citas cotizaciones tattoo blackandgreytattoo puertovallartamexico tattooartists pitillal,mix,puerto_vallarta
31499,sold out don t wait long book viewing units sell fast https www cblacosta com galeritas modernmexico inmueblespuertovallarta outdoorspace puertovallarta outdoorliving viviendamoderna coldwellbankerlacosta moveinready vidadelujo puertovallarta puertovallarta puertovallartamexico puertovallartamexico puertovallartarealestate puertovallartamexico realestate realestatetips realestatemarket realestateforsale realestateinvestment mexico mexicotravel expats expatslife expatsabroad,mix,puerto_vallarta
31500,promovisionpv com travel guide puerto vallarta https promovisionpv com promovisionpv com travel guide puerto vallarta puertovallarta tourism travelgirls travelguide travelvideo travelblog puertovallartamexico visitpuertovallarta vacationrentals exploremexico travelmexico puertovallartatravel travelguide traveltips travelbloggers solotravel,mix,puerto_vallarta
31501,enjoy book dark party pass dm us book reservation now puertovallarta puertovallartamexico visitpuertovallarta puertovallartajalisco ptovallarta,mix,puerto_vallarta
31516,vallarta things favorite humans puertovallarta amigos beach friends vibes,mix,puerto_vallarta
31517,satisfaccion garantizada hamburger yellow heart hamburguesa suenos espera cantaro guaranteed satisfaction hamburger yellow heart burger dreams waiting cantaro round pushpin basilio badillo zona romantica emiliano zapata puerto vallarta jal decantaro puertovallarta zonaroma ntica drinks petfriendly hamburguesa,mix,puerto_vallarta
31520,che bella cosa jurnata sole dizzy tattoopv tattooideas tattooartistpuertovallarta puertovallarta tattooartist fineline,mix,puerto_vallarta
31521,amor sanvalentin puertovallarta mariachi fiestajalisciensepv,mix,puerto_vallarta
31523,invierte paneles solares sun rendimiento logra instalacion profesional mantenimiento adecuado expertos man construction worker light skin tone acompanan asegurando sistema funcione eficiente segura anos light bulb ahorra energia wrench manten inversion protegida seedling cuida planeta contactanos recibe asesoria personalizada information laptop mobile phone with arrow wa telephone receiver round pushpin avila camacho col lazaro cardenas puerto vallarta jalisco panelessolares puertovallarta panelsolar mantenimiento energiasolar,mix,puerto_vallarta
31532,lugar reconoce lejos recuerda sparkles sabores tradicion ambiente corazon puerto vallarta fork and knife with plate andariego visita disfruta elandariego elandariegopv puertovallarta restaurantespv saboresdevallarta vallartaeats comidamexicana foodiepv ambientevallarta visitavallarta pvlife hechoenvallarta fork and knife with plate herb,mix,puerto_vallarta
31538,alguien guste sunset mexico sun water wave sunrise sailboat puertovallarta jalisco mexico,mix,puerto_vallarta
31539,lunes sparkles sparkles inicio semana smiling face with open hands cursos puertovallarta pitillal puertovallartamexico bkprofessionalcenter,mix,puerto_vallarta
31541,fernando penalva use dispositive capture three dimensional images oral cavity quickly accurately various treatments fernando penalva utiliza dispositivo capturar imagenes tridimensionales cavidad bucal forma rapida precisa diversos tratamientos agenda book alvaclinicadental dentista puertovallarta plazamarina tratamientodental saludbucal,mix,puerto_vallarta
31543,mejores momentos disfrutan compania red heart ven comparte risas recuerdos villita lavillita puertovallarta buffetpuertovallarta,mix,puerto_vallarta
31544,sparkles opaeloriginal greek puertovallarta opa quote comidagriega,mix,puerto_vallarta
31549,faja lumbar reforzada manual wheelchair motorized wheelchair crutch acompanandote recuperacion bienestar manual wheelchair motorized wheelchair crutch sucursal puerto vallarta pushpin independencia pitillal puerto vallarta green circle whatsapp telephone sucursal bahia banderas pushpin ubicados blvd acceso mss cuadra hospital general zona imss bahia banderas nayarit mexico green circle whatsapp guantesnitrilo microdacynn todoroque pitillal mezcales bahiadebanderas puertovallarta cabocorrientes altavela gasa fajas silladeruedas muletas andaderas ferula bastones mediasdecompresion colchonantillaga camahospital camashospitalarias,mix,puerto_vallarta
31554,puertovallarta airplane noticias consumidores shopping bags vacaciones ano region registraron quejas profeco cifra minima pese aumento visitantes compras check mark button paso casos eyes backhand index pointing right conoce detalles metropolibahia jafrico,mix,puerto_vallarta
31575,sun puertovallarta,mix,puerto_vallarta
31581,sparkles mirror ball pista custom print modulos mirror ball sparkles movie camera curiel producciones creamos pistas baile marcan diferencia woman dancing ocasion instalamos pista custom print modulos perfecta toque personalizado unico evento dizzy diseno medida dizzy acabado impecable dizzy ideal eventos sociales celebraciones especiales envelope with arrow contactanos backhand index pointing right mobile phone mobile phone mobile phone with arrow whatsapp envelope with arrow produccionescuriel com envelope with arrow curielproducciones com round pushpin ubicacion curielproducciones pistasdebaile escenarioparaeventos organizaciondeeventos puertovallarta,mix,puerto_vallarta
31584,whatsapp celular flecha celular flecha andrealotienetodo andrea sansonlinepv puertovallarta,mix,puerto_vallarta
31596,suden mexikos auf der pazifikseite empfehlen wir urlaub zipolite strand gut geeignet zum abschluss einer mexiko rundreise baden der strand ist einer der wenigen mexiko dem offiziell nudisten erlaubt sind ist aber auch bei surfern beliebt und zieht eine eher lockere entspannte gemeinschaft touristen seinen bann coole urlaubsidee planreisen dieganzeweltdesreisens reiseburofrankfurt reiseburoinfrankfurt reiseberater booklocaltravelglobal urlaubsberatung pauschalreise gruppenreise asienspezialist zipolite gaybeach puertovallarta urlaubinmexiko mexikourlaub strandurlaub rundreisemexiko kombinationsurlaub mexicotrip surfurlaub playazipolite visitmexico visitamerica mayakultur vamosalaplaya beachvacation nudistbeach tacojuan,mix,puerto_vallarta
31597,oasis hidden plain site puertovallarta casakimberly luxuryhotels,mix,puerto_vallarta
31601,police car light camioneta salio camino kilometro autopista compostela puertovallarta reporta persona muerta lesionada police car light,mix,puerto_vallarta
31604,depa puerto vallarta palm tree water wave beach with umbrella double exclamation mark apartalo keycap keycap keycap keycap keycap keycap mxn double exclamation mark corazon puerto vallarta habitat frente gasolinera costco restaurante alcatraces office building unidades kaaba locales comerciales leaf fluttering in wind fachadas verdes automobile estacionamiento subterraneo locked with key acceso controlado amenidades infinity pool terraza bar lounge bar lounge banos regaderas gimnasio zona wifi area bbq pet park area infantil aire pit daybeds asoleaderos yamilet najera informacion contamos mejores desarrollos puerto vallarta alrededores puertovallarta rivieranayarit vacaciones seguridad inversio ninteligente expertosinmobiliarios gym albercaprivada condominiosdelujo fluvialvallarta,mix,puerto_vallarta
31608,churro mexico puerto vallarta home homedecor painting mexico puertovallarta,mix,puerto_vallarta
31610,cooking ink fire tatuajecolor sayulita puertovallarta fullcolor cocinasaludable,mix,puerto_vallarta
31611,actual real tacos mont tacos loudly crying face puertovallarta,mix,puerto_vallarta
31612,st port facilmente excursion puerto vallarta,mix,puerto_vallarta
31613,cara tarjeta credito headphone puertovallarta,mix,puerto_vallarta
31619,miedo graffiti streetartpuertovallarta,mix,puerto_vallarta
31620,puertovallarta puertovallartamexico puertovallartarealestate puertovallartabeach,mix,puerto_vallarta
31621,puertovallartabeach puertovallarta puertovallartarealestate puertovallartamexico,mix,puerto_vallarta
31626,lunes cawa especial norteno vivo entrada gratis informes reserva whatsapp http bit ly whatsapppkdo pkdo pkdor puertovallarta lunesdecawa nortenoenvivo,mix,puerto_vallarta
31634,vallarta things favorite humans puertovallarta amigos beach friends vibes,mix,puerto_vallarta
31638,che bella cosa na jurnata sole tattoopv tattooideas tattooartistpuertovallarta puertovallarta tattooartist fineline,mix,puerto_vallarta
31639,amor sanvalentin puertovallarta mariachi fiestajalisciensepv,mix,puerto_vallarta
31642,vacaya crucero caribe libro resort lujo mexico kgaytravel com kgayvacaya puertovallarta kgaytravel gaytravel gaytravelagent gaycruise traveltip cruiselife crucero gayfollow gaybeach gaypv gaymentravel gaystraveltoo gaytraveller gayfollows gaycation gayfollowers gayfollowback gayvacation sundayfeels sundayvibe gayblogger travelbloggerslife http eepurl com jyzqvw,mix,puerto_vallarta
31643,vacaya crucero caribe libro resort lujo mexico kgaytravel com kgayvacaya puertovallarta kgaytravel gaytravel gaytravelagent gaycruise traveltip cruiselife crucero gayfollow gaybeach gaypv gaymentravel gaystraveltoo gaytraveller gayfollows gaycation gayfollowers gayfollowback gayvacation sundayfeels sundayvibe gayblogger travelbloggerslife http eepurl com jyzqvw,mix,puerto_vallarta
31646,lindo playa descanso azul puertovallarta,mix,puerto_vallarta
31653,amor comienza detalle info catalogo whatsapp https wa consulta seccion san valentin entregas febrero flores puerto vallarta envio puertovallarta candicandipv amor sanvalentin,mix,puerto_vallarta
31655,mezcalita jamaica equilibrio perfecto acido floral disfruta arena pies mar fondo rico trago acompana platicas largas ritmo tranquilo playa invitamos probarlo proxima visita reservaciones reservations pm pv zona romantica https goo gl maps xcpe ouafhb co cantodelmar puertovallarta restaurant mariscos beachfront beachlife drinks seafood mariscosenpuertovallarta,mix,puerto_vallarta
31657,lunes inicio semana cursos puertovallarta pitillal puertovallartamexico bkprofessionalcenter,mix,puerto_vallarta
31659,dr fernando penalva use dispositive capture three dimensional images oral cavity quickly accurately various treatments dr fernando penalva utiliza dispositivo capturar imagenes tridimensionales cavidad bucal forma rapida precisa diversos tratamientos agenda book now alvaclinicadental dentista puertovallarta plazamarina tratamientodental saludbucal,mix,puerto_vallarta
31661,mejores momentos disfrutan compania ven comparte risas recuerdos villita lavillita puertovallarta buffetpuertovallarta,mix,puerto_vallarta
31662,opaeloriginal greek puertovallarta opa quote comidagriega,mix,puerto_vallarta
31688,boda playa ponemos musica luces pista professional dj audio illumination dance floor screens photobooth dj events puerto vallarta puertovallartawedding puertovallarta wedding events djpuertovallarta,mix,puerto_vallarta
31693,puertovallarta,mix,puerto_vallarta
31694,vacaya crucero caribe libro resort lujo mexico kgaytravel com kgayvacaya puertovallarta kgaytravel gaytravel gaytravelagent gaycruise traveltip cruiselife crucero gayfollow gaybeach gaypv gaymentravel gaystraveltoo gaytraveller gayfollows gaycation gayfollowers gayfollowback gayvacation sundayfeels sundayvibe gayblogger travelbloggerslife http eepurl com jyzqvw,mix,puerto_vallarta
31702,whatsapp andrea lotienetodo andrea sans online pv puerto vallarta,mix,puerto_vallarta
31705,delicate fresh simply amazing sendo sake bar pm pm omakase pm pm sendopv omakaseexperience sakebar puertovallarta,mix,puerto_vallarta
31714,im suden mexikos auf der pazifikseite empfehlen wir urlaub zipolite strand gut geeignet zum abschluss einer mexiko rundreise zu baden der strand ist einer der wenigen mexiko dem offiziell nudisten erlaubt sind er ist aber auch bei surfern beliebt und zieht eine eher lockere entspannte gemeinschaft touristen seinen bann coole urlaubsidee planreisen dieganzeweltdesreisens reiseburofrankfurt reiseburoinfrankfurt reiseberater booklocaltravelglobal urlaubsberatung pauschalreise gruppenreise asienspezialist zipolite gaybeach puertovallarta urlaubinmexiko mexikourlaub strandurlaub rundreisemexiko kombinationsurlaub mexicotrip surfurlaub playazipolite visitmexico visitamerica mayakultur vamosalaplaya beachvacation nudistbeach tacojuan,mix,puerto_vallarta
31719,camioneta salio camino kilometro autopista compostela puertovallarta reporta persona muerta lesionada,mix,puerto_vallarta
31726,churro st mexico puerto vallarta home homedecor painting mexico puertovallarta,mix,puerto_vallarta
31728,cooking ink tatuajecolor sayulita puertovallarta fullcolor cocinasaludable,mix,puerto_vallarta
31729,actual real tacos mont tacos puertovallarta,mix,puerto_vallarta
31730,st port facilmente excursion puerto vallarta,mix,puerto_vallarta
31731,cara tarjeta credito puertovallarta,mix,puerto_vallarta
31735,super bowl exclusive event audi resort wpuntademita dj puertovallarta mexico beach,mix,puerto_vallarta
31737,miedo graffiti streetart puertovallarta,mix,puerto_vallarta
31738,puertovallarta puertovallartamexico puertovallartarealestate puertovallartabeach,mix,puerto_vallarta
31739,puertovallartabeach puertovallarta puertovallartarealestate puertovallartamexico,mix,puerto_vallarta
31749,beach vibes semana vivio maximo disfruto puertovallarta beachweek mantamar bearweek vallarta,mix,puerto_vallarta
31751,vallartazo vallarta playa primos familia atardecer,mix,puerto_vallarta
31752,karma existio hamsa ringed planet sparkles vallarta manifestations,mix,puerto_vallarta
31755,kiss mark hamsa fire gay strippers vallarta gym,mix,puerto_vallarta
31766,jalisco rajes puertovallartamexico vallarta,mix,puerto_vallarta
31767,german beer vallarta sparkles water wave sun,mix,puerto_vallarta
31768,eat mor home made tacos vallarta,mix,puerto_vallarta
31776,double exclamation mark vende terreno ixtapa jal double exclamation mark facilidades excelente ubicacion red circle mins vallarta red circle terreno mts red heart excelente ubicacion farmacia guadalajara centro ixtapa check mark button pesos contado stop sign precio terreno pagos er pago resto papeles regla check mark button excelente ubicacion negocio casa construir departamentos interesados favor llamar enviar whatsapp mobile phone with arrow keycap keycap keycap keycap keycap keycap keycap keycap keycap keycap mobile phone with arrow keycap keycap keycap keycap keycap keycap keycap keycap keycap keycap bienesraices bienesraices ixtapajalisco vallarta puertovallarta ptovallarta venta terreno ventaterreno ventaterrenos ventaterrenosycasas,mix,puerto_vallarta
31777,recuperar sol beefdip vallarta camisa orgullo gordito,mix,puerto_vallarta
31779,vallarta fishing vibes retroceso sashimionbarco vallarta pescaconninos puravida,mix,puerto_vallarta
31780,puerto vallarta vallarta puertovallartamexico jalisco,mix,puerto_vallarta
31783,sunrise water wave dolphin quedes ganas vivir increibles puerto vallarta water wave dolphin sunrise star star star star star hotel krystal star star star star star sparkles marzo sparkles office building estancia plan incluido airplane vuelo redondo saliendo morelia smiling face with sunglasses equipaje documentao beach with umbrella costo personas calendar noches bullseye tarifas sujetas disponibilidad momento reserva backhand index pointing right contactanos consulta promociones disponibles tarjetas participantes whatsapp mobile phone with arrow ubicamos backhand index pointing down rio amatlan col cuauhtemoc morelia mich pushpin playa vacaciones krystalvallarta todoincluido funandtravel agenciadeviajes reservaconnosotros puertovallarta vacacionesenlaplaya viajes turismonacional vuelosmorelia vacaciones vallarta,mix,puerto_vallarta
31786,clasicos ponen romanticos temporada sparkles sabores amas detalle extra celebrar san valentin heart with ribbon round pushpin disponibles temporada sucursales camera with flash perfectos compartir winking face vallarta puertovallarta sanvalentin postres regalo,mix,puerto_vallarta
31789,amor serendipia espera puertas abiertas comparte momento especial persona favorita esperamos serendipia cafe cafeteria vallarta puertovallarta,mix,puerto_vallarta
31791,auratravel krystalgrand vallarta,mix,puerto_vallarta
31795,tumbler glass equilibrio elegancia precision trago tumbler glass whisky japones disfruta calma atencion detalle perfiles frescos versatiles mezclas profundas armoniosas botellas ideales darte gusto especial sparkles suaves complejos perfectamente balanceados toma tiempo disfruta whisky round pushpin disponible expendio coyul mobile phone with arrow pregunta disponibilidad servicio domicilio delivery truck expendioelcoyul whiskyjapones buengusto regaloperfecto whiskylovers vallarta,mix,puerto_vallarta
31797,palm tree coconut vallarta vallartalife vallartalifestyle vallartavibes,mix,puerto_vallarta
31806,tirolesa relax aventura natureza vallarta,mix,puerto_vallarta
31808,funny candy penis vallarta mazapan,mix,puerto_vallarta
31810,viajes beachlife vallarta,mix,puerto_vallarta
31812,corazones lados love letter nails sanvalentin vallarta nails,mix,puerto_vallarta
31816,good vibes ocean breeze perfect soundtrack mantamar beach club sweat droplets sun telephone receiver mail info com mantamar lovemantamar almarresort gaytravel puertovallarta vallarta lgbt almarhotel,mix,puerto_vallarta
31817,mermaid light skin tone golden sailboat puertovallarta vallarta puertovallartamexico jalisco jaliscoesmexico water wave,mix,puerto_vallarta
31820,krono sparkles sparkles sparkles round pushpin vallarta,mix,puerto_vallarta
31821,bearadise vallarta,mix,puerto_vallarta
31822,wacha checa toco nacer palm tree green heart puertovallarta vallarta jalisco,mix,puerto_vallarta
31826,tatuajes recientes sunset hija black heart black cat quieres algun tatuaje mandame tatuando pitillal centro puerto vallarta beach with umbrella house fyp fyp vallarta puertovallarta tattoo,mix,puerto_vallarta
31828,arrastrar noches geniales momento marca beso brilla reinas feroces vibraciones noches inolvidables unirse telefono receptor carta amor thetopmanager com thetoppv almarresort gaypv puertovallarta vallarta instalove gaytravel gaylatino thetop cena cocteles,mix,puerto_vallarta
31829,planes simples disfrutan ideal febrero escribenos pedir telephone sanvalentin charcuteria vallarta puertovallarta,mix,puerto_vallarta
31836,san sebas mountain cactus leafless tree sansebastiandeloeste jalisco labufa vallarta,mix,puerto_vallarta
31841,winter sunsets sunrise sunset atardecer goldenhour vallarta,mix,puerto_vallarta
31847,experiencia sentir flamingo vallarta instante fluye calma calidez estilo invita desconectar haz reserva telefono movil flecha via whatsapp globo meridianos sitio web hotelflamingo flamingovallarta vallarta flamingovallartahotelymarina,mix,puerto_vallarta
31850,hourglass not done ventana mar looking buy puertovallarta realestate vallarta conchaschinas,mix,puerto_vallarta
31856,paraiso caro flamingo vallarta siente sueno gastar dinero ven disfrutar reserva via whatsapp sitio web www flamingovallarta com hotelflamingo flamingovallarta vallarta flamingovallartahotelymarina,mix,puerto_vallarta
31858,playa vallarta sol vacaciones playa,mix,puerto_vallarta
31860,beach vibes semana vivio maximo disfruto puertovallarta beachweek mantamar bearweek vallarta,mix,puerto_vallarta
31862,vallartazo vallarta playa primos familia atardecer,mix,puerto_vallarta
31863,karma existio vallarta manifestations,mix,puerto_vallarta
31864,drag brunch top fondo mimosas vibra mantiene energia alta brunch thetopmanager almarresort com thetoppv almarresort gaypv puertovallarta vallarta instalove gaytravel gaylatino thetop cena cocteles,mix,puerto_vallarta
31866,gay strippers vallarta gym,mix,puerto_vallarta
31868,hike c corrientes puerto vallarta puertovallarta puertovallartamexico jalisco vallarta colomitos,mix,puerto_vallarta
31870,boletos vivo sitio web domingo marzo pm medianoche centro convenciones vallarta https www lowkeykarma com presente traer equipo vallarta rockfestival livemusic ticketsonsale,mix,puerto_vallarta
31873,star experience important travel see recent guest say experience villa coming starreview starservice villapuravidapv puertovallarta puertovallartamexico vallarta luxurypoolvilla pvr pv travelgram wanderlusting poolife beachlife vacaymode vacayvibes paradise,mix,puerto_vallarta
31874,sociales naturales bonitos ayer maquillaje sociales fiesta maquillista vallarta,mix,puerto_vallarta
31875,rudygram vallarta puertovallarta cazachacales,mix,puerto_vallarta
31877,ay jalisco rajes puertovallartamexico vallarta,mix,puerto_vallarta
31878,german beer vallarta,mix,puerto_vallarta
31879,eat mor home made tacos vallarta,mix,puerto_vallarta
31888,recuperar beefdip vallarta orgullo gordito camisa,mix,puerto_vallarta
31890,vallarta fishing vibes retroceso sashimionbarco vallarta pescaconninos puravida,mix,puerto_vallarta
31891,puerto vallarta vallarta puertovallartamexico jalisco,mix,puerto_vallarta
31900,amor serendipia espera puertas abiertas comparte momento especial persona favorita esperamos serendipia cafe cafeteria vallarta puertovallarta,mix,puerto_vallarta
31901,dj paskal daze bringing party mantamar todayget ready epic day sun don t miss itsee poolside district events mtl reserve rp mantamarvallarta com puertovallarta vallarta gaymexico gaylatino,mix,puerto_vallarta
31902,auratravel krystalgrand vallarta,mix,puerto_vallarta
31908,vallarta vallartalife vallartalifestyle vallartavibes,mix,puerto_vallarta
31917,tirolesa relax aventura natureza vallarta,mix,puerto_vallarta
31918,post vibes playa vallarta,mix,puerto_vallarta
31919,funny candy penis vallarta mazapan,mix,puerto_vallarta
31920,toco poolparty poolclubpv casacupula vallarta,mix,puerto_vallarta
31921,viajes beachlife vallarta,mix,puerto_vallarta
31923,mes corazones lados nails sanvalentin vallarta nails,mix,puerto_vallarta
31927,good vibes ocean breeze perfect soundtrack this mantamar beach club info mantamarvallarta com mantamar lovemantamar almarresort gaytravel puertovallarta vallarta lgbt almarhotel,mix,puerto_vallarta
31931,marcfire drag krono poolclubpv vallarta,mix,puerto_vallarta
31932,bearadise vallarta,mix,puerto_vallarta
31933,wacha checa toco nacer puertovallarta vallarta jalisco,mix,puerto_vallarta
31936,playa vallarta beach sun sunshine sunset girls latina playaplaya lifestyle,mix,puerto_vallarta
31937,tatuajes recientes sunset hija quieres algun tatuaje mandame dm tatuando pitillal centro puerto vallarta xolotattoo pv fyp fyp vallarta puertovallarta tattoo,mix,puerto_vallarta
31939,noches arrastre top momento reinas feroces vibra noches inolvidables unete thetopmanager almarresort com thetoppv almarresort gaypv puertovallarta vallarta instalove gaytravel gaylatino thetop cena cocteles,mix,puerto_vallarta
31940,planes simples disfrutan ideal febrero escribenos pedir sanvalentin charcuteria vallarta puertovallarta,mix,puerto_vallarta
31947,san sebas sansebastiandeloeste jalisco labufa vallarta,mix,puerto_vallarta
31951,fotomaton padel vallarta fiesta amor,mix,puerto_vallarta
31952,winter sunsets sunset atardecer goldenhour vallarta,mix,puerto_vallarta
31958,experiencia sentir flamingo vallarta instante fluye calma calidez estilo invita desconectar haz reserva via whatsapp sitio web www flamingovallarta com hotelflamingo flamingovallarta vallarta flamingovallartahotelymarina,mix,puerto_vallarta
31961,ventana mar looking buy puertovallarta realestate vallarta pv conchaschinas,mix,puerto_vallarta
31962,puertovallarta vallartaadventures yelapa vacaciones,mix,puerto_vallarta
31970,compass join small groups local guide tropical fish whale fish vallartanaturetrips vallarta vallartaadventures puertovallarta,mix,puerto_vallarta
31974,shots jade headed excursion puerta vallarta cruiseadventures cruisenorwegian vallartaadventures mexicancruise cruiseaddict,mix,puerto_vallarta
31975,great trip miss puertovallarta mexico vallarta puertovallartamexico jalisco rivieranayarit visitpuertovallarta beach nuevovallarta travel puertovallartajalisco puertovallartagay sayulita vacation visitmexico playa sunset cancun nayarit vallartaadventures beachlife bucerias zonaromantica puntamita puertovallartaphotographer gay puertovallartafood guadalajara mazatlan,mix,puerto_vallarta
31987,caletasvallartaadventuresbeachvibes,mix,puerto_vallarta
31998,azul calma blue heart nuevonayarit vallartaadventures blue retrofoto calmainterior,mix,puerto_vallarta
32002,ballenas spouting whale visitpuertovallarta vallartaadventures,mix,puerto_vallarta
32004,gotcha vallarta puertovallarta jalisco vallartaadventures jaliscomexico,mix,puerto_vallarta
32009,water wave vallartaadventures,mix,puerto_vallarta
32010,mexico real tours create fully personalized travel experiences tailored pace interests way exploring mexico also take unique destinations yelapa jalisco hidden magical village surrounded jungle ocean accessible water taxi yelapa welcomes pristine beaches natural waterfalls peaceful streets authentic atmosphere helps disconnect world reconnect truly matters sparkles experience mexico real local unforgettable way round pushpin book personalized tour today discover yelapa ever mexico real tours creamos experiencias viaje personalizadas disenadas ritmo intereses forma descubrir mexico llevamos destinos unicos yelapa jalisco pueblo magico escondido selva mar llegar taxi acuatico yelapa espera playas virgenes cascadas naturales calles tranquilas vibra autentica hara desconectarte mundo conectar esencial sparkles vive mexico forma real local memorable round pushpin reserva tour personalizado descubre yelapa toursbylocals puertovallartamexico vallartajalisco vallartamx toursprivados toursprivadosyguiados toursprivadosmx toursprivadosvallarta vallartaadventures travelers mexicorealtours yelapa yelapabeach,mix,puerto_vallarta
32011,party popper bottle with popping cork clinking glasses secure vip tables hottest clubs puerto vallarta puertovallarta puertovallartamexico puertovallartajalisco welovepv vallartaadventures puertovallartatrip mexicotravel travelmexico visitpuertovallarta afterdarkvallarta nightlife bottleservice partylife lifeoftheparty pvnightlife vallartanights nightlifestyle vallartanightlife popbottles enpuertovallarta puertovallarta pv mexico puertovallartamexico mandalavallarta lavaquitavallarta lasantapuertovallarta puertovallarta pv,mix,puerto_vallarta
32012,puerto vallarta mexico survival training adventure modus smiling face with sunglasses zipline abseilen rutschen weltreise aidaweltreise aidacruises aidadiva puertovallarta mexico vallartaadventures,mix,puerto_vallarta
32013,happy birthday sparkles red heart gracias castro regalo cumpleanos encanto super recomendado paseo ritmosdelanoche puertovallarta vallartaadventures happybirthday,mix,puerto_vallarta
32018,kayaking ocean puertovallartamexico vallartaadventures familytrip,mix,puerto_vallarta
32024,smiling face with sunglasses check amazing events excursions offer make puerto vallarta trip amazing one click puertovallartabeach puertovallarta puertovallartamexico puertovallartajalisco ptovallarta vallarta vallartaadventures puertovallartatrip beach beachday lifesabeach paradise wanderlust afterdarkvallarta vacation springbreak beachdaze visitpuertovallarta paradisefound tropicalvibes vallartaviews puertovallarta zipline atv ptovallarta puertovallarta conocevallarta pv mexico mexico,mix,puerto_vallarta
32025,studs dvc blessed vallarta studs leatherbar vallartaadventures vallartagay,mix,puerto_vallarta
32032,partying face cocktail glass tropical drink puertovallarta puertovallartamexico puertovallartajalisco welovepv vallartaadventures puertovallartatrip mexicotravel travelmexico visitpuertovallarta afterdarkvallarta nightlife bottleservice partylife lifeoftheparty tripplans pvnightlife vallartanights nightlifestyle lifeoftheparty vip vallartanightlife popbottles enpuertovallarta puertovallarta pv mexico puertovallartamexico mandalavallarta lavaquitavallarta lasantapuertovallarta,mix,puerto_vallarta
32033,snorkeling beach fun majahuitas vallartaadventures,mix,puerto_vallarta
32034,ring vallartalovelypicnics puertovallartapicnics lovelymoviepicnic lovelypicnicsinparadise pedidademanopuertovallarta puertovallartaweddings puertovallartaphotographer puertovallartaphotography vallartaweddings vallartaadventures vidantaworld ludoshow vidantanuevovallarta puertovallarta puertovallartajalisco,mix,puerto_vallarta
32039,desert island sun water wave puertovallartabeach puertovallarta puertovallartamexico puertovallartajalisco ptovallarta vallarta vallartaadventures puertovallartatrip beach beachday lifesabeach paradise wanderlust afterdarkvallarta vacation springbreak beachdaze visitpuertovallarta paradisefound tropicalvibes vallartaviews puertovallarta zipline atv ptovallarta puertovallarta conocevallarta pv mexico pv,mix,puerto_vallarta
32040,partying face book party pass puerto vallarta trip hit hottest clubs style message book puertovallarta puertovallartamexico puertovallartajalisco welovepv vallartaadventures puertovallartatrip mexicotravel travelmexico visitpuertovallarta afterdarkvallarta nightlife bottleservice partylife lifeoftheparty tripplans pvnightlife vallartanights nightlifestyle lifeoftheparty vip vallartanightlife popbottles enpuertovallarta puertovallarta pv mexico puertovallartamexico mandalavallarta lavaquitavallarta lasantapuertovallarta,mix,puerto_vallarta
32041,relax boat vallartaadventures,mix,puerto_vallarta
32042,smiling face with sunglasses puertovallartabeach puertovallarta puertovallartamexico puertovallartajalisco ptovallarta vallarta vallartaadventures puertovallartatrip beach beachday lifesabeach paradise wanderlust afterdarkvallarta vacation springbreak beachdaze visitpuertovallarta paradisefound tropicalvibes vallartaviews puertovallarta zipline atv ptovallarta puertovallarta conocevallarta pv mexico,mix,puerto_vallarta
32044,partying face hit hottest clubs puerto vallarta night book party pass message book puertovallarta puertovallartamexico puertovallartajalisco welovepv vallartaadventures puertovallartatrip mexicotravel travelmexico visitpuertovallarta afterdarkvallarta nightlife bottleservice partylife lifeoftheparty tripplans pvnightlife vallartanights nightlifestyle lifeoftheparty vip vallartanightlife popbottles enpuertovallarta puertovallarta pv mexico puertovallartamexico mandalavallarta lavaquitavallarta lasantapuertovallarta,mix,puerto_vallarta
32046,maravilla atardeceres vallarta podiamos dejar pasar vallarta principeycopper cd puertovallarta playadelosmuertos vallartaadventures vallartagay,mix,puerto_vallarta
32048,day puerto vallarta mexico dolphins sunshine kfc dolphin poultry leg mexico mexico mexico dolphin swim fun funtimes vacation travel international dolphins dolphin dolphinencounter water vallarta vallartaadventures family love pictures post instagram,mix,puerto_vallarta
32052,put hands air raising hands light skin tone coming party puerto vallarta looking book nightlife packages puertovallarta puertovallartamexico puertovallartajalisco welovepv vallartaadventures puertovallartatrip mexicotravel travelmexico visitpuertovallarta afterdarkvallarta nightlife bottleservice partylife lifeoftheparty tripplans pvnightlife vallartanights nightlifestyle lifeoftheparty vip vallartanightlife popbottles enpuertovallarta puertovallarta pv mexico puertovallartamexico mandalavallarta lavaquitavallarta lasantapuertovallarta,mix,puerto_vallarta
32054,ring rose clinking glasses vallartalovelypicnics lovelypicnicsinparadise puertovallarta puertovallartaphotographer puertovallartaweddings vallartaweddings vallartaadventures marryme puertovallartaproposal fotografos shesadyes pedidademano casateconmigo tequierescasarconmigo willyoumerryme,mix,puerto_vallarta
32057,tradicion conocemos resultado siglos mezclas influencias adaptaciones altar danza flor origen profundo revela esencia mexico blossom origenes aprender historia reconectarnos raices entender reconocer riqueza vida costumbres mexico real tours llevamos alla descubre secretos guardados tradiciones pulso mexico autentico vivo celebracion historia rincon sparkles atrevete mexico real every tradition know today result centuries blending inspiration evolution behind every altar every dance every flower lies deeper origin true soul mexico blossom learning roots history reconnecting understanding unites honoring people gave life customs mexico real tours take beyond seen discover best kept secrets traditions feel heartbeat real mexico alive every celebration every story every corner sparkles dare discover real mexico mexicorealtours adventuretime toursmx vivevallarta toursbylocals vallarta vivepuertovallarta toursmexico privatetour vallartaadventures privateausfluge oceanmood privatetourguide vallartaviews tourspersonalizados tbl adventureawaits privateguidedtours ecotourism dayofthedeath diademuertos vivemx toursprivados toursprivadosyguiados,mix,puerto_vallarta
32058,partying face puertovallarta puertovallartamexico puertovallartajalisco welovepv vallartaadventures puertovallartatrip mexicotravel travelmexico visitpuertovallarta afterdarkvallarta nightlife bottleservice partylife lifeoftheparty tripplans pvnightlife vallartanights nightlifestyle lifeoftheparty vip vallartanightlife popbottles enpuertovallarta puertovallarta pv mexico puertovallartamexico mandalavallarta lavaquitavallarta lasantapuertovallarta,mix,puerto_vallarta
32061,ritmos noche passenger ship fire vallartaadventures ritmosdelanoche puertovallarta,mix,puerto_vallarta
32062,salty air sun kissed skin nothing good vibes breezes sailboat sun sailingintoparadise seabreezes puertovallartasailing vallartavibes boatlife sailaway oceandreams losarcospv vallartaadventures paradisefound sailboatlife marinavallarta sunseaandsails pvexperience lifeatsea,mix,puerto_vallarta
32066,beach with umbrella sun water wave puertovallartabeach puertovallarta puertovallartamexico puertovallartajalisco ptovallarta vallarta vallartaadventures puertovallartatrip beach beachday lifesabeach paradise wanderlust afterdarkvallarta vacation springbreak beachdaze visitpuertovallarta paradisefound tropicalvibes vallartaviews puertovallarta zipline atv ptovallarta puertovallarta conocevallarta pv mexico,mix,puerto_vallarta
32068,puertovallarta vallartaadventures yelapa vacaciones,mix,puerto_vallarta
32072,viajes vallartaadventures,mix,puerto_vallarta
32075,start excursion vallarta adventures came across pod dolphins cruiseadventures cruisenorwegian cruiseaddict dolphinsofinstagram vallartaadventures,mix,puerto_vallarta
32076,join small groups local guide vallartanaturetrips vallarta vallartaadventures puertovallarta,mix,puerto_vallarta
32078,puerto vallarta beach puerto vallarta playa vallarta puertovallarta vallartaadventures privatetours toursbylocals,mix,puerto_vallarta
32080,shots norwegiancruiseline jade headed excursion vallarta adventures puerta vallarta cruiseadventures cruisenorwegian vallartaadventures mexicancruise cruiseaddict,mix,puerto_vallarta
32081,great trip miss pv nataneltuchman puertovallarta mexico vallarta puertovallartamexico jalisco rivieranayarit visitpuertovallarta beach nuevovallarta pv travel puertovallartajalisco puertovallartagay sayulita vacation visitmexico playa sunset cancun nayarit vallartaadventures beachlife bucerias zonaromantica puntamita puertovallartaphotographer gay puertovallartafood guadalajara mazatlan,mix,puerto_vallarta
32090,little fish puertovallartamexico vallartaadventures ohitzjjj,mix,puerto_vallarta
32092,mexico pt vallartaadventures,mix,puerto_vallarta
32093,caletas vallartaadventures beachvibes,mix,puerto_vallarta
32096,hagamos vida llena actividades felices adventure vallartaadventures rapelling explorer extremeactivity,mix,puerto_vallarta
32098,buscar escapar vida buscar recordar vivimos vallartaadventures adventure livinglife lifeisgood lifestyle,mix,puerto_vallarta
32100,see recent guest say stay villa booking stay contact us learn more villapuravidapv puertovallarta vallarta puertovallartamexico paradise endlesssunsets luxurypoolvilla beachlife vallartaadventures travelgram pv wanderlust goldenhour sunsetvibes,mix,puerto_vallarta
32101,aventura espera playa animas tours takeshi envianos mensaje informacion puertovallarta vallartaadventures playasmexicanas atvriding,mix,puerto_vallarta
32104,azul calma nuevonayarit vallartaadventures blue retrofoto calmainterior,mix,puerto_vallarta
32108,p r v r ballenas visitpuertovallarta vallartaadventures,mix,puerto_vallarta
32110,gotcha vallarta puertovallarta jalisco vallartaadventures jaliscomexico,mix,puerto_vallarta
32112,feliz navidad navidad feliznavidad puertovallarta vallartalovelypicnics vallartaadventures,mix,puerto_vallarta
32115,vallartaadventures,mix,puerto_vallarta
32117,secure vip tables hottest clubs puerto vallarta link bio dm us now puertovallarta puertovallartamexico puertovallartajalisco pv welovepv vallartaadventures puertovallartatrip mexicotravel travelmexico visitpuertovallarta afterdarkvallarta nightlife bottleservice partylife lifeoftheparty pvnightlife vallartanights nightlifestyle vallartanightlife popbottles enpuertovallarta puertovallarta pv mexico puertovallartamexico mandalavallarta lavaquitavallarta lasantapuertovallarta puertovallarta pv,mix,puerto_vallarta
32118,puerto vallarta survival training im adventure modus zipline abseilen rutschen weltreise aidaweltreise aidacruises aidadiva puertovallarta mexico vallartaadventures,mix,puerto_vallarta
32122,loveontherocks aranazodegato rasponcito vallartaadventures fitoyfitipaldis espada pared espalda rocas ouch,mix,puerto_vallarta
32123,vibe ever seen jewelry look delicious discover permanent jewelry heart romantic zone visit us aquiles serdan permanentjewelry puertovallarta engravedjewelry laseredengraved laseredjewelry joyeriapermanentepuertovallarta zonaromantica puertovallartathingstodo vallartavibes permanentjewelry puertovallartawedding vallartaadventures,mix,puerto_vallarta
32124,kayaking ocean puertovallartamexico vallartaadventures familytrip,mix,puerto_vallarta
32129,exploring like rockstars toursbylocals vallartaadventures vallartalife toursprivados toursprivados toursguiadosyprivados puertovallartaadventures vallartalife oceanmood snorkelingtour snorkelintexpress toursguiadosyprivados guiaturistica toursbylocalsguide puertovallartajalisco vallartamexico,mix,puerto_vallarta
32130,check amazing events excursions offer make puerto vallarta trip amazing one click link bio dm us now puertovallartabeach puertovallarta puertovallartamexico puertovallartajalisco ptovallarta vallarta vallartaadventures puertovallartatrip beach beachday lifesabeach paradise wanderlust pv afterdarkvallarta vacation springbreak beachdaze visitpuertovallarta paradisefound tropicalvibes vallartaviews puertovallarta zipline atv ptovallarta puertovallarta conocevallarta pv mexico mexico,mix,puerto_vallarta
32131,studs dvc blessed vallarta studs leatherbar vallartaadventures vallartagay,mix,puerto_vallarta
32138,puertovallarta puertovallartamexico puertovallartajalisco pv welovepv vallartaadventures puertovallartatrip mexicotravel travelmexico visitpuertovallarta afterdarkvallarta nightlife bottleservice partylife lifeoftheparty tripplans pvnightlife vallartanights nightlifestyle lifeoftheparty vip vallartanightlife popbottles enpuertovallarta puertovallarta pv mexico puertovallartamexico mandalavallarta lavaquitavallarta lasantapuertovallarta,mix,puerto_vallarta
32139,snorkeling beach fun majahuitas vallartaadventures,mix,puerto_vallarta
32140,vallartalovelypicnics puertovallartapicnics lovelymoviepicnic lovelypicnicsinparadise pedidademanopuertovallarta puertovallartaweddings puertovallartaphotographer puertovallartaphotography vallartaweddings vallartaadventures vidantaworld ludoshow vidantanuevovallarta puertovallarta puertovallartajalisco,mix,puerto_vallarta
32142,christmas candle workshop magia navidad sonries aprendes disfrutas experiencias deseo navidad registra asistencia escribenos informacion puerto vallarta jalisco zanhie pv arabica cafeteria pv bistreacafe mx vallarta vallartaadventures puertovallarta talleresenvallarta talleres workshop workshopvallarta cafeteriasvallarta velas navidad navidadmagica navidadrosa navidadvallarta christmas,mix,puerto_vallarta
32145,puertovallartabeach puertovallarta puertovallartamexico puertovallartajalisco ptovallarta vallarta vallartaadventures puertovallartatrip beach beachday lifesabeach paradise wanderlust pv afterdarkvallarta vacation springbreak beachdaze visitpuertovallarta paradisefound tropicalvibes vallartaviews puertovallarta zipline atv ptovallarta puertovallarta conocevallarta pv mexico pv,mix,puerto_vallarta
32146,book party pass puerto vallarta trip hit hottest clubs style message us book now puertovallarta puertovallartamexico puertovallartajalisco pv welovepv vallartaadventures puertovallartatrip mexicotravel travelmexico visitpuertovallarta afterdarkvallarta nightlife bottleservice partylife lifeoftheparty tripplans pvnightlife vallartanights nightlifestyle lifeoftheparty vip vallartanightlife popbottles enpuertovallarta puertovallarta pv mexico puertovallartamexico mandalavallarta lavaquitavallarta lasantapuertovallarta,mix,puerto_vallarta
32147,relax boat vallartaadventures,mix,puerto_vallarta
32148,www afterdark entertainment com puertovallartabeach puertovallarta puertovallartamexico puertovallartajalisco ptovallarta vallarta vallartaadventures puertovallartatrip beach beachday lifesabeach paradise wanderlust pv afterdarkvallarta vacation springbreak beachdaze visitpuertovallarta paradisefound tropicalvibes vallartaviews puertovallarta zipline atv ptovallarta puertovallarta conocevallarta pv mexico,mix,puerto_vallarta
32150,hit hottest clubs puerto vallarta night book party pass message us book now puertovallarta puertovallartamexico puertovallartajalisco pv welovepv vallartaadventures puertovallartatrip mexicotravel travelmexico visitpuertovallarta afterdarkvallarta nightlife bottleservice partylife lifeoftheparty tripplans pvnightlife vallartanights nightlifestyle lifeoftheparty vip vallartanightlife popbottles enpuertovallarta puertovallarta pv mexico puertovallartamexico mandalavallarta lavaquitavallarta lasantapuertovallarta,mix,puerto_vallarta
32152,maravilla atardeceres vallarta podiamos dejar pasar vallarta principeycopper cd puertovallarta playadelosmuertos vallartaadventures vallartagay,mix,puerto_vallarta
32158,put hands air coming party puerto vallarta looking book nightlife packages dm us now puertovallarta puertovallartamexico puertovallartajalisco pv welovepv vallartaadventures puertovallartatrip mexicotravel travelmexico visitpuertovallarta afterdarkvallarta nightlife bottleservice partylife lifeoftheparty tripplans pvnightlife vallartanights nightlifestyle lifeoftheparty vip vallartanightlife popbottles enpuertovallarta puertovallarta pv mexico puertovallartamexico mandalavallarta lavaquitavallarta lasantapuertovallarta,mix,puerto_vallarta
32160,vallartalovelypicnics lovelypicnicsinparadise puertovallarta puertovallartaphotographer puertovallartaweddings vallartaweddings vallartaadventures marryme puertovallartaproposal fotografos shesadyes pedidademano casateconmigo tequierescasarconmigo willyoumerryme,mix,puerto_vallarta
32163,tradicion conocemos resultado siglos mezclas influencias adaptaciones altar danza flor origen profundo revela esencia mexico origenes aprender historia reconectarnos raices entender reconocer riqueza vida costumbres mexico real tours llevamos alla ve descubre secretos guardados tradiciones pulso mexico autentico vivo celebracion historia rincon atrevete mexico real every tradition know today result centuries blending inspiration evolution but behind every altar every dance every flower lies deeper origin true soul mexico learning roots history reconnecting are understanding unites us honoring people gave life customs at mexico real tours take beyond what s seen discover best kept secrets traditions feel heartbeat real mexico alive every celebration every story every corner dare discover real mexico mexicorealtours adventuretime toursmx vivevallarta toursbylocals vallarta vivepuertovallarta toursmexico privatetour vallartaadventures privateausfluge oceanmood privatetourguide vallartaviews tourspersonalizados tbl adventureawaits privateguidedtours ecotourism dayofthedeath diademuertos vivemx toursprivados toursprivadosyguiados,mix,puerto_vallarta
32164,puertovallarta puertovallartamexico puertovallartajalisco pv welovepv vallartaadventures puertovallartatrip mexicotravel travelmexico visitpuertovallarta afterdarkvallarta nightlife bottleservice partylife lifeoftheparty tripplans pvnightlife vallartanights nightlifestyle lifeoftheparty vip vallartanightlife popbottles enpuertovallarta puertovallarta pv mexico puertovallartamexico mandalavallarta lavaquitavallarta lasantapuertovallarta,mix,puerto_vallarta
32165,vallartaadventures toursmaville,mix,puerto_vallarta
32167,ritmos noche vallartaadventures ritmosdelanoche puertovallarta,mix,puerto_vallarta
32170,aventura marcada snorkel kayak aventuras vallarta,mix,puerto_vallarta
32171,infinite beauty elegance permanent jewelry elevates outfit every single day foreva jewelry aquiles serdan zona romantica joyeriapermanentepuertovallarta zonaromantica puertovallartathingstodo vallartavibes permanentjewelry nuevovallarta puertovallartawedding jewelrygirl visitpuertovallarta vallartaadventures,mix,puerto_vallarta
32172,puertovallartabeach puertovallarta puertovallartamexico puertovallartajalisco ptovallarta vallarta vallartaadventures puertovallartatrip beach beachday lifesabeach paradise wanderlust pv afterdarkvallarta vacation springbreak beachdaze visitpuertovallarta paradisefound tropicalvibes vallartaviews puertovallarta zipline atv ptovallarta puertovallarta conocevallarta pv mexico,mix,puerto_vallarta
32175,fire trophy viene torneos amistad trophy fire preparate arrancan torneos amistad soccer ball futbol ping pong tenis mesa chess pawn ajedrez video game sport collision ganadores recibiran premios especiales wrapped gift sparkles conformaran representantes oficiales competir torneos nivel occidente sports medal globe showing americas eyes fire mantente pendiente megaphone proximos publicaremos fechas categorias inscripciones lugar flexed biceps smiling face with sunglasses comenta disciplina favorita soccer ball ping pong chess pawn video game torneosdelaamistad occidente deporte futbol tenisdemesa ajedrez esports juventud ninez sanjulian sonsonate elsalvador premios taber tabersomostodos iglesiadefe sonsonatecity cacaluta sanjulian sonsonatecity,mix,huatulco
32177,vueltita cacaluta purple heart sparkles,mix,huatulco
32178,cacaluta vista aerea diciembre,mix,huatulco
32185,nina sinai collar agua marina cacaluta huatulco oaxaca,mix,huatulco
32192,mama ola agua cacaluta,mix,huatulco
32199,magia atardecer filtra envolviendo paisaje atmosfera calida misteriosa sunrise photooftheday sunset nature fotos loves madeinmexico huatulcomexico travel lightroom oaxtravel naturephotography cacaluta,mix,huatulco
32204,huatulco cacaluta,mix,huatulco
32209,bahia oculta selva mar naturaleza mantiene salvaje silencio convierte paisaje xpert travel llegar cacaluta vivir travesia especial caminatas arboles mar abraza playa pura intocable acompananos herb water wave sparkles blue heart discover untouched magic cacaluta hidden bay jungle nature remains wild silence becomes part landscape xpert travel reaching cacaluta special journey walks trees embracing ocean beach pure feels untouched join xperttravel vacation tours viaja huatulco explore travel huatulcooaxaca huatulcomexico oaxaca cacaluta bay hiddenbeach,mix,huatulco
32213,party popper semana especial party popper esperamos martes culto familias victoria raising hands tiempo bendicion adoracion palabra dios fortalecer hogar family man woman girl boy invita familia amiga fork and knife with plate finalizar compartiremos refrigerio especial asistentes round pushpin iglesia bautista esperanza ten clock hora faltes dios especial familia wedding sparkling heart familiasenvictoria iglesiafeyesperanza domingoenlacasadedios invitaunafamilia taber tabersomostodos sanjulian sonsonate cacaluta,mix,huatulco
32214,cacaluta sendero sanate conoce huatulco hux huatulco bahias cacaluta turismohuatulco huatulcotravel bahiasdehuatulco cacalutabeach cacalutabay cacalutahuatulco costaoaxaquena oaxcoast oaxacaturismo huatulcooaxaca,mix,huatulco
32216,ando hux huatulco beach cacaluta bahiacacaluta friends instagram igers igersoaxaca igersmexico foreveryoung huatulco oaxaca oaxacatravel travelers travel trip tripers lifeisatrip versacesunglasses versace costaoaxaquena huatulco guelaguetza tattolife tatto,mix,huatulco
32231,delfines dolphins bahiasdehuatulco oaxaca cacaluta bahiadecacaluta mayleaboat,mix,huatulco
32232,prefiero dormido despierto duele estes mending heart cacalutabeach bahiaelorgano huatulco bahiasdehuatulco bahiasdehuatulco dtmf cacaluta,mix,huatulco
32236,anos evelyn cacaluta huatulco,mix,huatulco
32237,anos evelyn cacaluta huatulco,mix,huatulco
32239,tiempo detiene cacaluta cacalutaoaxaca cacalutahuatulco,mix,huatulco
32241,amor cacaluta,mix,huatulco
32250,bahiasdehuatulco cacaluta,mix,huatulco
32251,invito perdernos playa virgen huatulco palm tree sun motor boat tropical fish huatulco oaxaca mexico travel cacaluta playa tour touralasbahias,mix,huatulco
32255,cacaluta playa fauna playa fotografia callejera gratuita fotografia gianscett fotografia,mix,huatulco
32256,descubre bahia cacaluta huatulco forma unica isla protectora resguarda regalan experiencia calma belleza inigualable aguas cristalinas tonalidades verdes azules perfectas nadar bucear ven vive magia cacaluta ideal buscan refugio natural cacaluta huatucotequiere huatulcomexico huatulcoteespera hoteleshuatulco camera with flash carlos aragon alcantara,mix,huatulco
32262,corazon huatulco cacaluta huatulco oaxaca visitmexico,mix,huatulco
32263,round pushpin huatulco mexico oaxaca police car light proximamente police car light viene beaming face with smiling eyes listo huatulco star struck playitas sendero cascadas atentos smiling face with sunglasses victory hand medium light skin tone santosrecorre huatulco huatulcoteespera huatulcomexico mexicomagico playa oaxacamexico cascadasmagicas cacaluta laentrega playalaentrega playasmexicanas visitmexico,mix,huatulco
32266,reto arena foto fotografia fotografo canonmexico canonmx canon luisgarcesfoto arena playa cacaluta cfq reto clubfotograficoqueretaro,mix,huatulco
32268,boat trip bahia cacaluta oaxaca amazing friends ever oaxacamexico cacaluta boattrip lifestyle lifeofadventure nanadventures,mix,huatulco
32269,einer der schonsten strande der welt bahia cacaluta bei huatulco mexiko jetzt der nebensaison ist fast komplett menschenleer aber auch mexikanischen winter wohl nicht voll weil man ihn nur mit minuten fuweg erreicht huatulco cacaluta bahiadecacaluta strand beach beaches hal eurodam hollandamericaline cruiselife hollandamerica,mix,huatulco
32272,vamonos playa beach with umbrella huatulcooaxaca cacaluta oaxacatravel,mix,huatulco
32275,cacaluta nationalpark bike huatulco oaxaca mexico,mix,huatulco
32280,resultat jokingly dire good friend joindre mexique trouver couple mois plus tard seguro airplane mexico sun desert island mexico snowbirdlife beachbumin cacaluta,mix,huatulco
32284,round pushpin cacaluta recordare blue heart sparkles cacaluta huatulco oaxaca playa sunset,mix,huatulco
32285,coati oaxaqueno longexposure mm sonya oaxaca cacaluta selva coati animalito salvaje sol calor fotografiaanimales fotografianatural mexico joserovaloh,mix,huatulco
32286,beachin modelo bodyscape zipolite cacaluta ytumamatambien orgulloso nakdfashion playa,mix,huatulco
32287,felicidad huatulco playa enjoylife yachtlife azimutyachts cacaluta,mix,huatulco
32292,sunrise morningvibes vibes cacaluta pacificmexico,mix,huatulco
32294,chingones cacalutamiamor cacaluta bike bikeporn bicicleta beach playa huatulco oaxaca cafecasamayor,mix,huatulco
32299,sol playa sombrilla tbt oaxaca playa cacaluta atardecer,mix,huatulco
32306,oportunidad suerte privilegio encontraros playa parque nacional desierta increible cacaluta grabo mama mexico cacaluta huatulco playmobil wanderlust playmobilmania playmobilporelmundo playmobilfotos playmobilphoto playmobillovers playmobil playmobilfans playmobilphotography playmobilinstagram playmobilmexico playmobilworld playmobilfigures lamejorfotoplaymobil clicksdeplaymobil toyphotography toyphoto,mix,huatulco
32310,recorrido bahias huatulco avistamiento tortugas delfines smiling face with smiling eyes beating heart beach with umbrella sailboat dolphin turtle huatulco bahias playas bahias encuentran costa pacifico rios copalita coyula bahias conejos tangolunda chahue santa cruz maguey organo cacaluta chachacual san agustin huatulco bahia tangolunda chachacual santacruz,mix,huatulco
32311,bahias huatulco oaxaca water wave sailboat fish spiral shell beach with umbrella spiral shell crab bahiasdehuatulco laentrega santacruz elorgano maguey cacaluta riscalillo chachacual laindia sanagustin lacrucecita iglesiadelacrucecita coralblue huatulcorifa huatulco dandoelrol mexicorifa rascuacheando tlayudas oaxaca,mix,huatulco
32312,ven dejate desert island sun water wave alto bronceado guapo playa mar sun summer verano oaxaca chachacual,mix,huatulco
32315,gracias todxs lxs acompanaron performance emilija skarnulyte tuomas laitinen bacal colaboracion presencia especial thank joined emilija skarnulyte tuomas laitinen performance bacal collab special presence production produccion carlos edelmiro photos fotos laura batista aranda fundacionopcit opcit org emeilijaskarnulyte tuomasalaitinen chintete bacal chachacual performance soundperformance cit,mix,huatulco
32317,performance emilija skarnulyte tuomas laitinen colaboracion collaboration chachacual martes feb tuesday th feb pm bacal baja california roma cdmx obra sonora vivo consiste grabaciones campo fantasmas audio ultrasonicos voces alteradas live sound work consisting field recordings ultrasonic audio ghosts altered voices fundacionopcit opcit org emeilijaskarnulyte tuomasalaitinen chintete bacal chachacual performance soundperformance cit,mix,huatulco
32321,amigo turista huatulco deber tour bahias opcion catamaran tequila speedboat desert island anchor olvides turista responsable conserva flora fauna destino spouting whale crab water wave huatulcoteespera paraisotropical tequila catamaran huatulco tequila catamaran maguey catamarantequila chachacual tourbahias,mix,huatulco
32326,bonita bahia chachacual,mix,huatulco
32327,conoces chachacual spiral shell water wave bahia virgen conformada playas playa india playa chachacual palm tree sun with face acceder hermosa bahia debes tomar embarcacion puerto santa cruz tour bahias lancha yate catamaran speedboat vas enamorar rincon alrededores star struck chachacual playalaindia huatulco huatulcoteespera huatulcomexico camera with flash foto yvan luna,mix,huatulco
32329,mar vida sabrosa blue heart huatulco shortvacay longweekend quebonitolobonito beach playa holiday nawebnaquebelleza oaxaca mexicomiamor yosiodioelinvierno cuerpoeplaya happiness chachacual sanagustin playalaentrega molenegro elmaresamor ocean yosiamoelcalor dadbod tangatangatanga chao,mix,huatulco
32330,bahia chachacual sueno realidad spiral shell cloud camera with flash diciembre volvere thought balloon chachacual huatulco oaxaca mar mexico playa ocean sun bahia mexico maravilloso mexicodesconocido,mix,huatulco
32334,sol sun maravilloso guia divertido recorrido bahias tourdebahias smiling face with sunglasses tourbahias chachacual cacaluta stacruz organo maguey,mix,huatulco
32341,playa india oaxaca water wave designada national geografic playas hermosas mundo smiling face with heart eyes increible bella playa india bahia chachacual oaxaca pequeno paraiso mexico blue heart smiling face with heart eyes sureste bahia chachacual poniente santa cruz huatulco acceso realiza unicamente lancha partiendo playa santa cruz playalaindia chachacual huatulco beach playa oaxaca nature paradise mexico visitmexico,mix,huatulco
32343,paraiso playa maguey smiling face with heart eyes water wave round pushpin bahias huatulco oax mex mexico huatulcooaxaca huatulcomexico huatulco oaxacamexico oaxacacity oaxacatravel mexico mexicomagico mexicodesconocido turismo chachacual playa viral camera willzaguirre,mix,huatulco
32344,mar vida sabrosa throwback huatulco oaxaca playa chachacual santacruz santacruzhuatulco coco beach bluewaters,mix,huatulco
32355,umbral mundo chachacual bahiachachacual bahiachachacual bahiachachacual desert island two hearts bahiashuatulco bahiasdehuatulcooaxaca bahiasdehuatulco palm tree bahiasdehuatulco bahiasdehuatulco huatulcooaxaca huatulco huatulcomexico huatulcobeach huatulcotravel oaxaca oaxaca bonito oaxacatravel oaxacabonito oaxacalotienetodo,mix,huatulco
32356,sacudelo trae arena beaming face with smiling eyes huatulcooaxaca huatulco huatulcomexico huatulcobeach huatulcotravel bahiashuatulco bahiasdehuatulco bahiasdehuatulcooaxaca bahiachachacual chachacualbay chachacual oaxaca oaxacatravel oaxacabonito oaxacalotienetodo,mix,huatulco
32357,bahiachachacual tantas componen sistema bahias huatulco oaxaca momento playa bonita conozca caribe cuento sweat droplets sun chachacual oax beach mexicanbeach sunny,mix,huatulco
32362,bahia chachacual huatulco oaxaca mexico mexico chachacual oaxaca oax mexico mex mexico huatulco playa beach ocean oceano solotraveler arena sand catamaran sol sun cielo sky instapic picoftheday fotodeldia vive oaxaca igersoaxaca,mix,huatulco
32367,mar fish huatulco mexico oaxaca bajodelmar mermaid sirena snorkel snorkeling buceo water agua mar ocean underthesea visitmexico playasmexicanas chachacual onvacation awesome mexicolindoyquerido corales thebigblue elgranazul,mix,huatulco
32370,vista salir seguir publicando baul loudly crying face cuarentena chachacual huatulco,mix,huatulco
32372,loco retiros theshakes oaxaca chachacual,mix,huatulco
32380,snorkel chachacual,mix,huatulco
32383,playa chachacual bahias huatulco oaxaca,mix,huatulco
32391,poza chachacual huatulco oaxaca officetime,mix,huatulco
32394,oficina movil chachacual huatulco oaxaca officetime,mix,huatulco
32395,seguimos trip chachacual chachacual huatulco oaxaca officetime,mix,huatulco
32400,oficina chachacual oaxaca,mix,huatulco
32401,chachacual playa virgen oaxaca oaxacamexico water wave,mix,huatulco
32402,chachacual faz passeio das baias huatulco esse lugar muito bom snorkel visibilidade excelente paisagem sem comentarios nao tem filtro nao precisa chachacual huatulco mexico visitmexico tripsincriveis loucosporviagem missaovt amoviajar bestdestinations mar trip travel blog blogdeviagem travelblog,mix,huatulco
32406,lunes dejo hermosa foto playa chachacual playa virgen conquisto huatulco oaxaca visitan olviden scubadiving snorkeling instadaily swimming landscape holiday vacation instahuatulco instamexico sun reventonhuatulco,mix,huatulco
32410,playa chachacual huatulco,mix,huatulco
32415,recuento ano querido enero huatulco sparkles olive white heart gracias pink heart duelo sanando solecito mar amigas firstime playa coralblue latosta chahue sanagustin snorkel santacruz huatulco brown heart lagatabajolalluvia tuultimacancion suenalindo tonguetied,mix,huatulco
32426,palmera coco huellas chahie riscalillo huatulco,mix,huatulco
32430,bahiachahue chahue chahue,mix,huatulco
32435,chahue bahiashuatulco oaxaca,mix,huatulco
32436,liberacion tortugas golfinas tortuga tortuga tortuga tortuga tortuga tortuga tortuga tortuga tortuga tortuga gracias golfinas chahue hux primavera amor naturaleza,mix,huatulco
32443,dump huatulco huatulco huatulcomexico huatulcooaxaca oaxaca oaxaca bonito oaxacamexico visitamexico corriendoenhuatulco bodaenhuatulco chahue playasantacruzhuatulco,mix,huatulco
32445,vale pena despertar corazon amarillo corazon naranja corazon azul amanecer hux chahue,mix,huatulco
32446,ven huatulco disfruta amanecer bahia chahue unete cientos personas tradicion celebra llegada ano vista impresionante belleza natural compania chahue huatulcoteespera xperttravel xperttravelhuatulco tripadvisor safetravels travellerschoice huatulco camera with flash yvan luna,mix,huatulco
32456,huatulcooaxaca lasbrisashuatulco chahue,mix,huatulco
32458,beetle get head faro elfaro laentrega huatulco huatulco playaentrega chahue oaxaca sunset,mix,huatulco
32466,balcones enmarca magia selva palmeras huatulco desert island heart hands light skin tone vacaciones hotelom hoteles hotel hotelhuatulco hoteloaxaca hotelhuatulco hotelom huatulco huatulcooaxaca huatulcotravel viajeros hotel chahue tropical playa vacaciones,mix,huatulco
32468,vive experiencia descanso manjar culinario quinta bella huatulco palm tree water wave vive mejores vacaciones lugar quintabellahuatulco spiral calendar reserva septiembre tarifas descuento telephone telephone whatsapp backhand index pointing right wvrt g chahue huatulco pooltime quintabellahuatulco beachday sunnyday beachvibes mexicohotel hotelfrentealmar huatulcohotel hoteleshuatulco oaxaca vacation tripadvisor website paradise,mix,huatulco
32470,chahue gente abrazando agua ola envuelto regalo oaxaca elmar meandyou,mix,huatulco
32471,sol besado luna mordida brilla playachahue playachahue chahue chahue chahuehuatulco chahuebay huatulco huatulcomexico huatulcooaxaca huatulcobeach huatulcotravel playa playa oaxaca oaxacamexico oaxacatravel,mix,huatulco
32477,brilla hogar brilla hux hogar vida marina amor chahue amanecer,mix,huatulco
32478,descubre exclusivo diseno loft calachahue espacio perfecto hogar huatulco quedan disponibles aprovecha promociones contacta agentes discover exclusive design calachahue loft perfect space new home huatulco units left take advantage month promotions contact agents bellhop bell info com realestateinvesting beachproperties condosforsale huatulcobeach viveoaxaca mexico mexico cala chahue,mix,huatulco
32490,triangulo rojo apuntando vivio festival papalote bahia chahue huatulco festival papalote bahia chahue huatulco,mix,huatulco
32492,purple circle festival papalote gigante huatulco acude bahia chahue noviembre festivaldelpapalotegigantehuatulco festivalhuatulco,mix,huatulco
32493,seafoam espumademar huatulcooaxaca huatulcobeach chahue playachahue artemexico,mix,huatulco
32496,chahue corazon rojo,mix,huatulco
32497,huatulco chahue amanecer azul corazon,mix,huatulco
32500,vista star struck huatulco chahue huatulqueando,mix,huatulco
32501,water wave smiling face with heart eyes vas huatulco olvides visitar lugares beach with umbrella bahia chahue playa certificada playa limpia playa principal llama chahue clubs playa ofrecen servicio restaurante alberca desert island bahia santa cruz santa cruz encuentran muelle cruceros marina embarcaciones turisticas yates pesqueros restaurantes mercado artesanias teatro aire libre beach with umbrella playa entrega favoritas turistas conocida aguas tranquilas bancos coral cuevas invitan familia nadar snorkelear desert island bahia san agustin bahia huatulco excelente nadar snorkelear gustar mariscos ofrecen restaurantes huatulcoteespera huatulcomexico earthcheck camera with flash max,mix,huatulco
32504,huatulco region turistica oaxaca compuesta bahias playas accesibles mar camino tierra unicas encontrar personas banandose personal favoritas bahia chahue descansar recostarse play bahia san agustin cantidad arrecifes vida marina encuentras orilla playa vienes renta lancha disfrutas bahias playas acceso mar practicar snorkel disfrutar mar bahia san agustin tomar bus aeropuerto bajando interseccion santa maria huatulco tomar taxi colectivo san agustin mxn ida vuelta crucecita santa cruz luggage water wave beach with umbrella woman and man holding hands desert island spiral shell fish tropical fish blowfish tbt huatulco bahiasanagustin bahiasanagustin bahiasanagustinhuatulco bahiashuatulco bahiashuatulco bahiashuatulcooaxaca oaxaca oaxaca bonito oaxacamexico oaxacatravel chahue visitoaxaca visitmexico visitmexico,mix,huatulco
32505,bahias huatulco hermoso oaxaca bahiasdehuatulco chahue tangolunda vivemexico mexico,mix,huatulco
32508,estara proximamente liverpool express huatulco chahue huatulco,mix,huatulco
32514,erase huatulco huatulco costaoaxaquena bahiasdehuatulco santamariahuatulco tangolunda chahue bahiasantacruz laentregahuatulco sanagustinhuatulco,mix,huatulco
32521,manana alma volvio chahue huatulco santacruzhuatulco,mix,huatulco
32525,sunrise chahue huatulco oaxaca sunrise sunrise nature love sunprime sunrisephotography sunriseloversofinstagram sunriselover sunrise madness sun sol morning beachvibes mar arena costaoaxaquena travelphotography traveler travelling naturephotography naturelovers nature emotions lovesunrise,mix,huatulco
32529,ola agua tomaron foto amanecer chahue radiomarhux huatulco,mix,huatulco
32532,bandera triangular playa hux chahue casa domingo relajarse amigos pizza amor,mix,huatulco
32537,palm tree smiling face with heart eyes vienes huatulco olvides visitar lugares beach with umbrella bahia chahue playa certificada playa limpia playa principal llama chahue clubs playa ofrecen servicio restaurante alberca beach with umbrella riscalillo formada arena blanca agua tonos verdes azules profundidad excelente nadar snorkelear beach with umbrella playa entrega favoritas turistas conocida aguas tranquilas bancos coral cuevas invitan familia nadar snorkelear beach with umbrella bahia santa cruz santa cruz encuentran muelle cruceros marina embarcaciones turisticas yates pesqueros restaurantes mercado artesanias teatro aire libre huatulcoteespera huatulcomexico oaxacalotienetodo huatulcomexico safetravels camera with flash max scherenberg noyola,mix,huatulco
32538,vida pasa hamburguesa hamburguesa aka sliders slider burger shakeit huatulco chahue playachahue oaxaca,mix,huatulco
32541,origen zapoteco significa tierra fertil tierra humeda chahue certificacion internacional blueflag distinguirse limpieza seguridad sustentabilidad ecologica nikonmx camera nerd face,mix,huatulco
32545,playa bonita heart suit huatulco magueyhuatulco bahiamaguey mar,mix,huatulco
32548,estrella golpeada ola agua huatulco huatulco maguey maguey huatulco,mix,huatulco
32549,fell love bahia maguey today huatulco huatulcooaxaca huatulcomexico bahiademaguey magueyhuatulco oaxacabonito,mix,huatulco
32552,soberlife lifesabeach maguey huatulco autre belle journee douce corazon rojo,mix,huatulco
32553,viaje ano vuelta infancia bahiasanagustin sanagustinhuatulco huatulco oaxaca,mix,huatulco
32557,ola agua ola agua ola agua huatulco huatulcomexico huatulcooaxaca huatulcobeach bikinigirl bikinigirls bikinitemporada bikinilife bikinilovers playa beachbody beachvibes tiroteo playachicas disparandotiro bikinidia tiro playa camara flash bootyshots belleza sensual chica bahiasanagustin sanagustinhuatulco riscalilloplaya diasfelices perfecto sexyphoto sexygirl oaxacaqueen oaxacagirl oaxacatravel,mix,huatulco
32567,mundo mundo totalmente snorkel buceo sanagustinhuatulco oaxaca,mix,huatulco
32570,terraza vanora bonita vista mar visitanos vive experiencia beach with umbrella desert island smiling face with sunglasses reservaciones mobile phone round pushpin camino capilla bahia san agustin huatulco casavanora terrazasconencanto vivehuatulco sanagustinhuatulco sol playa iniciodesemana vivelavida,mix,huatulco
32574,foto tomo carnal israel compartio madres oaxaca sanagustinhuatulco mexico,mix,huatulco
32575,ruta vikingos costa plumahidalgo fincadongabriel sanagustinhuatulco,mix,huatulco
32576,lugares vibra sanagustinhuatulco oaxacamexico,mix,huatulco
32577,sentir causar ningun dano sanagustinhuatulco huatulco oaxaca goodvibes,mix,huatulco
32578,erase huatulco huatulco costaoaxaquena bahiasdehuatulco santamariahuatulco tangolunda chahue bahiasantacruz laentregahuatulco sanagustinhuatulco,mix,huatulco
32581,sanagustinhuatulco laentregahuatulco salchihuatulco,mix,huatulco
32582,huatulco palm tree tropical drink beach with umbrella oaxaca huatulco sanagustinhuatulco laentregahuatulco crucecitasoaxaca viveoaxaca vivemexico mexico,mix,huatulco
32584,sanagustinhuatulco cara sonriente gafas sol cara estrafalaria,mix,huatulco
32585,amanecer sol cara san agustin huatulco amanecer,mix,huatulco
32586,barquitos mananeros huatulco huatulcobeach sanagustinhuatulco bahiadesanagustin,mix,huatulco
32587,alguien fotos favoritas wallpaper inicio pantalla unico oaxacamexico oaxaca sanagustinhuatulco mezcalartesanal mezcallovers beachdayeveryday beachparadise vacationing mexico gayfollowback,mix,huatulco
32588,siguiendo luna full moon luna playa sanagustinhuatulco huatulco mar,mix,huatulco
32591,sanagustinhuatulcosanagustinhuatulcocampingamanecerplayaoaxacacityoaxacatraveloaxaca bonito,mix,huatulco
32593,recuerdo sanagustinhuatulco,mix,huatulco
32594,favorita amanecer conchitas mar sol espiral concha amanecer agua ola playa huatulco sanagustin sanagustinhuatulco conchitas conchas marinas favorita sol amanecer playavibraciones vibraciones alimentan conchitasdemar espiral concha mar likesforlike bahiasanagustin bahia bahiashuatulco,mix,huatulco
32595,soleados llenos color aldea natalia aldeanatalia permacultura nature naturelovers natureconnection contactonatural naturaleza acampar sunnyday funnyday huatulco huatulcooaxaca huatulcomexico sanagustinhuatulco oaxaca oaxacamexico mexico,mix,huatulco
32596,esfuerzos suman naturaleza necesita aldeanatalia ecoturismo woods permacultura sostenible sustentable regional ecologic ecotravel huatulco huatulcooaxaca huatulcomexico sanagustinhuatulco oaxaca oaxacamexico mexico,mix,huatulco
32597,placer contemplar puesta sol costa oaxaquena sunset beach beachlife vitaminsea huatulco huatulcooaxaca huatulcomexico sanagustinhuatulco,mix,huatulco
32601,fauna silvestre aldeanatalia disfrutas contacto naturaleza ecoturismo permacultura naturelovers natureconnection contactonatural naturaleza birds birdsofparadise playa playasdemexico playasmexicanas playasdeoaxaca huatulco huatulcooaxaca huatulcomexico sanagustinhuatulco oaxaca oaxacamexico mexico,mix,huatulco
32605,clima chapuzon huatulco reserva aprovecha promociones buenfin aldeanatalia pool naturepool piscina alberca eco ecoturismo ecologic naturelovers weekendvibes huatulco huatulcooaxaca huatulcomexico sanagustinhuatulco oaxaca oaxacamexico visithuatulco visitoaxaca visitmexico puertoescondido mazunte zipolite sanjosedelpacifico,mix,huatulco
32607,bahia san agustin huatulco round pushpin espera nadar water wave relajarte person in lotus position snorkel kayak canoe etc reserva spiral calendar aprovecha ofertas aldeanatalia bahiasdehuatulco bahiasanagustin sanagustinhuatulco ecoturismo travel traveladdict magictravel ecotravel turismosostenible turismoconsciente turismoresponsable visithuatulco visitoaxaca visitmexico,mix,huatulco
32609,visitado aldea natalia noticias reserva aldeanatalia buenfin back welcomeback descuentos beourguest booknow booking celebrate beach playa playasdemexico playasmexicanas huatulco huatulcooaxaca huatulcomexico sanagustinhuatulco oaxaca oaxacamexico mexico,mix,huatulco
32622,plan ven espacio camping disfruta piscina amenidades reserva ultimas fechas disponibles contacto com aldeanatalia naturelovers natureconnection contactonatural naturaleza acampar weekend sunday funday sundaymotivation nextvacation nextstop photooftheday privatedestination huatulco huatulcooaxaca huatulcomexico sanagustinhuatulco oaxaca oaxacamexico visithuatulco visitoaxaca visitmexico mexico,mix,huatulco
32623,formula sostenibilidad seedling descanso person in lotus position comodidad dizzy tiempo disfrutar vacaciones aldea natalia mandanos consultar disponibilidad fechas aldeanatalia ecoecoturismo permacultura bed bedroom cabana cotagge inside inspiration lastdays vacation booking booknow naturelovers landscape magicspace bamboo bambooarchitecture huatulco huatulcooaxaca huatulcomexico sanagustinhuatulco playasdemexico playasmexicanas mexico,mix,huatulco
32625,cabanas llena naturaleza imaginate pasar proxima fecha especial aldeanatalia booking booknow naturelovers landscape permacultura ecoturismo eco ecotravel ecologic magicspace magicexperience explore huatulco huatulcooaxaca huatulcomexico sanagustinhuatulco visithuatulco visitoaxaca visitmexico mexico,mix,huatulco
32626,globe showing europe africa importante salud sinonimo encontrarse equilibrio factores influyen salud encuentran mente salud salud mental aldeanatalia worldmentalhealthday saludmental saludmentalyemocional diamundialdelasaludmental takecareofyourself selfcare selflove tips health mentalhealth mentalhealthmatters huatulco huatulcooaxaca huatulcomexico sanagustinhuatulco oaxaca oaxacamexico mexico,mix,huatulco
32629,quoteoftheday viajar sirve ajustar imaginacion realidad cosas pensar samuel johnson aldeanatalia beachlife inspiration motivational motivationalquotes glasses sunglasses palms instagood photooftheday photogram mirrorpic vacaciones vacation huatulco huatulcooaxaca huatulcomexico sanagustinhuatulco puertoescondido zipolite mazunte sanjosedelpacifico mexico visithuatulco visitoaxaca visitmexico,mix,huatulco
32631,person in lotus position naturaleza enorme inspirar sensaciones casa resultan dificiles alcanzar respiracion profunda conciencia quietud terraza espacio favorito actividad ven aldea natalia aldeanatalia terrace yoga breathe breathtaking relax relaxtime selfcare selflove instagood inspiration inspo visithuatulco visitoaxaca visitmexico huatulco huatulcooaxaca huatulcomexico sanagustinhuatulco oaxaca oaxacamexico puertoescondido mazunte zipolite sanjosedelpacifico,mix,huatulco
32632,check mark dato lunes sabias superadobe respuestas contemporaneas inevitables futuro ecoresponsable spiral calendar reserva conoce acerca ecotecnias aldeanatalia palapa conscious conscienciaambiental equilibrio nature naturelovers monday mondaymotivation vacation future thefutureisnow huatulco huatulcooaxaca huatulcomexico sanagustinhuatulco oaxaca oaxacamexico puertoescondido mazunte zipolite sanjosedelpacifico mexico,mix,huatulco
32634,tesoros mar gusta caminar playa aldeanatalia eco ecologic ecoturismo ecofriendly ecotravel turismo turismoresponsable turismosostenible turismoconsciente huatulco visithuatulco visitoaxaca sanagustinhuatulco huatulcooaxaca huatulcomexico oaxaca sanagustinhuatulco mexico,mix,huatulco
32642,conoces playas cercanas aldea natalia playa riscalillo min auto playa cacalutilla pasos ecocabanas playa blanquita min auto bahia san agustin min auto ven disfrutarlas aldeanatalia beach beachlife playa monday mondaymotivation snorkel snorkeling sanagustinhuatulco huatulco visithuatulco huatulcooaxaca visitoaxaca oaxaca oaxacamexico visitmexico mexico puertoescondido mazunte zipolite sanjosedelpacifico bahiasdehuatulco,mix,huatulco
32644,lunes falta energia empezar semana contamos paneles sabias energia aldea natalia genera traves aldeanatalia panelessolares solarpower sustentable sostenible turismosostenible turismoconsciente turismoresponsable visithuatulco visitoaxaca visitmexico huatulco huatulcooaxaca huatulcomexico sanagustinhuatulco puertoescondido zipolite mazunte sanjosedelpacifico oaxaca mexico,mix,huatulco
32649,reto cabana detective ven disfrutar ambiente privado libre aglomeraciones principal contacto naturaleza aldeanatalia eco ecoturismo ecologic sostenible sustentable superadobe ecotravel ecofriendly permacultura scapeland scapetravel destination traveldestination huatulco puertoescondido mazunte zipolite sanjosedelpacifico sanagustinhuatulco visithuatulco visitoaxaca visitmexico,mix,huatulco
32662,viernes cuerpo camino disfrutar semana aldeanatalia reservaste mandanos cotizar destino ecoturismo roadtrip travel ecotravel destination relaxdestination paradise weekend vacation summervacation huatulco visithuatulco venahuatulco huatulcomexico huatulcooaxaca sanagustinhuatulco oaxaca oaxacamexico mexico,mix,huatulco
32663,huatulco considerado paraiso sustentable descanso lleno historia bellezas naturales aldea natalia compartimos monday date ideal admirar puesta sol disfrutando taza cafe region comentanos harias aldeanatalia eco ecoturismo ecofriendly atardecer sunset magicsunset seaandsand beach frenchpress coffee coffeetime huatulco huatulcomexico huatulcooaxaca sanagustinhuatulco bahiadesanagustin oaxaca oaxacamexico mexico,mix,huatulco
32665,playasanagustin bahia sanagustinhuatulco huatulco oaxaca playa travel mexico,mix,huatulco
32666,curso melancolia olas mar olas mar estiran atormentan armonia calma fotografia bahia san agustin santa maria huatulco oaxaca mexico huatulco huatulcomexico bahia sanagustinhuatulco sanagustinillo oaxaca mexico oaxacamexico vive oaxaca pasionxoaxaca ig oaxaca igersoaxaca asiesoaxaca pasionxmexico visitmexico vive mexico beach adventure water seaview arrecife riscalillo blue sky rocks beachlover,mix,huatulco
32667,definitiva sun playa huatulco huatulcooaxaca huatulcomexico bahia sanagustinhuatulco instagood instagram,mix,huatulco
32672,round pushpin sundara condos plaza strategically located huatulco offering easy access beach restaurants marina everyday services close ocean luxury part daily routine location enhances lifestyle long term value contact telephone receiver office mobile phone whatsapp mail info com sundarahuatulco santacruzhuatulco huatulcoliving coastalhomes mexicorealestate beachlifestyle investinhuatulco luxurycondos round pushpin sundara condos plaza ubica estrategicamente huatulco acceso rapido playa restaurantes marina servicios esenciales cerca mar lujo ocasional rutina diaria ubicacion eleva estilo vida valor plazo contactanos telephone receiver oficina mobile phone whatsapp mail info com sundarahuatulco santacruzhuatulco huatulcoliving coastalhomes mexicorealestate beachlifestyle investinhuatulco luxurycondos,mix,huatulco
32673,equipo fallo justo necesitas anxious face with sweat fix huatulco reparamos rapido wrench celulares computadoras tablets high voltage diagnostico profesional fixithuatulco santacruzhuatulco reparaciondecelulareshuatulco serviciotecnicohuatulco accesorioshuatulco,mix,huatulco
32674,bahiasdehuatulco santacruzhuatulco huatulco oaxaca sismo tiembla playa face screaming in fear man shrugging,mix,huatulco
32679,san valentin red heart pedido endulzale persona especial huatulco bahiasdehuatulco santacruzhuatulco sanvalentin pastelessanvalentin,mix,huatulco
32681,despertar sabor momentos comparten smiling face with open hands visitanos round pushpin vialidad sector bahias huatulco desayuno comida cafeteria santacruzhuatulco,mix,huatulco
32684,instalacion hecha orden precision equipos correctamente montados asegurar funcionamiento eficiente confiable proyectos requieren soluciones ejecutadas santacruzhuatulco climatizacion playa calor vibes aireacondicionado snowflake construction arquitectura nuevaconstruccion construction constructionproject buildingproject engineeringworks onsite buildingdesign desinginspiration beachfront beach beachlife oceanviews seaside coastalarquitecture beachfrontproperty premiunprojects hvac hvacinstallation,mix,huatulco
32691,lujo detenerse woman in steamy room light skin tone vivio momento cabina pensada descanso detalle invita soltar tensiones disfrutar bienestar ofrece gema spa beating heart sparkles gemaspa spahuatulco santacruzhuatulco,mix,huatulco
32699,huatulco comingsoon santacruzhuatulco bahiasdehuatulco,mix,huatulco
32703,algun postre navideno pavlova tiempo ordenar huatulco bahiasdehuatulco santacruzhuatulco hux pavlova oaxaca bocanahuatulco bocanacopalita tangolunda bahialaentrega copalitahuatulco barradecopalita,mix,huatulco
32705,miren camaroncito venden santacruzhuatulco,mix,huatulco
32706,sparkles oportunidad inversion huatulco sparkles terreno disponible sector santa cruz huatulco zona alta plusvalia proyeccion crecimiento chart increasing round pushpin minutos playa beach with umbrella bank rodeado bancos comercios servicios money bag precio mxn ideal desarrollar proyecto residencial comercial zonas potencial huatulco bust in silhouette gerardo santiago agente inmobiliario mobile phone with arrow whatsapp huatulco santacruzhuatulco oaxaca huatulcolife terrenoenventa ventadeterreno terrenosenventa inversioninmobiliaria inversioninteligente inversionsegura bienesraices bienesraicesmexico realestate realestatemexico plusvalia altaplusvalia zonapremium vivirenlaplaya propiedadesenventa propiedadesdelujo desarrolloinmobiliario inversionpatrimonial negociosinmobiliarios capitalinteligente compraterreno oportunidadunica inversionesmexico,mix,huatulco
32711,huatulco huatulcomexico santacruzhuatulco beach beachvacay,mix,huatulco
32716,plan perfecto combo glow masaje relajante facial profesional personalizado sesion smiling face with heart eyes leaf fluttering in wind ideal check mark bajar estres check mark mejorar piel check mark regalarte break real tomarlo dividir pago amigas consienten juntas sparkles huatulco santacruzhuatulco spa,mix,huatulco
32719,linda pantiblusa check mark button sparkles tallas verde pantiblusa ropamujer ropaycalzado huatulco santacruzhuatulco,mix,huatulco
32724,round pushpin stay connected best huatulco nature comfort style located santa cruz area minutes restaurants local shops minute walk beautiful santa cruz bay contact telephone receiver office mobile phone whatsapp mail info com sundarahuatulco santacruzhuatulco huatulcoliving coastalhomes mexicorealestate beachlifestyle investinhuatulco luxurycondos round pushpin vive conectado huatulco naturaleza comodidad estilo ubicado zona santa cruz minutos restaurantes comercio local minutos caminando hermosa bahia santa cruz contactanos telephone receiver oficina mobile phone whatsapp mail info com sundarahuatulco santacruzhuatulco huatulcoliving coastalhomes mexicorealestate beachlifestyle investinhuatulco luxurycondos,mix,huatulco
32725,blanco negro beige sandaliasplaya sandalias santacruzhuatulco,mix,huatulco
32727,momento favorito empieza pan frances huatulcocafethelovesantacruzsantacruzhuatulco,mix,huatulco
32728,lindo short falda negro griseado sparkles shortshorts shortfalda huatulco santacruzhuatulco modelo disponible sparkles cherries round pushpin h bajada principal local color rosa entregas domicilio bahias envia,mix,huatulco
32736,purple heart sector bajada principal local color rosa bahiasdehuatulco huatulco santacruzhuatulco zapatillas,mix,huatulco
32737,tallas capri purple heart capri jeansfeminino ropamujer huatulco santacruzhuatulco lacrucecitahuatulco,mix,huatulco
32742,huatulco ropamujer blusasfemininas blusaslindas santacruzhuatulco,mix,huatulco
32748,lindo disponible sparkles red heart huatulco santacruzhuatulco aceptan pagos tarjetas transferencias whatsapp,mix,huatulco
32749,talla pedido anticipo prohibited entregas domicilio tienda santacruzhuatulco,mix,huatulco
32755,ballot box with ballot atencion santa cruz huatulco ine localidad noviembre horario horas round pushpin ubicacion calle macuil esquina calle bugambilias sector edificio real pacifico necesitas algun tramite check mark button inscripcion check mark button correccion datos check mark button cambio domicilio check mark button reposicion credencial acude documentos originales vigentes page facing up acta nacimiento identification card identificacion fotografia house comprobante domicilio clipboard revisa documentos necesarios backhand index pointing right ine credencial documentos necesarios locked consulta aviso privacidad backhand index pointing right ine aviso privacidad loudspeaker pierdas oportunidad tramite mantener vigente credencial votar huatulco ine tramitesine credencialparavotar santacruzhuatulco,mix,huatulco
32757,sun sundara stay connected beach vibrant atmosphere santa cruz within minutes enjoy amenities pool loungers commercial spaces ground level parking thoughtfully designed modern relaxed lifestyle contact telephone receiver office mobile phone whatsapp mail info com sundarahuatulco santacruzhuatulco huatulcoliving sundaraamenities beachlifestyle coastalhomes mexicorealestate sun sundara conectate playa ambiente vibrante santa cruz minutos disfruta amenidades alberca camastros locales comerciales estacionamiento planta baja disenadas complementar estilo vida moderno relajado contactanos telephone receiver oficina mobile phone whatsapp mail info com sundarahuatulco santacruzhuatulco huatulcoliving sundaraamenities beachlifestyle coastalhomes mexicorealestate,mix,huatulco
32758,santa cruz santacruzhuatulco huatulcomexico oaxacamexico mexicovacation,mix,huatulco
32759,antojo rico face savoring food esperamos club playa niru santa cruz huatulco disfrutar snack delicioso relajas brisa sonido olas water wave palm tree nirubeachclub binniguendahuatulco saboresdelparaiso huatulco santacruzhuatulco,mix,huatulco
32769,comfort also details sparkles comodidad detalles sparkles laplayasuites hotelboutique santacruzhuatulco traveloaxaca,mix,huatulco
32773,huatulcooaxaca bahiasdehuatulco santacruzhuatulco playachahuehuatulco,mix,huatulco
32778,natural textures soothing tones suite designed bring peace comfort water wave texturas naturales tonos relajantes suite disenada aportar paz comodidad water wave laplayahotel suitesconvista hotelboutique santacruzhuatulco decoracionnatural huatulcoexperience traveloaxaca,mix,huatulco
32787,fisiohuatulco fisioadultomayor prevension adultomayor santamariahuatulco santacruzhuatulco bahiasdehuatulco fisioterapiabahiasdehuatulco,mix,huatulco
32788,sun empieza ven desayuno favorito romero desayuno petfriendly santacruzhuatulco,mix,huatulco
32789,santa cruz amores light blue heart huatulco santacruzhuatulco,mix,huatulco
32796,coatlan huatulco huatulcomexico santacruzhuatulco oaxacalotienetodo,mix,huatulco
32799,huatulco familia spiral shell sparkles coral vacaciones huatulcooaxaca huatulcomexico tangolundahuatulco familia tendencia parati,mix,huatulco
32804,tangolunda oaxaca palm tree oaxaca tangolundahuatulco mexico fyp parati photographer view september septiembre,mix,huatulco
32805,huatulco huatulcooaxaca huatulcomexico huatulcobeach huatulcotravel tangolunda tangolundabay tangolundabeach tangolundahuatulco beach beachlife playa mar seastones rocasdemar sealandscape paisajedemar oaxaca oaxacabeach playaoaxaquena oaxacamylove oaxacamiamor,mix,huatulco
32806,round pushpin bahia tangolunda palm tree zapoteco mujer bonita tangolundahuatulco tangolunda tangolundabeach bahiatangolunda huatulco huatulcomexico mexicoesmagia mexicoesfotografia mexicoeschingon travelphotography travel travelblogger,mix,huatulco
32807,bye mayo cerrando festejo mama playa mama amo purple heart brown heart orange heart mayo red heart huatulcomexico tangolundahuatulco oaxacamexico bahiashuatulco,mix,huatulco
32813,bahiashuatulco tangolundahuatulco oaxacamexico,mix,huatulco
32816,huatulcooaxaca tangolundahuatulco bahiasdehuatulco,mix,huatulco
32817,zona hotelera huatulco lasbrisashuatulco parkroyalhuatulco dreamshuatulco quintarealhuatulco barcelohuatulco tangolundahuatulco volaris huatulcomexico huatulcooaxaca huatulcobeach huatulcotravel,mix,huatulco
32825,bienvenido suenos hagan realidad deseamos feliz ano equipo villas zaashila sunrise sparkles clinking glasses behalf entire villas zaashila team wish happy new year may dreams come true mobile phone love letter contacto camera with flash max scherenberg zaashila villaszaashila caminorealzaashila villaszaashilatangolunda tangolundahuatulco huatulcooaxaca huatulco oaxaca mercadoorganico santacruz beachlife realestate huatulqueando luxury lifestyle mexico condos villas happynewyear,mix,huatulco
32829,unidades recamaras cuentan sparkles vista mar sparkles cocina abierta sparkles estancia sparkles comedor sparkles recamaras bano completo sparkles bano completo visitas sparkles piscina privada sparkles terrazas unidades generosos espacios diseno bedroom units range have view open plan kitchen living room dining room bedrooms full bath full guest bath plunge pool balconies generously spaced units high design mobile phone wapp love letter contacto zaashila villaszaashila caminorealzaashila villaszaashilatangolunda tangolundahuatulco huatulcooaxaca huatulco oaxaca beachlife realestate huatulqueando luxury lifestyle mexico condos villas,mix,huatulco
32831,parque nacional huatulco area natural protegida diversos ecosistemas representativos biodiversidad mexicana water wave palm tree green heart huatulco lugar perfecto admirar belleza naturaleza sparkles huatulco national park protected natural area many ecosystems exemplify mexico rich biodiversity huatulco perfect place wonder beauty nature mobile phone love letter contacto zaashila villaszaashila caminorealzaashila villaszaashilatangolunda tangolundahuatulco huatulcooaxaca huatulco oaxaca mercadoorganico parquenacionalhuatulco beachlife realestate huatulqueando luxury lifestyle mexico condos villas,mix,huatulco
32834,tangolundahuatulco,mix,huatulco
32836,tangolunda beach camino real zaashila located internationally certified blue flag location granted world class tourist resorts impeccable quality standards responsible relationship environment water wave sparkles playa tangolunda camino real zaashila certificacion internacional blue flag otorga destinos turisticos clase mundial alcanzan nivel excelencia altos estandares calidad manejo ambiental responsable mobile phone love letter contacto camera with flash max scherenberg zaashila villaszaashila caminorealzaashila villaszaashilatangolunda tangolundahuatulco huatulcooaxaca huatulco oaxaca mercadoorganico parquenacionalhuatulco beachlife realestate huatulqueando luxury lifestyle mexico condos villas,mix,huatulco
32838,state oaxaca blessed vast historic artistic cultural wealth besides cultural treasures true greatness lies people taken upon keep countless traditions alive one guelaguetza festival blending magic tradition culture guelaguetza comes zapotec word guendalezaa means offering present compliment also known lunes cerro mondays hill discover oaxaca villas zaashila artist palette party popper hibiscus raising hands raising hands raising hands raising hands oaxaca riqueza historica artistica gastronomica tesoros culturales grandeza reside gente encarga mantener vivas innumerables tradiciones guelaguetza magia tradicion cultura guelaguetza deriva vocablo zapoteca guendalezaa significa ofrenda presente cumplimiento conoce fiesta lunes cerro descubre oaxaca villas zaashila mobile phone love letter contacto camera with flash zaashila villaszaashila caminorealzaashila villaszaashilatangolunda tangolundahuatulco huatulcooaxaca huatulco oaxaca viveoaxaca guelaguetza beachlife realestate huatulqueando luxury lifestyle mexico condos villas,mix,huatulco
32840,villas come private plunge pool refresh bask sunshine home water wave palm tree star struck unidades cuentan piscina privada posibilidad refrescarte soleado casa mobile phone love letter contacto zaashila villaszaashila caminorealzaashila villaszaashilatangolunda tangolundahuatulco huatulcooaxaca huatulco oaxaca beachlife realestate huatulqueando luxury lifestyle mexico condos villas piscina pool,mix,huatulco
32844,bahia tangolundahuatulco,mix,huatulco
32846,disfruta exclusivas amenidades hotel camino real zaashila ambiente resort seguridad calidad servicios alimentos bebidas nivel sparkles sparkles restaurantes bares sparkles club playa sparkles area playa camastros sparkles palapas sparkles alberca asoleadero sparkles cancha tenis sparkles gym sparkles spa sparkles centro negocios sparkles instalaciones eventos enjoy exclusive amenities hotel camino real zaashila boasts resort ambience security world class food beverage service restaurants bars beach club beach area lounge chairs palapas pool sun deck tennis court fitness center spa business center banquet facilities mobile phone love letter contacto zaashila villaszaashila caminorealzaashila villaszaashilatangolunda tangolundahuatulco huatulcooaxaca huatulco oaxaca resort beachlife realestate huatulqueando luxury lifestyle mexico condos villas,mix,huatulco
32848,unidades recamaras cuentan sparkles vista mar sparkles cocina abierta sparkles estancia sparkles comedor sparkles recamaras bano completo sparkles bano completo visitas sparkles piscina privada sparkles terrazas unidades disponibles conocelas bedroom units range have ocean view open plan kitchen living room dining room bedrooms full bath full guest bath plunge pool balconies units available learn mobile phone love letter contacto zaashila villaszaashila caminorealzaashila villaszaashilatangolunda tangolundahuatulco huatulcooaxaca huatulco oaxaca beachlife realestate huatulqueando luxury lifestyle mexico condos villas,mix,huatulco
32851,unidades recamara cuentan sparkles vista mar sparkles cocina abierta sparkles estancia sparkles comedor sparkles recamara bano completo sparkles bano completo visitas sparkles piscina privada sparkles terrazas toque especial conocelas bedroom units range have ocean view open plan kitchen living room dining room bedroom full bath full guest bath plunge pool balconies special touch learn mobile phone love letter contacto zaashila villaszaashila caminorealzaashila villaszaashilatangolunda tangolundahuatulco huatulcooaxaca huatulco oaxaca beachlife realestate huatulqueando luxury lifestyle mexico condos villas,mix,huatulco
32852,vacaciones huatulco tangolundahuatulco barcelohuatulco tangolundabeach santamariahuatulco puertoangeloaxaca zipolite laventanillaoaxaca,mix,huatulco
32854,enmarcado impactante vista isla montosa bahia tangolunda convertido insignia huatulco alcance mano amplia variedad instalaciones actividades zona hotelera exclusiva destino star struck sunrise water wave palm tree framing resplendent azure waters majestic montosa island tangolunda bay iconic spot huatulco wide array facilities installations arm reach resort exclusive hotel zone mobile phone love letter contacto camera with flash max scherenberg zaashila villaszaashila caminorealzaashila villaszaashilatangolunda tangolundahuatulco huatulcooaxaca huatulco oaxaca beachlife realestate huatulqueando luxury lifestyle mexico condos villas,mix,huatulco
32856,villas zaashila concepto inmobiliario inigualable diseno sumergido asombroso entorno natural sparkles sunrise palm tree water wave contamos villas venta recamaras caracteristicas unicas sparkles sparkles sparkles visitanos dizzy villas zaashila real estate concept unparalleled design set amidst exquisite natural beauty bedroom villas sale unique features visit mobile phone love letter contacto zaashila villaszaashila caminorealzaashila villaszaashilatangolunda tangolundahuatulco huatulcooaxaca huatulco oaxaca beachlife realestate huatulqueando luxury lifestyle mexico condos villas,mix,huatulco
32858,developed fonatur camino real zaashila opened doors instantly became one iconic hotels huatulco camino real zaashila hotel began sweeping renovation rest complex desarrollado fonatur hotel camino real zaashila abre puertas decada noventas convirtiendose hoteles iconicos bahias huatulco water wave palm tree inicia importante renovacion hotel camino real zaashila resto complejo sparkles invitamos villas zaashila oficina ventas sparkles mobile phone love letter contacto zaashila villaszaashila caminorealzaashila villaszaashilatangolunda tangolundahuatulco huatulcooaxaca huatulco oaxaca beachlife realestate huatulqueando luxury lifestyle mexico condos villas,mix,huatulco
32863,journee paisible baie tangolunda happy sunday,mix,huatulco
32864,water wave oaxaca playa tangolundahuatulco,mix,huatulco
32866,nazar amulet memories huatulco oaxacamexico verylittleneededforahappylife tangolundabay tangolundahuatulco,mix,huatulco
32868,yin yang huatulcomexico oaxaca muyfeliz ysieltiemposicuratodo happylife alwaysonvacay zaashilahuatulco tangolundabay tangolundahuatulco,mix,huatulco
32869,tbt oaxaca oaxacamexico tangolundahuatulco,mix,huatulco
32874,huatulcobeach tangolunda tangolundabay tangolundabeach tangolundahuatulco dreamshuatulco bahiasdehuatulco bahiashuatulco huatulco,mix,huatulco
32879,tangolundahuatulco heart suit,mix,huatulco
32882,playa tangolunda tangolundahuatulco,mix,huatulco
32883,tangolunda tangolundahuatulco oaxaca,mix,huatulco
32884,tangolunda oaxaca huatulco playa tangolundahuatulco,mix,huatulco
32885,oaxaca tangolunda tangolundahuatulco bahiatangolunda,mix,huatulco
32886,oaxaca bahiatangolunda tangolundahuatulco,mix,huatulco
32888,tangolunda pez tropical palmera playa oaxaca playa tangolunda tangolunda huatulco,mix,huatulco
32890,bahia tangolunda bahiatangolunda bahiatangolunda tangolunda tangolundabay tangolundahuatulco huatulco huatulcomexico huatulcooaxaca huatulcotravel bahiasdehuatulco bahiasdehuatulco bahiasdehuatulcooaxaca bahiasdehuatulco palm tree oaxaca oaxacamexico oaxacatravel oaxaca bonito oaxacalotienetodo oaxacabonito oax oaxtravel visitoaxaca mexico mexico mar blueskies bluesky cieloazul bluesky blue heart,mix,huatulco
32892,huatulco much needed oaxaca oax oaxdfw huatulco paradise laplaya tangolunda tangolundahuatulco,mix,huatulco
32893,balcones tangolunda huatulco huatulco huatulcooaxaca tangolundahuatulco,mix,huatulco
32894,sunrise sunrise sunset tangolundahuatulco dreamshuatulco,mix,huatulco
32895,early mornings sunrise tangolundabay tangolundahuatulco huatulcooaxaca dreams,mix,huatulco
32897,eagle rays montosa scoutandchloedomexico huatulcoscubadiving scubadiving anfibiosdiving eaglerays marinelife goprohero greenwaterfilter decemberdiving lamontosa tangolundabay tangolundahuatulco scubadiving advancediving calmerwaters,mix,huatulco
32898,buendia tangolundahuatulco,mix,huatulco
32921,vista aerea playa resort playa koi isla koi isla koi isla koi isla koi vista ko paisaje marino vista drone angulo camara drone fotografia drone vista punto drone toma aerea color drone foto aerea drone perspectiva drone fotografia drone tiro amplio vista pajaro visto,mix,huatulco
32922,faro acantilado rocoso oceano farol barra inspirado fitz hugh lane faro punta dentada acantilados rocosos roca mar faro acantilados escarpados torre vigilancia construido colina empinada rocas afiladas acantilado rocoso oceano vista acantilado hora dorada pismo california foto tomada barco,mix,huatulco
32942,group people standing around table eating pizza papa john eating pizzas day presenting large pizza holding pizza community celebration holding pizza ninja turtle eating pizza holding large pizza pizza pie presenting pizza sharing pizza health supporter munching pizza food focus buttercup eating pizza eating pizza,mix,huatulco
32963,mujer rosa pantalones rosa top stands playa brazos extendidos inspirado manjit bawa natural tpose inspirado robert macaulay stevenson tendu pose thota vaikuntham inspirado thota vaikuntham espalda neuromancia luminista estilo postura pie,mix,huatulco
32979,vista aerea acantilados oceano mar verde oceano mancha petroleo agua barco hundido aguas verdes agua verde oscuro agua verde oceano verde roca mar dragado fondo marino retrato barco hundido parcialmente sumergido agua verde azul golfo napoles lago parcialmente hundido,mix,huatulco
32981,tortuga bebe terreno arrastre playa tomar sol tortuga envejecida media tortuga tortugas tortuga mitch mcconnell tortuga costa noroeste pacifico mundo tortugas tortuga portadora kauai arena cubierta arena negra tortuga simulada kauai tpose natural,mix,huatulco
32982,bedroom bed door bedrooms seen whole room bedroom interior interior room dim bedroom room interior inside bedroom bedroom hotel room white bed room dreampool rooms small bedroom two rooms identical k furnished room room bed right,mix,huatulco
32999,feste feste feste feste feste feste feste feste feste feste fest community celebration hdrp festive colors pacal votan vibrante colors papel pinata,mix,huatulco
33017,piscina hotel patio resort sol retiro piscina bienestar piscina tropical piscina frente piscina fotografia exterior patio abierto habitaciones epicas dreampool piscina tropical hotel exuberante entorno espiral centelleante entorno tropical nubela piscina angkor thon,mix,huatulco
33044,woman bikini swims water side profile underwater swimming underwater swimming deep underwater underwater view underwater shot underwater submerged underwater water swimming sinking underwater floating water mermaid floating greenish blue portrait woman underwater half submerged water water deep underwater,mix,huatulco
33064,man swimming ocean camera dark green water dark underwater scene water texture dark ocean water thalassophobia submerged underwater dark underwater alien ocean sinking underwater underwater shot deep underwater scene photo camp fire underwater humans hide underwater deep underwater submerged water underwater background,mix,huatulco
33067,sign says names different restaurants city armenia quindio coban tlaquepaque canva travel guide masqua quechua morearea travel adventure ruanjia colorful signs travel local foods quechua lots signs shops ortografico,mix,huatulco
33146,blue background words ests entrea haluo craxula yutja mulato cinematica moco ayahausca quechua quechua quechua chuquicamata ruanjia caricatural emoji guanajuato,mix,huatulco
33160,novia novio coche aenami alena novio novia genndy tartakovski rutkowski ilya krenz nixeu wlop asya yoranova alan lee rutkowski michael weisheim beresin vistiendo vestido novia foto boda ksenia milicevic encantadora pareja,mix,huatulco
33162,plato comida mesa tazones sopa cerdo crudo kanye west sopa arroz sandwich tofu frito carne cerdo bao phan thanshuhai marron durand bao pnan nuttavut baiphowongse cerdo central soyjack umami carne textura keng lejia,mix,huatulco
33171,view resort above bird s eye view changquan bird s eye view ecovillage bird eye view resort hd aerial photography bird s eye view bird s eye view birds eye view bird eye view inspired wan okinawa japan sky high view,mix,huatulco
33173,playa oceano azul arena blanca playa australiana australia lente angular mm apertura f magnifica super angular impresionante playa hermosa lente ultra angular lente angular mm imagen lente ultra ancha hermosa playa lente angular mm,mix,huatulco
33184,poster picture boat boat background canva travel ad ad image full details costa blanca seven consectetur adipiscing elit niea vibrant tourism poster canva lorem ipsum dolor sit amet seven sins incoherents,mix,huatulco
33202,pajaro posado rama arbol azul arara plumas azules vista pajaro ave fenix azul pajaro colorido sentado rama rizada capa larga azul vista pajaro vista pajaro vista pajaro rama vista pajaro arbol encaramado,mix,huatulco
33219,man laying beach surfboard caio santos gui guimaraes christian orrillo cecco bravo vitorugo ronen bekerman daniel mirante gustavo dore pablo olivera white sarong david villegas danilo torres chris achilleos victor prezio,mix,huatulco
33224,group people posing front building okuda sam miguel global ilumination chuquicamata city armenia quindio emulador stupendium pudica pose lumens full colors craxula laminal space villany group full color filmatic,mix,huatulco
33271,man sitting beach padmasana meditation pose meditating lotus position anjali mudra yoga meditation pose meditating pose meditating lotus pose sukhasana paz meditation kundalini energy starfish pose calanque peace japan travel adventure kazuki tanahashi,mix,huatulco
33281,group people dressed characters carnaval barranquilla wedding photo bride groom vampre masquerade papel pinata celebrating illegal marriage pop parade figure parade floats magic parade float city armenia quindio big video statues community celebration parade,mix,huatulco
33289,mujer vestido azul sentado manta rosa azul colores rosados carmelo blandino rosado colores azules moda maximalista moda maximalista vestir vestido floral rosa vestido floral art novuea inspirado frida kahlo hermosa geenss archenti flores azul esquema color rosa,mix,huatulco
33291,personas mirando puesta sol campo mar mano sosteniendo ala gorra mirando mar mirando oceano viaje aventura japon mirando oceano mirando oceano rosa mirando puesta sol colinas fondo oceano mirando puesta sol,mix,huatulco
33323,barcos agua aguas azules mar azul agua azul oceano azul agua azul celeste agua azul agua azul oscuro agua azul clara oceanos azules profundos colores azules azul picton colores azules ricos agua azul profundo barcos pesca colores blancos azules filtro azul rico color azul color azul brillante azul profundo,mix,huatulco
33328,playa olas rompiendo arena mar azul oceano azul foto oceano azul cielo cielo azul foto oceano agua azul cielo entorno playa azul cielo nublado agua azul nubes azules mar azul isla makoto shinkai mar azul cielo azul azul cielo azul limpio,mix,huatulco
33329,hombre mujer sentada roca fondo piramides fondo piramide fondo piramide fondo piramides estilo piramides piramide megaestructura antigua piramide montana llameante fondo tumbas antiguas piramide antigua fondo ruinas antiguas ruinas ciudad antigua leva volcan leon esquema piramidal,mix,huatulco
33370,mujer bikini montando tabla surf foto gopro go pro tiro gopro gopro camara gopro material archivo gopro filmado surf gopro material archivo go pro lente gopro surf miltos manetas boroque tocchini plano fondo paraiso gopro alanis guillen,mix,huatulco
33386,woman bikini swims water floating water submerged underwater water swimming partly underwater side profile underwater underwater view swimming deep underwater suspended underwater swimming underwater floathing underwater lake portrait woman underwater underwater horror scene female floating water ocean submerged water,mix,huatulco
33406,woman bikini swims ocean swimming deep underwater underwater view pov underwater great barrier reef partly underwater humans hide underwater side profile underwater swimming underwater swimming ocean floating water gopro lens submerged underwater deep underwater diver swimming ocean swimming surface,mix,huatulco
33418,person laying beach bike relaxing beach sunset picture female biker sunset beach sunset girl watching sunset watching sunset purple sunset beautiful sunset sunset picture male biker sunset beach sunset legs taking pov,mix,huatulco
33423,jamon jamon jamon ham ham ham ham ham ham ham ham ham ham ham ham ham ham ham ham ham ambiente cubano ambiente relajante plantas colgantes acogedor atmosfera pacifica singapur tema blanco malla cuerda entorno jardin atmosfera relajante plantas balcones balcon relajante columpio arbol,mix,huatulco
33431,nino sentado playa mirando oceano playa hawai mirando oceano mirando oceano chica mirando olas oceano hawai mirando oceano rosa mirando mar playa perdida kauai fondo paraiso kauai,mix,huatulco
33511,lengua perro retrato kauai perro maui retrato kauai hermoso retrato nina retrato perro sonriente hera perro feliz hermosa imagen retrato callejero hermoso desi hermosa cabeza perro jack russel terrier zumi,mix,huatulco
33514,feste feste feste feste feste feste feste feste feste feste feste feste feste feste feste feste community celebration guanajuato boissb blanca,mix,huatulco
33521,playa barco agua reina mu yanling changquan talasofobia guanyin mares sur inspirado wan impresionante hermosa playa playa tropical vegetacion thanshuhai isla aoshima mar azul kim tschang yeul azul,mix,huatulco
33539,sunset words seo seo carpe diem paz hdrp porfirio didonna derf altichiero gonzo canva chippy diego qirex araceli gilbert arturo rivera,mix,huatulco
33570,hombre nadando piscina paleta eric zener aykut aydogdu aykut aydogdu eric zener suave eric zener cam leon eric zener cam leon david villegas inspirado david lachapelle david choe flotando agua lago gopro inspirado eric zener,mix,huatulco
33581,bedroom bed ceiling fan estate agent listing photo bedroom interior inside bedroom bed room bedroom small bedroom dim bedroom airbnb bedrooms seen room shot residential design white bed bedroom bed right open room whole room room interior room,mix,huatulco
33600,rendering pool patio lounges lumion render lumion rendering render d render corona digital rendering vue render rendering rendering photorealistic rendering beautiful rendering cg render vue render detailed renderings architectural rendering digital rendering render vray,mix,huatulco
33603,woman bikini swims water underwater shot pov underwater underwater view underwater camera underwater underwater face underwater perspective underwater photo underwater photograph side profile underwater underwater photography gopro shot ocean swimming underwater partly underwater underwater ocean gopro photo underwater background underwater scenery underwater bubbles,mix,huatulco
33604,fiesta fiesta fiesta fiesta fiesta fiesta fiesta fiesta fiesta fiesta fiesta fiesta fiesta fiesta fiesta fiesta fiesta fiesta fiesta fiesta fiesta community celebration festival pacal votan papel pinata hdrp art guanajuato mexico muertos,mix,huatulco
33605,woman bikini standing beach monokini bali sling bikini shiny plastic bikini white silver bikini blue skin jamaica kaitlyn michelle siragusa full body shot bikini bikini model beautiful woman body lacivious pose kauai,mix,huatulco
33606,isla persona agua azul oscuro aguas azules oceanos azul profundo foto agua azul foto oceano tomada barco foto agua azul profunda foto tomada barco oceano curso gofl nadando agua azul verde oceano nadando fondo oceano abierto hermoso oceano,mix,huatulco
33624,logo banda berendo feisar bienvenido aplicacion toyen imagen flash joel torres imagen publicitaria banner base josefina tanganelli plana telegrama pegatina imagen superior fabry glenn video perez fabian john baer sitio web pantalla inicio fondo borroso,mix,huatulco
33625,personas oceano flotante brazos extendidos nadando foto oceano gente oceano ahogandose paleta mar gente agua nadando curso gofl nadando oceano flotante oceano flotante nadando oceano aykut aydogdu eric zener flotante agua ahogada cuastics,mix,huatulco
33626,grupo personas posando foto vestido morado tirantes princesa banquete real vistiendo corse morado tutu vistiendo tutu romantico morado tiara vestido morado tema color violeta princesa plano cortinas moradas vestidos largos rosados violetas vestido real reina vestida tema violeta fiesta cumpleanos,mix,huatulco
33636,grupo personas vestidas disfraces sosteniendo cartel foto boda celebrando matrimonio ilegal foto realista papel pinata folklore mexicano novia novio video estatuas rv vfx gente normal disfraces boda vampiro mascarada k hdr alta calidad boda real calidad,mix,huatulco
33695,cerrar sandwich cobertura arandanos revista gastronomia revista gastronomica gastronomia molecular momento mori muertos deathburger parce sepulto emulador biopunk libro cocina foto cinematografica negro esquema azul azul bioluminiscente esquema negro,mix,huatulco
33706,feste feste city santa vibrante colors community celebration festival festive colors pacal votan hdrp full poster masqua,mix,huatulco
33790,motocicleta estacionada letrero frontal foto moto motociclista masculino montando motocicletas carretera mexico harley davidson moto montando foto motocicleta motociclista coban ciclomotor centro moto marco montando moto motociclistas carrera infierno desayuno pozas canva,mix,huatulco
33808,mujer bikini pie playa monokini foto cuerpo completo bikini cabestrillo bikini frida castelli bikini plastico brillante sandra chevier bikini azul pose lasciva bikini vestido modelo bikini justa piel oliva usando bikini piel oriente mujer hermosa cuerpo piel azul modelo instagram bikini realista,mix,huatulco
33816,mujeres pie pantalla television imet bilquis evely verde ropa blanca inspirado irene laurette patten personas influyentes inspirado araceli gilbert magali villeneuve monet verde azul profundo animico sol retiro alanis guillen,mix,huatulco
33820,bull bull bull bull bull bull bull bull bull bull bull bull bull bull bull bull bull bull bull bull bull bull bull vehiculos construccion vehiculos mad max fury road maquinaria pesada buggy fury road diesel punk wall wall foto realista excavadora tierra recusion beeple road,mix,huatulco
33827,rebanada coctel borde naranja vistoso coctel inspirado gentil bellini inspirado angel botello azul oscuro naranja oscuro detalles naranja azul inspirado carlo martini bebiendo coctel esquema color azul naranja azul fuerte colores naranja inspirado francisco burgos mantilla,mix,huatulco
33848,group people standing top stage community celebration mexican folklore dance hall background muertos fat latin woman dancing muertos muertos muertos muertos mexico folklorico people dancing,mix,huatulco
33879,man red shirt god poseidon smoking cigar drinking smoking jose ladronn holding cigar man smokes cigar cigar mouth cigar smoking cigar holding cigar influencer subject action smoking cigar smoking cigar cigars man drinking beer smoking cigars,mix,huatulco
33891,plato comida bebelo consiguiendo tacos beber tacos desayuno pozas foto comida enfoque comida especiales diarios foodphoto k fotografia comida k fotografia comida fotografia comida alta calidad blog comida foto taco tlaquepaque foto comida premiada fotografia comida comida pov,mix,huatulco
33892,hombre piscina bar fondo neon jacuzzi fiesta piscina pixvy vfx spa foto realista deepdream neosvr piscina imagen imagen superposiciones piscina bienestar piscina dj piscina lujosa natacion picsart mp,mix,huatulco
33896,taza cafe playa puesta sol fondo cafe manana anita malfatti taza cafe mujer tomando cafe cafe atlach nacha taza cafe cafe caliente natural canva ayahausca entorno playa companero colores awingawat tazas cafe ko fi,mix,huatulco
33899,grupo personas barco imagen oceano angulo go pro vista toma gopro tomada go pro heroe foto gopro yate foto mar foto gopro oceano vista ojo pez gopro tiro gopro camara gopro metraje go pro,mix,huatulco
33924,view ocean airplane airplane window view kauai kauai view sky view window flying ocean view window airborne view airplane view seen plane view plane bird s view window view,mix,huatulco
33925,woman holding laptop smiling promo internet megabit promotional render advertisment digital advertisements ad image netfilx n digital provio digital provio ventail niea images sales website catnet digital marketing conecpt art promotional media,mix,huatulco
33933,grupo personas barco agua angulo go pro foto camara gopro foto gopro tomada go pro heroe lente gopro tiro gopro tubo arco iris dorado gopro tiro gopro buceo vista ojo pez lente ojo pez angulo,mix,huatulco
33953,restaurante letrero iluminado luna llena fotografia hora azul clasificacion color azul luz luna azul luces azules altas luz azul cielo azul oscuro hora azul noche azul iluminacion hora azul cielo suave iluminacion azul luna azul iluminacion azul luz luna azulada iluminacion neon azul luz azul luz neon azul luz luna azul,mix,huatulco
33970,hombre mujer disfrutando comida juntos sosteniendo pato blanco sosteniendo maracas alex gris romero ressendi juguete dioses aztecas funco juguete ney matogrosso malicia mascota pajaro michael whelan genzoman frank franzzeta frank franzzeta sakimichan,mix,huatulco
34008,basket filled salad fork nachosaurus one red tomato slice wooden plate pizza pie italian pizza salad served plate pizza burger plate zaba style supreme pizza presenting large pizza presenting pizza greek style plate flying saucer kebab,mix,huatulco
34018,mujer sentada banco mirando agua hora dorada pismo california chica mirando olas oceano chica mirando atardecer vistiendo ropa maritima oscura cielo atardecer dorado mirando oceano sentado trono dorado hora dorada boracay sentado trono dorado hora dorada caliente majestuoso pose hilos dorados,mix,huatulco
34036,little girl sitting blanket beautiful angel girl portrait beautiful pink little girl inspired lilia alvarado beautiful little girl ruanjia breakfast pozas canva photo girl canva cute little girl beautiful girl portrait beautiful angel girl angel girl rubi yr old,mix,huatulco
34062,cafe cafe cafe cafe cafe cafe cafe cafe cafe cafe cafe cafe cafe cafe cafe cafe cafe cafe cafe cafe cafe celebration coffee products canva cafe ko fi canva emulador coffee shop coban poster template canva inspired ceferi olive cafe felted animals,mix,huatulco
34076,hombres pie frente edificio bispo rosario mc escher ronny khalil alex grey romero ressendi genzoman frank franzzeta ney matogrosso malicia frank franzzeta sakimichan sakimichan frank franzzeta walter white jesse pinkman,mix,huatulco
34077,beach light green light sky green matrix light farol barra ambient green light green light glowing green rocks green lighting blue green light green light coming window glowing green one point light green glow glowing green lights green green lights,mix,huatulco
34100,woman sitting rock beach girl watching sunset looking sunset beautiful sunset sunset looking sunset looking sunset sunset sunset watching sunset girl looking ocean waves beach sunset sun behind her sunset sunset background,mix,huatulco
34104,mujer saltando palabras aire concionmix john maxwell mooc machin pexels plus x fu listo listo carpe diem listo alphonce milton menasco canva facil,mix,huatulco
34106,man standing sand heart shaped sign auril youtube thumbnail tula ruanjia stanley artger lau ocult alex yanes lisa frank juan villafuerte chuquicamata bian luan video art yutja juan caloto saul yaffie mulato,mix,huatulco
34123,plato comida mesa bebida isla comida hecha plato hamburguesa hamburguesa estilo polinesio boca hamburguesa queso kauai plato servido plato mesa madera hamburguesa kauai ojos humanos flores hechas fruta nachos,mix,huatulco
34126,hombre agua agua pedro correa agua pie aguas profundas nadando oceano nivanh chanthara fondo playa jesus caminando agua agua flotante playa mar nigredo hicham habchi piscina agua mohamed chahin,mix,huatulco
34146,woman wearing helmet wearing skate helmet wearing helmet wearing skating helmet wearing round helmet wearing helmet holding helmet helmet face mountain bike helmet road bike helmet picture female biker helmet on wearing helmet helmet half helmet wearing winged helmet helmet off full helmet riding bike,mix,huatulco
34169,palabra amor playa deletreada z esquema color purpura azul fiesta playa zerg purpura ibiza esquema color azul zochi esquema purpura azul esquema color violeta azul esquema color azul purpura azul purpura ibiza serie oz inscripcion purpura brillante letras perfectas pared azul,mix,huatulco
34170,beach boats water sunset ibiza pink sunset redpink sunset pink sunset hue beautiful sunset glow beautiful sunset pastel orange sunset pink sky pink skies colours sunset cyprus looking pink ocean pink orange colors pastel sunset sunset view pink hues orange sky,mix,huatulco
34171,hotel quileo hotel auril aruba travel ad ad image motel aqua aquasixio contest ayahausca adularia travel guide quetzal holiday resort advertisment ad art blue walls qualia beutiful resort full color promotional media website,mix,huatulco
34181,sign says estmos aes flash image emulador add text auto repair inspired hugo sanchez bonilla snapchat luis rollo romero ressendi claroscuro editorial diseno limpio facil lectura luxury journal cover inspired oscar rodriguez naranjo,mix,huatulco
34219,baby doll sitting bike handle picture female biker death stranding game death stranding motorbike picture male biker nightmare inducing strangely terrifying nightmare fuel unsettling motorbikers race hell unsettling image horrifying creepy unsettling harley davidson motorbike motorbiker nightmare fuel,mix,huatulco
34230,bedroom bed tv photograph ios room bedroom interior bed right bed dim bedroom photorealistic room small bedroom inside bedroom bedrooms seen bed room houzz bedroom cg cg sterile minimalistic room white bed,mix,huatulco
34238,tacos pescado tabla madera tacos taco chorizo salchicha comida artesania aventura restaurante menu foto foto comida premiada enfoque comida comida moda foto comida blog comida plato servido comida deliciosa vaquero mexicano fotografia comida alta calidad plato mesa pescado perdido foto comida,mix,huatulco
34239,man standing beach rear side portrait muscular bodybuilder physique muscular man back pose muscular masculine figure muscular men bodybuilder posing attractive muscular man strong muscular man muscular figure masculine muscular figure muscular bodybuilder muscular white gigachad muscular muscular bodybuilder body,mix,huatulco
34242,man standing rock water andres rios eloy morales david villegas pablo olivera paul pepera pablo roldan juan jose serrano billy herrington body pablo perdomo diego ruanjia christian orrillo paz freedom danilo torres free,mix,huatulco
34269,mujer sentada frente palabra amor masqua magali tlaquepaque iamag okuda sam miguel voque inspirado robert macaulay stevenson massys epico oxaguian megascans imaginfx imagenet magitech megaciudad imagenes jamaica,mix,huatulco
34280,feste feste feste feste feste feste feste feste feste feste fest community celebration festive colors festival vibrante colors guanajuato pozas muertos full poster muertos,mix,huatulco
34285,hombre sentado playa mirando oceano playa perdida mirando oceano mirando oceano chica mirando olas mar tristeza oceano reflejante pensativo mirando solitario oceano rosa oceanos azules profundos serie perdida buscar tiempo perdido,mix,huatulco
34298,word love made plastic bottles yutja colorful signs quetzalcoatl juan villafuerte tula quetzal mulato botanical rainbow backdrop art style quetzecoatl colorful neon signs okuda sam miguel huts judith gutierrez green letters ruanjia,mix,huatulco
34300,group people standing stage community celebration pacal votan azctec warrior yutja quechua quechua ayahausca mexico quechua religion craxula mayan alegria atlach nacha mexican folklore cdx presidental elections candidates,mix,huatulco
34322,man sunglasses boat people ocean eloy morales juan diaz canales pacal votan george lopez boat juan jose serrano rock god ocean open ocean omar ortiz jorge velarde great leviathan jose ladronn,mix,huatulco
34347,woman bikini sitting pool jose ladronn nivanh chanthara diego koi lionardo davinchi david villegas velasquez diego roge antonio andres rios omar ortiz ruanjia boris villajo guapo neon jacuzzi alejandro mars ravelo,mix,huatulco
34358,acantilado rocoso monjas gemelas flotando escoba voladora isla rocosa voladora hadas voladoras murcielagos voladores angeles voladores criaturas voladoras almas voladoras cuervos negros volando monjas gemelas levitando bestias miticas voladoras islas voladoras libros magia voladoras aire volador vaca voladora oceano volador murcielagos volando castillo foto realista,mix,huatulco
34368,mujeres pie mujeres demacrada vestido noche negro bilquis evely vistiendo vestido negro miss universo vestido negro oscuro maria fortuny moda pasarela mujer elegante vestido negro inspirado francisco burgos mantilla deco moda vestida negro ropa moderna alta costura negra,mix,huatulco
34371,man woman sitting wall looking ocean looking sunset looking pink ocean watching sunset looking sunset looking sunset looking ocean looking ocean looking see beautiful sunset girl watching sunset,mix,huatulco
34387,cartel publicitario evento empresarial hogar ancianos inc illustratioin incoherentes complejo incrinate futurista,mix,huatulco
34390,fondo azul cara sonriente palabras aves fidad sia wifi icono ayahausca cielo fi hosada masqua felicidad costa blanca conectividad wepa digital mulato instagram digital yukky aruba marketing cielo paraiso internet wpa dispositivo completo,mix,huatulco
34397,platos mesa comida it platos mariscos conservados hielo comida hecha isla plato servido umami plato oferta comida inspirada plato li rongjin mesa madera mesa ingredientes cena coreana plato comida perros enlatado,mix,huatulco
34429,foto playa arena toma angular k hdr ultra angular vista ultra angular playa borde exterior playa arena blanca foto ultra angular tomada ektachrome angular ultra vivida k angular toma ultra angular ultra angular ultra angular,mix,huatulco
34430,cielo azul nube blanca cielo azul limpio cielo lider cielo azul puro cielo azul cielo azul cielo azul cielo azul canva cielo azul cielo azul brillante punto vista cielo azul dinamico cielo azul cielo azul cielo despejado,mix,huatulco
34444,man standing rocks ocean ruanjia nivanh chanthara juan jose serrano paul pepera pablo roldan andres rios free nigredo stand behind eloy morales freedom pablo perdomo pablo olivera pedro correa david villegas mexico zyzz,mix,huatulco
34476,mujer vestida rom floral verde rom rom rom rom rom rom rom rom rom rom rom rom top mangas verde top mangas verde palido vestido verde cuerpo completo vestido selva traje bano verde elegante estampados tropicales ropa blanca verde vestido verano adorable atuendo vestido top tubo estilo tropical cintura expuesta vestido verde oscuro,mix,huatulco
34502,restaurant qr code screen promo limited time offer promotional canva marketing design promotional media ad image advertisment daily specials digital marketing restaurant digital provio digital provio restaurant,mix,huatulco
34516,grupo hombres bote pie azul fuerte tiburon azul rimlit celebracion comunitaria guerrero azteca escuelas arremolinadas pez plateado pantera azul elenco completo luis nieves sr camisa azul azul colores plata pescadores colores azul plata azul kobalto ayahausca piel azul energia azul,mix,huatulco
34541,sign tree beach luis enrique camej varadero beach beach bar colorful signs luis marsans juan fernando cobo canva manolo millares miltos manetas bar background inspired juan fernando cobo may montravel edwardes,mix,huatulco
34547,mujer chaqueta roja jeans caminando playa arena foto puesta sol gopro k hdr puesta sol iluminada k d k d k d google punto imagen epica oxossi tiro gopro infierno tomado go pro heroe,mix,huatulco
34566,group people standing stage carnaval barranquilla community celebration quechua pacal votan quechua quechua alegria ayahausca craxula epic oxaguian contest contest award winner masqua quetzalcoatl hosada,mix,huatulco
34569,poster painting group people art vibrante colors canva canva tlaquepaque muertos vale encantado masqua cinematica yutja alebrijes aesthetic illustratioin corel painter,mix,huatulco
34572,group people standing stage community celebration quechua quechua quechua craxula ayahausca alegria qirex pacal votan maxar presidental elections candidates oracle mayan elders portrait quetzalcoatl atlach nacha,mix,huatulco
34585,woman standing beach bike helmet on picture female biker wearing skate helmet wearing helmet wearing round helmet nike cycling suit wearing helmet cycling riding bike holding helmet wearing skating helmet rides bike wearing knee elbow pads rollerbladers road bike helmet sport pants,mix,huatulco
34593,playa barcos rocas agua azul agua azul cielo azul ibiza cielo azul agua azul clara cielo azul puro oceano azul cielo azul aguas azules fiesta playa ibiza oceano azul agua azul cristalina isla calanque mar azul mar azul cielo azul soleado,mix,huatulco
34596,persona caminando sendero bosque chica caminando bosque oscuro chica caminando bosque caminando bosque erguido trekking bosque caminando bosque caminando bosque caminando exuberante bosque fotografia blanco negro caminando bosque caminando arboles alejandose caminando bosque caminando chico,mix,huatulco
34609,good morning paz mexico carnivalcruise cruisevacation carnival cruiselife lapazmexico mexico,mix,la_paz
34618,best mexican food ever date plantain molote coloradito braised beef ribs merida green sauce sabores paz bcs mexico lapazmexico mexico,mix,la_paz
34621,fish tartare smoked beets salad biznaga bistro paz bcs mexico lapazmexico mexico,mix,la_paz
34642,victoria demi default thumbs down medium light skin tone equipo titanes pacifico faltando hora encuentro aviso presentaria llevamos puntos amarrando lugar tabla continuando invicto reiteramos gusta ganar cancha cross mark patrocinador oficial purodemihumansfc puropinchedemifc demihumansfc vaportiluna futbolbarrio lapazbcs lapazmexico mexico,mix,la_paz
34651,necesito sol sol lugar corazon rojo bcs mexico paz mexico mexico,mix,la_paz
34660,tours tuesday sunday schedules see sunsun sunset pm tour starts picking boardwalk kiosk information contact facebook instagram tiktok explorer bcs reserva cupo limitado recorridos martes domingo horarios amanecer atardecer pm tour empieza recogiendolos kiosko malecon informacion contactanos facebook instagram tiktok explorer bcs reserva cupo limitado hikingtrail lapazmaravillosa lapazmexico mexico atardecer senderismomexico atardeceres hikingtrails hikingadventures atardeceresbonitos moonview moonlight moon lapazbajacaliforniasur palm tree caminatasaludable caminatas desert senderismolapaz lapazbcsur descubrelapaz sunsetmagic bajacaliforniasur bajacaliforniasurmexico hills bajacaliforniasur healty travel tavel balandrabcs balandralapaz,mix,la_paz
34684,paz mexico mexico taco lapazmexico girlstrip flightattendants,mix,la_paz
34690,friend trip friends beautifulplaces sunset lapazmexico beautifulpeople,mix,la_paz
34709,barco indigohotel lapazmexico drooling face taco,mix,la_paz
34713,mexico paz mexico paz agua ola babeando cara,mix,la_paz
34719,good end licking fingers drooling face sparkles tigerclublapaz lapazbcs lapazbajacalifornia lapazmexico descubrelapaz,mix,la_paz
34722,viaje divertido travelphotography lapazmexico,mix,la_paz
34723,public art along paz malecon lapazmalecon lapazmexico sculpture,mix,la_paz
34730,paz sunrise lapazmexico sunrise,mix,la_paz
34734,christmas eve sunset paz mexico christmaseve lapazmexico,mix,la_paz
34736,cathedral paz lapazmexico feliznavidad christmas tree,mix,la_paz
34737,pichilingue lapazmexico playadetecolote playabalandra playafoola playajinglebells,mix,la_paz
34739,maybe probably pretty sure almost certainly favorite picture lapazbcsmexico lapazbcs lapazmexico lapazbajasur lapaz,mix,la_paz
34754,riggs calleocho calleochocards mexico mexicolife bajabcs bajaliving lapazbcs lapazmexico doglife sunrise desert desertroads,mix,la_paz
34758,looking renewal got covered new vibes fresh design pieces space waiting sparkles list renovar cubrimos vibras diseno fresco piezas casa pidiendo casanopal mexicandesign handmadecraftsmanship todossantosbcs lapazbcs lapazbajacalifornia lapazmexico discoverlapaz visitlapaz explorelapaz visittodossantos discovertodossantos hiddengemmexico lapazcommunity madeinlapaz welovelapaz livelapaz bajamagic,mix,la_paz
34770,ostion piedra oyster lapaz boulevardpinopayas lapazmexico,mix,la_paz
34771,buscas espacio realmente adapte mayoria opciones mercado casas prefabricadas disenos genericos pensados perfil estandar estandar gafh arquitectura creamos proyectos medida cero espacio adapte vida reves encargamos proyecto arquitectonico personalizado remodelaciones transformar escaneo lidar drones precision bim revit planificacion inteligente renders recorridos virtuales visualizar construir costos planeacion supervision obra cansado opciones encajan necesidades estilo vivir empieza diferencia disenamos personas reales vidas reales necesidades unicas gafh arquitectura arquitectura medida mercado looking space truly fits options market today prefabricated homes generic designs created standard profile standard gafh arquitectura create tailor made projects ground space adapts life way around take care everything custom architectural design remodelations transform space already scanning lidar drone surveys accuracy bim revit intelligent planning photorealistic renderings virtual walkthroughs visualize building cost estimating planning construction supervision tired seeing options fit needs style way actually live difference begins design real people real lives unique needs gafh arquitectura architecture tailored market gafharquitectura arquitecturacontemporanea arquitecturayconstruccion arquitecturamexicana disenoyarquitectura remodelacion revit customarchitecture architecture buildyourdreams lapazmexico,mix,la_paz
34772,haz fiestas experiencia unica quete enfiestas ideal cumpleanos reuniones eventos celebrar partying face contamos barras elotes vaso enteros nachos tostielotes elotes forrados contratas enero febrero llevas descuento raising hands vela bengala cheetoelote cortesia cumpleanero wrapped gift mobile phone with arrow reserva fecha whatsapp round pushpin whatsapp siguenos redes ig facebook palpincheantojo sparkles haz evento inolvidable sabor sabroso paz ear of corn fire snacks elotespreparados barrasdeelotes nachos emprendimiento eventos promociones lapazbcs lapazmexico,mix,la_paz
34773,mar plato fuego brindis casamarte momento sabores golfo sienten cerca casamarte lapazbcs seafoodlovers oysters mariscos cocinademar ostiones spritztime sunsetvibes foodstagram bajastyle bajacuisine golfodecalifornia lapazmexico eatlocal freshcatch seafoodbar bcs,mix,la_paz
34774,limpia hidrata piel dejandola super suave radiante aroma irresistible sparkles right arrow xmas sephora viralvideos novashoplapaz beauty soldejaneiro lifestyle makeup lpzbcs lapazmexico,mix,la_paz
34775,haz fiestas experiencia unica quete enfiestas ideal cumpleanos reuniones eventos celebrar partying face contamos barras elotes vaso enteros nachos tostielotes elotes forrados contratas enero febrero llevas descuento raising hands vela bengala cheetoelote cortesia cumpleanero wrapped gift mobile phone with arrow reserva fecha whatsapp round pushpin whatsapp siguenos redes ig facebook palpincheantojo sparkles haz evento inolvidable sabor sabroso paz ear of corn fire snacks elotespreparados barrasdeelotes nachos emprendimiento eventos promociones lapazbcs lapazmexico,mix,la_paz
34776,lapazmexico mar birds aves,mix,la_paz
34777,lineas geometricas marcan ritmo muebles espacios disenados medida geometric lines set tone design organizes highlights transforms space casanopal mexicandesign handmadecraftsmanship todossantosbcs lapazbcs lapazbajacalifornia lapazmexico discoverlapaz visitlapaz explorelapaz visittodossantos discovertodossantos hiddengemmexico lapazcommunity madeinlapaz welovelapaz livelapaz bajamagic,mix,la_paz
34788,baja lapazmexico tuna atun doradosfishing bajasur bahiadelossuenosbcs,mix,la_paz
34794,compartimos tips faltar viaje isla espiritu santo smirking face glowing star star struck sun mobile phone with arrow reservaciones sparkles islaespiritusanto lapazmexico bajacaliforniasur pacenos balandra calor lapazbcs,mix,la_paz
34801,hey made paz mexico mexicoenmicorazon lapazmexico navegandomexico viajandoconvelero navegandoestilo vida navegandovida sirenaydelfin,mix,la_paz
34811,lapazmexico mar esculturas scuplture,mix,la_paz
34814,agua ola burbujas destellos playapuntaarenabcs bcs paz mexico mexico picoftheday,mix,la_paz
34815,guest artist marzo send artist cactus lapazmx lapazbcs tattoolapaz tatuajeslapazbcs,mix,la_paz
34817,curvas sexybikinigirl sexylady lapazmx,mix,la_paz
34818,bikini season bikiniselfie bikini lapazmx,mix,la_paz
34819,sunny day sunnydays lapazmx lapazbcs,mix,la_paz
34821,cactus baja cactus black heart agenda abierta paz bcs lapazbcs tattoolapaz lapazmx tatuajeslapaz bcstattoo,mix,la_paz
34823,vemos manana maca pm clinking glasses mirror ball lapazmx lapazbcs antrolapaz bcs,mix,la_paz
34824,selfie sexylady lapazmx lapazbcs,mix,la_paz
34825,chica fitmotivaciones girlstyle lapazmx,mix,la_paz
34827,pasamos weekends maca alien star saluting face hot face lapazmx bcs lapazbcs lapazmexico,mix,la_paz
34832,ohhh lalaaa pacenos lapazmx bikinishot bikinis bikiniswimsuit bikiniseason bikinipool bikinishooting bikinistodoelano bikiniszn lapazmexico bikiniselfie bikiniseksi bikinisummer summerbodyready bikiniprogram beachbikini beachgirlforlife beachgirl girlbeach bcs lapazbcs bikinilife bikinifitness bikinilovers bikiniready bikinis bikinistyle bikinisexy summerbody,mix,la_paz
34834,cool pacenos lapazmx bikinishot bikinis bikiniswimsuit bikiniseason bikinipool bikinishooting bikinistodoelano bikiniszn lapazmexico bikiniselfie bikiniseksi bikinisummer summerbodyready bikiniprogram beachbikini beachgirlforlife beachgirl girlbeach bcs lapazbcs bikinilife bikinifitness bikinilovers bikiniready bikinis bikinistyle bikinisexy summerbody,mix,la_paz
34839,posibilidad detenernos pacenos lapazmx bajacaliforniasur labajasur fitmenover fitmens fitmenstyle fitmendaily fitdadlife fitdadfitness lapazmexico labaja bajacaliforniasurmexico fitdaddy papafit gymmen gymculture gymhealth ejerciciofisico gymtimebaby bcs lapazbcs mensfitness fitmen fitdad fitdads fotografos fotografoiniciante fotografomexicano fotografos mx,mix,la_paz
34840,fiesta vale disfrutar vida sexy lapazmx bcs,mix,la_paz
34842,vienen fiestas pacenos lapazmx bajacaliforniasur labajasur fitmenover fitmens fitmenstyle fitmendaily fitdadlife fitdadfitness lapazmexico labaja bajacaliforniasurmexico fitdaddy papafit gymmen gymculture gymhealth ejerciciofisico gymtimebaby bcs lapazbcs mensfitness fitmen fitdad fitdads fotografos fotografoiniciante fotografomexicano fotografos mx,mix,la_paz
34844,pasamos face exhaling maca year lapazbcs lapazmx antrolapaz nightlifelapazbcs,mix,la_paz
34846,feliz vida pacenos lapazmx bajacaliforniasur labajasur fitmenover fitmens fitmenstyle fitmendaily fitdadlife fitdadfitness lapazmexico labaja bajacaliforniasurmexico fitdaddy papafit gymmen gymculture gymhealth ejerciciofisico gymtimebaby bcs lapazbcs mensfitness fitmen fitdad fitdads fotografos fotografoiniciante fotografomexicano fotografos mx,mix,la_paz
34847,siguen tiktok isisdu tiktok pacenos lapazmx bajacaliforniasur labajasur fitmenover fitmens fitmenstyle fitmendaily fitdadlife fitdadfitness lapazmexico labaja bajacaliforniasurmexico fitdaddy papafit gymmen gymculture gymhealth ejerciciofisico gymtimebaby bcs lapazbcs mensfitness fitmen fitdad fitdads fotografos fotografoiniciante fotografomexicano fotografos mx,mix,la_paz
34848,gin mtdr lapazbcs bcs lapazmx condesagin,mix,la_paz
34851,disfrutando momento pacenos lapazmx bajacaliforniasur labajasur fitmenover fitmens fitmenstyle fitmendaily fitdadlife fitdadfitness lapazmexico labaja bajacaliforniasurmexico fitdaddy papafit gymmen gymculture gymhealth ejerciciofisico gymtimebaby bcs lapazbcs mensfitness fitmen fitdad fitdads fotografos fotografoiniciante fotografomexicano fotografos mx,mix,la_paz
34852,momento pacenos lapazmx bajacaliforniasur labajasur fitmenover fitmens fitmenstyle fitmendaily fitdadlife fitdadfitness lapazmexico labaja bajacaliforniasurmexico fitdaddy papafit gymmen gymculture gymhealth ejerciciofisico gymtimebaby bcs lapazbcs mensfitness fitmen fitdad fitdads fotografos fotografoiniciante fotografomexicano fotografos mx,mix,la_paz
34853,brillando pacenos lapazmx bajacaliforniasur labajasur fitmenover fitmens fitmenstyle fitmendaily fitdadlife fitdadfitness lapazmexico labaja bajacaliforniasurmexico fitdaddy papafit gymmen gymculture gymhealth ejerciciofisico gymtimebaby bcs lapazbcs mensfitness fitmen fitdad fitdads fotografos fotografoiniciante fotografomexicano fotografos mx,mix,la_paz
34854,sexy elegante pacenos lapazmx bajacaliforniasur labajasur fitmenover fitmens fitmenstyle fitmendaily fitdadlife fitdadfitness lapazmexico labaja bajacaliforniasurmexico fitdaddy papafit gymmen gymculture gymhealth ejerciciofisico gymtimebaby bcs lapazbcs mensfitness fitmen fitdad fitdads fotografos fotografoiniciante fotografomexicano fotografos mx,mix,la_paz
34856,control pacenos lapazmx bajacaliforniasur labajasur fitmenover fitmens fitmenstyle fitmendaily fitdadlife fitdadfitness lapazmexico labaja bajacaliforniasurmexico fitdaddy papafit gymmen gymculture gymhealth ejerciciofisico gymtimebaby bcs lapazbcs mensfitness fitmen fitdad fitdads fotografos fotografoiniciante fotografomexicano fotografos mx,mix,la_paz
34858,recordando calorcito pacenos lapazmx bajacaliforniasur labajasur fitmenover fitmens fitmenstyle fitmendaily fitdadlife fitdadfitness lapazmexico labaja bajacaliforniasurmexico fitdaddy papafit gymmen gymculture gymhealth ejerciciofisico gymtimebaby bcs lapazbcs mensfitness fitmen fitdad fitdads fotografos fotografoiniciante fotografomexicano fotografos mx,mix,la_paz
34859,seguimos motivados pacenos lapazmx bajacaliforniasur labajasur fitmenover fitmens fitmenstyle fitmendaily fitdadlife fitdadfitness lapazmexico labaja bajacaliforniasurmexico fitdaddy papafit gymmen gymculture gymhealth ejerciciofisico gymtimebaby bcs lapazbcs mensfitness fitmen fitdad fitdads fotografos fotografoiniciante fotografomexicano fotografos mx,mix,la_paz
34860,tomar asiento beber sorbo mtdr bar clandestino lapazbcs bcs lapazmx vida nocturnalapaz,mix,la_paz
34862,selfie jeje pacenos lapazmx bajacaliforniasur labajasur fitmenover fitmens fitmenstyle fitmendaily fitdadlife fitdadfitness lapazmexico labaja bajacaliforniasurmexico fitdaddy papafit gymmen gymculture gymhealth ejerciciofisico gymtimebaby bcs lapazbcs mensfitness fitmen fitdad fitdads fotografos fotografoiniciante fotografomexicano fotografos mx,mix,la_paz
34864,felices pacenos lapazmx bajacaliforniasur labajasur fitmenover fitmens fitmenstyle fitmendaily fitdadlife fitdadfitness lapazmexico labaja bajacaliforniasurmexico fitdaddy papafit gymmen gymculture gymhealth ejerciciofisico gymtimebaby bcs lapazbcs mensfitness fitmen fitdad fitdads fotografos fotografoiniciante fotografomexicano fotografos mx,mix,la_paz
34865,good pacenos lapazmx bajacaliforniasur labajasur fitmenover fitmens fitmenstyle fitmendaily fitdadlife fitdadfitness lapazmexico labaja bajacaliforniasurmexico fitdaddy papafit gymmen gymculture gymhealth ejerciciofisico gymtimebaby bcs lapazbcs mensfitness fitmen fitdad fitdads fotografos fotografoiniciante fotografomexicano fotografos mx,mix,la_paz
34869,aperitivo time pacenos lapazmx bikinishot bikinis bikiniswimsuit bikiniseason bikinipool bikinishooting bikinistodoelano bikiniszn lapazmexico bikiniselfie bikiniseksi bikinisummer summerbodyready bikiniprogram beachbikini beachgirlforlife beachgirl girlbeach bcs lapazbcs bikinilife bikinifitness bikinilovers bikiniready bikinis bikinistyle bikinisexy summerbody,mix,la_paz
34870,pool party pacenos lapazmx bikinishot bikinis bikiniswimsuit bikiniseason bikinipool bikinishooting bikinistodoelano bikiniszn lapazmexico bikiniselfie bikiniseksi bikinisummer summerbodyready bikiniprogram beachbikini beachgirlforlife beachgirl girlbeach bcs lapazbcs bikinilife bikinifitness bikinilovers bikiniready bikinis bikinistyle bikinisexy summerbody,mix,la_paz
34871,brisa marina pacenos lapazmx bajacaliforniasur labajasur fitmenover fitmens fitmenstyle fitmendaily fitdadlife fitdadfitness lapazmexico labaja bajacaliforniasurmexico fitdaddy papafit gymmen gymculture gymhealth ejerciciofisico gymtimebaby bcs lapazbcs mensfitness fitmen fitdad fitdads fotografos fotografoiniciante fotografomexicano fotografos mx,mix,la_paz
34872,stencil tattoo alien monster tattoolapaz lapazbcs tatuajeslapaz bcs loscabos tattoobcs lapazmx,mix,la_paz
34874,compania perfecta pacenos lapazmx bajacaliforniasur labajasur fitmenover fitmens fitmenstyle fitmendaily fitdadlife fitdadfitness lapazmexico labaja bajacaliforniasurmexico fitdaddy papafit gymmen gymculture gymhealth ejerciciofisico gymtimebaby bcs lapazbcs mensfitness fitmen fitdad fitdads fotografos fotografoiniciante fotografomexicano fotografos mx,mix,la_paz
34875,disfruta vida intensidad pacenos lapazmx bikinishot bikinis bikiniswimsuit bikiniseason bikinipool bikinishooting bikinistodoelano bikiniszn lapazmexico bikiniselfie bikiniseksi bikinisummer summerbodyready bikiniprogram beachbikini beachgirlforlife beachgirl girlbeach bcs lapazbcs bikinilife bikinifitness bikinilovers bikiniready bikinis bikinistyle bikinisexy summerbody,mix,la_paz
34876,importante actitud pacenos lapazmx bajacaliforniasur labajasur fitmenover fitmens fitmenstyle fitmendaily fitdadlife fitdadfitness lapazmexico labaja bajacaliforniasurmexico fitdaddy papafit gymmen gymculture gymhealth ejerciciofisico gymtimebaby bcs lapazbcs mensfitness fitmen fitdad fitdads fotografos fotografoiniciante fotografomexicano fotografos mx,mix,la_paz
34877,bikini pacenos lapazmx bikinishot bikinis bikiniswimsuit bikiniseason bikinipool bikinishooting bikinistodoelano bikiniszn lapazmexico bikiniselfie bikiniseksi bikinisummer summerbodyready bikiniprogram beachbikini beachgirlforlife beachgirl girlbeach bcs lapazbcs bikinilife bikinifitness bikinilovers bikiniready bikinis bikinistyle bikinisexy summerbody,mix,la_paz
34879,hipersueno pacenos lapazmx bikinishot bikinis bikiniswimsuit bikiniseason bikinipool bikinishooting bikinistodoelano bikiniszn lapazmexico bikiniselfie bikiniseksi bikinisummer summerbodyready bikiniprogram beachbikini beachgirlforlife beachgirl girlbeach bcs lapazbcs bikinilife bikinifitness bikinilovers bikiniready bikinis bikinistyle bikinisexy summerbody,mix,la_paz
34880,lapazmx bcs lapazbcs,mix,la_paz
34881,actitud correcta pacenos lapazmx bajacaliforniasur labajasur fitmenover fitmens fitmenstyle fitmendaily fitdadlife fitdadfitness lapazmexico labaja bajacaliforniasurmexico fitdaddy papafit gymmen gymculture gymhealth ejerciciofisico gymtimebaby bcs lapazbcs mensfitness fitmen fitdad fitdads fotografos fotografoiniciante fotografomexicano fotografos mx,mix,la_paz
34882,vida encanta pacenos lapazmx bajacaliforniasur labajasur fitmenover fitmens fitmenstyle fitmendaily fitdadlife fitdadfitness lapazmexico labaja bajacaliforniasurmexico fitdaddy papafit gymmen gymculture gymhealth ejerciciofisico gymtimebaby bcs lapazbcs mensfitness fitmen fitdad fitdads fotografos fotografoiniciante fotografomexicano fotografos mx,mix,la_paz
34883,atmosfera perfecta pacenos lapazmx bajacaliforniasur labajasur fitmenover fitmens fitmenstyle fitmendaily fitdadlife fitdadfitness lapazmexico labaja bajacaliforniasurmexico fitdaddy papafit gymmen gymculture gymhealth ejerciciofisico gymtimebaby bcs lapazbcs mensfitness fitmen fitdad fitdads fotografos fotografoiniciante fotografomexicano fotografos mx,mix,la_paz
34884,visualizando viene pacenos lapazmx bajacaliforniasur labajasur fitmenover fitmens fitmenstyle fitmendaily fitdadlife fitdadfitness lapazmexico labaja bajacaliforniasurmexico fitdaddy papafit gymmen gymculture gymhealth ejerciciofisico gymtimebaby bcs lapazbcs mensfitness fitmen fitdad fitdads fotografos fotografoiniciante fotografomexicano fotografos mx,mix,la_paz
34885,decision cambiar pacenos lapazmx bajacaliforniasur labajasur fitmenover fitmens fitmenstyle fitmendaily fitdadlife fitdadfitness lapazmexico labaja bajacaliforniasurmexico fitdaddy papafit gymmen gymculture gymhealth ejerciciofisico gymtimebaby bcs lapazbcs mensfitness fitmen fitdad fitdads fotografos fotografoiniciante fotografomexicano fotografos mx,mix,la_paz
34886,vibrando alto pacenos lapazmx bajacaliforniasur labajasur fitmenover fitmens fitmenstyle fitmendaily fitdadlife fitdadfitness lapazmexico labaja bajacaliforniasurmexico fitdaddy papafit gymmen gymculture gymhealth ejerciciofisico gymtimebaby bcs lapazbcs mensfitness fitmen fitdad fitdads fotografos fotografoiniciante fotografomexicano fotografos mx,mix,la_paz
34888,ohhh baby pacenos lapazmx bikinishot bikinis bikiniswimsuit bikiniseason bikinipool bikinishooting bikinistodoelano bikiniszn lapazmexico bikiniselfie bikiniseksi bikinisummer summerbodyready bikiniprogram beachbikini beachgirlforlife beachgirl girlbeach bcs lapazbcs bikinilife bikinifitness bikinilovers bikiniready bikinis bikinistyle bikinisexy summerbody,mix,la_paz
34889,control pacenos lapazmx bajacaliforniasur labajasur fitmenover fitmens fitmenstyle fitmendaily fitdadlife fitdadfitness lapazmexico labaja bajacaliforniasurmexico fitdaddy papafit gymmen gymculture gymhealth ejerciciofisico gymtimebaby bcs lapazbcs mensfitness fitmen fitdad fitdads fotografos fotografoiniciante fotografomexicano fotografos mx,mix,la_paz
34890,brillando pacenos lapazmx bikinishot bikinis bikiniswimsuit bikiniseason bikinipool bikinishooting bikinistodoelano bikiniszn lapazmexico bikiniselfie bikiniseksi bikinisummer summerbodyready bikiniprogram beachbikini beachgirlforlife beachgirl girlbeach bcs lapazbcs bikinilife bikinifitness bikinilovers bikiniready bikinis bikinistyle bikinisexy summerbody,mix,la_paz
34892,cree hagas pacenos lapazmx bajacaliforniasur labajasur fitmenover fitmens fitmenstyle fitmendaily fitdadlife fitdadfitness lapazmexico labaja bajacaliforniasurmexico fitdaddy papafit gymmen gymculture gymhealth ejerciciofisico gymtimebaby bcs lapazbcs mensfitness fitmen fitdad fitdads fotografos fotografoiniciante fotografomexicano fotografos mx,mix,la_paz
34893,brutalllll pacenos lapazmx bajacaliforniasur labajasur fitmenover fitmens fitmenstyle fitmendaily fitdadlife fitdadfitness lapazmexico labaja bajacaliforniasurmexico fitdaddy papafit gymmen gymculture gymhealth ejerciciofisico gymtimebaby bcs lapazbcs mensfitness fitmen fitdad fitdads fotografos fotografoiniciante fotografomexicano fotografos mx,mix,la_paz
34897,camino exito lapazmx sexy gymlover fitnesslife,mix,la_paz
34898,vida lapazmx bcs sexycouple,mix,la_paz
34899,momento irrepetible disfrutalo maximo fitman fitnessmen lapazmx,mix,la_paz
34900,listo lapazmx bcs gymmotivacion,mix,la_paz
34908,actitud pacenos lapazmx bikinishot bikinis bikiniswimsuit bikiniseason bikinipool bikinishooting bikinistodoelano bikiniszn lapazmexico bikiniselfie bikiniseksi bikinisummer summerbodyready bikiniprogram beachbikini beachgirlforlife beachgirl girlbeach bcs lapazbcs bikinilife bikinifitness bikinilovers bikiniready bikinis bikinistyle bikinisexy summerbody,mix,la_paz
34909,pausa seguimos pacenos lapazmx bajacaliforniasur labajasur fitmenover fitmens fitmenstyle fitmendaily fitdadlife fitdadfitness lapazmexico labaja bajacaliforniasurmexico fitdaddy papafit gymmen gymculture gymhealth ejerciciofisico gymtimebaby bcs lapazbcs mensfitness fitmen fitdad fitdads fotografos fotografoiniciante fotografomexicano fotografos mx,mix,la_paz
34910,seguridad arma secreta pacenos lapazmx bajacaliforniasur labajasur fitmenover fitmens fitmenstyle fitmendaily fitdadlife fitdadfitness lapazmexico labaja bajacaliforniasurmexico fitdaddy papafit gymmen gymculture gymhealth ejerciciofisico gymtimebaby bcs lapazbcs mensfitness fitmen fitdad fitdads fotografos fotografoiniciante fotografomexicano fotografos mx,mix,la_paz
34911,enfocados pacenos lapazmx bajacaliforniasur labajasur fitmenover fitmens fitmenstyle fitmendaily fitdadlife fitdadfitness lapazmexico labaja bajacaliforniasurmexico fitdaddy papafit gymmen gymculture gymhealth ejerciciofisico gymtimebaby bcs lapazbcs mensfitness fitmen fitdad fitdads fotografos fotografoiniciante fotografomexicano fotografos mx,mix,la_paz
34913,super hott pacenos lapazmx bikinishot bikinis bikiniswimsuit bikiniseason bikinipool bikinishooting bikinistodoelano bikiniszn lapazmexico bikiniselfie bikiniseksi bikinisummer summerbodyready bikiniprogram beachbikini beachgirlforlife beachgirl girlbeach bcs lapazbcs bikinilife bikinifitness bikinilovers bikiniready bikinis bikinistyle bikinisexy summerbody,mix,la_paz
34914,disfrutando vida pacenos lapazmx bajacaliforniasur labajasur fitmenover fitmens fitmenstyle fitmendaily fitdadlife fitdadfitness lapazmexico labaja bajacaliforniasurmexico fitdaddy papafit gymmen gymculture gymhealth ejerciciofisico gymtimebaby bcs lapazbcs mensfitness fitmen fitdad fitdads fotografos fotografoiniciante fotografomexicano fotografos mx,mix,la_paz
34915,saturday morning pacenos lapazmx bikinishot bikinis bikiniswimsuit bikiniseason bikinipool bikinishooting bikinistodoelano bikiniszn lapazmexico bikiniselfie bikiniseksi bikinisummer summerbodyready bikiniprogram beachbikini beachgirlforlife beachgirl girlbeach bcs lapazbcs bikinilife bikinifitness bikinilovers bikiniready bikinis bikinistyle bikinisexy summerbody,mix,la_paz
34916,listo accion pacenos lapazmx bajacaliforniasur labajasur fitmenover fitmens fitmenstyle fitmendaily fitdadlife fitdadfitness lapazmexico labaja bajacaliforniasurmexico fitdaddy papafit gymmen gymculture gymhealth ejerciciofisico gymtimebaby bcs lapazbcs mensfitness fitmen fitdad fitdads fotografos fotografoiniciante fotografomexicano fotografos mx,mix,la_paz
34919,pacenos lapazmx bajacaliforniasur labajasur fitmenover fitmens fitmenstyle fitmendaily fitdadlife fitdadfitness lapazmexico labaja bajacaliforniasurmexico fitdaddy papafit gymmen gymculture gymhealth ejerciciofisico gymtimebaby bcs lapazbcs mensfitness fitmen fitdad fitdads fotografos fotografoiniciante fotografomexicano fotografos mx,mix,la_paz
34920,picante pacenos lapazmx bajacaliforniasur labajasur fitmenover fitmens fitmenstyle fitmendaily fitdadlife fitdadfitness lapazmexico labaja bajacaliforniasurmexico fitdaddy papafit gymmen gymculture gymhealth ejerciciofisico gymtimebaby bcs lapazbcs mensfitness fitmen fitdad fitdads fotografos fotografoiniciante fotografomexicano fotografos mx,mix,la_paz
34925,hazlo pacenos lapazmx bajacaliforniasur labajasur fitmenover fitmens fitmenstyle fitmendaily fitdadlife fitdadfitness lapazmexico labaja bajacaliforniasurmexico fitdaddy papafit gymmen gymculture gymhealth ejerciciofisico gymtimebaby bcs lapazbcs mensfitness fitmen fitdad fitdads fotografos fotografoiniciante fotografomexicano fotografos mx,mix,la_paz
34928,sexy rodada pacenos lapazmx bikinishot bikinis bikiniswimsuit bikiniseason bikinipool bikinishooting bikinistodoelano bikiniszn lapazmexico bikiniselfie bikiniseksi bikinisummer summerbodyready bikiniprogram beachbikini beachgirlforlife beachgirl girlbeach bcs lapazbcs bikinilife bikinifitness bikinilovers bikiniready bikinis bikinistyle bikinisexy summerbody,mix,la_paz
34929,enjoy silence pacenos lapazmx bajacaliforniasur labajasur fitmenover fitmens fitmenstyle fitmendaily fitdadlife fitdadfitness lapazmexico labaja bajacaliforniasurmexico fitdaddy papafit gymmen gymculture gymhealth ejerciciofisico gymtimebaby bcs lapazbcs mensfitness fitmen fitdad fitdads fotografos fotografoiniciante fotografomexicano fotografos mx,mix,la_paz
34930,chequeo viernes pacenos lapazmx bajacaliforniasur labajasur fitmenover fitmens fitmenstyle fitmendaily fitdadlife fitdadfitness lapazmexico labaja bajacaliforniasurmexico fitdaddy papafit gymmen gymculture gymhealth ejerciciofisico gymtimebaby bcs lapazbcs mensfitness fitmen fitdad fitdads fotografos fotografoiniciante fotografomexicano fotografos mx,mix,la_paz
34934,magico pacenos lapazmx bajacaliforniasur labajasur fitmenover fitmens fitmenstyle fitmendaily fitdadlife fitdadfitness lapazmexico labaja bajacaliforniasurmexico fitdaddy papafit gymmen gymculture gymhealth ejerciciofisico gymtimebaby bcs lapazbcs mensfitness fitmen fitdad fitdads fotografos fotografoiniciante fotografomexicano fotografos mx,mix,la_paz
34937,parrots paz native parrots lapazmx om ii,mix,la_paz
34938,disfrutando vida pacenos lapazmx bajacaliforniasur labajasur fitmenover fitmens fitmenstyle fitmendaily fitdadlife fitdadfitness lapazmexico labaja bajacaliforniasurmexico fitdaddy papafit gymmen gymculture gymhealth ejerciciofisico gymtimebaby bcs lapazbcs mensfitness fitmen fitdad fitdads fotografos fotografoiniciante fotografomexicano fotografos mx,mix,la_paz
34942,cuadro multicapa darth vader medidas x disponible starwars darthvader darthvaderart darthvaderfan starwarsfans starwarsfanart multilayer multicapa sculpfuns maquinalaser cortemdf cortelaser mdf lapazmx lapazbajacaliforniasur lapazbcs mexico bcs bcsmx bajacaliforniasur artistavisual artesanal pintadoamano,mix,la_paz
34944,cuadro multicapa jack skellington medidas x disponible halloween jack lantern halloweenart jackskellington jack lasaventurasdejack jackskellingtonart jackskellingtonlover jackskellington skull jackskellingtonfans multilayer multicapa sculpfuns maquinalaser cortemdf cortelaser empredimiento artesanal artistavisual lapazmx lapazbajacaliforniasur lapazbcs lapazbcsmexico lapaz bcs bajacaliforniasur bcsmexico mexico,mix,la_paz
34946,estante hot wheels pedido especial hotwheels sculpfuns maquinalaser cortemdf cortelaser hotwheelscollection hotwheelscollector estanteria estante lapazmx lapazbajacaliforniasur lapazbcs bajacaliforniasur bcsmx bcsmexico empredimiento emprendedor mdf artistavisual artesanal,mix,la_paz
34948,agradecido vida pacenos lapazmx bajacaliforniasur labajasur fitmenover fitmens fitmenstyle fitmendaily fitdadlife fitdadfitness lapazmexico labaja bajacaliforniasurmexico fitdaddy papafit gymmen gymculture gymhealth ejerciciofisico gymtimebaby bcs lapazbcs mensfitness fitmen fitdad fitdads fotografos fotografoiniciante fotografomexicano fotografos mx,mix,la_paz
34958,nakhcg buceriasnayaritmexico mexico biodiversidad,mix,riviera_nayarit
34961,round pushpin buceriasnayaritmexico mexico round pushpin sanvicentenayarit ven vivir experiencia,mix,riviera_nayarit
34965,barberia buceriasnayaritmexico mexico clipperoom,mix,riviera_nayarit
34971,chincheta redonda genio beachlife beachvibes agua ola happygirl vibes buceriasnayarit buceriasnayaritmexico mexico,mix,riviera_nayarit
34990,red circle bucerias nayarit round pushpin esquina agustin melgar constituyentes tacos buceriasnayaritmexico mexico beer music tacoslover fyp,mix,riviera_nayarit
34997,seahorses sandangels jaliscopuertavallartaponchobeachbuceriasnayaritmexico mexico maleconpuertovallartaseahorsesbeachbumsdogsofinstagramsandangels,mix,riviera_nayarit
35013,amando blossom red heart buceriasnayaritmexico mexico,mix,riviera_nayarit
35019,person in lotus position light skin tone navima tomamos serio tiempo relajacion puedes servicios horario hourglass not done sparkles massage bucerias bahiadebanderas puertovallarta buceriasnayaritmexico mexico mex mexico spa relaxing esteticacorporal aromatherapy real viralvideos foryou,mix,riviera_nayarit
35020,mexico mexico buceriasnayaritmexico mexico goodvibes behappy red heart,mix,riviera_nayarit
35022,avance obra mar azul plaza bucerias office building niveles rooftop person in bed unidades pesos frente mar round pushpin ubicacion privilegiada acabados lujo oportunidad inversion contactame informacion alan kenneth realtor telephone receiver preventa preventas preventasinmobiliarias frentealmar vistaalmar bucerias buceriasnayaritmexico mexico buceriasrealestate invest nayarit mexico,mix,riviera_nayarit
35024,badeba badeba buceriasnayaritmexico mexico relax,mix,riviera_nayarit
35054,bucerias mexico margarita mama tropical drink buceriasnayaritmexico mexico mexico margaritamama ysl saintlaurent swixxz tattooedwomen everybodyisabikinibody,mix,riviera_nayarit
35060,pizza perfection bucerias buceriasnayaritmexico mexico mexico pizza pizzaislife marcelopizzeria perfectpizzacrust,mix,riviera_nayarit
35065,cigarros atardeceres thesunsetclub bucerias bucerias nayarit mexico mexico pvr,mix,riviera_nayarit
35069,buceriasnayaritmexico mexico sunsetlovers sunsetbeach,mix,riviera_nayarit
35087,beach day sun howluckyarewe playadestiladeras mexico buceriasnayaritmexico mexico,mix,riviera_nayarit
35090,arcos malecon puerto vallarta frente mar podras luna explendor magnifico hija yuliedna encanto check mark button maleconpuertovallarta sociedadvallartence desdevallartaparaelmundo desdevallarta clapping hands medium skin tone thumbs up medium light skin tone people with bunny ears cocktail glass clinking beer mugs desdevallartamx vallartazo nuevovallarta buceriasnayaritmexico mexico,mix,riviera_nayarit
35091,sun sets pelicans sunset shots bucerias nayarit mexico bucerias bucerias buceriasmexico buceriasnayaritmexico mexico buceriasnayarit pelicans,mix,riviera_nayarit
35101,leaving degrees degrees heading happy place bucerias bucerias buceriasnayaritmexico mexico mexico,mix,riviera_nayarit
35119,sparkles avances obra sparkles water wave desarrollo bucerias round pushpin cuadra playa precios mxn amenidades jacuzzi sky bar bbq zone salon eventos agente nancy paola remax mobile phone with arrow nancy vargas com whatsapp buceriasnayaritmexico mexico investment investinmexico puertovallartarealestate,mix,riviera_nayarit
35124,round pushpin bucerias mexico mexico paw prints bucerias pequeno pueblito lejos puerto vallarta nayarit coche viajes decidimos visitarlo encanta foto puse perfil paw prints bucerias small town far away puerto vallarta located neighboring state nayarit gone town car past time decided make stop see picked profile guys think bucerias buceriasnayarit buceriasmexico buceriasnayaritmexico mexico nayaritmexico nayarit rivieranayarit nayaritenamora nayaritparatodos,mix,riviera_nayarit
35125,sun sun sun,mix,riviera_nayarit
35131,escalofriante sol ballena chillig justchilling beachlife beachvibes riviera nayarit corazon rojo bucerias nayarit mexico mexico,mix,riviera_nayarit
35132,vuelve dibujar olas agua ola mar playa beachlife beachvibes rivieranayarit buceriasnayarit buceriasnayaritmexico mexico,mix,riviera_nayarit
35135,abracen olas mar beach playa vacaciones vacation buceriasnayaritmexico mexico mar arena sol atardecer goldenhour sand fotografia photography paisaje mananaserabonito calor ariaoceanflamingos,mix,riviera_nayarit
35155,verano llegar puedes disfrutando entrega inmediata precios mxn descuento quedando mxn puedes reservar mxn vemos verano mandanos informacion realestate realestate realestatelife realestatetips realestateagent realestateexpert realestatebroker realestateinvestor realestateinvesting realestateinvestor realestateinvesting realestateinvestment realestategoals bucerias bucerias buceriasmexico buceriasnayarit buceriasnayaritmexico buceriasbeach buceriasnayaritmexico mexico nayarit nayaritmexico summer summertime verano verano inversion inversion inversiones inversionista,mix,riviera_nayarit
35164,beauty begins moment decide add little sparkle sparkles scissors cuts color makeup lipstick telephone abel goldwell color specialist artist palette lacruzdehuanacaxtle lacruzdehuanacaxtlesalon puntamita puntamitalife puntamitasalon bucerias buceriassalon,mix,riviera_nayarit
35171,noche cine mexicanhouse airbnbmexico bahiadebanderas rivieranayarit lacruzdehuanacaxtle,mix,riviera_nayarit
35175,shopping bags palm tree market strolls ocean views short trip away kovay gardens cruz huanacaxtle farmers market offers perfect blend local culture seaside charm pick unique souvenirs handmade treasures tasty treats take piece paradise home water wave sun kovaygardens kovaygardensresort farmersmarket lacruzdehuanacaxtle nayaritadventures buylocal vacationvibes hiddengemsmexico shopping bags palm tree paseo mercado vista mar corto viaje kovay gardens mercado agricultores cruz huanacaxtle combina cultura local encanto costero descubre recuerdos unicos artesanias delicias locales llevarte pedacito paraiso water wave sun,mix,riviera_nayarit
35177,lacruzdehuanacaxtle fishtacos,mix,riviera_nayarit
35182,fish elegir pescado fresco facil observar detalles color firmeza olor diferencia ayudan cocina producto momento pescaderia martinez seleccionamos pescado manejamos cuidado frescura note diga water wave blue heart fish choosing fresh fish easier know look color firmness aroma say think make difference kitchen pescaderia martinez select catch day handle care freshness something see trust water wave blue heart round pushpin cruz huanacaxtle nayarit alarm clock miercoles lunes martes cerrado wednesday monday closed tuesdays pescaderiamartinez pescadofresco seafoodtips mariscosfrescos lacruzdehuanacaxtle bahiadebanderas,mix,riviera_nayarit
35183,drama enjoy nail color smiling face with sunglasses nail polish manicures pedicures foot telephone abel lacruzdehuanacaxtle lacruzdehuanacaxtlesalon puntamita puntamitalife puntamitasalon bucerias buceriassalon,mix,riviera_nayarit
35187,vivir empieza lugar correcto tizate ubica bahia baja densidad tranquilidad vistas entorno natural combinan diseno contemporaneo departamentos preventa mdp mobile phone with arrow whatsapp telephone tel round pushpin tizate cruz huanacaxtle nay globe with meridians tizate peninsula tizate ubicacionprivilegiada lacruzdehuanacaxtle rivieranayarit,mix,riviera_nayarit
35203,water wave frescura forma trabajar pescaderia martinez cuidamos detalle seleccion pescado momento prepara manos expertas producto fresco calidad llega directo cocina water wave freshness also handled pescaderia martinez take care every detail selecting fish preparing expert hands fresh produce quality comes straight kitchen round pushpin cruz huanacaxtle nayarit alarm clock miercoles lunes martes cerrado pescaderiamartinez pescadofresco frescuradelmar seafoodmarket lacruzdehuanacaxtle,mix,riviera_nayarit
35213,makin ensalada lacruzdehuanacaxtle tacos,mix,riviera_nayarit
35216,lacruzdehuanacaxtle nayarit,mix,riviera_nayarit
35217,anos ariana bella sesion magnifico spot cerca lacruzdehuanacaxtle cotizaciones agenda messenger,mix,riviera_nayarit
35218,bad hair days meet match fire scissors cuts color makeup lipstick telephone abel goldwell color specialist artist palette lacruzdehuanacaxtle lacruzdehuanacaxtlesalon puntamita puntamitalife puntamitasalon bucerias buceriassalon blondes,mix,riviera_nayarit
35224,lacruzdehuanacaxtle pinapicante casahule livemusic guitar,mix,riviera_nayarit
35226,playita lacruzdehuanacaxtle rivieranayarit deltarivieranayarit deltabymarriott,mix,riviera_nayarit
35228,good morning lacruzdehuanacaxtle marina,mix,riviera_nayarit
35233,presentacion infancias kids club amigos cruz evento symphony animals hotel regis punta mita organizado sayulita animals peace animals gracias confianza honor compartir musica danza adorables pequenos musical notes purple heart aceptamos donaciones vestuarios material artistico smiling face with open hands amigosdelacruz lacruzdehuanacaxtle peaceanimals kidsclublacruzdehuanacaxtle ritmoymovimientoconlilly,mix,riviera_nayarit
35241,sangria saturday night special served mixologist sandro come join taste lacruzdehuanacaxtle puntamita bucerias,mix,riviera_nayarit
35246,water wave pacifico cruz huanacaxtle trabajamos pescado mariscos frescos pacifico mexicano directamente bahia banderas comienza calidad cerca oceano pesca local mesa fish water wave pacific part located cruz huanacaxtle work every day fresh local seafood sourced waters bahia banderas quality begins close ocean close catch close table fish round pushpin cruz huanacaxtle alarm clock miercoles lunes martes cerrado wednesday monday closed tuesdays pescaderiamartinez seafoodmarket freshseafood pacificseafood bahiadebanderas lacruzdehuanacaxtle localcatch delmaratumesa puertovallartaseafood,mix,riviera_nayarit
35249,crab momento elegir jaiba peso senales importantes jaiba pesada tamano suele cantidad carne rendimiento cocina pasa jaiba alimentada momento caparazon llena carne firme jugosa pescaderia martinez seleccionamos jaiba peso manejo adecuado lleves casa producto realmente valga pena compartelo dudas comprar mariscos ok hand crab choosing crab weight one important signs crab feels heavy size usually means meat better yield cooking happens well fed crab right moment fills shell firm quality meat pescaderia martinez select crab carefully take home product worth cooking tip someone never sure choose seafood ok hand round pushpin cruz huanacaxtle alarm clock miercoles lunes martes cerrado wednesday monday closed tuesdays tipmartinez jaiba mariscos seafoodtips delmaratumesa pescaderiamartinez lacruzdehuanacaxtle,mix,riviera_nayarit
35258,andariega esperamos tacos carbon tlayudas comida mexicana autentica cruz huanacaxtle ven cenar ambiente tradicional acogedor round pushpin camaron cruz huanacaxtle five clock horario round pushpin encuentranos backhand index pointing right laandariega lacruzdehuanacaxtle tacos comidamexicana restaurantelocal andariega enjoy authentic mexican food charcoal grilled tacos tlayudas cruz huanacaxtle join dinner warm traditional atmosphere round pushpin camaron cruz huanacaxtle five clock hours round pushpin find google maps backhand index pointing right laandariega lacruzdehuanacaxtle mexicanfood tacos eatlocal,mix,riviera_nayarit
35263,feliz ano puntamita lacruzdehuanacaxtle higuerablanca sayulita puertovallarta familia red heart familiaunida bahiadebanderas mexico water wave rivieranayarit bucerias litibu transportation transporte transfers taxi drivers suburban luxuryservice,mix,riviera_nayarit
35269,playa navidena lacruzde huanacaxtle martha beachday navidad riviera nayarit ilovetony andtonyloveme domingos,mix,riviera_nayarit
35270,mar cambia vitrina fish water wave pescaderia martinez trabajamos pescado temporada encuentras variedad fresca cambiando pesca garantizamos sabor textura producto momento sparkles changes display fish water wave pescaderia martinez work seasonal fish means always find fresh variety depending daily catch ensure better flavor better texture seafood best sparkles round pushpin cruz huanacaxtle alarm clock miercoles lunes martes cerrado wednesday monday closed tuesdays pescaderiamartinez pescadofresco pescadodetemporada mariscosfrescos delmaratumesa seafoodlovers freshcatch bahiadebanderas lacruzdehuanacaxtle,mix,riviera_nayarit
35271,marcos familia dividida familia podra mantenerse pie mita transportation empresa familiar festeja desea feliz navidad mita transportation family business celebrating today wishes merry christmas dic puntademita puntamita higuerablanca sayulita sanpancho litibu lacruzdehuanacaxtle puertovallarta rivieranayarit bahiadebanderas mexico water wave transportation transporte transfer suburban luxuryservice taxi drivers lamandarina bucerias nayarit privatetransfers,mix,riviera_nayarit
35300,bahiadebanderas nayarit nayarivera petfriendlymexico lacruzdehuanacaxtle puertovallarta puntamita surftrip mexicanparadise mexicanhouse beachclub beachfront airbnbmexico airbnb,mix,riviera_nayarit
35307,lacruzdehuanacaxtle nayarit,mix,riviera_nayarit
35308,deltamarriott lacruzdehuanacaxtle,mix,riviera_nayarit
35319,christmas tree aviso importante fiestas sparkles diciembre enero pescaderia martinez cerrado equipo disfrute celebraciones familias blue heart preocupes retomamos actividades horario habitual seguir llevandote mar fish shrimp christmas tree holiday schedule update sparkles december th january st pescaderia martinez closed team enjoy celebrations families blue heart worry next day back regular schedule ready serve freshest seafood fish shrimp round pushpin cruz huanacaxtle alarm clock miercoles lunes martes cerrado wednesday monday closed tuesdays pescaderiamartinez avisoimportante horarioespecial fiestasdecembrinas seafoodlovers lacruzdehuanacaxtle,mix,riviera_nayarit
35320,privateyachtexperience sunsetslacruz lacruzdehuanacaxtle,mix,riviera_nayarit
35322,green heron hanging marina greenheron lacruz lacruzdehuanacaxtle marina mexico,mix,riviera_nayarit
35326,life short enjoy pedicure clapping hands nail polish manicures pedicures foot telephone abel lacruzdehuanacaxtle lacruzdehuanacaxtlesalon puntamita puntamitalife puntamitasalon bucerias buceriassalon,mix,riviera_nayarit
35331,got mexican friend tequila lacruzdehuanacaxtle,mix,riviera_nayarit
35339,hairstylist hairstyles nuevonayarit puntamita,mix,riviera_nayarit
35346,plan semana mejores drinks vivo atardecer mar sunrise shark nuevonayarit bucerias,mix,riviera_nayarit
35347,perdonan shrimp boil camaron calientito jugoso lleno sabor compartir mesa ves super bowl domingo come rico grita jugada disfruta familia nayarit round pushpin northside fort worth telephone receiver shrimpboil mariscosnayarita superbowlenfamilia mariscosfortworth nuevonayarit,mix,riviera_nayarit
35349,riupalacepacifico nuevonayarit puertovallarta riuhotels mexico,mix,riviera_nayarit
35350,club playa lugar favorito mundo sol nuevonayarit esperando escapate reserva clinking glasses,mix,riviera_nayarit
35365,samba vallarta incluido significa preocupacion disfrutas samba vallarta palm tree sparkles allinclusive sambavallarta nuevonayarit,mix,riviera_nayarit
35368,nuevonayarit,mix,riviera_nayarit
35375,amor comparte centro mesa sparkling heart fried shrimp colegada vive experiencia pensada disfrutar prisas regalate tiempo sabor pretexto quedarse rato coleguita clinking glasses water wave aplica promociones elcoleguita seafoodlover sanvalentin mariscos sanvalentin puertovallarta nuevonayarit marinavallarta,mix,riviera_nayarit
35382,bebida experiencia nayarsensesbeachclub drinks sunset nuevonayarit,mix,riviera_nayarit
35388,reservas abiertas info perfil sun penthouses nuevonayarit vacations luxuryrentals luxuryvacation,mix,riviera_nayarit
35390,andar favoritos cuidado ojos anos beneficios ilimitados smiling face with heart eyes smiling face with heart eyes ok hand ok hand desinflama elimina lineas expresion elimina ojeras elimina arrugas hidratacion tensa lineas expresion reafirma tonifica debes usalo manana noche backhand index pointing right backhand index pointing right backhand index pointing right escribeme envio gratis marykaydemexico marykaydemexico bahiadebanderas nuevonayarit puertovallartamexico consultoradebellezamarykay enviosatodomexico consultoradebellezamarykay maquillaje maquillajemarykay makeup givaudan garantia satisfaccion citlali g marykay citlaligardunomarykay,mix,riviera_nayarit
35392,ubicacion privilegiada cerca lejos estres marina vallarta round pushpin sparkles prime location close everything yet far stress marina vallarta round pushpin sparkles telephone receiver anchor paseo marina nvo vallarta nay mexico marinanuevovallarta sealover nuevonayarit visitmexico,mix,riviera_nayarit
35395,bucerias mezcaleznayarit design style nuevonayarit sayulitanayarit nayarit,mix,riviera_nayarit
35396,agenda tour vista natura recibe day pass club playa sabal valido adultos menores water wave desert island esperamos sujeto disponibilidad aplica agencias nuevonayarit vistanatura vistanaturanv realestate residencias fulltimeownership nuevovallarta rivieranayarit flamingos puertovallarta bahiadebanderas luxurylifestyle lifestyle beachlifestyle,mix,riviera_nayarit
35399,nayarit travel guide beaches resorts nuevonayarit rivieranayarit nayarit travelguide travelvideo traveltips,mix,riviera_nayarit
35405,vallarta nayarit luxury estate pool sale usd unrepresented buyers please message info nuevovallartamexico nuevovallarta nuevonayarit puertovallartamexico nuevovallarta,mix,riviera_nayarit
35406,lugar correcto pasar sol alberca mar drinks autor nayarsensesbeachclub day pass nuevonayarit rivieranayarit vitaminsea,mix,riviera_nayarit
35410,puertovallarta realestatemexico inversioninmobiliaria luxurylifestyle beachlife oceanview smartinvestment cruiselife lifebythesea investsmart playaynegocios vivirmejor patrimonioseguro destinodeinversion nuevonayarit bahiadebanderas realestatelifestyle inversion asesorinmobiliario miguelbasave mbinnovacionynegocios,mix,riviera_nayarit
35412,ultimas casas disponibles cumple ano sueno casa playa alberca jacuzzi gimnasio equipado ludoteca snack bar exclusivo condominio maestro flamingos vallarta water wave house with garden agenda visita aprovecha financiamiento especial bbva nuevonayarit vistanatura vistanaturanv realestate residencias fulltimeownership nuevovallarta rivieranayarit flamingos puertovallarta bahiadebanderas luxurylifestyle lifestyle beachlifestyle,mix,riviera_nayarit
35418,celebra mama vive vacaciones inolvidables fiesta americana resort incluido frente mar ideal descansar disfrutar water wave coconut money bag persona hab doble spiral calendar mayo sun with face noches hospedaje bagel alimentos bebidas ilimitadas check mark button precio sujeto cambio previo aviso aplican restricciones round pushpin visitanos juarez green circle whatsapp telephone oficinas nuevonayarit rivieranayarit fiestaamericana fiestaamericananuevonayarit,mix,riviera_nayarit
35419,acne exclamation question mark red question mark red question mark red question mark solucion double exclamation mark double exclamation mark marykaydemexico marykaydemexico bahiadebanderas nuevonayarit puertovallartamexico consultoradebellezamarykay enviosatodomexico consultoradebellezamarykay maquillaje maquillajemarykay makeup givaudan garantia satisfaccion citlali g marykay citlaligardunomarykay,mix,riviera_nayarit
35422,atardeceres bonitos marina vallarta simplemente espectaculares sunrise blue heart beautiful sunsets marina vallarta sunsets simply breathtaking sunrise blue heart telephone receiver anchor paseo marina nvo vallarta nay mexico marinanuevovallarta sealover nuevonayarit visitmexico,mix,riviera_nayarit
35424,viernes sabor sol bikini piscina mocktails tropicalitos palm tree coconut strawberry tropical drink sun movie camera camera with flash film frames finde viernes content embassador contenido bikini nuevonayarit vidanta vidantanuevovallarta,mix,riviera_nayarit
35432,tintineo vasos san valentin disfruta lento vino risas autentica cocina italiana buonissimo amor saborea tintineo vasos san valentin significa disfrutado lentamente vino risa cocina italiana buonissimo amor vivere gusto reserva whatsapp bit nayaritwhatsapp plaza paseo palmas nayarit mapa bit buoninvo buonissimonvo cena san valentin italianflavors nuevonayarit,mix,riviera_nayarit
35433,aprende interpretar cartas tarot vision terapeutica utilizalo herramienta auto conocimiento inicio tarotterapeutico cursodetarotterapeutico cartomancia nuevonayarit puertovallarta,mix,riviera_nayarit
35434,nayarit red heart sparkles amigosyseguidores nuevonayarit,mix,riviera_nayarit
35445,celebra mama vive vacaciones inolvidables fiesta americana resort incluido frente mar ideal descansar disfrutar water wave coconut money bag persona hab doble spiral calendar mayo sun with face noches hospedaje bagel alimentos bebidas ilimitadas check mark button precio sujeto cambio previo aviso aplican restricciones round pushpin visitanos juarez green circle whatsapp telephone oficinas nuevonayarit rivieranayarit fiestaamericana fiestaamericananuevonayarit,mix,riviera_nayarit
35452,yates muelles mar protagonista marina vallarta paraiso amantes vida nautica anchor water wave yachts docks ocean main attraction marina vallarta paradise nautical lifestyle lovers anchor water wave telephone receiver anchor paseo marina nvo vallarta nay mexico marinanuevovallarta sealover nuevonayarit visitmexico,mix,riviera_nayarit
35459,water wave gel refrescante parpados mary kay water wave star reanima ojos apariencia cansada refrescante gel star contiene extractos botanicos star aumenta humectacion piel water wave water wave star aplicar moderadamente hueso ceja area ojos water wave funciona water wave star extractos botanicos contenidos producto tonifican reafirman reducen apariencia hinchazon area ojos marykaydemexico marykaydemexico bahiadebanderas nuevonayarit puertovallartamexico consultoradebellezamarykay enviosatodomexico consultoradebellezamarykay maquillaje maquillajemarykay makeup givaudan garantia satisfaccion citlali g marykay citlaligardunomarykay,mix,riviera_nayarit
35461,fotografias nostalgicas blue heart camera fotografia instaxmini canonphoto nuevonayarit puertovalla,mix,riviera_nayarit
35462,vida bonita llena aventuras camera radio orange heart svintage playita nuevonayarit nayaritmexico,mix,riviera_nayarit
35474,sabores haran querer volver fire lavacaargentinanuevovallarta nuevonayarit,mix,riviera_nayarit
35479,comprar repelente natural improvisar backhand index pointing right consiguelo punto venta cercano puerto vallarta vallarta bucerias sayulita sayulita san pancho vallarta nuevonayarit nuevonayarit bucerias sayulita sanpanchonayarit,mix,riviera_nayarit
35481,herb sparkles eligio diseno natural unico irrepetible orgullo alegria recuerda visitarnos riviera farmer market martes herb sparkles chose natural one kind design wears pride joy remember visit riviera farmer market every tuesday verozavala madeinmexico handmade botanicalprint nuevonayarit sustainablefashion silk craftsmanship hechoenmexico hechoamano estampadobotanico nuevonayarit modasostenible seda artesania,mix,riviera_nayarit
35485,espera bienvenido nayarsesensesbeachclub nayarit riviera nayarit beach club bebidas,mix,riviera_nayarit
35486,gracias preferencia grabadolaser dtfuv puertovallarta bahiadebanderasnayarit nuevonayarit pedidos via inbox whatsapp,mix,riviera_nayarit
35489,spaghetti cae noche mesa llena pastas vino conversacion buonissimo lugar ideal cena italiana spaghetti night falls table fills pasta wine great conversation buonissimo perfect place true italian dinner tavola non invecchia reserve whatsapp bit nayaritwhatsapp plaza paseo palmas nayarit map bit buoninvo buonissimonvo italiandinner nuevonayarit pastalovers italiancuisine,mix,riviera_nayarit
35496,sparkles herb mascadas hechas seda natural estampadas plantas locales nayarit nace tierra repite pedacito paisaje sientelo movimiento sparkles herb our scarves crafted natural silk printed local plants nayarit design born land one kind carry little piece landscape verozavala hechoenmexico seda botanica nuevonayarit artesania disenomexicano slowfashion hechoamano madeinmexico silk botanical nuevonayarit craftsmanship mexicandesign slowfashion handmade,mix,riviera_nayarit
35502,inversion propositosfinancieros construirpatrimonio bienesraices inversioninmobiliaria puertovallarta nuevonayarit plusvalia inversionsegura patrimoniofamiliar decisionesinteligentes visionfinanciera estrategiainmobiliaria asesorinmobiliario asesorcertificado inversionconcerteza metas futurofinanciero rentavacacional calidaddevida invertirenmexico bienestarpatrimonial planeacionfinanciera crecimientopatrimonial mbinnovacionynegocios,mix,riviera_nayarit
35503,maquillaje play mary kay blossom base ligera brinda piel acabado mate perfecto sunflower elige cobertura deseas base construible cherry blossom controla exceso brillo horas tulip disponible tonos ideales piel grasa hibiscus dermatologicamete probado cherry blossom libre aceite palm tree prueba sudor agua tonos sparkles light sparkles light sparkles light medium sparkles soft medium sparkles medium sparkles medium deep sparkles light sparkles deep sparkles dark marykaydemexico marykaydemexico bahiadebanderas nuevonayarit puertovallartamexico consultoradebellezamarykay enviosatodomexico consultoradebellezamarykay maquillaje maquillajemarykay makeup givaudan garantia satisfaccion citlali g marykay citlaligardunomarykay,mix,riviera_nayarit
35516,spouting whale viaja viaja viaja cotizamos viaje winking face palm tree puntamita nayaritviaja todoincluido viaja playas,mix,riviera_nayarit
35520,january mexico puntamita january sun holiday,mix,riviera_nayarit
35521,hairstylist hairstyles nuevonayarit puntamita,mix,riviera_nayarit
35523,sun skin salt feet nowhere else water wave order mitamitastore thisispuntamita puntamita vivapuntamita puntamitashopping,mix,riviera_nayarit
35524,puntamita grandpalladium,mix,riviera_nayarit
35531,destination weddings puerto vallarta sayulita punta mita cabo weddingphotographer puertovallartaweddingphotographer puntamita puertovallarta sayulita,mix,riviera_nayarit
35533,unique portraiture destination weddings puerto vallarta sayulita punta mita weddingphotographermexicopuertovallartaweddings puertovallarta puntamita sayulita,mix,riviera_nayarit
35540,perfect place get away stay little longer save dates casagratitude puntamita quietluxury luxuryescape oceanview,mix,riviera_nayarit
35550,reserva vive experiencias unicas tulum punta mita hoteles incluido disenados disfrutar maximo palm tree telephone receiver telephone receiver viajesguppy puntamita tulum,mix,riviera_nayarit
35556,hair makeup lipstick hair hairandmakeup makeup maquillaje peinado spa puntamita,mix,riviera_nayarit
35562,first time mexico sun disappoint sun next trip airplane puntamita,mix,riviera_nayarit
35564,redigtonflyfishing pesca mosca montana pesca mosca erasmostours punta mita,mix,riviera_nayarit
35565,motion color puntamita surfing mexico surfphotography,mix,riviera_nayarit
35566,toro mahi mahi mosca fuego mosca mosca pesca mosca agua salada pesca mahimahi mahimahionthefly bullmahimahi puntamita,mix,riviera_nayarit
35570,effortless silhouette artisanal detail made move beautifully day night order mitamitastore thisispuntamita puntamita vivapuntamita puntamitashopping,mix,riviera_nayarit
35574,forever tropical fish truly incredible meal favorite bites blue tuna tostada suadero infladita szechuan lamb passionfruit salsa taco mexico mexicofood puntamita puntamitarestaurants travel,mix,riviera_nayarit
35576,wedding pamela jeff punta mita destinationwedding weddingplanner wedding beachwedding puntamita,mix,riviera_nayarit
35578,pesca mosca puntamita erasmostours montanapesca mosca mahimahionfly,mix,riviera_nayarit
35581,montana punta mita fuego mahi mahi mosca mosca fuego mahimahionfly pesca moscamahimahi puntamita pesca,mix,riviera_nayarit
35588,cambiaste mareas corrientes dejaste nombre mar puntamita travelphotography fujifilm cinematic beach,mix,riviera_nayarit
35596,mexico maui prefer puntamita mexicosunset maui wailea mauisunset,mix,riviera_nayarit
35597,undiadepesca erasmostours puntamita texas fishing,mix,riviera_nayarit
35598,recargando battery vitaminsea beach playa pacificomexicano puntamita,mix,riviera_nayarit
35603,water wave desert island palm tree puntamita instalikes likesforlike lifestyle,mix,riviera_nayarit
35607,llamada obtener cotizacion reservar reserva directa com thepacificnomads com pacificvillapuntamita com telefono telefono alquiler casa playavilla beachnresorts puntamita winterescape,mix,riviera_nayarit
35624,aprendi sonar sparkles water wave spiral shell beach with umbrella nayarit rincondeguayabitos turismoguayabitos travelblogger dalitravelblog,mix,riviera_nayarit
35637,atardecer postal rincondeguayabitos,mix,riviera_nayarit
35648,disfruta completo alberca comodidad servicio confiable hotel pineda woman getting massage round pushpin hotel boutique pineda telephone receiver reserva hotelboutiquepineda descansoperfecto rincondeguayabitos,mix,riviera_nayarit
35649,espacios amplios confort vibra familiar sparkles bienvenidos hotel lindo palm tree blue heart reserva mobile phone with arrow rincondeguayabitos hotel playa guayabitos guayabitosnayarit sun palm tree tropical fish footprints,mix,riviera_nayarit
35650,blue circle red exclamation mark blue circle planea proximas vacaciones asegura suite familia bed couch and lamp framed picture ven conoce rincondeguayabitos nayarit playas bonitas mexico mexico water wave palm tree person surfing reserva contactanos envianos whatsapp llamanos round pushpin encontramos calle retorno cedros rincon guayabitos nayarit cuadra plaza cuadra playa,mix,riviera_nayarit
35661,trabajadora folded hands automobile dashing away firmando contrato clienta blue heart proximamente integrante familia chevrolet flosol carronuevo chevrolet firmadecontrato rincondeguayabitos,mix,riviera_nayarit
35670,rincondeguayabitos,mix,riviera_nayarit
35679,disfruta esplendido atardecer rincondeguayabitos water wave palm tree sunrise,mix,riviera_nayarit
35682,kiss mark kiss mark kiss mark nailsnailsnails rincondeguayabitos lapenitadejaltemba,mix,riviera_nayarit
35684,botas navidenas rincondeguayabitos fyp,mix,riviera_nayarit
35691,cat eye french dorado sparkles sparkles nailsnailsnails rincondeguayabitos lapenitadejaltemba,mix,riviera_nayarit
35692,vistas gusto face exhaling heart hands medium light skin tone two hearts sparkles ubicas hotel vista eyes hoteles mexico nayarit rincondeguayabitos vacaciones familia familytime relax relajacion descanso tags hoteles mexico hoteles puerto vallarta rincon gyaybitos estancia san carlos,mix,riviera_nayarit
35713,colores otono fallen leaf reflejados lindos atardeceres rincondeguayabitos water wave sun,mix,riviera_nayarit
35721,octubre atardeceres vibras otono fallen leaf sun behind small cloud sunrise rincondeguayabitos,mix,riviera_nayarit
35725,necesitas palabras sonido mar atardecer frente water wave sparkles nayarit rincondeguayabitos dosamigosrentals,mix,riviera_nayarit
35730,proxima escapada familia espera amigos rentals desert island disfruta bungalows comodos alberca restaurante ubicacion privilegiada frente mar water wave sparkles ven vivir momentos inolvidables rincon guayabitos mobile phone with arrow reserva backhand index pointing right nayarit hospedaje dosamigosrentals rincondeguayabitos bungalows,mix,riviera_nayarit
35735,atardeceres rincon guayabitos amanecer brilla whatsapp telefono movil flecha rincondeguayabitos nayarit atardecer guayabitos hotelkelindo,mix,riviera_nayarit
35740,water wave sparkles vacaciones paso mar hotel posada mar guayabitos sparkles water wave metros playa disfruta comodidad habitaciones bungalows palm tree perfectos familias parejas grupos buscan descansar divertirse rincon guayabitos beach with umbrella mobile phone with arrow reserva facil rapido check mark button whatsapp check mark button telefono check mark button pagina web esperes asegura descanso frente mar sunrise round pushpin rincon guayabitos nayarit blue heart hotel familiar atendido propietarios guayabitos hotelposadadelmar vacacionesenlaplaya rincondeguayabitos escapadaperfecta viveguayabitos,mix,riviera_nayarit
35742,rincon guayabitos penita tour tour discover two unique attractions riviera nayarit rincon guayabitos welcomes tranquil bay crystal clear waters known largest swimming pool pacific walk along extensive beach enjoy ocean safe family friendly environment even admire coral island shore continue penita jaltemba picturesque fishing village tradition blends everyday life boardwalk offers beautiful views ocean thursday visit famous market full handicrafts textiles fruits traditional sweets also opportunity savor fresh seafood local oceanfront restaurants tour combines best relaxing beach authentic experience nayarit coastal town water wave sparkles tour descubriras atractivos unicos riviera nayarit rincon guayabitos bienvenida tranquila bahia aguas cristalinas conocida piscina pacifico podras caminar extensa playa disfrutar oceano ambiente seguro familiar admirar isla coral orilla continuaremos penita jaltemba pintoresco pueblo pesquero tradicion mezcla vida cotidiana malecon ofrece hermosas vistas oceano jueves puedes visitar famoso mercado repleto artesanias textiles frutas dulces tradicionales oportunidad saborear mariscos frescos restaurantes locales frente mar tour combina relajarse playa autentica experiencia pueblo costero nayarit water wave sparkles oldtownride nayarit puertovallarta bahiadebanderas tour rincondeguayabitos lapen itadejaltemba,mix,riviera_nayarit
35743,vacaciones rincon guayabitos reinicia vida water wave sun beach with umbrella nayarit rincondeguayabitos playa playaplaya redhair mexicogirl,mix,riviera_nayarit
35744,paddle isladelcoral rincondeguayabitos,mix,riviera_nayarit
35749,sun palm tree vacaciones familia alcance beach with umbrella water wave bungalows jacarandas familia vivan escapada inolvidable sparkles beach with umbrella acceso directo playa round pushpin ubicacion corazon rincon guayabitos person in bed habitaciones amplias comodas sunrise atardeceres quedan memoria reserva double exclamation mark telephone telephone receiver rincondeguayabitos rincondeguayabitos guayabitos guayabitosnayarit sun palm tree tropical fish footprints nayarit,mix,riviera_nayarit
35754,palm tree vive rincon guayabitos beach with umbrella hotel marbello comodidad descanso esperan cuadras mar water wave reserva telephone telephone receiver nayaritenamora rincondeguayabitos guayabitos nayarit guayabitosnayarit sun palm tree tropical fish footprints,mix,riviera_nayarit
35755,revolving hearts olvides dejar estrellita dizzy suscribirse sparkling heart siemprecontigo siemprebella rincondeguayabitos,mix,riviera_nayarit
35757,empieza frente paraiso sunrise mobile phone with arrow reserva rincondeguayabitos guayabitos guayabitosnayarit guayabitosnayarit sun palm tree tropical fish footprints,mix,riviera_nayarit
35759,rincondeguayabitos,mix,riviera_nayarit
35760,yin yang yin yang modelo misternayarit pasarela alberca rincondeguayabitos misternayarit sol,mix,riviera_nayarit
35765,guayabitos rincondeguayabitos,mix,riviera_nayarit
35768,sanblasnayarit vacaciones,mix,riviera_nayarit
35771,san blas sunrise camera canon film frames kodak vision sanblas sanblasnayarit nayarit sunset filmphotography,mix,riviera_nayarit
35772,birders beyond borders bird herb diseno produccion playeras personalizadas inspiradas observacion aves exploracion vida aire libre herb parrot diseno pensado observan caminan pierden encontrarse sparkles proyecto completo concepto diseno impresion sesion fotografica artist palette thread camera with flash gracias confiar proceso white heart birdinglife sanblasnayarit hechoenmexico avesdemexico aventurelife,mix,riviera_nayarit
35774,fire san blas tattoo fest fire jose muniz muniz tatuador originario irapuato guanajuato mexico presente edicion san blas tattoo fest muniz destacado piezas realismo sombras blackwork blackandgrey chicano tendencias exponente participe eventos ancho pais instagram facebook jose muniz whatsapp warning abril sabado domingo warning round pushpin san blas nayarit mexico round pushpin expotattoo convenciontattoo tattofest sanblasnayarit irapuato guanajuato nayarit mexico gobiernodesanblas abril calendar,mix,riviera_nayarit
35775,fire san blas tattoo fest fire sebastian ronin sebastian tatuador originario mexico mexico presente edicion san blas tattoo fest sebastian destacado piezas realismo color neotradicional anime fullcolor tendencias exponente participe eventos ancho pais instagram facebook sebastian ronin whatsapp warning abril sabado domingo warning round pushpin san blas nayarit mexico round pushpin expotattoo convenciontattoo tattofest sanblasnayarit edomex nayarit mexico gobiernodesanblas abril calendar,mix,riviera_nayarit
35777,fire san blas tattoo fest fire warning patrocinador oficial warning small orange diamond rencor small orange diamond rencor patrocinadores edicion san blas tattoo fest jabones hipoalergenicos formulados cuidado tatuaje limpian eficazmente irritar piel contribuyen cicatrizacion optima ayudan preservar calidad color tatuaje apto pieles sensibles fire san blas tattoo fest fire warning sabado domingo abril warning round pushpin san blas nayarit mexico round pushpin expotattoo tattoofest convenciontattoo sanblasnayarit gobiernodesanblas patrocinadoroficial abril calendar,mix,riviera_nayarit
35778,fire san blas tattoo fest fire roger westt roger tatuador originario villa hidalgo nayarit mexico presente edicion san blas tattoo fest roger destacado piezas realismo sombra blackwork blackandgrey tendencias exponente participe eventos ancho pais instagram facebook roger westt whatsapp warning abril sabado domingo warning round pushpin san blas nayarit mexico round pushpin expotattoo convenciontattoo tattofest sanblasnayarit villahidalgo nayarit mexico gobiernodesanblas abril calendar,mix,riviera_nayarit
35785,alfredo sanblasnayarit,mix,riviera_nayarit
35787,crujiente suave fish chips acompana ritmo correcto repetir boton fuego pasa reservas bao scircle bao experiencia fish and chips sanblasnayarit destinopremium foodmood beachdining nuevobaos,mix,riviera_nayarit
35789,fire san blas tattoo fest fire jonathan jonathan tatuador originario leon guanajuato mexico presente edicion san blas tattoo fest jonathan destacado piezas realismo sombra blackandgrey blackwork tendencias exponente participe eventos ancho pais instagram facebook jonathan warning abril sabado domingo warning round pushpin san blas nayarit mexico round pushpin expotattoo convenciontattoo tattofest sanblasnayarit leon guanajuato nayarit mexico gobiernodesanblas abril calendar,mix,riviera_nayarit
35793,luna nieve snow moon full moon snowflake municipio san blas nayarit mexico lunadenieve snowmoon astronomia sanblasnayarit fotografianocturna,mix,riviera_nayarit
35795,fire san blas tattoo fest fire naldo contreras naldo contreras tatuador originario sao paulo brasil presente edicion san blas tattoo fest naldo destacado piezas blackwork black gray fullcolor tendencias exponente participe eventos ancho pais instagram facebook naldo contreras brazil brazil brazil brazil brazil brazil brazil brazil brazil brazil brazil brazil brazil brazil brazil brazil brazil brazil warning abril sabado domingo warning round pushpin san blas nayarit mexico round pushpin expotattoo convenciontattoo tattofest sanblasnayarit saopaulo brasil nayarit mexico gobiernodesanblas abril calendar,mix,riviera_nayarit
35796,playa sanblasnayarit,mix,riviera_nayarit
35797,jaguar x estambre cera madera autor excelente castro tepic nayarit mexico pieza vendida artesaniahuicholdemexico artemexicano artesanosmexicanos artepopularmexicano yarnpainting yarnart decorationinterieur wixarika nayaritenamora nayarit tepicnayarit sanblasnayarit visitanayarit visitnayarit jaguar jaguares jaguaresdenayarit secretariadeturismonayarit secturnayarit manosmexicanas rivieranayarit,mix,riviera_nayarit
35798,amo sparkles playa sanblasnayarit,mix,riviera_nayarit
35799,esperas viajar sanblasnayarit reserva garzacanela com hotelgarzacanela rivieranayarit nayaritenamora,mix,riviera_nayarit
35802,tardes ves costeras atardecer aticama nayarit avescosteras birdwatchingmexico sanblasnayarit naturalezamexico,mix,riviera_nayarit
35807,fire san blas tattoo fest fire warning tapanko tepic warning small orange diamond patrocinador oficial small orange diamond tapanko tepic patrocinadores edicion san blas tattoo fest club nocturno discoteca ciudad excelente ambiente trato chicas espectaculos bailes distinguen tapanko basta perderte momento libramiento guadalajara tepic colonia sauces warning tapanko tepic warning small orange diamond patrocinador oficial small orange diamond convenciontattoo tattofest expotattoo patrocinadoroficial sanblasnayarit gobiernodesanblas nayarit mexico abril calendar,mix,riviera_nayarit
35810,fire san blas tattoo fest fire warning ruina fortuna warning small orange diamond patrocinador oficial small orange diamond insumos profesionales tatuadores alto nivel marca tapatia reconocida ofrecer productos maxima calidad disenadas artistas buscan resultados impecables transfer mexico tinta hectografica premium plumones hectograficos profesionales impresoras hectograficas precision balsamo alto rendimiento quita stencil efectivo seguro calidad durabilidad confianza trazo ruina fortuna artistas artistas warning ruina fortuna warning small orange diamond patrocinador oficial small orange diamond convenciontattoo tattofest expotattoo patrocinadoroficial sanblasnayarit gobiernodesanblas nayarit mexico abril calendar,mix,riviera_nayarit
35812,fire san blas tattoo fest fire warning mew money warning small orange diamond patrocinador oficial small orange diamond new money patrocinadores edicion san blas tattoo fest quieres lucir prendas ropa calidad disenos unicos exclusivos new money opcion new money marca ropa estilo urbano poscionado mercado calidad warning new money warning small orange diamond patrocinador oficial small orange diamond convenciontattoo tattofest expotattoo patrocinadoroficial sanblasnayarit gobiernodesanblas nayarit mexico abril calendar,mix,riviera_nayarit
35814,consientete refrescate bahiaazul agua ola palmera reserva whats celular chincheta redonda boulevard bahia matanchen san blas nay pinacolada refrescate playas mariscos nayarit sanblasnayarit,mix,riviera_nayarit
35815,sanblasnayarit,mix,riviera_nayarit
35828,frio afuera trinador playa mexicana hudsonian trinador aves playeras sanblasnayarit numeniushudsonicus ig aves,mix,riviera_nayarit
35832,mist cool air sun comes sierra madre mountains san blas nayarit mexico sunrise sanblasnayarit sierramadremountains nayarit tripramblernick,mix,riviera_nayarit
35835,cena compania clima agradable necesita smiling face with heart eyes paratiiiiiiiiiiiiiiiiiiiiiiiiiiiiiii lifestyle sanblasnayarit,mix,riviera_nayarit
35841,sanblasnayarit crocodile crab turtle,mix,riviera_nayarit
35842,fire san blas tattoo fest fire mario schwenke mario schwenke tatuador originario argentina presente edicion san blas tattoo fest mario schwenke destacado piezas realismo sombra realismo color exponente participe eventos ancho pais instagram facebook tatuaje whatsapp advertencia abril sabado domingo advertencia chincheta redonda san blas nayarit mexico chincheta redonda expotattoo convenciontattoo tattofest sanblasnayarit argentina nayarit mexico gobiernodesanblas abril calendario,mix,riviera_nayarit
35843,cosmovision huichol wixarica sale rituales inundar galeria color energia arte pintura latido identidad gritando pincelada deer ear of corn splatter paintbrush framed picture exposicion pinturas animales fantasticos paintbrush autor rogelio perez splatter tecnica mixtas sanblasnayarit sanblas pintura wixarica,mix,riviera_nayarit
35846,visitando cocodrilario lindo san blas turismorural sanblasnayarit cocodrilo aventura parati chupatrusas,mix,riviera_nayarit
35849,kiwi fest kiwi corazon amarillo atardecer san blas nayarit,mix,riviera_nayarit
35851,muelle san blas muelledesanblas sanblasnayarit nayaritmexico,mix,riviera_nayarit
35853,pescar gente sanblasnayarit matanchen,mix,riviera_nayarit
35857,lugar punto llegas respiras plan empieza tomar forma vive baos herb white heart reservas nuevobaos baoscircle baosexperience sanblasnayarit destinopremium espaciosconalma beachlifestyle slowmorning,mix,riviera_nayarit
35858,anchor sanblasnayarit,mix,riviera_nayarit
35859,nayarit dump like pongan piso pdjos crocodile potted plant nayarit sanblas sanblasnayarit,mix,riviera_nayarit
35861,apuntes dios sol compania landscapesketching acuarelasobrepapel watercolor sanblasnayarit,mix,riviera_nayarit
35862,novia face with peeking eye muelledesanblas sanblas sanblasnayarit jlboy playa,mix,riviera_nayarit
35864,atardecer atardecer sanblasnayarit muelledesanblas,mix,riviera_nayarit
35865,fuerte san basilio san blas nayarit sanblas sanblasnayarit,mix,riviera_nayarit
35871,sanblasnayarit nayarit,mix,riviera_nayarit
35874,cerramos ano broche oro trabajando familias san blas corazon dedicacion books open book writing hand pasen feliz velada ano familia amigos felizan onuevo sanblasnayarit,mix,riviera_nayarit
35876,fire san blas tattoo fest fire warning orgullo mexicano low bike warning small orange diamond patrocinador oficial small orange diamond orgullo mexicano low bike patrocinadores edicion san blas tattoo fest club bicicletas conformado familias amigos muestran cultura hip hop mexico emblematicas bicicletas modificadas estilo lowrider distinguito orgullo mexicano participes concursos obteniendo lugares presentes orgullo mexicano low bike club warning orgullo mexicano low bike warning small orange diamond patrocinador oficial small orange diamond facebook orgullo mexicano low bike instagram ciudad tepic nayarit convenciontattoo tattofest expotattoo patrocinadoroficial sanblasnayarit gobiernodesanblas nayarit mexico abril calendar,mix,riviera_nayarit
35882,sintiendome esposo lana rey crocodile photography gdlmx fyp sanblasnayarit,mix,riviera_nayarit
35884,sanblasnayarit sunset,mix,riviera_nayarit
35886,sanblasnayarit familia aniversario,mix,riviera_nayarit
35887,sanblasnayarit familia aniversario,mix,riviera_nayarit
35889,risas charlas juegos simplemente disfrutar quieres sala necesitas haz estancia recuerdo inolvidable round pushpin matanchen san blas telephone receiver thereasonmatanchen momentos sanblasnayarit villasenlaplaya,mix,riviera_nayarit
35893,tqm nayarit water wave sun islasmarietasnayarit sanblasnayarit guayabitosnayarit,mix,riviera_nayarit
35900,diversion asegurada alberca woman swimming sparkles reason pequenos disfrutan chapuzon risa ven familia crea recuerdos queden round pushpin matanchen san blas telephone receiver thereasonmatanchen diversionenfamilia villasenlaplaya sanblasnayarit alberca,mix,riviera_nayarit
35903,sanblasnayarit,mix,riviera_nayarit
35905,antojo vista ojos fuego cara babeante reserva whats telefono movil chincheta redonda boulevard bahia matanchen san blas nay mariscos playas albercas nayarit sanblasnayarit cervezas micheladas,mix,riviera_nayarit
35911,fire san blas tattoo fest fire sandra luna sandra luna tatuadora originaria cdmx mexico presente edicion san blas tattoo fest sandra destacado piezas color anime blackwork tendencias exponente participe eventos ancho pais instagram luna tattoo facebook sandra luna tattoo whatsapp warning abril sabado domingo warning round pushpin san blas nayarit mexico round pushpin expotattoo convenciontattoo tattofest sanblasnayarit cdmx oficial nayarit mexico gobiernodesanblas abril calendar,mix,riviera_nayarit
35914,fire san blas tattoo fest fire marco diaz marco diaz tatuador originario cdmx mexico presente edicion san blas tattoo fest marco destacado piezas color anime blackwork blackwork negro gris exponente participe eventos ancho pais instagram marcodiaztattoo facebook marco diaz tatuaje whatsapp advertencia abril sabado domingo advertencia chincheta redonda san blas nayarit mexico chincheta redonda expotattoo convenciontattoo tattofest sanblasnayarit cdmx oficial nayarit mexico gobiernodesanblas abril calendario,mix,riviera_nayarit
35928,house with garden sparkles hogar espera san blas nayarit palm tree sun bienvenido condominio comonfort desarrollo exclusivo combina tranquilidad comodidad excelente ubicacion minutos mar water wave encontraras prototipos vivienda disenados adaptarse estilo vida espacios funcionales acabados calidad plusvalia dizzy money bag mxn round pushpin ubicacion san blas nayarit calles comonfort paredes house prototipos disponibles sparkles house with garden victoria especial triangular ruler construccion terreno heavy dollar sign precio mxn round pushpin calle comonfort sparkles house with garden victoria triangular ruler construccion heavy dollar sign precio mxn round pushpin calle comonfort sparkles house with garden veris triangular ruler construccion terreno heavy dollar sign precio mxn round pushpin calle paredes sparkles house with garden especial triangular ruler construccion terreno heavy dollar sign precio mxn round pushpin calle paredes sparkles house with garden esmeralda triangular ruler construccion terreno heavy dollar sign precio mxn round pushpin calle paredes bed recamaras bathtub banos bano automobile estacionamiento building construction plantas estrenar credit card formas pago aceptadas dollar banknote contado bank credito bancario receipt infonavit houses fovissste money bag caja popular sunrise vive cerca mar entorno tranquilo seguro calidad vida familia merecen haz realidad sueno casa san blas beach with umbrella blue heart contactame whatsapp mobile phone agenda visita alida sanblasnayarit casanueva condominiocomonfort vivienda infonavit fovissste tunuevohogar vidacercadelmar hogarideal,mix,riviera_nayarit
35929,paseito ruinas sanblasnayarit mexico,mix,riviera_nayarit
35939,palmas paz palm tree palmas frente villas fondo ambiente encuentras lugar justo buscando round pushpin matanchen san blas telephone receiver thereasonmatanchen villasenlaplaya sanblasnayarit matanchen playaynaturaleza,mix,riviera_nayarit
35940,esperas viajar sanblasnayarit reserva garzacanela com hotelgarzacanela rivieranayarit nayaritenamora,mix,riviera_nayarit
35944,water wave muelledesanblas nayarit sanblasnayarit,mix,riviera_nayarit
35958,hermoso atardecer muelle matanchen municipio san blas nayarit mexico muelledematanchen bahiadematanchen sanblasnayarit bellezanayarit,mix,riviera_nayarit
35964,sparkles day pass bella bahia sparkles bella bahia paraiso presume vive disfruta palmeras agua cristalina pura calma palm tree sweat droplets acceso alberca camastros areas desconectarte rico money with wings semana money with wings multas semana twelve clock ven respira relajate date llevas semanas queriendo envelope with arrow reserva pase escapate bella bahia bellabahia daypasstepic escapate villasenlaplaya nayarit relaxtime vacacionesundia bahiadematanchen sanblasnayarit,mix,riviera_nayarit
35991,fotos concurso san pancho jam idea fomentar extension skatepark crear espacio dejo serie fotos realice patinadores acaco moht resendiz juez host medios skatelife skatejam sanpanchonayarit desert island sun with face heart suit skatephoto canon,mix,riviera_nayarit
36010,sol cara corazones giratorios san pancho nayarit isla desierta sol cara corazon traje atardecer,mix,riviera_nayarit
36040,playa playa san pancho nayarit isla desierta sol cara corazon traje,mix,riviera_nayarit
36045,fotitos viaje sanpanchonayarit desert island sun with face heart suit lugar colorido tranquilidad ambiente disfrutar face exhaling esperen proximos destinos partying face star struck playita nayarit sanpanchonayarit mar viajes,mix,riviera_nayarit
36080,song trip far sayulita,mix,riviera_nayarit
36092,sayulita views little shot puerto vallarta airport casanico sayulita sunrise,mix,riviera_nayarit
36094,heart with arrow san valentin regalense tiempo juntos noches descuento two hearts semana regalo envuelve vive mobile phone with arrow reserva promocion valida febrero sayulita feb playasayulita pueblomagico descansar,mix,riviera_nayarit
36095,cooking ink fire tatuajecolor sayulita puertovallarta fullcolor cocinasaludable,mix,riviera_nayarit
36096,xploring undergrounds ninja medium skin tone barrioantiguomonterrey sayulita nandasbarrioantiguo monterrey,mix,riviera_nayarit
36098,spent years hunting ultimate morning hideaway perfect garden cafe hot beverage nothing warm breeze fresh cafecito start day absolute perfection maravilla local owner pvgirl grew exploring hidden gems knows real magic happens ready taste real vallarta lifestyle buscas refugio matutino perfecto hot beverage anos buscando cafe jardin ideal brisa calida cafecito fresco empezar perfeccion absoluta maravilla duena local pvgirl crecio explorando rincones listo probar estilo vida vallarta top hidden breakfast patios garden cafes coco kitchen puerto vallarta salud super food puerto vallarta miscelanea sayulita maria san pancho organi sayulita curious calling paradise home check opportunity sparkles palm tree puertovallarta sayulita mexicotravel gardencafe,mix,riviera_nayarit
36099,playa playa playa muertos sayulita,mix,riviera_nayarit
36101,sol cara playa playa sayulita,mix,riviera_nayarit
36103,ganando st place medal disciplina tattooartist bucerias puertovallarta sayulita,mix,riviera_nayarit
36112,manana sayulera sayulita bahiadebanderas foryou,mix,riviera_nayarit
36113,sunrise run sayulita towards san pancho secret beach jungle hiking sunrise,mix,riviera_nayarit
36119,salio olita jungando patio casa palmera agua ola sayulita mexico fotos,mix,riviera_nayarit
36121,gracias preferencia green heart sparkles sayulita mexico matcha,mix,riviera_nayarit
36126,playa mar sayulita fyp vacaciones,mix,riviera_nayarit
36134,perro playa thegooddogsofsayulita sayulita,mix,riviera_nayarit
36140,grupo condesa fleur lis ra edicion sayulita bike fleur lis bienvenida nuevamente aventura ruedas person mountain biking man mountain biking woman mountain biking spiral calendar domingo febrero sayulita pueblo magico viste bicicletas nuevamente double exclamation mark reserva fecha diviertete ruta tropical double exclamation mark costo inscripcion speech balloon retograncarrerasayulitabike sayulita nayarit mtbiking mtb retos,mix,riviera_nayarit
36143,destination weddings puerto vallarta sayulita punta mita cabo weddingphotographer puertovallartaweddingphotographer puntamita puertovallarta sayulita,mix,riviera_nayarit
36144,unique portraiture destination weddings puerto vallarta sayulita punta mita weddingphotographermexicopuertovallartaweddings puertovallarta puntamita sayulita,mix,riviera_nayarit
36155,ellabialdeldia lipstick sayulita bisuteria eyes star struck,mix,riviera_nayarit
36156,sunrise desert island sparkles hamster sayulita nayarit vacaciones,mix,riviera_nayarit
36173,viva mexico flight pelicans sayulita nayarit sayulita nayarit mexico,mix,riviera_nayarit
36178,gusto verte herb hot beverage abiertos semana esperamos pm sayulita,mix,riviera_nayarit
36180,perro cara centro atencion semanas juntos familia cachorrovida bordercolliesrock dogsofinstagram sayulitalife sayulita,mix,riviera_nayarit
36181,amarras brazo valio madre smiling face with sunglasses red heart mexico mexico atrapa puedes quitar corazon quieras smiling face with hearts disponible verde blanco rojo recuerde pinche mexico amo grinning face with sweat pinchemexicoteamo pmta sayulita,mix,riviera_nayarit
36182,huelga pimienta pose reina playa thegoodguys of sayulita sayulita,mix,riviera_nayarit
36187,coconut playa sayulita,mix,riviera_nayarit
36188,playa azul sayulita picoftheday vacaciones instay,mix,riviera_nayarit
36190,viva mexico horseback burro riding playa sayulita nayarit sayulita nayarit mexico,mix,riviera_nayarit
36191,water wave red heart whale check mark button tour noches hospedaje hospedaje vallarta pushpin check mark button tlaxcala tlahuicole check mark button puebla iglesia san francisco blvd mayo check mark button walmart reforma check mark button chevrolet san martin texmelucan fire glowing star keycap party popper oncoming bus viernes marzo compass lunes marzo footprints visitamos sayulita nayarit puerto vallarta playa muertos avistamiento ballenas actividad opcional malecon vallarta tequila jalisco glowing star heavy dollar sign hab cuadruple fire glowing star keycap party popper fire sparkle reserva persona liquida viaje costo viaje incluye check mark button viaje redondo check mark button traslados check mark button noches hospedaje check mark button coordinador grupo check mark button obsequio xiinbal check mark button dinamicas precios persona varian dependiendo tipo habitacion eligas consulta especificaciones habitaciones habitacion doble party popper balloon ahorra habitacion triple party popper balloon ahorra habitacion cuadruple party popper balloon ahorra balloon party popper sparkles cross mark costos incluidos alimentos bebidas tour avistamiento ballenas tequila recorrido barrilito puertovallartamexico sayulita mexico jalisco turismoxiinbal,mix,riviera_nayarit
36197,lugar favorito mundo blue heart green heart water wave santuario naturaleza energia especies hermosas habitan vive experiencia islasmarietas visitmexico sayulita sayulitagirls,mix,riviera_nayarit
36200,surf sayulita sayulitaphotographer mexico sayulitaphotoshoot,mix,riviera_nayarit
36201,sun with face sayulita playasayulita,mix,riviera_nayarit
36204,red circle tulum police car pill detienen akumal municipio tulum presuntos tiradores droga operativo conjunto seguridad backhand index pointing down akumal seguridad tulum ssc,mix,riviera_maya
36205,gone fishin akumal bay guanacaste mexico dogsdoingthings akumal akumalbeach,mix,riviera_maya
36210,snorkeling yalkuito akumal parati virel foryou,mix,riviera_maya
36213,cenote caves swimming mexico akumal,mix,riviera_maya
36221,mexico akumal pelikan naturephotograpy birdphotography,mix,riviera_maya
36222,playadelcarmen rivieramaya akumal puertoaventuras vulcanizadora domicilio automobile cel automobile automobile automobile llanteramovil vulcanizadoramovil asistenciavial panchito changetire flattire fixedtires deadbattery anytime anywhere roadside assistance,mix,riviera_maya
36225,tortuga akumal tortuga arrecife nadando tortugas rodeadas increible mundo submarino corazon blanco tortuga arrecife akumal mundo submarino mexicovibes momentos viaje,mix,riviera_maya
36227,proposal cenoteproposal tulum rivieramaya akumal,mix,riviera_maya
36228,dixxon akumal dixxon flannel akumal,mix,riviera_maya
36230,amazing trip akumal one month costa rica,mix,riviera_maya
36233,ciudades boquiabiertos vitrales cara babeante tortuga mexico vitral tortuga akumal,mix,riviera_maya
36235,fotos aleatorias enero xpu puerto aventuras beach club akumal pdc,mix,riviera_maya
36237,tirarme playa amifgas terapia whatsapp cancun holbox islaholbox caribemexicano caribe caribean travel friends instatravel traveler tulum rutadeloscenotes playadelcarmen akumal mexicotrip transfer,mix,riviera_maya
36238,mexico akumal memories honeymoon takemebacktoparadise,mix,riviera_maya
36239,full heart grateful soul mexico mexico tulum akumal kaanloomlagoon,mix,riviera_maya
36240,club akumal caribe club akumal mexico january,mix,riviera_maya
36241,hermoso soleado akumal golfgirls mujereswhogolf jellynails titleistprov,mix,riviera_maya
36246,tortuga agua ola amanecer naranja corazon akumal atardecer caribe mexicano,mix,riviera_maya
36247,tsuuk akumal parque natural eco friendly escape nature takes center stage mail parquetsuuk com telephone receiver tsuukakumal akumal akumalbeach akumalmexico sustainabletravel ecotourismmexico tsuukakumal akumalnature rivieramaya akumal,mix,riviera_maya
36248,aprovecha descuento pagar renta auto promocion valida enero aplica restricciones reserva cancun simples pasos laptop backhand index pointing down globe with meridians mobile phone with arrow cancun mail info com seadustcancu emporiocancun felizlunes happymonday newweek cotizaenlinea rentadevans rentcar autosel rentadeautos cancun playadelcarmen akumal,mix,riviera_maya
36249,turtle entrance akumal seascape nature outdoor mexico beach akumal,mix,riviera_maya
36251,kittens take mexico,mix,riviera_maya
36255,water wave congelar momentos unicos aprender vivir suceden recuerdas sparkles naturephotography gopro tortugas akumal parati,mix,riviera_maya
36256,cenote yalku tortugues cenoteyalku akumal lunamayatours,mix,riviera_maya
36257,united kingdom even though fans organized tours decided make exception akumal swim turtles lucky guide kept away big groups people allowing natural experience possible find alone next beautiful animals italy nonostante non siamo affatto fan dei tour organizzati abbiamo voluto fare eccezione akumal per nuotare insieme alle tartarughe marine siamo stati fortunati avere guida che tenuti alla larga dai grandi gruppi persone permettendoci avere esperienza piu naturale possibile ritrovandoci soli accanto questi animali bellissimi spain fans tours organizados decidimos excepcion akumal nadar tortugas marinas suerte contar guia mantuvo alejados grupos personas permitiendonos vivir experiencia natural encontrarnos animales hermosos akumal seaturtles snorkeling mexicotravel vanlife,mix,riviera_maya
36258,espectacular jornada per akumal turtle akumal cozumel tortugues,mix,riviera_maya
36259,cenote yalku yalku lunamayatours akumal,mix,riviera_maya
36260,mezzo alla natura red heart cenote akumal tulum experience,mix,riviera_maya
36262,jungle leopard palm tree quod jungle akumal tulummexico,mix,riviera_maya
36268,akumalnaturarescue akumal,mix,riviera_maya
36270,artista paleta hibisco mexico cuadro enmarcado akumal tulum fridakhalo mexico instagood,mix,riviera_maya
36274,vistas cenote camara flash aktunchen cenote rivieramaya akumal,mix,riviera_maya
36275,turtle akumal lilu travel,mix,riviera_maya
36276,week vida karaoke livemusic beachbar labuenavidarestaurant akumal,mix,riviera_maya
36278,polar vortex mexico rivieramaya tulum akumal polarvortex,mix,riviera_maya
36280,akumalnaturarescue cenotetumbenha akumal cenote,mix,riviera_maya
36281,vitamina pez tropical tortuga akumal viaje familiar,mix,riviera_maya
36286,akumal quintana roo fotografia tomada gopro selfie tono piel mexi creativos gopro akumal tulum,mix,riviera_maya
36287,turtle akumal snorkel swim reef,mix,riviera_maya
36289,akumal playa akumal bahia akumal akumal mexico enviando calidez familia amigos vecinos norte,mix,riviera_maya
36298,observer tortues akumal privilege turtle elles vivent ici naturellement habitat meritent respecte chez pixan riviera chaque excursion encadree preserver etre equilibre cet ecosysteme unique water wave herb akumal mexique excursionfrancophoen tortues pixanriviera,mix,riviera_maya
36300,amanecer akumal mexico picoftheday viaje,mix,riviera_maya
36303,many thanks turtles akumal yahtours,mix,riviera_maya
36306,akumal akumal akumalmexico akumalbay tortugas turtle immersion,mix,riviera_maya
36307,mayan riviera maroma mexico mayanriviera yucatan akumal,mix,riviera_maya
36308,tsuuk akumal parque natural escape nature takes center stage mail parquetsuuk com telephone receiver tsuukakumal akumal akumalbeach akumalmexico sustainabletravel ecotourismmexico tsuukakumal akumalnature rivieramaya akumal,mix,riviera_maya
36309,playa bahiaprincipe akumal,mix,riviera_maya
36311,akumal brutalism mexico architecture,mix,riviera_maya
36318,boda destino celebracion vidaboda myidoteam mygirlsforever noviavibes akumal akumalbay tulum,mix,riviera_maya
36319,palm tree riviera maya mexico melhor melhores blue heart airplane procuras refugio perfeito caribe direto sem complicacoes com tudo incluido calendar setembro outubro airplane voo direto lisboa airplane cancun luggage bagagem incluida minibus transfers tropical drink tudo incluido secrets akumal riviera maya star adultos hotel secrets akumal riviera maya junior suite tropical view double bed sparkles resort exclusivo adultos ideal relaxar aproveitar melhor riviera maya sparkles quartos espacosos com vista tropical deslumbrante sparkles localizacao perfeita praia snorkeling com tartarugas tranquilidade absoluta sparkles experiencias gastronomicas incriveis entretenimento premium money bag pessoa adultos blue circle taxas suplementos aereos incluidos wrapped gift inclui ainda shield seguro viagem woman pilot assistencia destino telephone receiver reservas informacoes mobile phone chamada rede movel nacional mail sfconsultora viagens com airplane consultora viagens rnavt warning valores disponibilidade sujeitos confirmacao rivieramaya mexico maravilloso akumal akumalbeach vacaciones playas paraiso tropicalvibesonly resortluxury,mix,riviera_maya
36321,clase aprendizaje camuflaje autodefensa sensibilidad luz maravillado criaturas encontrar akumal actividades akumal marea baja akumal marea baja,mix,riviera_maya
36324,apoderada animales marinos purple heart tortle photographylovers akumal,mix,riviera_maya
36329,tropical escape tsuuk akumal relax explore enjoy nature mail parquetsuuk com telephone receiver tsuukakumal akumal hiddenparadise beachlife travelgram naturelovers akumal,mix,riviera_maya
36342,reserva biosfera sian bocapaila,mix,riviera_maya
36344,escultura mariposa butterfly see evil monkey camera with flash obra arte encontraras adentrarte parque ahau cowboy hat face reel encontraras informacion lugar star struck thinking face comentare finalizado tour quintana roo bat lizard water wave hut nazar amulet prayer beads cat woman tipping hand light skin tone regresaremos merida yucatan leopard flamingo espera actualizacion ubicacion see evil monkey round pushpin minibus seat motorway tulum parqueahau venalaluz vikingspirit manos holypapaya carrizo colibri mariposa zonahoteleratulum bocapaila robertopalazuelos,mix,riviera_maya
36349,abriendo cdmx mxfotografosmx bocapaila conciertosenmexico concertphotography tecateemblema sonyphotography sonyalpha mexishoots mexicreatives,mix,riviera_maya
36351,entrenamiento bike buenosdias tulum bocapaila playa tulumbeach beach bikers bikersofinstagram bikelife bikersmexico domingo relajado,mix,riviera_maya
36353,suaves sonidos folk faltaron llegaron mano guitarras britanico voz melancolica suspirar emotiva romantica presentacion camera with flash tecateemblema tecateemblema davidguetta alanismorissette morat pitbull cd sofitukker jamesbay mariajose hanson lasso patrickmiller kaialana sofish bocapaila jamesbay autodromohermanosrodriguez festivaldemusica errantemx,mix,riviera_maya
36358,gallery sparkling heart talentos pop fusion tiempos cargos abrir presentando pajaro azul extinted blue circle festival faro show photos pop tecateemblema cdmx festival autodromo leorizzi pajaroazulextinted amapolas bocapaila ayquetonta volverasallamar photography camera,mix,riviera_maya
36360,momento retro llego presentacion langosta ola regalaron mejores shows festival destellos camara flash tecateemblema tecateemblema theb davidguetta alanismorissette morat pitbull cd sofitukker jamesbay mariajose hanson lasso patrickmiller kaialana sofish bocapaila jacinto autodromohermanosrodriguez festivaldemusica errantemx,mix,riviera_maya
36362,presencia increible escenario alegres beats contagio energia puso bailar inicio presentacion purple heart sparkles camera with flash tecateemblema tecateemblema davidguetta alanismorissette morat pitbull cd sofitukker jamesbay mariajose hanson lasso patrickmiller kaialana sofish bocapaila jacinto autodromohermanosrodriguez festivaldemusica errantemx,mix,riviera_maya
36363,mmmbop love temas hermanos isaac taylor zac recordar bandas pop importantes duda momentos nostalgicos edicion camera with flash tecateemblema tecateemblema davidguetta alanismorissette morat pitbull cd sofitukker jamesbay mariajose hanson lasso patrickmiller kaialana sofish bocapaila jacinto autodromohermanosrodriguez festivaldemusica errantemx,mix,riviera_maya
36366,fotos fotografo sadi jornada tecate emblema videocassette kaialana olivertree jamesbay bocapaila palomamorphy beckyhill,mix,riviera_maya
36369,abrio actitud star strike tecate emblema tecate emblema emblema quenewstelehit boca paila,mix,riviera_maya
36370,listo disfrutar eagle mapas festival accesos estacionamientos vemos manana vivir emblematico purple heart sparkles tecateemblema tecateemblema davidguetta alanismorissette morat pitbull cd sofitukker jamesbay mariajose hanson lasso patrickmiller kaialana sofish bocapaila jacinto autodromohermanosrodriguez festivaldemusica errantemx,mix,riviera_maya
36371,police car light pequeno ajuste horarios eagle queda viernes purple heart sparkles tecateemblema tecateemblema davidguetta alanismorissette morat pitbull cd sofitukker jamesbay mariajose hanson lasso patrickmiller kaialana sofish bocapaila jacinto autodromohermanosrodriguez festivaldemusica errantemx,mix,riviera_maya
36372,shows imperdibles edicion eagle presenta sabado kia escenario corazon morado destellos tecateemblema tecateemblema davidguetta alanismorissette morat pitbull cd sofitukker jamesbay mariajose hanson lasso patrickmiller kaialana sofish bocapaila jacinto autodromohermanosrodriguez festivaldemusica errantemx,mix,riviera_maya
36374,semana vivira eagle encender listo festival purple heart sparkles listos ultimos boletos ticketmaster tecateemblema tecateemblema davidguetta alanismorissette morat pitbull cd sofitukker jamesbay mariajose hanson lasso patrickmiller kaialana sofish bocapaila jacinto autodromohermanosrodriguez festivaldemusica errantemx,mix,riviera_maya
36375,cartel crece eagle talentos emergentes unen semana iconico sparkles pierdan convertirse artista favorito purple heart tecateemblema tecateemblema davidguetta alanismorissette morat pitbull cd sofitukker jamesbay mariajose hanson lasso patrickmiller kaialana sofish bocapaila jacinto autodromohermanosrodriguez festivaldemusica errantemx,mix,riviera_maya
36384,reinicio bateria boca paila,mix,riviera_maya
36386,amanecer paraiso sparkling heart bocapaila siankaan reservadesiankaan beach playa caribe nature quintanaroo sunrise,mix,riviera_maya
36395,gallery partying face iniciamos show festejo confetti ball grupo invitado abrir fiestas prendieron pista temas clasicos musical notes faro photos show indie bocapaila morenamia maldito cincidoce photography bajocircuito camera erika cruz,mix,riviera_maya
36397,concierto empezo disfruto musica partying face partying face concierto musica bocapaila anonuevo fiesta bajocircuito bocapaila primerconciertodelano concierto saturday,mix,riviera_maya
36400,tulum mexico bocapaila siankan,mix,riviera_maya
36410,absoluter sehnsuchtsort anderen ende der welt white heart light blue heart white heart wieder ein post zum biospharenreservat sian nationalpark seit unesco welterbe seit knapp km gro das gebiet umfasst riffsyteme tropischen regenwald und feuchtgebiete wie die groe lagune links bild welche durch diese schmale landzunge vom karibischen meer getrennt wird wenn man gluck hat kann man hier ubrigens jaguar puma krokodil und treffen letzteres durfte ich zumindest schon aus sicherer entfernung beobachten leider spulen die stromung der wind und die sturme allerlei mull aus der ganzen welt allen stranden entlang der kuste findet sich mull und der anblick traumhaften weien und eigentlich unberuhrten sandes wird dadurch getrubt wenigstens achtet die bevolkerung knapp leute sehr auf sanften tourismus und man kann sich dennoch teilweise fuhlen als wandelt man auf einem weien fleck der landkarte naja noch denn teile der halbinsel boca paila bild wurden freigegeben fur die private bebauung und andere investoren puntaallenmexico siankaanreserve siankaanbiosphere siankaan yucatanmexico quintanaroomexico quintanaroo rivieramaya caribbeansea yucatan tulummexico tulum bocapaila unesco unescoworldheritagesite unescoworldheritage endoftheworld bocapailatulum,mix,riviera_maya
36411,party popper cancion alerta party popper sorprende cancion algodon necesitas sentir musica maxima expresion glowing star musical notes glowing star listos viaje musical glowing star algodon mezcla pop alternativo jazz funk toque latino transportara lugar sensual calido banda formada moe neuma domi dany creado obra maestra redefine limites musica alternativa headphone fire backhand index pointing right disponible plataformas digitales pierdas headphone escucha dejate magia boca paila headphone algodon bocapaila nuevolanzamiento musicaenvivo popalternativo alta voz,mix,riviera_maya
36418,reservadelabiosferasiankaan siankaan bocapaila aguacristalina bluewater enellugarcorrecto,mix,riviera_maya
36419,avantages travailler nature nombreux chaque journee unique part rencontres inoubliables faisons autre part surprises mere nature reserve hier chance observer magnifique crocodile plein bain soleil ensuite offert double spectacle nageant sous yeux handshake excursions camera with flash benoit famille crocodile mangroves manglar water turquoise agua eauturquoise eau bocapaila siankaan tulum cocodrilo caraibes mexico turismo tourism vacation sun beach tour tourguide yucatan,mix,riviera_maya
36424,pequenas tiendas rosadas moda tulum mexico compras coolshops paraiso hipster boca paila travelgram explora tulum,mix,riviera_maya
36425,wrap let mexico spam begin face with tears of joy aber ernsthaft wieder viel viele traumhafte momente einem meiner absoluten sehnsuchtsorte und ich kann mich einfach nicht nur fur ein foto entscheiden fangen wir mit dem tor zum himmel oder sinngema aus der maya sprache ort der himmel geboren wurde sian biospharenreservat und weltnaturerbe seit gelegen auf der halbinsel yucatan gehoren lagunen tropischer regenwald und riffsysteme dazu auf dem foto sieht man einen kleinen teil die puente boca paila der eigentlich nur km langen aber fast dauernden sandstrae bis zur spitze der schmalen landzunge links das karibische meer rechts die lagune puntaallenmexico puntaallen puentebocapaila bocapaila siankaanbiosphere siankaan siankaanreserve tulum tulummexico travelphotography yucatanmexico yucatan caribbeansea zamach worldnatureheritage yucatanpeninsula quintanaroomexico quintanaroo rivieramaya,mix,riviera_maya
36426,welcometothejunglemasajeenlaselvatulumbivesbocapailabiosferadesiankaan relaxintulum,mix,riviera_maya
36437,acerco luz olvido presente gracias recibirnos face blowing kiss smiling face with hearts fotos sparkles gracias dragqueen lgbt pride percusionista musica bocapaila festival demujer dragcdmx,mix,riviera_maya
36440,spiral calendar febrero pushpin boca paila entrando laguna mar puente boca paila kayak kayaking seakayak seakayaking seakayakadventures seakayakexpedition freyahoffmeister siankaan quintanaroo bocapaila tulum mexico,mix,riviera_maya
36444,boca paila sian kaan eden cerca tulum bocapaila siankaan rivieramaya tulum naturaleza ecoturismo,mix,riviera_maya
36446,tulum geotracker tracker sidekick vitara quintanaroo x x life suzuky mexicodesconocido bocapaila,mix,riviera_maya
36450,viaje tiempo paredes woozy face playa paa mul desert island metas ano siguen camera with flash camara play button fujifilm xt reto fotos fujifilm fujifilmxt photographer photo streetphotography playa paamul travel vacaciones,mix,riviera_maya
36451,paamul secreto compartimos carino perfecto descansar disfrutar calma hibiscus desert island paamul playassecretas rivieramayasecreta,mix,riviera_maya
36453,wedding dec djdebodas wedding boda weddingdj weddingplanner weddingcake weddingparty weddingphotography djlifestyle djinternational internationaldj bluevenadoweddings bluevenado paamul seaside tulum rivieramaya cancun akumal bride groom playadelcarmen orlymixer,mix,riviera_maya
36456,amigable frances pez angel visor scubaliteration letsgodive paamul,mix,riviera_maya
36461,quintanaroo paamul mexique cordealinge cordesurciel laudryline laudryday clotheslines vacances green heart,mix,riviera_maya
36463,find spot pretty spotfinbutterfly fish letsgodive paamul,mix,riviera_maya
36490,boda oct djdebodas boda boda bodadj bodaplanner pastel boda bodafiesta bodafotografia djestilo vida djinternacional internacionaldj paamul playa tulum rivieramaya cancun akumal novia novio orlymixer ambreepicestulum,mix,riviera_maya
36499,calma aliviado rostro brilla paamul,mix,riviera_maya
36502,paamul palm tree paamul,mix,riviera_maya
36504,saturday morning market puerto aventuras espera sun with face puertoaventuras akumal paamul playadelcarmen letsplaya chemuyil tulum saturdaymorningmarket,mix,riviera_maya
36520,cozumel bacalar paamul mahahual amazing messico bye bye,mix,riviera_maya
36523,sashimi atun fresco ceviche dorado mahi mahi fishing pole sabores frescos sazon casa hermosa vista marina palm tree puertoaventuras playadelcarmen tulum paamul akumal puertoaventurasmexico ceviche seafood rivieramaya,mix,riviera_maya
36531,momentos sparkles valentina kahlua sparkles round pushpin paamul hipico riviera maya garcval paamul competencia fotografiaecuestre fotografia caballos,mix,riviera_maya
36577,bix beel red heart paamul,mix,riviera_maya
36601,tbt lugar maravilloso playadelcarmenmexico mexico kowa,mix,riviera_maya
36606,tarjetas floreria bouquet feliz emprendimiento face holding back tears entrego emocion ilusion amor white heart sparkles gracias confiar trabajo cherry blossom love letter floreria tarjetas personalizados regalos playadelcarmenmexico,mix,riviera_maya
36610,perderte naturaleza experiencia recomiendo saltarsela raised hand light skin tone cenotes playadelcarmenmexico selfempowerment,mix,riviera_maya
36619,celebrating candelaria multiple realities soundhealingmeditation candelariavivetusmomentos playadelcarmenmexico,mix,riviera_maya
36624,iglesia amiga brunch white heart brunch amigas playadelcarmenmexico domingo semana,mix,riviera_maya
36640,ring joyeria marea playadelcarmenmexico mar beach joyasdeplata,mix,riviera_maya
36651,mexico dump part iii red heart random azulik cancun mexico mexico playadelcarmenmexico tulum,mix,riviera_maya
36664,neutralglam maquillajepdc makeuppdc viviendoenplayadelcarmen playadelcarmenmexico hairpdc makeup,mix,riviera_maya
36665,neutralglam maquillajepdc makeuppdc viviendoenplayadelcarmen playadelcarmenmexico hairpdc agencia makeup,mix,riviera_maya
36668,mexico mexico taco water wave mexico water wave taco mexico mexico mexico playadelcarmenmexico hollidays relax,mix,riviera_maya
36669,gave dress moment mexico mexico pinched fingers light skin tone mexico cancunmexico playadelcarmenmexico,mix,riviera_maya
36670,large orange diamond kokko design productos small orange diamond visi tanos disfruta magia kokko design sparkles sparkles check mark button mail ventaskokko com playa kokkoplaya desingers disen odeinteriores blogerstyle playadelcarmenmexico,mix,riviera_maya
36672,last day playadelcarmenmexico mexico triste pancakesandwich americano,mix,riviera_maya
36673,museo frida kahlo museofridakahlo fridakahlo dayofthedead playadelcarmenmexico mexico,mix,riviera_maya
36679,museofridakhalorivieramaya fridakahloplayadelcarmen quintanaroo playadelcarmenmexico playadelcarmen,mix,riviera_maya
36686,planeas vivir playa carmen house with garden water wave palm tree opcion ideal playadelcarmen departamentos residencial playadelcarmenmexico inversioninmobiliaria,mix,riviera_maya
36695,tbt mexico noviembre mexico xcaret playadelcarmenmexico photography travel travelphotography art architecture visitmexico travelgram city instatravel fotografia igersmexico parquexcaret,mix,riviera_maya
36696,tbt mexico noviembre mexico xcaret playadelcarmenmexico photography travel travelphotography art architecture visitmexico travelgram city instatravel fotografia igersmexico parquexcaret,mix,riviera_maya
36697,tbt mexico noviembre mexico xcaret playadelcarmenmexico photography travel travelphotography art architecture visitmexico travelgram city instatravel fotografia igersmexico parquexcaret,mix,riviera_maya
36700,playa carmen regalato serata speciale avvolta luci soffuse musica nell aria dove sapori intensi della cucina locale raccontavano storie antiche condivisione scaldava sorrisi cultura respirava ogni gesto quelle esperienze che arrivano piano entrano sotto pelle restano addosso divertimento puro mie compagne viaggio red heart playadelcarmenmexico serataspeciale red heart amiche colleghe,mix,riviera_maya
36701,adios enero snowflake gracias puntadas nudos aprendizaje yarn hola febrero espero crochet color sparkling heart growing heart sparkles mariaaacrochet playadelcarmenmexico crochetplayadelcarmen,mix,riviera_maya
36704,golden hour magic sunrise goldenhour playadelcarmenmexico brunette sunset vacaymode,mix,riviera_maya
36705,large orange diamond kokko design productos small orange diamond visi tanos disfruta magia kokko design sparkles sparkles check mark button mail ventaskokko com playa kokkoplaya desingers disen odeinteriores blogerstyle playadelcarmenmexico,mix,riviera_maya
36706,carnaval playa carmen fire fire palm tree pig face playadelcarmenmexico santafeklan apoco confirmado,mix,riviera_maya
36724,amigurumi entregue playa feliz relieved face black heart playadelcarmencrochetplayadelcarmen mariaacrochet mariaaacrochet playadelcarmenmexico crochetplayadelcarmen,mix,riviera_maya
36725,cafeto puerto aventuras centro comercial marina puerto aventuras quintana roo mexico mexico mornings begin great coffee good friends place enjoy every moment centrocomercialmarina puertoaventuras puertoaventurasfood marina puertoaventurasrestaurant coffeeaddict instacoffee goodmorning cafeteria love mexico passion mexicanfood delicious,mix,riviera_maya
36727,aqua cleaners ofrecemos servicio profesional limpieza mantenimiento albercas limpieza rutinaria mantenimiento profundo man swimming sparkles check mark button balance quimico check mark button inspeccion equipos check mark button limpieza aspirado party popper visita gratis party popper aprovecha deja alberca manos telephone receiver llamanos agenda servicio agua cristalina cero preocupaciones sweat droplets alberca clean pool pooltime rivieramayamexico poolconstruction poolcleaning solution poolside pooldesign swimmingpool poolday puerto poolcleaningservice puertoaventuras albercas rivieramaya swimwear mexico puertoaventurasbeach puertoaventura puertoaventurasliving puertoaventurasmexico cleaneating solutions mexico mexico swimming riviera poolhouse,mix,riviera_maya
36732,jessie gelato puerto aventuras centro comercial marina puerto aventuras quintana roo mexico say happiness cannot bought buy ice cream buy lot happiness centrocomercialmarina puertoaventuras puertoaventurasfood puertoaventuras puertoaventurasfood marina candycane mangue orange gingembre sorbet vegan mango naranja jengibre saboramexico dairyfree candycane gelato chocolatsorbet,mix,riviera_maya
36740,gracias confiar servicios mandanos lista mobile phone with arrow puedes pedirnos frutas verduras red apple ear of corn cortes carne premium cut of meat pescados mariscos shrimp queso huevo pollo organico cheese wedge egg chicken winking face groceries groceriesshopping delivery frutasyverduras organic pedidos vegan servicioadomicilio entregasadomicilio fruitsandveggies organico healthy saludable primesteak airbnb rivieramaya playadelcarmen vacationrental playadelcarmen concierge personalconcierge shopper personalshopper puertomorelos puertoaventuras tulum mandadoplaya,mix,riviera_maya
36745,playadelcarmen rivieramaya akumal puertoaventuras vulcanizadora domicilio automobile cel automobile automobile automobile llanteramovil vulcanizadoramovil asistenciavial panchito changetire flattire fixedtires deadbattery anytime anywhere roadside assistance,mix,riviera_maya
36749,police car light lamentable police car light muere mujer edad mototaxi puerto aventuras broken heart ambulance puertoaventuras solidaridad ultimahora mototaxi noticiasqroo,mix,riviera_maya
36754,smooching spottedtrunkfish kiss mark kiss mark perky pretty face puertoaventuras letsgodive,mix,riviera_maya
36755,jessie gelato puerto aventuras centro comercial marina puerto aventuras quintana roo mexico say happiness cannot bought buy ice cream buy lot happiness centrocomercialmarina puertoaventuras puertoaventurasfood puertoaventuras puertoaventurasfood marina candycane mangue orange gingembre sorbet vegan mango naranja jengibre saboramexico dairyfree candycane gelato chocolatsorbet,mix,riviera_maya
36756,llegaron ostiones seafood puertoaventuras,mix,riviera_maya
36757,agua ola bikini puerto aventuras,mix,riviera_maya
36765,puertoaventuras fun manati sealife seaport,mix,riviera_maya
36773,renta departamento pushpin puerto aventuras small orange diamond habitaciones small orange diamond banos small orange diamond planta baja small orange diamond salida directa jardin small orange diamond jacuzzi piscina small orange diamond salida directa laguna minuto caminando playa mxn plazo puertoaventuras puertoaventurasmexico rivieramaya rivieramayamexico vidaenlaplaya,mix,riviera_maya
36786,rsvp puertoaventuras puertoaventurasbeach gong gongbytheocean rivieramayamexico,mix,riviera_maya
36791,jessie gelato puerto aventuras centro comercial marina puerto aventuras quintana roo mexico say happiness cannot bought buy ice cream buy lot happiness centrocomercialmarina puertoaventuras puertoaventurasfood puertoaventuras puertoaventurasfood marina candycane mangue orange gingembre sorbet vegan mango naranja jengibre saboramexico dairyfree candycane gelato chocolatsorbet,mix,riviera_maya
36793,resenas clientes palabras guia estandares gracias confiar compartir experiencia contacto vicki barrios whatsapp vicki com bienestate puertoaventuras homeforsale weareremax condoforsale rivieramaya tropiclife makeanoffer rivieramayacondosforsale rivieramayahomesforsale,mix,riviera_maya
36823,soccer ball fire clasico parrilla vienen hambre cero intencion quedarse antojo fire shirt beer mug trae jersey equipo cerveza casa round pushpin wings playa carmen puerto aventuras cancun wingsfc elclasicodelaparrilla costillas antojoserio cancun playadelcarmen puertoaventuras,mix,riviera_maya
36825,ven desayunar comer pregunta platillo hongos gourmet sorprende paladar delicioso face savoring food mushroom fork and knife with plate chemuyil puertoaventuras quintanaroo caribemexicano tulum,mix,riviera_maya
36826,desconectate naturaleza leaf fluttering in wind disfruta cenote privado luces cascada nature puertoaventuras cenote,mix,riviera_maya
36828,dolphin dolphins dolphinarium parati puertoaventuras,mix,riviera_maya
36832,rugido feroz cara lengua blep gato gatito puerto aventuras,mix,riviera_maya
36833,sole ristorante pizzeria centro comercial marina puerto aventuras quintana roo mexico authentic italian food baked love passion red heart pizza oven table every bite tells story centrocomercialmarina puertoaventuras osolemio pizzalover pizza pizzatime italianfood foodie foodporn pizzagram pizzeria foodphotography foodstagram pizzalove cheeselovers pizzagourmet dinner instafood yummy delicious delivery,mix,riviera_maya
36839,cafeto puerto aventuras centro comercial marina puerto aventuras quintana roo mexico mexico mornings begin great coffee good friends place enjoy every moment centrocomercialmarina puertoaventuras puertoaventurasfood marina puertoaventurasrestaurant coffeeaddict instacoffee goodmorning cafeteria love mexico passion mexicanfood delicious,mix,riviera_maya
36841,sweat droplets servicios limpieza piscinas sweat droplets equipo cuidar piscina merece small blue diamond servicios check mark limpieza piscinas check mark mantenimiento equipos check mark balanceo quimico relajate disfruta encargamos resto telephone receiver contactanos deja piscina manos expertos alberca clean pool pooltime rivieramayamexico poolconstruction poolcleaning solution poolside pooldesign swimmingpool poolday puerto poolcleaningservice puertoaventuras albercas rivieramaya swimwear mexico puertoaventurasbeach puertoaventura puertoaventurasliving puertoaventurasmexico cleaneating solutions mexico mexico swimming riviera poolhouse,mix,riviera_maya
36842,disponibles maximarket backhand index pointing down light skin tone deliciosas mermeladas dalfour llegaron elevar desayunos postres bread strawberry check mark hechas francia check mark endulzadas jugo fruta azucar refinada check mark sabor intenso textura espectacular check mark perfectas yogur pancakes pan tostado tablas quesos postres variedad sabores irresistibles drooling face round pushpin esperamos maximarket puerto aventuras bendita costilla shopping cart green heart maximarket puertoaventuras healthyfoods preciojusto,mix,riviera_maya
36845,soft glam rivieramayawedding playadelcarmen tulum puertoaventuras akumal,mix,riviera_maya
36848,renta villa pushpin puerto aventuras hermosa casa exquisito gusto small orange diamond habitaciones small orange diamond banos small orange diamond cuarto servicio small orange diamond doble cocina small orange diamond piscina privada small orange diamond terraza small orange diamond salida directa campo golf small orange diamond roof top vista selva small orange diamond petfriendly mascotas educadas small orange diamond incluido alberquero servicio limpieza usd plazo disponible puertoaventuras puertoaventurasrealestate,mix,riviera_maya
36853,house with garden departamentos habitaciones banos completos water wave amenidades exclusivas parque acuatico sweat droplets canchas futbol soccer ball piscinas person swimming juegos infantiles carousel horse pet park paw prints cancha padel tennis ejercicio aire libre woman lifting weights seguridad locked with key aceptamos creditos hipotecarios infonavit fovissste dejes pasar oportunidad red heart playadelcarmen caribemexicano rivieramaya tulum cancun puertoaventuras tuluminati departamentos infonavit foviste,mix,riviera_maya
36865,feliz cumpleanos confetti ball wrapped gift regalo globos puertomaya puertoaventuras hbd,mix,riviera_maya
36868,black heart private transportation rush crowds riviera maya feel dizzy blackrivieratours rivieramayaluxury luxurytravelmexico luxurytransportation chauffeurservice tulumluxury cancunluxury puertoaventuras travelinstyle luxurylifestyle privatetravel cancun tulum playadelcarmen,mix,riviera_maya
36871,cancun puertoaventuras airportcancuntaxi,mix,riviera_maya
36881,water wave despierta frente mar vive caribe filtros palm tree departamento frente mar puerto aventuras vacaciones perfectas sparkles planta baja bed recamaras huespedes sweat droplets jacuzzi privado beach with umbrella acceso directo playa palm tree jardines tropicales alberca frente oceano desayuna vista mar relajate jacuzzi playa disfruta lujo pasos arena ideal familias parejas escapadas largas confort ubicacion link reserva directa tarifa backhand index pointing right link disponible airbnb backhand index pointing right round pushpin puerto aventuras riviera maya mayangetaways beachfrontliving puertoaventuras luxurystay jacuzziprivado plantabaja frentealmar rivieramaya vacacionesdelujo beachlife,mix,riviera_maya
36884,sol sale agua disciplina energia pura magia caribena water wave amanecerremando outriggerlife puertoaventuras,mix,riviera_maya
36892,fachadas puertoaventuras,mix,riviera_maya
36896,lugarenos mx visitantes rsvp gong gongbytheocean puertoaventuras puertoaventurasoundhealing rivieramaya,mix,riviera_maya
36904,fire fire usd puertoaventuras cancun,mix,riviera_maya
36917,lugares quedan memoria cenotes riviera maya bucea lugar amamos llamar hogar herb sweat droplets playadelcarmen bullsharkdiving cenotediving cozumel puertomorelos mahahual portbodiving buceomexico rivieramaya visitmexico cenotes buceo scubadiving scuba driftdiving caverndiving tulum wreckdiving costabrava visitcostabrava divemexico divecostabrava catalunya estartit illesmedes lescala calelladepalafrugell travel divinglife mesqueunclub,mix,riviera_maya
36936,pinatas giratorias pinata cotiza pinata premium personalizada pequeno pinafan eligio peluche favorito cancion festejar especial partying face pinata consulta catalogos informacion perfil whatsapp encuentras banner index pointing up recuerda anticiparte suficiente pinataspremium pinatascreativas puertomorelos,mix,riviera_maya
36946,clinking beer mugs gear cerveza artesanal vive tecnologia dispro suma patrocinador oficial festival cerveza caribe evento familiar pensado amantes cerveza artesanal buscan disfrutar aprender compartir beer mug family man woman girl boy round pushpin puerto morelos calendar abril admission tickets vive experiencia completa backhand index pointing right compra accesos festivaldecervezadelcaribe com accesos festivaldelacervezadelcaribe dispro cervezaartesanal eventofamiliar beerlovers puertomorelos experienciacervecera beertech,mix,riviera_maya
36948,palm tree terrenos comerciales puerto morelos water wave invierte zonas crecimiento riviera maya sparkles febrero check mark button descuento check mark button meses intereses round pushpin desarrollo via mar trophy proyecto ganador americas property awards warning ultimas oportunidades asegurar patrimonio lotescomerciales puertomorelos bienesraices inversionistas,mix,riviera_maya
36958,ola agua olas mariposas bolsas compras compra whatsapp mardbebes vestidosnina puertomorelos modainfantil mamaprimeriza,mix,riviera_maya
36962,espacios respiran selva momentos viven prisa deciduous tree sparkles xulhaecohabitat kilometros verdes transforman senderos areas abiertas rincones pensados disfrutar aire libre herb recorrido despierta revela belleza viva acompana paso explora comparte vive contacto esencial leaf fluttering in wind descubre forma habitar naturaleza rutina puertomorelos viveconproposito xulhaecohabitat rutadeloscenotes vidaenlaselva xulhaus,mix,riviera_maya
36972,palm tree escapade familiale reve mexique palm tree sun soleil plage plaisir tarif exceptionnel familles sparkles dreams puerto morelos resort spa star round pushpin riviera maya quintana roo mexique airplane depart montreal mars airplane departure vols sunwing inclus seven clock nuits tout inclus collision tarif famille imbattable family man woman girl boy famille seulement money bag adulte occupation double child enfant ans hotel suite junior vue tropicale occupation double water wave pourquoi choisir resort check mark chambres modernes confortables fork and knife with plate restaurants varier plaisirs tropical drink bars relaxer jour soir family man woman girl boy ambiance parfaite familles beach with umbrella situe puerto morelos cancun playa carmen resort elegant convivial ideal creer souvenirs famille blue heart envelope with arrow places limitees ecris reserver briefcase protection ficav backhand index pointing right contactez page telephone mail voyagesjoseecarrier com affiliee jaimonvoyage com disponibilite prix sujets changement sans preavis detenteur permis quebec termes conditions dealdujour voyageenfamille mexique toutinclus dreamsresort rivieramaya vacances sunwing puertomorelos,mix,riviera_maya
36979,mexican tuktuk puertomorelos streetsnaps,mix,riviera_maya
36993,blooming sparkles nailart manicurista puertomorelos,mix,riviera_maya
36994,riviera maya mira bucea cenotes arrecifes escenarios naturales dejan aliento atrevete vivir azul diving mask reserva sumergete playadelcarmen bullsharkdiving cenotediving cozumel puertomorelos mahahual portbodiving buceomexico rivieramaya visitmexico cenotes buceo scubadiving scuba driftdiving caverndiving tulum wreckdiving costabrava visitcostabrava divemexico divecostabrava catalunya estartit illesmedes lescala calelladepalafrugell travel divinglife mesqueunclub,mix,riviera_maya
36999,house with garden invierte futuro frente mar terrenos residenciales via mar puerto morelos water wave sparkles aprovecha descuento sparkles meses intereses round pushpin desarrollo alta plusvalia proyeccion hourglass not done promocion valida unicamente febrero natalia betancur realtor registered miami association realtors yaffe international realty mobile phone with arrow inversioninteligente puertomorelos granviadelmar,mix,riviera_maya
37011,gracias confiar servicios mandanos lista mobile phone with arrow puedes pedirnos frutas verduras red apple ear of corn cortes carne premium cut of meat pescados mariscos shrimp queso huevo pollo organico cheese wedge egg chicken winking face groceries groceriesshopping delivery frutasyverduras organic pedidos vegan servicioadomicilio entregasadomicilio fruitsandveggies organico healthy saludable primesteak airbnb rivieramaya playadelcarmen vacationrental playadelcarmen concierge personalconcierge shopper personalshopper puertomorelos puertoaventuras tulum mandadoplaya,mix,riviera_maya
37027,cancun playadelcarmen photographer photography cancunphotographer photoshoot puertomorelos hardrock hotel kempinski cocobongo omnicancun emporiocancun solymarcancun mandalabeachcancun,mix,riviera_maya
37033,listos recibirte retiro jolie jungle salon yoga espejo agua caminos selva restaurante casa club vegano vegetariano internacional comodos bungalos servicio personalizado presupuesto medida woman swimming medium dark skin tone woman biking badminton ping pong pool ball person lifting weights eagle butterfly chipmunk woman swimming medium dark skin tone retiro retiroholistico retirodemeditacion retiroespiritual retiroexperience joliejungle joliejungleecohotel yogaretreat yogaretreats yogaretreatsworldwide yogaretreatmexico playadelcarmen rutadeloscenotes rutadeloscenotes sunrise palm tree person swimming rutadeloscenotesmexico rutadeloscenotespuertomorelos puertomorelos puertomorelos palm tree,mix,riviera_maya
37044,palmera aislada ola agua caribe caribe mexicano caribe puntaallen siankaan,mix,riviera_maya
37049,palm tree naturaleza marca camino sian territorio vivo mar selva conviven equilibrio backhand index pointing right explora reserva descubre belleza natural desconecteencieloyselva cieloyselva puntaallen siankaan reservanatural tulum,mix,riviera_maya
37052,leaf fluttering in wind sumerges ritmos naturaleza convivencia cambia vuelve intima consciente presente sian compartir comida vivir lugar prisa ruido acompanados mar selva backhand index pointing right descubre sian desconecteencieloyselva cieloyselva puntaallen siankaan reservanatural tulum,mix,riviera_maya
37058,muestra coleccion totebags pintadas mano magia mar water wave sparkles sold magiadelmar totebagpersonalizada siankaan puntaallen,mix,riviera_maya
37062,osmanthus punta allen airbnb puntaallen lodge,mix,riviera_maya
37063,sport utility vehicle llegar sian aventura caminos terraceria selva viva silencio leaf fluttering in wind vienes consumir paisaje vienes habitarlo visita comunicate reserva proximas aventura desconecteencieloyselva cieloyselva puntaallen siankaan reservanatural tulum,mix,riviera_maya
37067,booking inquiries puntaallen siankaan hotellife,mix,riviera_maya
37077,punta allen corazon sunrise white heart puntaallen siankaan sunrise sweethome javierrojogomez,mix,riviera_maya
37078,woman running medium skin tone sunrise sunrise running puntaallen siankaan,mix,riviera_maya
37080,tulum lobster temporada langosta dejo balance positivo cooperativa vigia chico toneladas capturadas langosta pesca puntaallen,mix,riviera_maya
37086,buone feste manca messico mexico puntaallen,mix,riviera_maya
37090,lever soleil punta allen deja mois revenu encore tete vacances mexique leverdesoleil puntaallen voyagedenoces,mix,riviera_maya
37095,wild road unreal reward herb sparkles llegar sian aventura pura selva fauna salvaje atardeceres reinician vida camino vale magia espera green heart sunrise backhand index pointing right descubre reserva siankaan reservanatural aventuraenlareserva caribemexicano puntaallen naturalezapura cieloyselva,mix,riviera_maya
37098,tulum often discussed destination rarely starting point new tourism route promoted federal authorities connects tulum punta allen crossing sian biosphere reserve highlighting different approach travel southern quintana roo journey passes mangroves lagoons wetlands coastal ecosystems many residents know experience continuous route also brings attention punta allen fishing community tourism remains small scale closely tied conservation latest article looks initiative means tulum sian broader conversation tourism development riviera maya read full story website think routes help redefine tourism around tulum esp tulum suele verse destino punto partida ruta turistica impulsada autoridades federales conecta tulum punta allen atravesando reserva biosfera sian proponiendo forma recorrer quintana roo trayecto cruza manglares lagunas humedales ecosistemas costeros habitantes conocen rara viven experiencia continua pone foco punta allen comunidad pesquera turismo baja escala ligado conservacion articulo analizamos implica iniciativa tulum sian debate desarrollo turistico riviera maya lee articulo completo sitio web crees tipo rutas cambiar desarrolla turismo tulum region tulum puntaallen siankaan quintanaroo rivieramaya turismosustentable turismodenaturaleza mexicotravel tulumlife,mix,riviera_maya
37100,haz manos sepan paladar ama sparkles gustaria aprender preparar platillos espectaculares langosta ven taller gastronomico woman cook light skin tone sabores frescos tecnicas unicas experiencia vas olvidar list cocinar paraiso smiling face with heart eyes lobster gastronomia tallergastronomico foodlovers langosta cocinaprofesional puntaallen saboresdelmar cookingworkshop gourmetexperience,mix,riviera_maya
37101,mode koh lanta milieu nul part puntaallen siankaan,mix,riviera_maya
37103,punta allen petit coin paradis mexique palm tree mexico puntaallen siankaan excursionfrancophone pixanriviera,mix,riviera_maya
37105,comenzamos diciembre aventuras punta allen cana pescar brilla flyfishingmx puntaallen blacktailchasers,mix,riviera_maya
37110,lago deseos pesco fishing pole desert island mexico siankaan puntaallen mexico secretplace,mix,riviera_maya
37121,recientemente honor compartir estudiantes universidad marista merida gracias organizacion serie platicas fly fishing ecoturismo sostenibilidad pesca sostenible langosta water wave fishing pole encanta inspirar futuras generaciones mostrar punta allen trabajamos proteger ecosistema impulsamos turismo responsable green heart globe showing americas puntaallen ecoturismo sostenibilidad flyfishing pescasostenible turismoresponsable costamaya naturelovers universidadmarista toursallen,mix,riviera_maya
37123,woman biking fire recorrido cansare paisajes trayecto aprender crocodile palm tree rodandoxtulum pedaleayselibre tulummexico puntaallen,mix,riviera_maya
37126,tulummexico puntaallen,mix,riviera_maya
37128,saul junio siankaan quintanaroo mexico mexico maravilloso biospherereserve manglares mangroves landscape paisaje mar boats barcas pier jetty embarcadero muelle puntaallen puntaallenmexico retrato portrait portraits portraiture portraiturephotography portraitphotography boy fotografiaderetrato fotografiaderetratos,mix,riviera_maya
37134,punta allen excelente idea heart hands medium skin tone ok hand medium skin tone puntaallen siankaan tulum rivieramaya pablozenon,mix,riviera_maya
37136,milky way noches inspiran calma sparkles cielo selva sian estrellas tranquilidad privacidad susurro mar musica fondo water wave reserva proximas vacaciones disfrutar bellezas naturaleza sian kaan backhand index pointing right desconecteencieloyselva cieloyselva puntaallen siankaan reservanatural tulum,mix,riviera_maya
37139,tiros feliz amigo mike ascencion puntaallen kayfly bajio permit goodtravel,mix,riviera_maya
37140,tulum mexico tulum siankaan mexico puntaallen,mix,riviera_maya
37142,sian caduto dal cielo che filtro nessuno siamo caraibi non servono filtri siankaan cadutodalcielo biosferasiankaan dolphins crocco croccodile mangrovie laguna migratorybird puntaallen fisherman tulum mexico mexicosea mexico quintanaroo lamantino snorkling reefsnorkeling discovery travelphotography travelgram travellover meandyouaroundtheworld happiness relax vacation caraibes carribensea carriben,mix,riviera_maya
37144,sesion pesca orilla toparse animal fire robalo duda pescas favoritas fishing pole snook snookfishing pescadeportiva pescadeorilla robalo puntaallen mexico asencionbay saltwaterflyfishing,mix,riviera_maya
37146,tortuguita marina inspirada libro vida heart on fire catrina tortuguita librodelavida puntaallen crochet,mix,riviera_maya
37155,chincheta redonda mexique tulum siankaan puntaallen mexico mexico mexique roadtrip familia roadtrippers nenettedamquivitsabestlife,mix,riviera_maya
37157,gracias hermosa naturaleza sian mercantiviaggi siankaan puntaallen messico,mix,riviera_maya
37158,palm tree risas amigas mar turquesa water wave plan amigas vive experiencia unica paraiso sparkles siankaan mareaalta viajeentreamigas desconecteencieloyselva cieloyselva puntaallen reservanatural tulum,mix,riviera_maya
37162,excelentes capturas amigo phil kayflyfishinglodge permit puntaallen ascencionbay,mix,riviera_maya
37167,manatis bebes foca foca destellos azul corazon linda manati gordito simankan punta allen,mix,riviera_maya
37174,crocodile cocodrilo puntaallen reservanatural siaankan,mix,riviera_maya
37176,tulum puntaallen siankaan,mix,riviera_maya
37179,punta maroma water wave considerada playas bonitas mundo llegas entiendes desert island sparkles puntamaroma caribemexicano beachlovers,mix,riviera_maya
37181,punta maroma isla cozumel tropical fish desert island spiral shell puntamaroma cozumel messico arrecife,mix,riviera_maya
37183,camellos mar turquesa coco frio parachute punta maroma vibra distinto sparkles water wave camel camellos puntamaroma playa parachute tours transfer caribe coco cervecita parati experiencia,mix,riviera_maya
37187,conoces maroma beach dejamos pequeno adelanto sailboat palm tree ven vivir frente mar water wave round pushpin playa maroma riviera maya maromabeach playamaroma puntamaroma,mix,riviera_maya
37188,reserva disfruta buenfin semana frente mar water wave aprovecha descuento day pass brunch spaghetti buffet bebidas ilimitadas canoe paddleboards kayaks palm tree zona hamacas camastros musical notes musica vivo domingos shower banos regaderas vestidores round pushpin playa maroma riviera maya contactanos maromabeach playamaroma puntamaroma,mix,riviera_maya
37189,sparkles klein fein einfach wow sparkles unsere kollegin sybille ist gerade mexiko unterwegs die neuesten luxus hideaways fur euch entdecken palm tree sun heute die auberge etereo der traumhaften punta maroma ein ort dem zeit stillzustehen scheint sparkles cocktail glass hier trifft mexikanische gelassenheit auf zeitlosen luxus perfekt fur alle die sich urlaub einfach etwas gonnen wollen dizzy round pushpin auberge etereo riviera maya und naturlich gibt noch mehr insidertipps direkt bei uns exklusiv und handverlesen hibiscus luxurytravel mexico rivieramaya aubergeetereo puntamaroma luxuryescape reiseexperten insiderwissen remstal travelinstyle,mix,riviera_maya
37193,vive emocion montar camello disfruta buffet estaciones camel spaghetti incluye experiencia camel recorrido camello taco buffet alimentos barra libre nacional speech balloon guia bilingue locked cobertura canoe paddleboards kayaks minibus transporte redondo compartido spiral calendar reserva mxn persona telephone receiver contactanos maromabeach puntamaroma playadelcarmen daypass brunche,mix,riviera_maya
37198,habituada sol praia levantava via nascer sol travellover globe showing americas mexico love daily travel puntamaroma nascerdosol luxo beleza paz,mix,riviera_maya
37212,margarita tequila sunrise tachipirinha attimo tropical drink palm tree face with thermometer messico luglio messico mechico summer summer rivieramaya holiday vacation cool palme cocktail sealife estatidanimo mexicansummer puntamaroma mare travelmemories travelphotography viaggiare siviaggiare heymondodelmese heymondofotodelmese foto fotogrammidivita,mix,riviera_maya
37214,amante mariscos fried shrimp maroma beach podras disfrutar limite recomendamos tostadas atun ceviche mixto agua chile negro incluidos day pass brunch face savoring food reserva tel playamaroma maromabeach playadelcarmen daypass puntamaroma camaron,mix,riviera_maya
37218,domingo cochinita face savoring food disfrutala torta taco respectiva jugosa cebolla morada chile habanero admission tickets day pass brunch estaciones comida adultos mxn menores anos mxn ninos anos entran gratis mobile phone with arrow reserva tel playamaroma playa maromabeach playadelcarmen puntamaroma daypass comidayucateca cochinita,mix,riviera_maya
37222,prepare inolvidable playa ola agua llega bbq grill smoke fest maromabeach julio olla comida estaciones comida corte carne cortes premium pescados mariscos taco comida mexicana internacional bebida tropical mixologia creativa bar premium trompeta musica vivo party popper entretenimiento horario beach club grill fest reserva whatsapp telefono buffet maromabeach playadelcarmen daypass puntamaroma playamaroma clubdeplaya bbq smokefest daypass cortespremium,mix,riviera_maya
37227,shrimp sun sabado familiar mariscos bebidas ilimitadas playa sol plan perfecto ven maroma beach disfruta quieres blue heart water wave admission tickets day pass brunch adultos mxn menores anos mxn ninos anos entran gratis mobile phone with arrow reserva tel playamaroma playa maromabeach playadelcarmen puntamaroma diadelpadre,mix,riviera_maya
37229,dejamos razones visitar maroma beach incluidos day pass brunch reservacion tel brunch playadelcarmen daypass playamaroma puntamaroma,mix,riviera_maya
37231,praia punta maroma uma das exclusivas preservadas riviera maya chable maroma recebe seus hospedes vilas privativas com piscina terraco chuveiros livre com acesso direto areia branca aguas cristalinas uma boa base visitar cenotes eco parques parques aquaticos ate cirque soleil joya fica ali pertinho quem quer relaxar hotel gastronomia pilares experiencia restaurante lista recomendados pelo guia michelin comandado pelo renomado chef jorge vallejo premiado quintonil cidade mexico pelo chef residente carlos navarrete juntos eles reinterpretam ingredientes ancestrais milho feijao pimentas pratos criativos visualmente impressionantes refeicoes descontraidas kaban oferece sabores das costas mexicanas ambiente beira piscina enquanto raw bar local ideal cocktails sol com vista mar vichy spa alem tratamentos atividades incluem yoga meditacao pilates sessoes fitness cardapio experiencias unicas com sabedoria ancestral cerimonia temazcal conduzida xama local localizado uma das praias reservadas riviera maya chable maroma refugio propicia mix relaxamento bem reconexao com toque cultura maya oportunidade fique pague viagens ate terceira noite cortesia oferta tempo limitado sujeita disponibilidade alteracoes contato pelo whatsapp contato com luxurytravel turismodeluxo viagem dicasdeviagem bestvacations rivieramaya puntamaroma,mix,riviera_maya
37232,verano agua ola destellos playa maroma playa playamaroma punta maroma playa playa carmen,mix,riviera_maya
37233,palm tree buscas terreno riviera maya complicaciones precios reales descubre desarrollos playa carmen punta maroma akumal mxn check mark planes accesibles check mark ubicaciones estrategicas check mark atencion personalizada explora terrenos disponibles backhand index pointing right mobile phone with arrow escribeme directo whatsapp link info enlaces rapidos espacio paraiso cerca imaginas sunrise terrenosrivieramaya tuterrenoplaya inversioninteligente playadelcarmen terrenosenventa luumha puntamaroma vidacampestre tuterrenoplaya quintanaroo terrenos terrenosenventa playa quintaavenida invierteentufuturo,mix,riviera_maya
37234,conoce estacion comida india thai adquiere day pass brunch disfruta deliciosos sabores maroma beach vienes pot of food reserva tel buffet maromabeach playadelcarmen daypass puntamaroma playamaroma clubdeplaya comidathai comidaindia comidatailandesa,mix,riviera_maya
37242,precumple boatardee playadelcarmen mexicabeach puntamaroma photothedays fotografia,mix,riviera_maya
37244,arena blanca aguas cristalinas tranquilidad hara olvidar estres maroma beach water wave sun palm tree playamaroma playa maromabeach playadelcarmen puntamaroma,mix,riviera_maya
37248,punta maroma pink heart fyp puntamaroma mar barcos,mix,riviera_maya
37251,love turtles red heart red heart tortugamarina chiqui aliasmorita puntamaroma playadelcarmen paraiso riveramaya snorkeling catamaran tourguiado excursiones vacacionesenfamilia viralreels tortugasmarinas turtles mexicomagico mexico,mix,riviera_maya
37261,sol reset cara puntamaroma,mix,riviera_maya
37263,listo sentir adrenalina explorar aguas cristalinas mar caribe unete recorrido waverunner descubre belleza maroma beach palm tree palm tree palm tree reserva vive aventura tel playamaroma playa maromabeach playadelcarmen tour puntamaroma waverunner seadoo,mix,riviera_maya
37264,messico giorno arrivo aperitivo benvenuto check primo giro esplorativo resort messico viaggio vacanza mexico mexico relax caraibi puntamaroma yucatan,mix,riviera_maya
37266,recorre costa maroma beach waverunner disfruta hermoso color turquesa caribe mexicano reserva actividad costo extra tel maroma playamaroma puntamaroma tour seadoo,mix,riviera_maya
37270,buscando plan maroma beach abrimos adquiere day pass brunch disfruta water wave acceso beach club playa hermosa mundo fried shrimp alimentos ilimitados estaciones comida tropical drink bebidas ilimitadas incluye cocteleria canoe paddle boards kayaks beach with umbrella camastros family man woman girl boy area juegos ninos volleyball area futbol voleibol playa necesario reservar puedes llegar directamente taquilla water wave palm tree esperamos maromabeach playamaroma brunch puente playadelcarmen puntamaroma,mix,riviera_maya
37276,domingos relajarse frente mar disfruta lugar pasar maromabeach agua ola sol reserva tel maromabeach buffet beachday playa playamaroma vacaciones playadelcarmen buffet daypass puntamaroma,mix,riviera_maya
37277,mexico belmondmaroma olbilboutiquehotel yucatan valladolid puntamaroma,mix,riviera_maya
37279,visitado dejaran mentir pizzas maroma beach deliciosas drooling face pizza recomendacion pizza italiana preparada mozzarella arugula tomates cherry jamon serrano parmesano reserva tel maromabeach buffet pizza playa playamaroma brunch vacaciones playadelcarmen puntamaroma,mix,riviera_maya
37290,regresando feliz tulum tankah,mix,riviera_maya
37292,step cenote quiet passage xibalba water knows name remember tankah tankahtulum tulum mexico quintanaroo cenote tattoo bodysuittattoo japanesetattoo japanesebodysuit irezumi tattoos yokai yokaitattoo tatuajes hyakkiyagyo horimono wabori vans vansoriginal vansboy tattooedmen tatuajes tatuaje,mix,riviera_maya
37295,reserve naturelle tankah tankah cenote cenoteazul mexique mexico yucatan,mix,riviera_maya
37298,mexico tulum tankah,mix,riviera_maya
37299,mexico tulum cenotes zipline tankah mayan much fun,mix,riviera_maya
37302,koom habitat descanso planea disfruta caleta tankah minutos alojamiento riviera maya esperando reserva vive experiencia caribena koomhabitat rivieramaya caletatankah tankah vacation,mix,riviera_maya
37303,tankah mexico cenote azul,mix,riviera_maya
37304,pedacito paraiso tulum tankah tankahbay tankahtulum,mix,riviera_maya
37305,entregas semana akumal tulum sol sol rivieramayacomestibles rivieramaya playadelcarmen puertoaventuras akumal tulum solimanbay tankah laveleta tulumbeach airbnb mexico villa caribenaalquiler playa frente mar vacaciones comestiblesentrega comestiblesservicio entrega airbnb,mix,riviera_maya
37313,natureza dose tripla droplet palm tree water wave caleta cenote tankah sao paraiso escondido tulum cenote aguas cristalinas encontro rio com mar uma praia tranquila pra relaxar perfeito natureza mexicana mexico sparkles tankah caletatankah tulumvibes mexico naturezapura,mix,riviera_maya
37314,tankah cenote czyli przygoda dzungli dzis chce sie wami podzielic niezapomnianym przezyciem naszej wycieczki tankah magicznego miejsca ukrytego wsrod meksykanskiej dzungli nas dwojga zdecydowanie moj maz jest tym testowania wszystkich atrakcji adrenalina jego drugie imie grinning face with smiling eyes zjezdza tyrolce nad cenotami przelatujac nad krystalicznie czysta woda koronami drzew pozniej bez wahania skaka wody pomostu smiejac sie jak dziecko sweat droplets trzymaam aparat dokumentowaam jego wszystkie wygibasy ktos musi byc odpowiedzialny prawda winking face tankah nie tylko piekne cenoty emocje tez bliskosc natury cisza chwile ktore zostaja nami dugo polecamy tankah cenotetour mexicoadventure cenotetankah ziplines tyrolka skokdowody wakacjemarzen travelcouple podrozewedwoje naturelovers aktywnywypoczynek dzungla yucatanadventure travelvibes meksyk,mix,riviera_maya
37322,suave brisa frente mansas aguas acariciando pies tiempo pide perdon lotus gracias bello aforismo rivieramayamexico naturephotography tankah cristallinewater aforismospoeticos shaktyessence entreelcieloylatierra,mix,riviera_maya
37324,perfect example architectural avant garde fusion nature villa itze perfect place isolate enjoy oasis middle jungle near beach exclusive residential area tulum beach please tulum aesthetic airbnb luxuryvilla villaintulum tulumvillas beachplease beachpleasetulum tulum tulummexico paradise villas vacation tankah visittulum,mix,riviera_maya
37328,tankah tankah bay tulum frente mar condominio frente mar,mix,riviera_maya
37329,tankah tankah bay frente mar condominio frente mar tulum mexico,mix,riviera_maya
37330,quintana roo mix tulum nopalitos siankaan bacalar tankah canoa palmera agua ola tropical pez cuarto luna hombre nadando,mix,riviera_maya
37331,pense meterme cenote hice sentia definitivamente vibra pez tropical pez espiral concha cenote caleta pez vida silvestre tankah,mix,riviera_maya
37333,cenote tankah round pushpin tulum tankah,mix,riviera_maya
37340,pequeno paraiso tulum smiling face with heart eyes water wave llama hotel desayuno situado frente mar minutos tulum espacio perfecto descansar relajarse sparkles lugar ideal buscan desconectarse disfrutar naturaleza bahia snorkel kayak paddle metros propiedad cenote manati check mark button hospedarias tulum tulumhoteles casacolibri tulummexico casacenote tulumtankha tankah,mix,riviera_maya
37350,mexico tulum tankah privezwembadindenatuur voorheeleven grinning face with sweat,mix,riviera_maya
37358,naval cenote abierto tulum smiling face with hearts sweat droplets disfruta adrenalina tirolesas cruzan cenote rema canoe bosque submarino lirios acompanado fondo selva maya cormoranes tortugas haran actividad inolvidable palm tree tulum tulummexico mexico cenoteazultulum cenotestankah tankah tankahtulum bestcenotesintulum tulumruins,mix,riviera_maya
37361,cenote azul smiling face with hearts sweat droplets top cenotes tulum aguas transparentes bosque submarino lirios acompanado fondo selva maya diving mask salta plataforma disfruta familia oasis jungla palm tree tulum tulummexico mexico cenoteazultulum cenotestankah tankah tankahtulum bestcenotesintulum tulumruins,mix,riviera_maya
37379,vida perfecta caleta tankah tulum weekend,mix,riviera_maya
37380,winking face mexico magico caribe mexico caribemexicano tankah,mix,riviera_maya
37382,conoce maravillas naturales tulum palm tree herb lugares gustaria visitar smiling face with heart eyes camera camera camera camera tulum tulummexico visitmexico naturaleza cenotes cenotedosojos tankah lagunakaanluum,mix,riviera_maya
37389,warning antal tankah warning construccion acintaarq construction construccion arquitecturamexicana architecture disenomexicano mexicandesign visitadeobra tulum tulumrealestate bienesraices realestate tankah,mix,riviera_maya
37400,vuelve feliz mvngatabeachclub xcalacoco playadelcarmen caribemexicano picoftheday camera with flash,mix,riviera_maya
37411,water wave beachfront xcalacoco acces direct plage design haut gamme terrasses ouvertes lumiere naturelle piscine sundecks face mer solarium lounge fire pit securite stationnements couverts potentiel locatif premium gestion aston usd ideal residence secondaire long terme investissement solide zone recherchee mobile phone with arrow max landry real estate playa mail maxlandry com telephone playadelcarmen xcalacoco realestatemexico investiraumexique beachfrontproperty immobiliermexique,mix,riviera_maya
37416,bandera amarilla playa beach playadelcarmenbeach xcalacoco blueflag,mix,riviera_maya
37419,copa coctel atardecer siente frente playa reserva thebeachfrontbythefiveshotels feelthefives thefiveshotels playadelcarmen xcalacoco levantando mano vive atardecer frente playa,mix,riviera_maya
37435,solarenaymar playa xcalacoco,mix,riviera_maya
37440,conoce playa xcalacoco gustara palm tree bikini coconut xcalacoco playa pfy viralreels cancun,mix,riviera_maya
37442,hogar permite llegar playas cercanas xcalacoco punta esmeralda minutos lugar converge comodidad crecimiento urbano ciudad podras disfrutar entorno fomenta bienestar socializacion rodeados arquitectura moderna integra armonicamente naturaleza amenidades white small square salon eventos white small square area asador picnic white small square terraza barra white small square alberca white small square asoleaderos white small square pergolas individuales alberca white small square juegos infantiles white small square areas verdes white small square parque mascotas white small square andador white small square gimnasio cerrado nautilusrealestate residenciasexclusivas vidaenelcaribe xcalacoco estilodevidarivieramaya playadelcarmenmexico inversioninmobiliaria caribemexicano bellezanatural rivieramaya viveenlanaturaleza paraisomexicano,mix,riviera_maya
37446,fire bullseye real estate group alla com xcalacoco xcalacocobeach palm tree sun,mix,riviera_maya
37457,double exclamation mark esterilizacion costo double exclamation mark mayo warning paw prints campana esterilizacion permanente round pushpin plaza paseo xcalacoco mantelpiece clock police car light valido hembras gestantes celo lactando piometra costo cambia spiral calendar agenda cita doglover catlover dogoftheday halloween dogsofinstagram doglife dogphotography dogmodel dogmom dogtraining doggrooming grooming instadog doggroomer catlife cats catmemes catphoto catoftheday veterinaria perros perrofeliz gatopersa gatofeliz playadelcarmen playacar xcalacoco cancun,mix,riviera_maya
37466,tbt xcalacoco bodas face exhaling praia tbt sol xcalacoco,mix,riviera_maya
37476,xcalacoco droneoftheday dronephotography dji djiglobal djimavicair pastelcolors beach playadelcarmen xcalacoco,mix,riviera_maya
37481,living dream playadelcarmen xcalacoco lifegoals,mix,riviera_maya
37486,palm tree playa mexico quintanaroo xcalacoco,mix,riviera_maya
37510,mexico xcalacoco anhinga anhinga camino anhinga orilla agradable desayuno pescado anhinga buceo pajaro aves acuaticas xcalacoco,mix,riviera_maya
37528,viviendo green heart naturaleza cenote rio conexion xelha playa verde vibes,mix,riviera_maya
37533,poemas mente amor renacer recostado tierra senti distinto corazon cansado hablandole suelo raices hojas secas entendi cae aprende volver crecer razon pide soltarte arbol suelta hojas olvido proxima primavera corazon duele sangra echando raices amor demimente poema poetaenamorado letras lectura amor naturaleza energia locoenamorado corazonroto cenote xelha amorcitobello,mix,riviera_maya
37535,sell lha peel lhalala peel ph lha lha peel fda kcba lha lhalala peel lala peel lha oreal lala peel incube lhalhalala free skin consultation xelha lhalalapeel,mix,riviera_maya
37536,marzo festejando primaveras familia definitivamente forma festejar viajando birthday family xcaret xelha,mix,riviera_maya
37538,lha xelha xelhapeel,mix,riviera_maya
37540,sep xel xcaret mexico espectacular paraiso natural riviera maya siguenos redes sociales youtube dogpack youtube drone xplor instagram dogpack instagram tyrion tiktok dogpack email contacto thedogpackadventure com travel mexico rivieramaya xelha xcaret,mix,riviera_maya
37541,sep xel xcaret mexico espectacular paraiso natural riviera maya siguenos redes sociales youtube dogpack youtube drone xplor instagram dogpack instagram tyrion tiktok dogpack email contacto thedogpackadventure com travel mexico rivieramaya xelha xcaret,mix,riviera_maya
37545,amonos acabaron excusas sun disfruta experiencia msi xcaret tour parques cancun catamaran sailing xelha xplor daypass,mix,riviera_maya
37546,deseos cumplen pies pisan mar water wave spiral shell cancun playadelcarmenmexico xelha mar party,mix,riviera_maya
37550,sell lha peel lhalala peel ph lha lha peel fda kcba lha lhalala peel lala peel lha oreal lala peel incube lhalhalala free skin consultation xelha lhalalapeel,mix,riviera_maya
37551,bday trip xcaret xelha birthdaygirl cancun parati,mix,riviera_maya
37556,quedo cancung mexico red heart xelha,mix,riviera_maya
37567,xelha coxumel sun behind small cloud,mix,riviera_maya
37570,viviendo intensamente parques grupo xcaret xcaret xelha xplorfuego xenses,mix,riviera_maya
37572,oropendola naranja xelha pajaros instagram,mix,riviera_maya
37573,yucatan jay xelha,mix,riviera_maya
37574,manatee xelha,mix,riviera_maya
37575,dolphins dolphins xelha tallummexico,mix,riviera_maya
37576,aramacao guacamayaroja xelha,mix,riviera_maya
37580,doctor tec marca kis brilla xel,mix,riviera_maya
37581,sparkles water wave vive paraiso grupo kaan travel water wave sparkles planeando vacaciones epicas smiling face with sunglasses sun bloqueos grupos hotel xcaret menores anos hospedan gratis child party popper hotel hospedate hoteles espectaculares mexico roller coaster acceso incluido parques xcaret xel fork and knife with plate disfruta experiencia culinaria unica sabores enamorar family man woman girl boy ideal familias men with bunny ears grupos amigos graduation cap graduaciones quieren celebrar money bag precios variables fecha pienses calendar aparta lugar asegura vacaciones inolvidables grupo especial rainbow sparkles mobile phone mail reservaciones backhand index pointing right kaan travel encargamos preparate disfrutar smiling face with heart eyes airplane kaantravel hotelxcaret viajaengrupo vacacionesenfamilia xcaret xelha menoresgratis graduaciones viajesconamigos parquesxcaret experienciaxcaret viajesinolvidables,mix,riviera_maya
37583,capitan listos agua ola pez xelha solarenaymar,mix,riviera_maya
37586,lha sparkles lha xelha xelhapeel xelha tw lha,mix,riviera_maya
37590,adventure one adventure xelha tulum,mix,riviera_maya
37596,youth sol trade mark dactortec trade mark kis sparkles sparkles sparkles xelha xelhapeel xelha tw lha,mix,riviera_maya
37597,moverte cancun parques roller coaster water wave guia rapida hotel parques diversion xcaret xel xplor ventura park cancun vacacionesencancun xcaret xelha xplor,mix,riviera_maya
37599,viajar com crianca criar memorias ficam pra sempre child girl cancun existem passeios pensados encantar pequenos grinning face with big eyes diversao seguranca experiencias familia viajei cuida tudo pra voce viver melhor viagem palm tree airplane cancun xcaret xelha xenses,mix,riviera_maya
37602,xel dolphin mexico xelha naturalpark,mix,riviera_maya
37605,pensou viver isso ainda esse ano water wave sparkles comeco ano novos planos quem seu passo seja viajar cancun entao programe transforme esse sonho realidade cancun viagemdossonhos cancun turismo viagem partiucancun cancunturismo mexico xelha cocobongo ferias,mix,riviera_maya
37613,explorando anonimamente mundo chincheta redonda xelha parque xelha playa foto naturaleza,mix,riviera_maya
37614,aventura hibiscus coconut herb parrot xelha tulum instagram blog mexico,mix,riviera_maya
37615,mapa mundo chincheta redonda xelha mapa,mix,riviera_maya
37623,ganas viajar quitan acumulan lleguemos fire espiritutrotamundos globe showing americas xelha,mix,riviera_maya
37628,xel lugar nace agua onda espiral concha xelha mexico rivieramayamexico pty naturaleza nado mantarraya corazones,mix,riviera_maya
37636,fotos aleatorias enero xpu puerto aventuras beach club akumal pdc,mix,riviera_maya
37645,viaje bonito yucatan sisal celestun xpuha,mix,riviera_maya
37647,sundazeee lujo azul corazon palmera xpuha,mix,riviera_maya
37648,atardecer playa idea carajillo beachclub xpuha ok hand medium dark skin tone hambunguesita ufff xalmar xpuha beach rivieramaya,mix,riviera_maya
37651,plan xpuha playa caribemexicano beachvibes,mix,riviera_maya
37663,lingua flamingo cyphoma gibbosum xpu solidaridad quintana roo mexico,mix,riviera_maya
37664,xpuhamexicoinsta,mix,riviera_maya
37667,caribe vives vibes yin yang xpuha caribelife denim bikini,mix,riviera_maya
37677,flor cerezo onda agua chincheta redonda xpu calzoncillos summermood xpuha mexicobeach mensfashion,mix,riviera_maya
37678,playa xpuha mexico mexico amigos,mix,riviera_maya
37683,hot pepper hot pepper xpuha,mix,riviera_maya
37684,serenity playa sabor calma servicio momentos sienten hechos medida propuesta gastronomica experiencia frente mar detalle pensado elevar xpu sparkles descubre serenity reserva experiencia whatsapp whatsapp round pushpin xpu carretera federal playa carmen tulum serenity beachclub xpuha beach pdc tulum,mix,riviera_maya
37685,gastronomia pensada acompanar ritmo mar fresca creativa perfecta disfrutar sol xpu sabores elevan playa convierten bocado experiencia sparkles descubre menu reserva mesa frente mar whatsapp round pushpin xpu carretera federal playa carmen tulum serenity xpuha beachclub,mix,riviera_maya
37688,playas bonitas xpu vivela sabor verano musica suave cocteles helados reserva espacio whatsapp round pushpin xpu carretera federal playa carmen tulum serenitybeach beachclub xpuha,mix,riviera_maya
37691,necesitas sol playa compania ponemos escenario reserva espacio serenity whatsapp round pushpin xpu carretera federal playa carmen tulum serenity beachclub xpuha,mix,riviera_maya
37698,alguien especial llegar xpuha sparkles viene alegria magia ganas disfrutar playa puedes adivinar navidadenlaplaya espiritunavideno xpuha santa claus medium light skin tone beach with umbrella,mix,riviera_maya
37700,buscas lugar relajado amplio vibra chill xpu espera brazos abiertos relieved face beach with umbrella xpuha beachday rivieramaya,mix,riviera_maya
37716,iguana xpuha mexico,mix,riviera_maya
37717,xpuhabeach xpuha mexico rivieramayamexico,mix,riviera_maya
37718,nofilter blovedboutique mexico xpuha breakfastview,mix,riviera_maya
37719,cenote mexico xpuha,mix,riviera_maya
37721,feliz cara sonriente xpuha,mix,riviera_maya
37732,hora almorzar xpu ja amado mexico,mix,riviera_maya
37735,fotos antiguita camara flash tulum bacalar xpuha,mix,riviera_maya
37742,xpuha mexico rivieramaya cataloniaroyaltulum,mix,riviera_maya
37744,xpuha mexico,mix,riviera_maya
37746,becatalonia beachwalk xpuha rivieramaya mexico,mix,riviera_maya
39814,gusta multitud puedes elegir playa,mix,huatulco
39912,experiencia alquile barco visite playas virgenes arena negra pesque pez tome muchisimas fotos llevate picar,mix,huatulco
39982,hermoso lugar palabras bellezas naturales,mix,huatulco
40009,bonito lugar limpio,mix,huatulco
40012,super hermoso gente amable tour lancha excelente,mix,huatulco
40243,hermosa playa vale pena llegar comida riquisima,mix,huatulco
40764,excelente lugar orar,mix,la_paz
40766,small church was getting little face up when were there,mix,la_paz
40767,lugar visitar,mix,la_paz
40769,preciosa iglesia,mix,la_paz
40771,bonita catedral,mix,la_paz
40772,hermosos sitio,mix,la_paz
40774,bonito lugar,mix,la_paz
40776,iglesia catolica acogedora,mix,la_paz
40781,arquitectura neoclassica,mix,la_paz
40782,bonita capilla,mix,la_paz
40784,bonita,mix,la_paz
40787,templo sencillo belleza sencilla,mix,la_paz
40793,catedral bonita noche,mix,la_paz
40794,hermoso lugar original,mix,la_paz
40795,bonita catedral,mix,la_paz
40802,bonito lugar,mix,la_paz
40804,beautiful historic cathedral in downtown paz mexico,mix,la_paz
40805,bonita,mix,la_paz
40808,bellissima missione dove puo trovare fortissimo spiritualita impossibile non votarla paz,mix,la_paz
40811,iglesia linda,mix,la_paz
40826,hermoso recinto,mix,la_paz
40827,bonita catedral pasar caminando,mix,la_paz
40831,lugar bonito,mix,la_paz
40833,bonito lugar orar meditar,mix,la_paz
40834,bonita catedral,mix,la_paz
40840,bello lugar,mix,la_paz
40842,hermosa arquitectura,mix,la_paz
40843,bonita arquitectura,mix,la_paz
40849,bonita catedral,mix,la_paz
40854,hermosa misa,mix,la_paz
40856,vi descuidada,mix,la_paz
40860,buetiful little cathedral in paz most go,mix,la_paz
40868,bonito edificio,mix,la_paz
40869,we had nice walk around the square,mix,la_paz
40871,lugar meditar orar,mix,la_paz
40874,bonito,mix,la_paz
40876,very nice church,mix,la_paz
40877,bonita,mix,la_paz
40883,falta veia vacia,mix,la_paz
40891,excelente servicio,mix,la_paz
40895,bonito agradable,mix,la_paz
40903,bonito lugar pasar,mix,la_paz
40908,linda iglesia normal,mix,la_paz
40914,hermoso templo,mix,la_paz
40916,hermoso edificio asisti misa,mix,la_paz
40917,catedral jesuita sumamente bonita imperdible paz,mix,la_paz
40932,hermoso monumento,mix,la_paz
40934,sitio historico,mix,la_paz
40935,bonitos alrededores,mix,la_paz
40937,lindo lugar,mix,la_paz
40940,robaron,mix,la_paz
40946,simplemente hermosa,mix,la_paz
40956,noche bella iluminacion,mix,la_paz
40961,bonita catedral nota estilo mision,mix,la_paz
40962,such beautiful church with so much history,mix,la_paz
40966,bonito lugar pasar,mix,la_paz
40974,toute beaute illuminee soiree,mix,la_paz
40976,bella iglesia,mix,la_paz
40981,brinda paz asistir misa catedral,mix,la_paz
40983,bonita iglesia misa jeje amerita visarla,mix,la_paz
40986,templo antiguo bonito,mix,la_paz
40987,punto reunion religiosa,mix,la_paz
40988,peaceful and interesting historical catedral,mix,la_paz
41000,bonito lugar,mix,la_paz
41003,magnifica noche amena caminar rato,mix,la_paz
41015,lugar,mix,la_paz
41028,hermosa catedral,mix,la_paz
41030,hermosa fachada,mix,la_paz
41034,misa 700am,mix,la_paz
41040,hermosa iglesia,mix,la_paz
41042,bonita misa lugar increible,mix,la_paz
41048,imperdible visitar catedral,mix,la_paz
41051,great walk and beautiful church,mix,la_paz
41058,beautiful place,mix,la_paz
41059,hermosa visitado,mix,la_paz
41065,centrico bello templo misional,mix,la_paz
41073,vine misa quede musica,mix,la_paz
41078,lugar historico digno visitar,mix,la_paz
41082,bonita bonita,mix,la_paz
41084,bello lugar,mix,la_paz
41086,gusto historia,mix,la_paz
41087,calor hermosa,mix,la_paz
41089,iglesia antigua bonita,mix,la_paz
41090,hermosa catedral,mix,la_paz
41097,misa matutina,mix,la_paz
41098,padre visitar catedral sana alma,mix,la_paz
41117,delle poche costruzioni decenti di citta incasinata messa alquanto male quando piove allaga totalmente,mix,la_paz
41136,cattedrale trova piazza grandissima dove riempie di artisti di strada bancarelle lartigianato locale inoltre sui lati della via ci sono moltissimi negozi di souvenir dove comprare cose esclusive prezzo,mix,la_paz
41138,costruita nel 1720 fa di tutta serie di missioni sparse in giro per baja non piu bella ma sicuramenete delle meglio conservate,mix,la_paz
41160,wir hatten direkt daneben unser hotel und do waren wir naturlich in dieser schonen kirche waren am sonntag mehrere gottesdienste der baustil hat uns sehr gefallen und war alles weihnachtlich geschmuckt empfehlung,mix,la_paz
41170,albergo situato in pieno centro vista cattedrale letti king size camera ampia bagno ampio doccia molto pulizia ottima colazione abbondante varia camerieri gentili disponibili struttura organizza escursioni allisola di espiritu santos snorkeling squalo balena avvistamento di balene tutto il personale gentile disponibile cerca di soddisfare esigenze dellospite,mix,la_paz
41229,die gegend rund um die kathedrale ist sehr ruhig schon zum flanieren mit sitzgelegenheiten auch ist nahe der katedrale ein geschaft in dem viele kirchenandenken verkauft werden des weiteren befinden sich einige essgelegenheiten in der nahe z bsp ein hamburgerrestaurant naturlich einheimisch und nicht mac,mix,la_paz
41232,die kathedrale ist nicht riesig wirkt von aussen etwas trutzig innen ist sie hell und eher bescheiden wenn man das gluck hat eine hochzeit oder ahnliches zu erleben fullt sich die kirche mit leben und lebensfreude,mix,la_paz
41238,cattedrale molto bella fuori ma allinterno poverarimane nella zona comunque centrale di paz che vale veramente pena visitare sue stradine ristoranti profumi,mix,la_paz
41243,cattedrale di paz trova proprio nel cuore della citta dispetto delleleganza dellarchitettura esterna piuttosto modesta suo interno struttura esterna ispirata ad sobria eleganza ma linterno veramente insignificante,mix,la_paz
41266,cattedrale non desta grandi emozioni allinterno molto semplice anzi direi anonima mentre lesterno grazioso sua torre campanaria che slancia passeggiata nel tardo pomeriggio luci che calano rende piu suggestiva,mix,la_paz
41275,uma igreja muito bonita centro malecon foi construida na epoca das missoes padres dominicanos jesuitas vale visita,mix,la_paz
41276,catedral paz na cidade capital do mexicano baja californa sur localizada bem na regiao central nao muito distante do malecon avenida beiramar bem conservada bonita sem muitos atrativos chamem atencao,mix,la_paz
41282,il messico paese cattolico i suoi abitanti sono molto devoti alla madonna di guadalupe cattedrale molto imponente allesterno mentre linterno decorata ma piacevole nella sua semplicita,mix,la_paz
41304,di fronte alla cattedrale piazza traffico veicolare non esagerato ma sufficiente per togliere po di atmosfera ad chiesa che di atmosfera ne crea gia esternamente sono state fatte delle opere di consolidamento ma nel complesso sarei aspettato qualcosa in piu,mix,la_paz
41326,schlicht funktionell die fassade ist noch das beste man kann hingehenmuss man aber nicht ich kenne mexiko recht gut das ist kein bau der beeindruckt,mix,la_paz
41352,cattedrale tranquillache raggiunge facilmente visita centro sempre frequentata anche ore serali,mix,la_paz
41354,passeio bonito nao indispensavel cathedral fica proxima uma bela praca eh facil acesso,mix,la_paz
41372,catedral mantem um estilo daquelas igrejas cidade pequena conversa uma pintura riquissima em seu teto madeira clareando ambiente simples porem muito bonita,mix,la_paz
41375,bonita construccion reliquia religiosa catolica mision conservan historis vale pena visitarla,mix,la_paz
41379,cattedrale umile ma piena di gente che prega molto toccante noi siamo stati alla funzione di pasqua cerano i bambini che cantavano suonavano molto commovente santa messa diversacoinvolgente,mix,la_paz
41415,beautiful old church our personal parish is named senora luz,mix,la_paz
41426,die kurz nach 1800 errichtet kirche ist von auen noch recht schlicht innen jedoch sehr schon gestaltet kuhl aber dennoch lichtdurchflutet ein reich geschmuckter altar eine schone kapelle rechterhand in der zahlreiche leute beten und zu weihnachten ein riesiges krippenspiel dieses szenario ist mit weier watte ausgelegt also eine krippe in schneelandschaft sieht toll aus,mix,la_paz
41437,super familiar,mix,la_paz
41452,excelente lugar,mix,la_paz
41467,bonito remodelaciones realzaron,mix,la_paz
41482,good for walking food around,mix,la_paz
41492,bel posto,mix,la_paz
41493,area pasear familia 100 recomendado,mix,la_paz
41499,exelente vista,mix,la_paz
41505,nice boardwalk beautiful views lot of food options,mix,la_paz
41506,beautiful,mix,la_paz
41515,hermoso sitio,mix,la_paz
41527,hermosos,mix,la_paz
41529,passeggiata grandiosa,mix,la_paz
41541,bella vista,mix,la_paz
41551,trs jolie coin voir absolument,mix,la_paz
41552,,mix,la_paz
41571,excelente salir caminar,mix,la_paz
41574,bonito lugar,mix,la_paz
41582,ciudad tranquila volvere regresar,mix,la_paz
41586,excelente lugar comida exquisita,mix,la_paz
41600,precioso limpio seguro,mix,la_paz
41601,great place to roller skate,mix,la_paz
41609,hermosa vista,mix,la_paz
41615,hermoso recomiendo darse vuelta scooter bici,mix,la_paz
41616,vuelta,mix,la_paz
41621,wunderschne uferpromenade mit viel platz fur den fussverkehr die velofahrenden werden separat und abgesetzt zum autoverkehr gefuhrt was vorbildlich ist der malecon wird sehr viel genutzt bereits fruhmorgens hat viele menschen die joggen oder fahrrad fahren gibt viele sitzbnke und abfallkubel,mix,la_paz
41624,hermosa vista,mix,la_paz
41645,magnifique balade il fait bon flner,mix,la_paz
41648,tranquilo instagrameable,mix,la_paz
41652,atardeceres hermosos,mix,la_paz
41657,hermoso lugar vivir,mix,la_paz
41658,bonito,mix,la_paz
41685,lugar increible,mix,la_paz
41691,hermoso,mix,la_paz
41696,hermoso paz imagine bonito,mix,la_paz
41697,hermoso malecon tranquilidad respira atardecer,mix,la_paz
41700,beautiful views statues very familyfriendly,mix,la_paz
41725,vista mar espectacular,mix,la_paz
41740,deleite hermoso,mix,la_paz
41741,lugar atardecer,mix,la_paz
41757,bonito ve limpio,mix,la_paz
41761,bonito,mix,la_paz
41765,chulo paz bcs,mix,la_paz
41768,bonito lugar,mix,la_paz
41780,hermosas playas hermoso lugar,mix,la_paz
41791,bonito clima mejora atardecer,mix,la_paz
41798,hermosos,mix,la_paz
41807,excelente lugar mirar atardecer,mix,la_paz
41809,bonito,mix,la_paz
41815,hermoso paz,mix,la_paz
41817,pintoresco,mix,la_paz
41828,hermosooooo seguro limpio,mix,la_paz
41841,bonito paisaje,mix,la_paz
41844,linda limpia,mix,la_paz
41847,coming back to you paz,mix,la_paz
41854,lugar visitar,mix,la_paz
41863,exelente lugar,mix,la_paz
41871,bonito,mix,la_paz
41873,bonita,mix,la_paz
41891,bonito lugar seguro tranquilo,mix,la_paz
41908,vale pena,mix,la_paz
41911,hermoso hermoso divino caminar,mix,la_paz
41919,lindo,mix,la_paz
41925,magnifica vista,mix,la_paz
41926,excelente lugar venir relajarte,mix,la_paz
41936,hermoso limpio familiar enorme maravilloso,mix,la_paz
41944,hermoso lugar disfrutar bahia,mix,la_paz
41945,simplemente maravilloso,mix,la_paz
41950,bonito,mix,la_paz
41952,bonito lugar pasear orilla playa caminando,mix,la_paz
41958,lugar pasear,mix,la_paz
41969,bellooo bellloooo lugar,mix,la_paz
41989,nice to see,mix,la_paz
41999,beautiful boardwalk,mix,la_paz
42003,beautiful and relaxing,mix,la_paz
42006,bonito lugar pasear,mix,la_paz
42007,caminar deleite,mix,la_paz
42013,agradable,mix,la_paz
42018,playas remisas,mix,la_paz
42019,spectacular ocean view love it,mix,la_paz
42021,relajarse,mix,la_paz
42033,bellisima paz,mix,la_paz
42037,bonita vista,mix,la_paz
42073,lugar hermoso,mix,la_paz
42076,bonito lugar,mix,la_paz
42077,der radweg gefllt mir besonders gut,mix,la_paz
42085,bonito cn historia,mix,la_paz
42086,sucio bonito,mix,la_paz
42088,bello malecon paz,mix,la_paz
42097,traigan jenny paquita jajajaja,mix,la_paz
42108,classico malecon viale che costeggia il mare molto lungo mare bellissimo di sfondo,mix,la_paz
42121,bonito lugar tranquilo limpio bello,mix,la_paz
42126,bonita vista bahia,mix,la_paz
42129,hermoso lugar rico clima,mix,la_paz
42132,lindo lugar caminar relajarse,mix,la_paz
42135,beautiful malecon friendly people and great restaurants,mix,la_paz
42163,super hermoso,mix,la_paz
42190,herdy gerdy,mix,la_paz
42194,bonito caminar rato,mix,la_paz
42195,beautiful,mix,la_paz
42198,tranquilo bonito,mix,la_paz
42201,beautiful very clean,mix,la_paz
42203,bonito limpio,mix,la_paz
42220,ottimo esercizio consigliatissimo,mix,la_paz
42222,lieu toutes promenades trs vivant au moment d halloween,mix,la_paz
42225,limpio ordenado seguro,mix,la_paz
42237,excelente limpieza,mix,la_paz
42242,bonito apto disfrutarlo,mix,la_paz
42247,bonito limpio,mix,la_paz
42276,llegamos capri lugar agradable desayunar,mix,la_paz
42283,super agradable,mix,la_paz
42289,hermoso comer,mix,la_paz
42303,comodo palapas gratuitas,mix,la_paz
42306,fabuloso palabras excelente,mix,la_paz
42307,excepcionalmente hermoso,mix,la_paz
42318,hermoso,mix,la_paz
42322,simplemente bello,mix,la_paz
42329,bonita capital paz bcs,mix,la_paz
42334,simplemente magnifico,mix,la_paz
42366,biutiful,mix,la_paz
42369,excelente servicio detallado profesional automotriz,mix,la_paz
42370,bonito lugar mucjibek calor,mix,la_paz
42375,agradable lugar,mix,la_paz
42376,bello lugar,mix,la_paz
42379,loqe busca quieres respirar aire fresquito,mix,la_paz
42380,bonito limpio,mix,la_paz
42395,super excelente caminata,mix,la_paz
42408,bonito lugar,mix,la_paz
42438,vistas hermosas,mix,la_paz
42439,super bonito,mix,la_paz
42441,bonito lugar caminar,mix,la_paz
42448,vacaciones familia,mix,la_paz
42468,just peaceful paradise,mix,la_paz
42472,excelente lugar disfrutar mar golfo california,mix,la_paz
42479,hermosas vistas gente maravillosa gracias recibir bonito gloss pump eclat     gloss pump eclat gracias paz www.eclat.com.mx,mix,la_paz
42500,must but many many peoples,mix,la_paz
42510,vista bonita tranquilo mar acompanado raspado,mix,la_paz
42522,beautiful fun awesome,mix,la_paz
42523,bonito agradable lugar,mix,la_paz
42525,mui interesante,mix,la_paz
42530,dudarlo venir visitarlo,mix,la_paz
42547,paz encanto,mix,la_paz
42552,niente di che spiaggia piccolissima consiglio prendere il bus spostarsi balandra ed altre spiagge,mix,la_paz
42556,desfile carnaval 2024,mix,la_paz
42560,lugar agradable,mix,la_paz
42567,vista,mix,la_paz
42568,very beautiful malecon,mix,la_paz
42570,hermosoooooo,mix,la_paz
42573,familiar,mix,la_paz
42575,kingfishermex,mix,la_paz
42583,hermososssss atardeceres,mix,la_paz
42589,astetik todes potaxies,mix,la_paz
42593,so calm and charming i love paz malecon,mix,la_paz
42598,just beautiful,mix,la_paz
42599,bonito lugar,mix,la_paz
42609,paz divina,mix,la_paz
42613,bonita public space for gazing people watching walking biking skateboarding etc,mix,la_paz
42630,excelente,mix,la_paz
42648,agradable lugar,mix,la_paz
42650,so beautiful,mix,la_paz
42652,bonito limpio,mix,la_paz
42655,absolutely beautiful,mix,la_paz
42664,lugar bonito,mix,la_paz
42674,hermoso,mix,la_paz
42681,excelente lugar,mix,la_paz
42709,agradable,mix,la_paz
42722,lugar relajarse,mix,la_paz
42729,limpio seguro tradicional,mix,la_paz
42734,hermosoooo,mix,la_paz
42736,super noche,mix,la_paz
42753,excelente lugar turistiar disfrutar,mix,la_paz
42757,bonito noche,mix,la_paz
42778,lugar visitar,mix,la_paz
42795,vista increible,mix,la_paz
42800,rico suda vas correr,mix,la_paz
42804,interesting statues peaceful place for walk,mix,la_paz
42807,limpio seguro,mix,la_paz
42816,curato per piacevole passeggiata per praticare sport allaperto,mix,la_paz
42824,hermosa paz,mix,la_paz
42832,paz it got super beautiful place and people,mix,la_paz
42849,super limpio,mix,la_paz
42850,bella passeggiata sul mare anche alte temperature limitano il piacere di stare allaperto,mix,la_paz
42853,ultra turistico,mix,la_paz
42854,vengan visitarlo recomendado,mix,la_paz
42855,simplemente divino,mix,la_paz
42870,wow its beautiful port awesome views,mix,la_paz
42873,lugar lindo pasar,mix,la_paz
42891,lugar hermoso,mix,la_paz
42902,hermosos atardeceres,mix,la_paz
42903,excellente place to visit,mix,la_paz
42909,excelente supero expectativas duda lugres favoritos,mix,la_paz
42917,hermoso debes venir,mix,la_paz
42918,hermosos atardeceres,mix,la_paz
42919,hermoso paz ofreze beautiful in every way viva vida,mix,la_paz
42925,bonito lugar caminar,mix,la_paz
42943,bonito bonito,mix,la_paz
42948,bonito caliente,mix,la_paz
42958,wonderful place to take walk,mix,la_paz
42971,bellisimo espero volver,mix,la_paz
42974,disfruta aguas transparentes,mix,la_paz
42984,bonito lugar disfrutar familia personas amables,mix,la_paz
42985,simplemente maraviloso,mix,la_paz
42993,bardzo fajny kilkukilometrowy deptak nadmorski doskonae miejsce na spacery idealne do biegania jazdy na rowerze czy na rolkach pikne widoki na plae i na morze moje ulubione miejsce w paz ktore samo w sobie jest bardzo przyjemnym spokojnym miasteczkiem,mix,la_paz
43011,bonito lugar pasar,mix,la_paz
43013,vista hermosa,mix,la_paz
43015,simplemente hermoso,mix,la_paz
43034,lugar hermoso gente amable,mix,la_paz
43035,just boy and his dog enjoying the view finding peace in paz is very easy nino perro disfrutando vista encontrar paz paz facil,mix,la_paz
43043,simplemente hermoso agua cristalina belleza,mix,la_paz
43055,insuperable,mix,la_paz
43059,lindo pasear,mix,la_paz
43061,lugar increible,mix,la_paz
43065,bonitas vistas,mix,la_paz
43068,bonito limpio,mix,la_paz
43069,hermoso,mix,la_paz
43070,bonito renta carrito recorrerlo,mix,la_paz
43081,bonito excelente,mix,la_paz
43091,amo paz,mix,la_paz
43101,chulada lugar,mix,la_paz
43103,hermoso,mix,la_paz
43104,bonito lugar pasear,mix,la_paz
43126,bonito,mix,la_paz
43128,hermoso atardecer,mix,la_paz
43130,inigualable,mix,la_paz
43138,belleza,mix,la_paz
43140,bellisimo,mix,la_paz
43142,bonito lugar,mix,la_paz
43151,sehr schne promenade zum laufen mit tollen eindrucken wir hatten das gluck den letzten tag carneval zu bestaunen,mix,la_paz
43165,bella vista,mix,la_paz
43178,were good place to walk,mix,la_paz
43185,limpio aeguro,mix,la_paz
43191,malecon in paz ist immer wieder ein neues erlebnis i love it,mix,la_paz
43198,lugar favorito,mix,la_paz
43200,bonito limpio,mix,la_paz
43213,hermoso hermoso,mix,la_paz
43223,lugar hermoso,mix,la_paz
43224,magnifica vista atardecer restaurante,mix,la_paz
43227,bonito caminar,mix,la_paz
43238,seguro limpio familiar tranquilo vigilancia iluminado,mix,la_paz
43255,tranquilo excelente vista,mix,la_paz
43259,5 km vc caminhar ou noite ou 2 eu fiz muita gente bicicleta skate patins patinete do outro rua restaurantes bares super seguro limpo animado recomendacao va carro trnsito,mix,la_paz
43277,paisaje,mix,la_paz
43302,agradable,mix,la_paz
43311,bonito caminas vas admirando recorrido,mix,la_paz
43315,bello lugar lugar dudas,mix,la_paz
43319,excelente clima luga seguro,mix,la_paz
43335,paz bonito lugar,mix,la_paz
43336,pretty nice broadwalk,mix,la_paz
43349,lindo lugar,mix,la_paz
43350,bonito malecon,mix,la_paz
43353,excelente lugar atardecer,mix,la_paz
43361,der tourismus entwickelt sich,mix,la_paz
43363,beautiful place,mix,la_paz
43367,caminata,mix,la_paz
43383,bello lugar,mix,la_paz
43384,bello lugar,mix,la_paz
43401,bonito,mix,la_paz
43404,beautiful place i loved it food beach are just espectacular,mix,la_paz
43413,actividades disfrutar,mix,la_paz
43422,exelente lugar familiar,mix,la_paz
43424,bonito lugar caminar,mix,la_paz
43432,excelente correr,mix,la_paz
43434,bonito lugar caminata,mix,la_paz
43445,peaceful and secure,mix,la_paz
43446,belleza,mix,la_paz
43454,bonito paseo,mix,la_paz
43463,maravilla,mix,la_paz
43468,hermoso paseo,mix,la_paz
43487,vista,mix,la_paz
43493,maravillsoso,mix,la_paz
43494,bonitas visitas,mix,la_paz
43499,il malecon non altro che il lungomare di paz ed molto bello suggestivo palme bella passeggiata fare contorno alla vista mare sullorizzonte,mix,la_paz
43507,expetacular beautiful,mix,la_paz
43520,ambiente tranquilo,mix,la_paz
43521,exelente lugar bonito,mix,la_paz
43532,precioso recomiendo rentar scooter disfruta,mix,la_paz
43557,tranquilidad viendo rico helado,mix,la_paz
43563,bonito limpio burn ambiente,mix,la_paz
43573,debes andarlo agradable,mix,la_paz
43575,beautiful colores,mix,la_paz
43576,lugar lindo,mix,la_paz
43578,exelente ambiente,mix,la_paz
43585,beautiful well kept,mix,la_paz
43603,excelente lugar,mix,la_paz
43608,hermosa vista,mix,la_paz
43610,bello limpio,mix,la_paz
43611,lindl,mix,la_paz
43614,one of my favorite places in paz,mix,la_paz
43620,bonito lugar agradable,mix,la_paz
43623,hermosas vistas,mix,la_paz
43627,bonito,mix,la_paz
43628,beautiful lost of restaurant,mix,la_paz
43637,encanta quiero volver volver volver,mix,la_paz
43639,nombre paz,mix,la_paz
43645,hermoso quiero volver,mix,la_paz
43647,bonito,mix,la_paz
43651,belleza natural paz,mix,la_paz
43659,hermoso lugar,mix,la_paz
43670,relajante,mix,la_paz
43679,bonito bonito malecon playas paisajes ambiente climaa,mix,la_paz
43680,gorgeous day,mix,la_paz
43684,patines madre patinar,mix,la_paz
43688,lugar oracion paz,mix,la_paz
43689,bonito pasear,mix,la_paz
43693,favorito,mix,la_paz
43702,schner platz,mix,la_paz
43706,maravilla,mix,la_paz
43707,lugar hermoso vale pena,mix,la_paz
43712,cumplio espectativas,mix,la_paz
43720,good seafood gorgeos at sunset,mix,la_paz
43725,experiencia inigualable,mix,la_paz
43731,bonitos lugares,mix,la_paz
43736,increiblemente hermoso,mix,la_paz
43750,seguro inclusivo divertido,mix,la_paz
43751,is beautiful place,mix,la_paz
43753,bonito limpio,mix,la_paz
43754,puro turismo,mix,la_paz
43762,bonito,mix,la_paz
43768,duda lugar,mix,la_paz
43769,bonito,mix,la_paz
43786,boring concrete jungle give beach that doesnt stink please,mix,la_paz
43788,excelente lugar pasear,mix,la_paz
43807,hermoso imperdible baja sur,mix,la_paz
43814,relajado lugar,mix,la_paz
43817,lugar bello noche,mix,la_paz
43831,simpatico variadas actividades clima excelente,mix,la_paz
43840,bonito,mix,la_paz
43843,lugar,mix,la_paz
43846,linda vista,mix,la_paz
43848,mundo,mix,la_paz
43855,great place to exercise and enjoy time with the family lugar ejercitarse disfrutar rato familia,mix,la_paz
43867,great during the day and night,mix,la_paz
43870,perfect stroll in cool town,mix,la_paz
43875,excelente lugar disfrutar,mix,la_paz
43877,hermoso lugar bello,mix,la_paz
43879,clean views are awesome,mix,la_paz
43882,bello bello bello,mix,la_paz
43897,hermosisimo,mix,la_paz
43904,bello lugar,mix,la_paz
43917,hermosisiiiimo,mix,la_paz
43919,bonito lugar,mix,la_paz
43928,passeggiare qui tramonto must pulitissimo curato,mix,la_paz
43936,hermoso malecon gusto caminar admirando bellos atardeceres viva paz b.c.sur,mix,la_paz
43945,paraiso,mix,la_paz
43947,never get tired of it,mix,la_paz
43950,excelente,mix,la_paz
43962,my limpio bello,mix,la_paz
43968,bellisimo,mix,la_paz
43969,amazing,mix,la_paz
43977,lindo mundo,mix,la_paz
43983,excelente vista,mix,la_paz
44007,bellisimo,mix,la_paz
44009,lugar pasear,mix,la_paz
44024,hermosa tierra,mix,la_paz
44032,lugar bellisimo paseo 1000 recomendado,mix,la_paz
44061,hermoso felicidades,mix,la_paz
44069,deporte paseo despejar mente,mix,la_paz
44081,lindo lugar,mix,la_paz
44083,excelente paseo,mix,la_paz
44093,bonito,mix,la_paz
44095,beautiful safe place,mix,la_paz
44097,lugar visitar,mix,la_paz
44110,linda plaza,mix,la_paz
44112,beautiful and clean,mix,la_paz
44129,bello lugar caminar,mix,la_paz
44131,lindo hermosa vista,mix,la_paz
44134,hermoso lugar,mix,la_paz
44156,bonito limpio cubrebocas personas,mix,la_paz
44157,hermoso lugar volvere,mix,la_paz
44159,excelente paseo seguro hrrmoso,mix,la_paz
44164,lugar bonito,mix,la_paz
44166,amo paz,mix,la_paz
44173,hermoso obligado recorrerlo limpio seguro esculturas dignas admirar,mix,la_paz
44179,excelentes tardes hermosa vista,mix,la_paz
44186,bonito bonito,mix,la_paz
44188,beautiful place live it will come back,mix,la_paz
44191,super vista hermoso paisaje,mix,la_paz
44196,amplio limpio bonito,mix,la_paz
44201,excelente lugar atardecer,mix,la_paz
44207,agradable lugar salir caminar,mix,la_paz
44221,caminar admirar hermoso atardecer,mix,la_paz
44223,bonita puesta sol,mix,la_paz
44228,evitemos vueltas valde,mix,la_paz
44237,chulada,mix,la_paz
44239,hermoso atardecer,mix,la_paz
44252,lindo lugar relajarse,mix,la_paz
44255,excelente hermoso,mix,la_paz
44259,bonito lugar,mix,la_paz
44264,bonito,mix,la_paz
44273,super lindo ay nenis,mix,la_paz
44274,bonito lugar,mix,la_paz
44281,super lindo lugar,mix,la_paz
44295,lugar disfrutar naturaleza,mix,la_paz
44300,lugar salir caminar,mix,la_paz
44312,bonita visita,mix,la_paz
44316,excelente servicio,mix,la_paz
44321,lugar tranquilo pasear disfrutar clima,mix,la_paz
44323,chulo caloron,mix,la_paz
44328,nombre paz experiencia unica,mix,la_paz
44329,hermoso,mix,la_paz
44337,cerrado caminar,mix,la_paz
44341,cambio opinion paz paraiso,mix,la_paz
44349,magnificas vistas,mix,la_paz
44352,paz hermoso,mix,la_paz
44361,rico pollo,mix,la_paz
44362,encantaaa,mix,la_paz
44363,cerrado semana,mix,la_paz
44373,hermoso,mix,la_paz
44374,ventana,mix,la_paz
44376,cerrado pandemia quita bello,mix,la_paz
44381,beautiful scenery,mix,la_paz
44388,excelente lugar limpio,mix,la_paz
44392,hermoso paseo noche,mix,la_paz
44394,hermoso lugar volvere,mix,la_paz
44407,limpio bello,mix,la_paz
44415,hermoso lugar caminar disfrutar atardecer,mix,la_paz
44416,excelente lugar pasear atardeceres,mix,la_paz
44431,hermoso horas,mix,la_paz
44437,excelente vista mar,mix,la_paz
44442,lugar,mix,la_paz
44447,exelen lugar,mix,la_paz
44453,lugar divino,mix,la_paz
44458,excelente vista,mix,la_paz
44464,super padre,mix,la_paz
44474,lugar disfrutar,mix,la_paz
44487,mundo,mix,la_paz
44488,lugar disfrutar bello atardecer,mix,la_paz
44502,hermosa vista,mix,la_paz
44512,bonito,mix,la_paz
44518,vista,mix,la_paz
44525,lugar maravilloso,mix,la_paz
44532,excelsa caminata,mix,la_paz
44533,beautiful place to be clean peaceful and safe,mix,la_paz
44534,bonito lugar caminar,mix,la_paz
44536,chido noche 3 caminata,mix,la_paz
44540,lugar caminar patinar andar bicicleta,mix,la_paz
44557,hermoso,mix,la_paz
44562,nice to take walk,mix,la_paz
44566,super limpio,mix,la_paz
44591,hermosos atardeceres,mix,la_paz
44595,bonito,mix,la_paz
44601,i will make sure to bring my roller skatesskateboard next time great malecon,mix,la_paz
44602,exelente lugar,mix,la_paz
44604,this is beautiful peaceful place,mix,la_paz
44609,promenade paz   au bord leau,mix,la_paz
44612,the best sunsets,mix,la_paz
44614,madre,mix,la_paz
44620,bonito limpio lugar,mix,la_paz
44621,lugar increible unico vale pena visitar paz,mix,la_paz
44622,bonito barato,mix,la_paz
44625,vista fenomenal,mix,la_paz
44626,,mix,la_paz
44631,increibles atardeceres,mix,la_paz
44650,est padre,mix,la_paz
44655,lugar bonito limpio seguro,mix,la_paz
44657,espetacular,mix,la_paz
44668,excelente lugar,mix,la_paz
44672,good value drinks and great food,mix,la_paz
44675,definitivamente bonito paz,mix,la_paz
44679,nice sunset,mix,la_paz
44680,gente bonito,mix,la_paz
44685,vista llena hermosos paisajes,mix,la_paz
44709,love it here,mix,la_paz
44723,nice place,mix,la_paz
44731,hermoso paz b.c.sur,mix,la_paz
44739,beautiful course beautiful day,mix,la_paz
44748,hermosooooo,mix,la_paz
44749,bonito gente,mix,la_paz
44750,woooooooowww,mix,la_paz
44756,excelente lugar,mix,la_paz
44764,nice place for walking you feel safe even in the night,mix,la_paz
44765,belleza unica,mix,la_paz
44775,lugar relajarse salir caminar admirar mar,mix,la_paz
44778,simplemente amazing,mix,la_paz
44781,excelente paseo comidas,mix,la_paz
44785,excellent for long walk roller skate or biking,mix,la_paz
44791,hermosa vista,mix,la_paz
44803,atardecer hermoso jamas volvere,mix,la_paz
44807,agradable lugar andar amor,mix,la_paz
44811,clean beautiful and peaceful,mix,la_paz
44814,hermoso lugar,mix,la_paz
44817,quedo hermoso,mix,la_paz
44824,amazing views great sunsets,mix,la_paz
44830,simplemente hermoso,mix,la_paz
44838,limpio agradable excelente,mix,la_paz
44839,nececita iluminacion zona parque patinetas coromuel,mix,la_paz
44843,remodelacion malecon ahorita,mix,la_paz
44859,hermoso,mix,la_paz
44872,malecon limpio gente ordenadita.les doy 10,mix,la_paz
44875,bonito lugar,mix,la_paz
44889,interesante vista observar lugar,mix,la_paz
44893,cerrado caminar,mix,la_paz
44900,very clean,mix,la_paz
44901,beautiful place,mix,la_paz
44906,bellisimo color mar,mix,la_paz
44911,terruno,mix,la_paz
44919,increible,mix,la_paz
44926,atardeceres hermosos,mix,la_paz
44927,simplemente hermoso,mix,la_paz
44931,excelente bonito,mix,la_paz
44942,excelente vista,mix,la_paz
44943,admirar mejores puestas sol disfrutar tranquilidad inigualable,mix,la_paz
44948,lugar visitar,mix,la_paz
44953,chingon,mix,la_paz
44954,iluminado amplio limpio,mix,la_paz
44956,exelente,mix,la_paz
44961,bonito lugar,mix,la_paz
44975,hermosos atardeceres,mix,la_paz
44976,  ,mix,la_paz
44987,lugar,mix,la_paz
45005,hermoso limpio,mix,la_paz
45014,vista maravillosa,mix,la_paz
45016,agradable,mix,la_paz
45021,hermosa vista,mix,la_paz
45022,simplemente genial,mix,la_paz
45029,beautiful clean malecon loved it,mix,la_paz
45032,bonito,mix,la_paz
45036,gusta ciclopista,mix,la_paz
45049,bella vista tienes verlo,mix,la_paz
45056,bonitl,mix,la_paz
45059,llevan,mix,la_paz
45062,super chido playas lindas encanta visita x aca,mix,la_paz
45064,bonitas playas,mix,la_paz
45065,bonito,mix,la_paz
45069,hermosos atardeceres,mix,la_paz
45073,beautiful walk beautiful city,mix,la_paz
45083,best place in all baja,mix,la_paz
45088,bonito tranquilo,mix,la_paz
45094,limpio bonito pura gente decente atenta,mix,la_paz
45100,super,mix,la_paz
45106,passeggiata di paz molto bella vedere,mix,la_paz
45116,in bellissimo lungomareche il carnevale ospitava tantissime bancarelle sfilate di carri allegorici,mix,la_paz
45127,excelente,mix,la_paz
45134,bello duda,mix,la_paz
45137,limpio vista atracciones,mix,la_paz
45138,disfrutar,mix,la_paz
45147,magnifico lugar,mix,la_paz
45156,extraordinario,mix,la_paz
45161,best feature of paz,mix,la_paz
45166,bonito lugar,mix,la_paz
45167,fantastico observan delfines,mix,la_paz
45171,super,mix,la_paz
45178,,mix,la_paz
45180,falta luz zonas genera inseguridad,mix,la_paz
45182,hermoso volvere,mix,la_paz
45184,bo ito limpio,mix,la_paz
45186,pure mexican culture,mix,la_paz
45190,diverti genial,mix,la_paz
45202,beautiful but bring windproof jacket,mix,la_paz
45212,imagen extraordinaria,mix,la_paz
45215,just beautiful,mix,la_paz
45224,falta sazon,mix,la_paz
45231,beautiful,mix,la_paz
45237,belleza,mix,la_paz
45242,hermosos atardeceres,mix,la_paz
45254,belleza natural,mix,la_paz
45261,easy walking and views food and drink bicycle friendly skater friendly,mix,la_paz
45262,bonito excelente pasear,mix,la_paz
45273,bonito,mix,la_paz
45296,atardeceres geniales,mix,la_paz
45299,my homeeeee,mix,la_paz
45305,hermosisima paz bcs,mix,la_paz
45315,bonito lugar,mix,la_paz
45318,decoracion espectacular,mix,la_paz
45327,tranquilo bello,mix,la_paz
45332,excelente lugar disfrute familias,mix,la_paz
45335,amazing place,mix,la_paz
45338,version malecon ala paz super hermoso,mix,la_paz
45343,conosco qconosco gusto,mix,la_paz
45349,chulada,mix,la_paz
45350,limpio iluminado,mix,la_paz
45360,lugar magico parad obligatoria,mix,la_paz
45361,hermoso,mix,la_paz
45363,limpio bonito,mix,la_paz
45369,exelente,mix,la_paz
45374,lugar tranquilo salir pasear,mix,la_paz
45376,lindisimo,mix,la_paz
45379,paraiso,mix,la_paz
45381,beautiful waterside walkway,mix,la_paz
45383,playas limpias,mix,la_paz
45384,megusto megustaria regresar,mix,la_paz
45392,pulsierende prominiermeile in paz,mix,la_paz
45400,perfecto paraiso,mix,la_paz
45404,espectacular lugar,mix,la_paz
45413,bonito,mix,la_paz
45416,playas bellas,mix,la_paz
45417,invito visitar paz,mix,la_paz
45418,gusta,mix,la_paz
45422,maravillosas vistas,mix,la_paz
45427,bello mexico paises dueno estas maravilla paisajes viva mexico,mix,la_paz
45432,kiosco muuy bonita,mix,la_paz
45438,agusto ijiene,mix,la_paz
45445,bonita zona gente,mix,la_paz
45448,beautiful,mix,la_paz
45460,accesibilidad ok,mix,la_paz
45472,playa tranquila bonito nadar,mix,la_paz
45479,lugar agradable,mix,la_paz
45480,digno visitar,mix,la_paz
45481,bella paz,mix,la_paz
45488,bonito amplio,mix,la_paz
45498,amo paz,mix,la_paz
45499,super agradable lugar,mix,la_paz
45501,hermoso,mix,la_paz
45510,faltan atracciones club playa,mix,la_paz
45518,excelente lugar,mix,la_paz
45522,excelentes vistas mar,mix,la_paz
45529,hermosa vista clima calido,mix,la_paz
45533,espectacular seguridad volveremos,mix,la_paz
45540,lugar pasar rato,mix,la_paz
45542,paz lugar turistear visit paz,mix,la_paz
45548,bonito bonito bonito,mix,la_paz
45555,mejorado calidad,mix,la_paz
45559,bonito limpio iluminado,mix,la_paz
45563,lindo lugar,mix,la_paz
45569,hermoso recomiendo noche,mix,la_paz
45581,sorprendente lugar,mix,la_paz
45582,impresionante,mix,la_paz
45584,hermoso,mix,la_paz
45586,excelente atardecer,mix,la_paz
45591,bonito faltan cosas,mix,la_paz
45593,basico visitas paz,mix,la_paz
45596,fascinante canso venir caminar correr observar recomiendo ampliamente,mix,la_paz
45597,il lungomare preferito sempre ordinato pulito,mix,la_paz
45607,excelente recorrido,mix,la_paz
45608,vista exquisita,mix,la_paz
45609,hermosa paz,mix,la_paz
45614,preciosa paz,mix,la_paz
45621,redujeron flujo vehicular ala mitad,mix,la_paz
45622,genial visitar familia,mix,la_paz
45634,bonito pasear noche,mix,la_paz
45635,bonito,mix,la_paz
45643,vista increible,mix,la_paz
45647,falta terminar obra,mix,la_paz
45648,awesome night life,mix,la_paz
45655,hermoso,mix,la_paz
45658,espectacular crepusculo maravilla,mix,la_paz
45668,just wonderful place to walk run or bike,mix,la_paz
45670,lovely malecon with lot of representative statues from paz,mix,la_paz
45684,maravilloso,mix,la_paz
45687,hermoso,mix,la_paz
45693,lugar familiar,mix,la_paz
45695,paseo extenso,mix,la_paz
45700,definitivamente maravilloso,mix,la_paz
45704,belleza,mix,la_paz
45705,amo simplemente belleza,mix,la_paz
45708,lugar lindo,mix,la_paz
45714,uff excelente,mix,la_paz
45725,vista mar,mix,la_paz
45729,cambiado,mix,la_paz
45734,bonito,mix,la_paz
45745,naturalmente bella,mix,la_paz
45754,tranquilo aguas profundas bonito lugar baja c. sur,mix,la_paz
45755,beautiful,mix,la_paz
45758,playa hermosa pais,mix,la_paz
45760,linda playa,mix,la_paz
45762,sehr schn aber man hat nur einen slot vormittags oder nachmittags und msn bentigt ein ticket von der regierung,mix,la_paz
45764,mejores playas,mix,la_paz
45776,just paradise,mix,la_paz
45784,spectacular very nice is definitely beautiful,mix,la_paz
45791,hemrosa playa increibles vistas paisajes,mix,la_paz
45802,playa baja,mix,la_paz
45810,wow was fur ein toller strand die farben sind toll das wasser ist sehr klar ist nicht zu viel einfach ein toller ort,mix,la_paz
45813,plongee parc national cabo pulmo pointe nord est tornades carangues aux gros yeux,mix,la_paz
45845,jedna z nejhezich plai kterou jsem ml nkdy monost navtivit ale urit stoji za zminku to v lednu 2026 byla voda velice studena foukal siln studen vitr take lovk ve vod vydrel relativn chvili moe v centru cabo san lucas je mnohem tepleji urit stoji za zminku vzhledem k tomu pla je hodn navtvovana jsou zde nco jako dva turnusy pro turisty prvni je od 8 do 12 hod druh od 12 do 16 take upln v pohod stat budete ekat ve front ne na vas vyjde ada protoe poet parkovacich mist je omezen,mix,la_paz
45860,playa hermosa,mix,la_paz
45866,imperdible,mix,la_paz
45876,beautiful beach,mix,la_paz
45881,playa,mix,la_paz
45884,einfach traumhaft mit den verschiedenen blauen farben die ineinander fliessen wenn man an die beach will einfach fruh dran sein ist kein problem man liest soviel unfug von wegen kontingenten und tickets die man kaufen muss ich besuchte die ausssichtsplattform und genoss den wunderschnen ausblick auf die gesamte bucht,mix,la_paz
45893,ame lugar,mix,la_paz
45924,playa tranquila,mix,la_paz
45938,beautiful clear water amazing location,mix,la_paz
45940,must visit,mix,la_paz
45943,realmente bonita limpia,mix,la_paz
45950,unautentica meraviglia nientaltro aggiungere,mix,la_paz
45951,vas paz imperdible,mix,la_paz
45952,non prima volta in mexico ma questa meraviglia andava vista lascio che parlare siano immagini qualche info   pu restare qu per 34 ore max poi deve andare via gli accessi sono contingentati per preservarla raggiunge in quasi 3 ore di macchina cabo san lucas di solito aggiungono qualche altra tappa per completare giornata   playa tecolote che sostanzialmente il proseguimento naturale ma non accessibile via mare sosta allhotel california cui prendeva il nome il brano degli eagles delusione io sconsiglio sulla via rientro ho aggiunto paz   lungomare carino niente di che ma ero in zona,mix,la_paz
45967,bonita tranquila playa,mix,la_paz
45968,playa bonita agua tranquila,mix,la_paz
45970,realmente hermosa,mix,la_paz
45971,malagua pudimos disfrutar agua,mix,la_paz
45990,excelente lugar inolvidable,mix,la_paz
46003,spiaggia gratuita ma dei tempi di ingresso permanenza noi siamo arrivati per 8 mattino rimasti alle 11.40 prima di entrare affittano vendono qualunque spiaggia infatti non c nessun servizio quindi bisogna prepararsi bene ombrelloni acqua quanto desidera avere fa comunque p di coda per entrare spiaggia molto bella anche capienza massima di 450persone sta abbastanza bene,mix,la_paz
46004,bonito lugar,mix,la_paz
46006,visita indiscutible obligatoria llega,mix,la_paz
46008,bonita playa,mix,la_paz
46012,maravilla,mix,la_paz
46015,maravillosa,mix,la_paz
46017,hermosa playa tranquila limpia,mix,la_paz
46027,bonita secas demasiada gente tirando basura parecia mercado,mix,la_paz
46033,bonita playa lleguen llena lugar,mix,la_paz
46039,450        ,mix,la_paz
46042,playa bonita tranquila,mix,la_paz
46043,playa hermosa limpia,mix,la_paz
46048,10 10 excelente lugar comidas bebidas q venden area protegida,mix,la_paz
46061,lugar fabuloso imperdible experiencia,mix,la_paz
46067,playa hermosa,mix,la_paz
46072,playa hermosa,mix,la_paz
46077,hermoso lugar vale pena visitarlo,mix,la_paz
46079,best playa,mix,la_paz
46099,playa hermosa,mix,la_paz
46113,playa virgen hermosa,mix,la_paz
46114,bello lugar tomar fotografias,mix,la_paz
46118,extraordinario,mix,la_paz
46120,bonito lugar relajarse,mix,la_paz
46142,bonito lugar agua fria mayo,mix,la_paz
46149,fomos com agncia inicialmente vale pena passar belissima comprar entrada com antecedncia,mix,la_paz
46153,extraordinariamente bella roca invertida fascinantes,mix,la_paz
46163,increible playa balandra flydronfilmz,mix,la_paz
46173,trabas entrar pagina comprar boletos cuesta vida poderlos comprar tienes suerte batalle 2 alguien parque comento semarnat compras directamente llegar brazaletes validos soll podian adquirir prestadores tours tuvimos ponernos energicos habiamos pagado institucion gubernamental soll pudimos accesar personal grosero despota largas filas fregaste entrar playa baja hongo atraco operadores turisticos problemas gobierno paceno tache coml nota adicional playas cercanas tipo pulguero identico aguas oleaje nulo,mix,la_paz
46195,bonita playa,mix,la_paz
46200,sehr abgelegen aber schn die anzahl der besucher auf 450 begrenzt ist jeweils 450 vormittags und 450 nachmittags empfiehlt sich fruh zu kommen eher unter der woche als am wochenende der strand ist nicht bewirtschaftet gibt aber toiletten achtung kein oder sehr schlechtes internet uber bestellen geht dort nicht,mix,la_paz
46203,beautiful beach,mix,la_paz
46204,schne instagram bucht das wasser ist selbst bei flut sehr seicht und geht nur bis zum knie feiner sand kostenlose schirme kostenlose parkpltze gibt 2 time slot vormittags bis 1200 man wird bei der einfahrt auf alles hingewiesen auch dass man bis 1230 wieder raus sein muss sie nur begrenzte anzahl an besuchern an die lagune strand lassen,mix,la_paz
46207,playa ala q ido,mix,la_paz
46208,hiking cerro playa balandra bcs,mix,la_paz
46216,lugar obligatorio viajas paz,mix,la_paz
46228,playa,mix,la_paz
46231,schner turkiser ruhiger strand in paz das wasser ist sehr flach aber zum durchwarten reicht empfiehlt sich bereits um 730 zu sein nur eine begrenzte anzahl an besuchern reingelassen werden parken ist kostenlos wir hatten leckere frische fruchte von einem straenverkufer whrend wir auf die ffnung gewartet haben man hat keinen empfang also sollte man mit dem bus oder mietwagen anreisen uber wird mangels internet nicht funktionieren man kann die klippe hochlaufen und hat einen guten ausblick,mix,la_paz
46239,maravilloso lugar belleza incomparable,mix,la_paz
46245,excelente lugar nadar,mix,la_paz
46253,agua cristalina tranquila,mix,la_paz
46268,20260505 000000,mix,la_paz
46272,ido an recomendado,mix,la_paz
46274,amoooo playa,mix,la_paz
46281,excelente playa,mix,la_paz
46285,sehr schner strand mit toller aussicht vom hugel allerdings gibt zwei zeitslots fur die benutzung des strandes sobald sich die zeit dem ende nhert kommt die polizei und macht die sirene an,mix,la_paz
46288,truly hidden gem worth the drive,mix,la_paz
46290,bonita,mix,la_paz
46292,beautiful beach,mix,la_paz
46326,piekna plaa i czas tam spdzony woda cieplejsza w innych czciach cabo i nie ma naganiaczy jedynie przed wjazdem jest ich mnostwo,mix,la_paz
46336,hermosoprimero dios quiero volver prontos,mix,la_paz
46349,posto fantastico consiglio andare mattina presto,mix,la_paz
46351,beautiful beach,mix,la_paz
46361,spettacolo della natura incredibile dei posti pi belli che abbia mai visto lacqua tutte tonalit di colore immaginabili,mix,la_paz
46362,hermosa playa,mix,la_paz
46366,"mustsee wenn man in paz ist auch ein tagesausflug von sjd san lucas wurde ich empfehlen jedoch am besten zu dem kostenfreien eintritt informieren dieser limitiert ist am wochenende sollte man je nach timeslot 11,5h vor ffnung sein gibt keine gastroversorgung direkt am strand entweder in paz eindecken oder die wartezeit in der autoschlange nutzen und bei den straenverkufern eindecken",mix,la_paz
46369,20261010 000000,mix,la_paz
46374,playa hermosa,mix,la_paz
46378,hermosa playa,mix,la_paz
46383,excelente,mix,la_paz
46400,playa foto nadar,mix,la_paz
46420,madre,mix,la_paz
46421,demasiadas aguamalas,mix,la_paz
46441,acaso hermoso creacion,mix,la_paz
46444,maravillosa favorita,mix,la_paz
46448,excelente lugar respetemos vida marina,mix,la_paz
46452,hermoso lugar recomendado,mix,la_paz
46464,excelente,mix,la_paz
46489,playa baja california sur,mix,la_paz
46508,lugar increible,mix,la_paz
46509,stunning absolutely stunning,mix,la_paz
46515,bello,mix,la_paz
46516,playa duda,mix,la_paz
46520,sobrevalorado,mix,la_paz
46529,beautiful beach,mix,la_paz
46540,hermosas playas,mix,la_paz
46562,bonita,mix,la_paz
46564,great views beautiful beach must excursion when anywhere near the area,mix,la_paz
46568,hermoso sitio,mix,la_paz
46574,hermosa vayan,mix,la_paz
46581,lindo lugar,mix,la_paz
46594,simplemente hermoso,mix,la_paz
46596,beautiful beach mustsee when visiting the area,mix,la_paz
46597,playa mexicana favorita,mix,la_paz
46609,hermosa playa bonito,mix,la_paz
46619,alberca gigante natural horario 800am 100pm 100pm 500pm,mix,la_paz
46649,bonito limpio,mix,la_paz
46651,peaceful beautiful fun,mix,la_paz
46655,piece of paradise,mix,la_paz
46669,best reason to go paz,mix,la_paz
46672,  500 1239 1300 1700,mix,la_paz
46676,increible,mix,la_paz
46680,praia maravilhosa,mix,la_paz
46684,playa bonita,mix,la_paz
46693,,mix,la_paz
46697,fantastic must to see,mix,la_paz
46698,vista dalla barca escursione allisola di espiritu santo purtroppo il giorno dopo siamo arrivati alle 16 non ci hanno fatto entrare perche stava chiudendo vero peccato perche lacqua spettacolare,mix,la_paz
46699,bello lugar,mix,la_paz
46710,hermoso lugar acceso tedioso vale pena,mix,la_paz
46716,bellisima experiencia hermosa playa,mix,la_paz
46717,limpia,mix,la_paz
46721,exelente playas,mix,la_paz
46722,belleza,mix,la_paz
46724,bello lugar,mix,la_paz
46728,maravilla natural,mix,la_paz
46733,playa balandra sehr schner ort der zugang ist eingeschrnkt entweder vormittags 0800   1200 oder dann am nachmittag von 1300   1700 der besuch kostet keinen eintritt und ist gratis,mix,la_paz
46735,belleza natural increible reserva natural protegida vista increible,mix,la_paz
46741,bonita playa limpia,mix,la_paz
46750,wonderful shallow crystal bay perfect for clam swim,mix,la_paz
46751,playa maravillosa perfecta nadar,mix,la_paz
46756,ao chegar achei muito bom depois olhar um pouco mais maravilhoso local,mix,la_paz
46758,we knew it was going to be beautiful and we were not disappointed,mix,la_paz
46766,thnh ph bin paz mang trong mnh mu sc sng ng c trng ca mexico ng thi li c thin nhin ai ban tng cnh sc thin nhin th mng im n paz co nhng bi bin mang phong cach caribbean c trng nhng cu chuyn lch s cun hut v co c nhng mon ngon cng hng thm nc cn g tuyt vi hn mt chuyn tham him min t paz kham pha thin nhin cng h sinh thai dng ca min t di anh mt tri ri chiu bn co th tha sc n cng ln nc xanh mat ln ngp xung ay i dng n cha bit bao iu bi n thm cac bo tng vi nhng cu chuyn v ngy xa c huy hong ca ngi dn chn ny v nu bn yu thich th gii cac loi sinh vt bin th hy tri nghim tr chi mo him bi cng ca mp voi o chc hn s l k nim ang nh nht trong cuc i ca bn thnh ph paz xinh p.,mix,la_paz
46771,encanto playa lugar favorito,mix,la_paz
46774,lugar natural bonito,mix,la_paz
46775,vale pena,mix,la_paz
46776,excelente playa,mix,la_paz
46778,playa hermosa,mix,la_paz
46788,impresionante,mix,la_paz
46792,hermoso,mix,la_paz
46802,excelente lugar,mix,la_paz
46809,hermosa playa vdd tipo vayan playa balandra,mix,la_paz
46822,super bonito vale pena levantarse lugar hermoso,mix,la_paz
46835,imperdible paz verdaderamente hermoso,mix,la_paz
46844,i run an animal rescue in mexico and have visited many places here but this was one of the worst experiences my girlfriend and i were excited to celebrate my birthday weekend at this beautiful beach however when we arrived around midday we were shocked to be turned away three employees claimed they were closed and mentioned their closing time was 5 pm which should have given us plenty of time but to our surprise they abruptly stated that they were at capacity during our conversation we witnessed at least 10 cars full of people leaving the area i firmly expressed my disagreement with them being at capacity but they were extremely rude and seemed to be on power trip they flatly refused to allow us access to the beach even though we had driven over five hours to get there the most distressing part was the suspicion of racism if you are american be cautious as it felt like they treated us unfairly due to our nationality its disappointing to encounter such unwelcoming and inhospitable behavior especially in place that should be paradise for all visitors dueno refugio animales mexico visitado lugares peores experiencias novia estabamos emocionados celebrar semana cumpleanos hermosa playa llegamos mediodia sorprendio negaran entrada empleados afirmaron cerrados mencionaron hora cierre 5 pm deberia habernos tiempo sobra sorpresa afirmaron brusca capacidad conversacion presenciamos 10 autos llenos personas abandonando zona exprese firmemente desacuerdo capacidad extremadamente groseros parecian abusando autoridad rotundamente negaron permitirnos acceso playa conducido horas llegar angustiante sospecha racismo estadounidense ten cuidado sentimos trataron injusta nacionalidad decepcionante encontrarse comportamiento inhospito acogedor especialmente lugar deberia paraiso visitantes,mix,la_paz
46848,impresionante playa mundo,mix,la_paz
46856,recomiendo hermosa playa,mix,la_paz
46891,hermosura agrada protegiendo,mix,la_paz
46901,just beautiful place,mix,la_paz
46906,paradisiaca,mix,la_paz
46908,excelente ojala privaticen,mix,la_paz
46910,bellisimo lugar natural,mix,la_paz
46911,paisaje precioso,mix,la_paz
46929,wooow wooow wooow,mix,la_paz
46930,excelente lugar,mix,la_paz
46936,paraiso encanto volvere regresar,mix,la_paz
46940,paradiso ottima scelta di limitare gli ingressi che bello bravi,mix,la_paz
46947,hermosa playa porfavor cuide gente,mix,la_paz
46952,simplemente bellisima,mix,la_paz
46953,bellisima,mix,la_paz
46958,excelente playa piscina,mix,la_paz
46964,comida excelente,mix,la_paz
46965,hermosisima,mix,la_paz
46977,maravilla natural,mix,la_paz
46980,perfecta,mix,la_paz
47002,inigualable vale tiempo invertido,mix,la_paz
47009,hermosa nadar,mix,la_paz
47016,lugar imperdible increible,mix,la_paz
47029,molto bella merita due precisazioni piena di pesci palla cos come altre spiagge della zona x cui occhio dove mettete i piedi due andate mattino non pensate di poterci restare fino mezzogiorno dovete andarvene alle 13 potete rientrare ma dovrete rimettervi in coda c gente che gi alle 11 usciva x andare mettersi in coda x 13 onestamente io non farei fa davvero molto caldo in estate noi poi siamo andati tecolote anche per fare bagno perche balandra bassa x molti molti metri,mix,la_paz
47031,increible,mix,la_paz
47032,majestuosa,mix,la_paz
47033,ame snorkeling lugar,mix,la_paz
47037,plata quiero volver duda,mix,la_paz
47043,excelente lugar,mix,la_paz
47048,playa espectacular reserva natural hermosa,mix,la_paz
47063,bonita desgraciadamente raza vea pesima ballenas varadas arena jajajaj,mix,la_paz
47076,lugar hermoso,mix,la_paz
47078,hermoso,mix,la_paz
47084,lugar disfrutar naturaleza,mix,la_paz
47100,excelente amanecer,mix,la_paz
47101,super bonita,mix,la_paz
47103,increible lugar,mix,la_paz
47109,bonito venden aera natural protegida,mix,la_paz
47112,lugar faltar visitar paz,mix,la_paz
47113,playa limpia visa maravillosa,mix,la_paz
47117,incredible views great hiking,mix,la_paz
47130,quiero regresar pronto.recomendo muchisimo,mix,la_paz
47133,hemosa playa,mix,la_paz
47157,playa chingona peroiy chigona,mix,la_paz
47160,lugar,mix,la_paz
47162,hermosisima playa encanto familia disfruto maximo,mix,la_paz
47163,hermosa playa,mix,la_paz
47164,playa bonita mundo,mix,la_paz
47168,bonita,mix,la_paz
47179,paraiso sublime,mix,la_paz
47195,beautiful place best for evening sunshine,mix,la_paz
47205,mundo,mix,la_paz
47211,bonita playa limpia,mix,la_paz
47213,hermoso lugar,mix,la_paz
47219,excelente vista,mix,la_paz
47222,hermosisiiimoooooo,mix,la_paz
47224,bonito,mix,la_paz
47226,bonita playa agua tranquila cristalina,mix,la_paz
47235,lugar limpio playas hermosas,mix,la_paz
47244,posto stupendo,mix,la_paz
47252,hermoso paisaje,mix,la_paz
47254,hermosa playa,mix,la_paz
47268,lugar increible,mix,la_paz
47271,favorita playa limpia tranquila disfrutar,mix,la_paz
47287,hermoso lugar,mix,la_paz
47289,piu bella spiaggia fino adesso che abbia mai visto stupefacente,mix,la_paz
47290,looks like your in beaches in asia stunning,mix,la_paz
47291,hermosa playa pide cancun 0,mix,la_paz
47293,hermosa balandra,mix,la_paz
47297,bella playa fauna,mix,la_paz
47299,einer der schnsten buchten und strnde die ich jemals gesehen habe ist ein national park und sehr gut besucht dadurch auch zeitlich begrenzt damit nicht zu voll wird und andere auch nutzen knnen absolut zu empfehlen,mix,la_paz
47300,lindo lugar visitar,mix,la_paz
47301,playa maravillosa,mix,la_paz
47305,playa mundo mundial,mix,la_paz
47309,beautiful place loved it,mix,la_paz
47315,fascino,mix,la_paz
47328,playa bonita,mix,la_paz
47333,bonita playa cuidada llega,mix,la_paz
47358,amazing the colors,mix,la_paz
47362,playa hermosa visitado,mix,la_paz
47365,hermosa playa,mix,la_paz
47367,hermosoooooo madrugar ligar espectacular verlo hermosooo,mix,la_paz
47381,espetacular,mix,la_paz
47409,hermoso limpio tranquilo,mix,la_paz
47419,precioooossssaaaa,mix,la_paz
47424,bonita playa,mix,la_paz
47431,playa impresionante mundo,mix,la_paz
47438,sehr schner weitlufiger und sauberer sandstrand in einer bucht welche von felsen umgeben ist,mix,la_paz
47448,mega perrisima limpia,mix,la_paz
47451,accesible limpia servicios,mix,la_paz
47456,estare alla,mix,la_paz
47460,limpio bonito lugar,mix,la_paz
47466,trs belle plage,mix,la_paz
47472,super bellisima,mix,la_paz
47477,schner strand nur wenige minuten von paz entfernt   kostenlose parkpltze   sehr gut erreichbarauch behindertenfreundlich   sehr sauber   restaurantservice direkt am strand haben uns sehr wohl gefuhlt,mix,la_paz
47489,belleza,mix,la_paz
47501,bonita playa,mix,la_paz
47504,schner und ruhiger strand mit kostenlosem zutritt und kostenlosen sonnenschirmen palapas,mix,la_paz
47506,demasiados peces bonito,mix,la_paz
47508,chystam sa tam,mix,la_paz
47522,bonita playa,mix,la_paz
47528,excelente,mix,la_paz
47530,bonito paisaje,mix,la_paz
47532,bonita playa,mix,la_paz
47538,lindo lugar,mix,la_paz
47546,hermosa playa aguas tranquilas,mix,la_paz
47555,bonita playa,mix,la_paz
47572,hermoso lugar playa limpia cristalina paraiso,mix,la_paz
47587,hermosas vistas,mix,la_paz
47595,bonita playa limpia,mix,la_paz
47601,lugar disfrutar playa,mix,la_paz
47604,bonita playa limpia,mix,la_paz
47605,not dog friendly,mix,la_paz
47617,plata coromuel 2025,mix,la_paz
47622,excelente playa,mix,la_paz
47625,bonita playa,mix,la_paz
47632,lugar fantastico cultura encantadora mexico guardado na memoria corao,mix,la_paz
47633,palapas gratuitas,mix,la_paz
47635,lugar atractivo,mix,la_paz
47640,maravilhoso,mix,la_paz
47644,gente,mix,la_paz
47664,hermosisima playa,mix,la_paz
47671,bonita playa arena dorada,mix,la_paz
47672,bonita plata tranquila,mix,la_paz
47674,excelente playa linda,mix,la_paz
47675,super playa,mix,la_paz
47690,ein wunderschner ort mmmh,mix,la_paz
47693,beautiful spot,mix,la_paz
47698,hermoso lugar amanecer,mix,la_paz
47705,playa tranquila limpia bonita,mix,la_paz
47707,bonita playa ojo fria,mix,la_paz
47712,playa hermosa nadar fauna,mix,la_paz
47723,bonita chiquita,mix,la_paz
47728,hermosos atardeceres,mix,la_paz
47733,encanto espero termie repoblacion,mix,la_paz
47736,belleza,mix,la_paz
47741,beautiful beach very good customer service,mix,la_paz
47746,perrota,mix,la_paz
47747,bonito,mix,la_paz
47750,belleza amabilidad comida rica,mix,la_paz
47751,excelente playa,mix,la_paz
47755,playa bella,mix,la_paz
47759,versatilidad,mix,la_paz
47761,lugar agradable,mix,la_paz
47777,hermosa playa tranquila,mix,la_paz
47781,linda playa,mix,la_paz
47791,hermosa playa,mix,la_paz
47793,comes rico,mix,la_paz
47796,bonito,mix,la_paz
47805,bonito lugar,mix,la_paz
47807,bonita playa,mix,la_paz
47828,good,mix,la_paz
47844,bonito barato,mix,la_paz
47845,bonita playa arena suave,mix,la_paz
47871,bonita playa mar sucio,mix,la_paz
47873,playa hermosa,mix,la_paz
47883,leuk klein strandje met eetgelegenheden goed verzorgd mooi rustig water,mix,la_paz
47920,lugar disfrutar familia,mix,la_paz
47928,bonito lugar,mix,la_paz
47935,playa relajada familia,mix,la_paz
47955,playa limpia tranquila,mix,la_paz
47959,linda demais,mix,la_paz
47963,playa amplia limpia,mix,la_paz
47964,bonita playa nadar tranquila,mix,la_paz
47974,excelente vista,mix,la_paz
47978,excelente playa familiar,mix,la_paz
47980,playa bonita cuidarla,mix,la_paz
48001,playa limpia estando,mix,la_paz
48007,bonita playa agradable olas,mix,la_paz
48013,nice place,mix,la_paz
48020,bonita playa espacio limitado opcion convivir cercana ciudad senal telefono celular very nice beach but space is bit limited however it is good option to live together it is close to the city and there is cell phone signal,mix,la_paz
48024,hermoso lugar disfrutar playa,mix,la_paz
48027,proche du centre mais beaucoup monde trs tasse car plage petite,mix,la_paz
48032,bonita,mix,la_paz
48044,hermosa vista,mix,la_paz
48045,simplemente perfecto,mix,la_paz
48061,sehr sauber und schn,mix,la_paz
48064,duda,mix,la_paz
48076,bonita relajante,mix,la_paz
48082,excelente vista,mix,la_paz
48097,bonita playy,mix,la_paz
48123,playa tranquila bonita,mix,la_paz
48126,nice clean hidden beach with palapas and restaurant with beer free parking,mix,la_paz
48135,bonita limpia,mix,la_paz
48140,alberca,mix,la_paz
48141,cerrado,mix,la_paz
48142,playa tranquila limpia pasar rato agradable,mix,la_paz
48144,playa super tranquila bonita,mix,la_paz
48149,lugar salir rutina,mix,la_paz
48154,cerrado,mix,la_paz
48175,playa familiar,mix,la_paz
48176,increiblemente bello,mix,la_paz
48198,excelente lugar,mix,la_paz
48199,excelente lugar,mix,la_paz
48206,playa limpia tranquila,mix,la_paz
48209,excelente vista maravilla naturaleza,mix,la_paz
48210,to get there from malecon walking is nice option,mix,la_paz
48216,playa semana,mix,la_paz
48218,bonito atardecer,mix,la_paz
48220,spot o.o,mix,la_paz
48222,visitenla,mix,la_paz
48229,linda hermosa,mix,la_paz
48242,tuve q irme alas 2 pm q servicio restaurante,mix,la_paz
48256,exelente lugar familiar,mix,la_paz
48257,ecxelente pase agusto,mix,la_paz
48258,bonita playa tranquila,mix,la_paz
48259,hermosa playa pasarla limpia,mix,la_paz
48273,playa limpia tranquila,mix,la_paz
48274,favorita paz,mix,la_paz
48275,lugar relajarse,mix,la_paz
48276,bonito inigualable,mix,la_paz
48279,playa hermosa,mix,la_paz
48283,hermoso amanecer,mix,la_paz
48285,playa espectacular,mix,la_paz
48292,excelente playa paz bcs,mix,la_paz
48302,agradable lugar,mix,la_paz
48303,boniro lugar,mix,la_paz
48310,playa apta familia,mix,la_paz
48311,,mix,la_paz
48312,bonito lugar limpio,mix,la_paz
48317,lastima toco nublado vista hubiese,mix,la_paz
48318,playa nadar aguas agradables,mix,la_paz
48322,excelente vista,mix,la_paz
48325,padre ojala mazatlan tuviera lugares,mix,la_paz
48326,,mix,la_paz
48333,excelente lugar cerca visitar,mix,la_paz
48334,bonita playa pasarla cn familia,mix,la_paz
48340,hermosa playa limpia,mix,la_paz
48343,hermoso lugar,mix,la_paz
48356,exelente playa,mix,la_paz
48359,hermosa vista noche,mix,la_paz
48369,bonita,mix,la_paz
48375,bonito lugar,mix,la_paz
48378,chingona playita,mix,la_paz
48381,,mix,la_paz
48385,hermoso lugar playas bonitas,mix,la_paz
48386,disfrutar,mix,la_paz
48387,hermosa playa,mix,la_paz
48391,areas comida falta,mix,la_paz
48394,faltan servicios,mix,la_paz
48399,sitio tranquilo,mix,la_paz
48408,ambiente,mix,la_paz
48416,pase super,mix,la_paz
48427,magnigico color turquesa oceano,mix,la_paz
48429,beautiful peaceful and serene,mix,la_paz
48439,fantastic diving area to experience lions,mix,la_paz
48443,nadar lobos marinos habitat increible,mix,la_paz
48446,increible isla disfrutable,mix,la_paz
48447,paraiso patrimonio natural humanidad,mix,la_paz
48454,must do in paz,mix,la_paz
48455,verdaderamente hermoso,mix,la_paz
48460,lugar nadar,mix,la_paz
48462,vale pena viaje,mix,la_paz
48476,hermoso lugar definitivamente regreso,mix,la_paz
48482,feliz cumpleanos tom capturas,mix,la_paz
48491,unisola bellissima raggiungibile grazie escursioni organizzate incontaminata riserva naturale delizia panorami unici dalle terre aride coi cactus mare cristallino limpido ricco di specie marine tra cui leoni marini delfini tantissimi pesci di ogni tipo ci sono tantissime insenature calette che sono indescrivibili,mix,la_paz
48505,lugar favorito mundo duda cuidenlo,mix,la_paz
48509,must tour to do of cortez is amazing,mix,la_paz
48513,super bonito paisajes hermosos,mix,la_paz
48514,lugar increible visita obligada vas paz,mix,la_paz
48515,lindo lugar,mix,la_paz
48518,must visit,mix,la_paz
48519,maravilla,mix,la_paz
48523,bonito lugar gusto pasa,mix,la_paz
48527,hermosa isla playas,mix,la_paz
48545,lugar magico bellisimo,mix,la_paz
48547,paraiso playas virgenes,mix,la_paz
48550,barca abbiamo circunnavigato lisola nella vicina isla partita vivono molti leoni marini,mix,la_paz
48563,lugar increible,mix,la_paz
48567,hermosa panoramica aerea,mix,la_paz
48568,bonito,mix,la_paz
48569,hermosa isla,mix,la_paz
48570,simplemente magnifico,mix,la_paz
48574,increiblemente hermosa,mix,la_paz
48578,paraiso,mix,la_paz
48581,belleza,mix,la_paz
48584,hermosisimo,mix,la_paz
48585,isla mundo,mix,la_paz
48593,paradiso,mix,la_paz
48596,maravilloso paisaje,mix,la_paz
48599,lugar playa snorkel caminata,mix,la_paz
48604,excelente lugar,mix,la_paz
48610,lugar magnifico,mix,la_paz
48613,hermoso lugar recomendado,mix,la_paz
48614,isla biodiversidad,mix,la_paz
48619,truly magical and beautiful,mix,la_paz
48622,pedazo paraiso,mix,la_paz
48627,maravillosa,mix,la_paz
48639,just beautiful and peaceful,mix,la_paz
48642,most epic snorkeling trip,mix,la_paz
48643,meraviglioso nuotare otarie,mix,la_paz
48652,lobos marinos,mix,la_paz
48654,absolutamnete bellisima,mix,la_paz
48657,paraiso paraiso paraiso,mix,la_paz
48658,belles natural unicas cuidarla exploitation,mix,la_paz
48663,reserva natural nacional belleza pura,mix,la_paz
48665,playa hermosa conoci,mix,la_paz
48668,padrisimo recomiendo visiten isla espiritu santo,mix,la_paz
48669,great diving,mix,la_paz
48670,speechless stunning secluded and pristine island,mix,la_paz
48690,well worthy of stop,mix,la_paz
48710,locales pagan dimingo,mix,la_paz
48711,its not free 75 pesos per person,mix,la_paz
48717,excelente lugar,mix,la_paz
48718,outstanding small museum well worth visit,mix,la_paz
48745,visitas guiadas,mix,la_paz
48751,excelente,mix,la_paz
48755,exelente lugar ilustrativo,mix,la_paz
48761,interesante padres encanto,mix,la_paz
48764,museo debes visitar vienes paz,mix,la_paz
48769,excelente lugar,mix,la_paz
48771,great little museum in paz only 75 pesos to enter,mix,la_paz
48788,hermoso museo bonito,mix,la_paz
48792,excelente historia regional,mix,la_paz
48794,das war besser als erwartet der besuch hat sich gelohnt,mix,la_paz
48797,nice museum,mix,la_paz
48818,excelente museo,mix,la_paz
48826,bellisimo historia super interante,mix,la_paz
48829,museo bonito interesante,mix,la_paz
48834,mente recomendado,mix,la_paz
48846,museografia,mix,la_paz
48864,very interesting staff kind,mix,la_paz
48874,encanto remodelacion nino encanto,mix,la_paz
48879,small walk to learn about bajas history,mix,la_paz
48894,great displays,mix,la_paz
48895,museo regionale misura di visita nel senso abbastanza rapido sala piano terra foto riproduzioni di animali luoghi della baja california sur primo piano storia etnoantropologica della penisola secondo piano inizio epoca moderna colonizzazione terzo piano fine 800 alla rivoluzione di benito juarez successive fino allo statuto alla carta di sito protetto unesco in quanto definito jacques cousteau acquario mondo tutta penisola e luogo fatto di spiagge deserti rocciosi colline montagne canion polvere immancabile vale pena visitarlo permanenza 1 ora mezza sulle immagini sulle reliquie sono posti i codici qr per continuare visita virtuale altrove ingresso gratuito per studenti tesserino di riconoscimento pensionati over 60 ovviamente messicani stranieri 70 pesos messicani,mix,la_paz
48919,precioso museo nieta pequena encanto,mix,la_paz
48946,excelente lugar raices,mix,la_paz
48954,agradable lugar,mix,la_paz
48965,bonito,mix,la_paz
49013,chiuso per lavori,mix,la_paz
49017,english translation available,mix,la_paz
49018,hermoso museo,mix,la_paz
49042,lindo limpio inteligente,mix,la_paz
49047,bonito,mix,la_paz
49052,recomendado,mix,la_paz
49064,excelente,mix,la_paz
49084,punto reunion,mix,la_paz
49089,padrisimo museo,mix,la_paz
49095,levi awesome,mix,la_paz
49109,lugar,mix,la_paz
49131,well worth visit go slowly through the exhibits,mix,la_paz
49134,excelente,mix,la_paz
49142,visita guiada excelente,mix,la_paz
49143,bonito barato,mix,la_paz
49144,beautifully done,mix,la_paz
49163,interesante lugar,mix,la_paz
49165,bonito lugar,mix,la_paz
49178,gusta,mix,la_paz
49179,ve interesante pandemia temporalmente cerrado,mix,la_paz
49190,fascinante explicacion historica encanto museo,mix,la_paz
49191,dire visitarlo,mix,la_paz
49202,closed due to covid pandemic,mix,la_paz
49215,super imperdible,mix,la_paz
49217,excelente espacio aprendizaje forma creativa 100 recomendable,mix,la_paz
49261,instalaciones cuidadas cajones estacionarse zona segura puedes recorrer calma hora media lugar acercarse historia sudcalifornia visitalo   well taken care facilities few spots for parking it s safe to park on the surrounding streets this museum is must to learn about the history of baja california sur,mix,la_paz
49263,encanto museo,mix,la_paz
49264,excelente museo,mix,la_paz
49266,padrisimo museo,mix,la_paz
49272,lindo lugar,mix,la_paz
49288,interesante,mix,la_paz
49293,vale pena visitarlo paz,mix,la_paz
49303,bonito museo,mix,la_paz
49307,ordenado interesante historia fosil,mix,la_paz
49316,bonito interesante lugar,mix,la_paz
49322,interesantisimo lugar vale pena recorrerlo,mix,la_paz
49330,gusto,mix,la_paz
49333,imperdible,mix,la_paz
49349,execelente lugar,mix,la_paz
49354,informativo,mix,la_paz
49361,pequeno ilustrativo,mix,la_paz
49385,excelente guias,mix,la_paz
49397,interesante,mix,la_paz
49411,fosil mamut increible,mix,la_paz
49416,excelente lugar aprendan historia loa chiquitines,mix,la_paz
49423,conoce historia,mix,la_paz
49429,exelente museo,mix,la_paz
49430,gusto museo,mix,la_paz
49431,excelente,mix,la_paz
49433,urcite stoji za shlednuti,mix,la_paz
49435,vale muchisimo pena visitarlo,mix,la_paz
49436,excelente lugar,mix,la_paz
49437,vale muchisimo pena visitarlo,mix,la_paz
49443,museo,mix,la_paz
49444,excelwnte lugar altamente recomwndable,mix,la_paz
49446,lugar,mix,la_paz
49454,excelente lugar bonito,mix,la_paz
49457,bello lugar,mix,la_paz
49466,excelente dejen visitarlo,mix,la_paz
49472,bonito lugar,mix,la_paz
49475,pazdrisimo,mix,la_paz
49478,excelente visitar,mix,la_paz
49501,wenig bis gar keine beschreibung von exponaten und nicht wirklich englische beschreibungen die exponate sind nicht wirklich prickelnd,mix,la_paz
49506,playa san pancho rivera nayarit,mix,riviera_nayarit
49514,genial viaje lindos pueblos,mix,riviera_nayarit
49543,riviera nayarit opciones vacacionar,mix,riviera_nayarit
49556,excelente lugar,mix,riviera_nayarit
49559,hermoso,mix,riviera_nayarit
49562,simplemente hermosa amo,mix,riviera_nayarit
49563,playa bonita,mix,riviera_nayarit
49568,waooooooo simplemente extraordinario waoooo,mix,riviera_nayarit
49575,increible experiencia 100 recomendado economico social,mix,riviera_nayarit
49577,hermoso,mix,riviera_nayarit
49578,agradable playas,mix,riviera_nayarit
49579,exelente lugar,mix,riviera_nayarit
49580,,mix,riviera_nayarit
49581,excelente playa,mix,riviera_nayarit
49582,bello lugar,mix,riviera_nayarit
49586,,mix,riviera_nayarit
49589,hermosa playa,mix,riviera_nayarit
49590,recomiendo guayabitos bucerias,mix,riviera_nayarit
49591,ay basura,mix,riviera_nayarit
49592,excelente,mix,riviera_nayarit
49594,bello lugar,mix,riviera_nayarit
49596,hermoso,mix,riviera_nayarit
49597,pesimo servicio cliente,mix,riviera_nayarit
49598,excelente,mix,riviera_nayarit
49599,hermoso,mix,riviera_nayarit
49600,maravilloso,mix,riviera_nayarit
49603,bonito,mix,riviera_nayarit
49604,bonito,mix,riviera_nayarit
49621,tiempo gente yaman,mix,riviera_nayarit
49624,tanta naturaleza hermosa tanta gente hermosa,mix,riviera_nayarit
49626,hermosa playa,mix,riviera_nayarit
49627,excelente visita,mix,riviera_nayarit
49628,magico,mix,riviera_nayarit
49631,playa san pancho rivera nayarit,mix,riviera_nayarit
49636,playa hermosa llena vegetacii 1/2n vale pena sentarse atardecer,mix,riviera_nayarit
49639,genial viaje lindos pueblos,mix,riviera_nayarit
49668,riviera nayarit opciones vacacionar,mix,riviera_nayarit
49681,excelente lugar,mix,riviera_nayarit
49684,hermoso i 1/2,mix,riviera_nayarit
49687,simplemente hermosa amo,mix,riviera_nayarit
49688,playa bonita,mix,riviera_nayarit
49693,waooooooo simplemente extraordinario waoooo i 1/2,mix,riviera_nayarit
49694,excelente lugar vacacionar i 1/2,mix,riviera_nayarit
49700,increible experiencia 100 recomendado economico social,mix,riviera_nayarit
49702,esti 1/2 hermoso,mix,riviera_nayarit
49703,agradable playas,mix,riviera_nayarit
49704,exelente lugar,mix,riviera_nayarit
49705,,mix,riviera_nayarit
49706,excelente playa i 1/2,mix,riviera_nayarit
49707,bello lugar,mix,riviera_nayarit
49711,,mix,riviera_nayarit
49714,hermosa playa,mix,riviera_nayarit
49715,recomiendo guayabitos buceri 1/2as,mix,riviera_nayarit
49717,excelente,mix,riviera_nayarit
49719,bello lugar,mix,riviera_nayarit
49721,hermoso,mix,riviera_nayarit
49722,pesimo servicio cliente,mix,riviera_nayarit
49723,excelente,mix,riviera_nayarit
49724,hermoso,mix,riviera_nayarit
49725,maravilloso i 1/2,mix,riviera_nayarit
49726,fi 1/2cil llegar,mix,riviera_nayarit
49727,parai 1/2so,mix,riviera_nayarit
49728,bonito,mix,riviera_nayarit
49729,bonito,mix,riviera_nayarit
49748,suficientemente maravilloso volver ai 1/2o,mix,riviera_nayarit
49749,tanta naturaleza hermosa tanta gente hermosa,mix,riviera_nayarit
49751,hermosa playa,mix,riviera_nayarit
49752,i 1/2excelente visita,mix,riviera_nayarit
49753,mi 1/2gico,mix,riviera_nayarit
49807,hermosa playa,mix,riviera_nayarit
49898,hermosa playa largas caminatas,mix,riviera_nayarit
50112,playa grand mayan habaa palapas disponibles huaspedes,mix,riviera_nayarit
50139,pareja tours lleno agradable volveraa,mix,riviera_nayarit
50256,disfruta mas vas prisa,mix,riviera_nayarit
50531,playa bonita pasar rato agusto,mix,riviera_nayarit
50553,hermosa playa,mix,riviera_nayarit
50628,olas altas recomendada pata nadar peri excelente surfear,mix,riviera_nayarit
50666,duda lugar increible disfrutar semana,mix,riviera_nayarit
50696,lugar calido bonito barato playa limpia,mix,riviera_nayarit
50708,bonita playa,mix,riviera_nayarit
50728,parada obligada venir visitar playa atardecer,mix,riviera_nayarit
50736,playa,mix,riviera_nayarit
50742,lugar nadar climauy agradable,mix,riviera_nayarit
50748,playa tranquila limpia,mix,riviera_nayarit
50757,bonito tranquilo gusto,mix,riviera_nayarit
50764,bonita playa,mix,riviera_nayarit
50774,playa bonita limpia,mix,riviera_nayarit
50795,exelente lugar relajarte gente sana playa limpia,mix,riviera_nayarit
50800,excelente ambiente clima servicios,mix,riviera_nayarit
50803,bonita playa semivirgen,mix,riviera_nayarit
50818,playa pueblo bonito,mix,riviera_nayarit
50835,increible lugar vivir,mix,riviera_nayarit
50837,mar abierto bonita playa,mix,riviera_nayarit
50884,paseo playa jungla,mix,riviera_nayarit
50888,mar agitado bonita playa,mix,riviera_nayarit
50901,playa tranquila bonita oleaje alto,mix,riviera_nayarit
50918,bonita playa tanta ola,mix,riviera_nayarit
50922,hermosa playa bonitas olas,mix,riviera_nayarit
50926,hermoso volver,mix,riviera_nayarit
50928,playa desierta hermosa,mix,riviera_nayarit
50929,amo san panchito,mix,riviera_nayarit
50930,super lindo lugar,mix,riviera_nayarit
50931,hermosas playas,mix,riviera_nayarit
50936,bonito aglomeraciones,mix,riviera_nayarit
50940,playa limpia bella,mix,riviera_nayarit
50957,always great visit theres food handmade items and great music,mix,riviera_nayarit
50961,prices are expensive but nice to visit,mix,riviera_nayarit
50963,great variety of venders friendly,mix,riviera_nayarit
50965,what beautiful place,mix,riviera_nayarit
50985,wifi hotel fallaba 5 minutos imposible trabajar,mix,riviera_nayarit
51002,vegetacion increible selva mar,mix,riviera_nayarit
51003,lujo punta mita bale peso k pagas,mix,riviera_nayarit
51008,robaron bolsa playa nadaba seguridad,mix,riviera_nayarit
51012,caro taxi cobrar estuvieras new york,mix,riviera_nayarit
51014,riviera nayarit inpresionante regresare,mix,riviera_nayarit
51037,alberca verde mantenimiento,mix,riviera_nayarit
51039,crusero atardecer bale peso romantico bello,mix,riviera_nayarit
51043,mar tenia manchas aceite asqueroso,mix,riviera_nayarit
51071,gusto caminata cerro mono bista,mix,riviera_nayarit
51093,servicio four seasons inbatible,mix,riviera_nayarit
51094,regular malo volveria,mix,riviera_nayarit
51106,demasiada humedad ropa secaba,mix,riviera_nayarit
51109,exelente lugar sushi punta mita,mix,riviera_nayarit
51116,comida buffet repetitiva sabor,mix,riviera_nayarit
51119,playa tenia demasiadas piedras nadar agusto,mix,riviera_nayarit
51136,alberca fria gusto,mix,riviera_nayarit
51150,aburrido fiesta,mix,riviera_nayarit
51164,zona bella moverse dificil,mix,riviera_nayarit
51175,valor patrimonial investigar lugar descripcion ruina interesante costo,mix,riviera_maya
51212,bonita solitaria ojala personas animaran visitarla mosquito sugerimos repelente,mix,riviera_maya
51219,bonito lugar desangelado falta guia interaccion turista,mix,riviera_maya
51239,mini zona arqueologica letrero informativo civilizacion vi supe zona arqueologica rey,mix,riviera_maya
51248,indicadores ruinas contratas guia das,mix,riviera_maya
51260,iguanas genial conto viendo impresiono,mix,riviera_maya
51330,exposicion increible museo falta mantenimiento contaba aire acondicionado definitivamente nota presupuesto,mix,riviera_maya
51347,clima funciona elevadores lleven repelente mosquitos porq demasiados realidad demasiados,mix,riviera_maya
51382,bonito lugar limpio personal informacion comoleta,mix,riviera_maya
51422,interesante visita ruinas naturaleza,mix,riviera_maya
51438,decia abierto llegando cerrado veia abandonado,mix,riviera_maya
51451,pinta decia cerrado temporalmente obras partes,mix,riviera_maya
51455,lugar bonito muchisimos moscos muchisimos,mix,riviera_maya
51457,credit card payments aceptan tarjeta pagar,mix,riviera_maya
51492,bellisimo lugar favoritos estacionamiento limpio gente gel sanitizante,mix,riviera_maya
51504,agua perfecta cristalina estube sargazo impidio ingresar,mix,riviera_maya
51518,sitio publico bonito cancun mar estava movido,mix,riviera_maya
51521,playa limpia tranquila ideal amanecer,mix,riviera_maya
51525,aguas picadas pasar rato palapitas,mix,riviera_maya
51537,sargazo 3 semanas,mix,riviera_maya
51538,descuidada privatizado,mix,riviera_maya
51559,playa chiquita 20 mts ancho,mix,riviera_maya
51745,caro vale pena,mix,riviera_maya
51774,sumamente hermosoooooos peses tortugas ven preciosos nadando agua helada cristalina rodeada arboles traslada momento paz serenidad camino sumamente precioso,mix,riviera_maya
51793,cenote escondio spot nadar pasar rato tomando sol contemplando cenote rentar visores bucear peces habitan cenote entrada 150 pp renta visores,mix,riviera_maya
51814,super recomendable tanta gente pagar entrada podes visitar permite cenotes volver desea,mix,riviera_maya
51855,lindo lugar agua linda transparente mundo cumple,mix,riviera_maya
51879,imaginar centro buceo bucear cenotes tulum hice inmersiones diego angelita car wash inmersiones cory pit ojos hazte favor bucea servicio,mix,riviera_maya
51903,buceamos cenotes arrecifes coral tulum diego contentos haberlo elegido tomo fotos camara gopro,mix,riviera_maya
51924,nervioso inmersiones cenotes cory increiblemente amable paciente ayudo animarme feliz haberlo inmersiones hermosas unicas hice inmersiones arrecifes instructor buceo llevo pequenos pasajes coral experiencia buceo unica feliz haberla freeway diving,mix,riviera_maya
51943,hicimos buceo bautizo buceo diego tulum increible buceamos cenote arrecife,mix,riviera_maya
52000,500 pesos nadar apoye precio exorbitante deberia sorprenderse proxima cuesta 700,mix,riviera_maya
52032,cenote favorito mexico tortugas nadando gente agua agua helada vale pena,mix,riviera_maya
52056,lugar absolutamente magico pase horas nadando circulos admirando belleza personal amable instalaciones limpias duda volveria valio pena precio abarrotado,mix,riviera_maya
52057,bonito caro 30 persona efectivo definitivamente vale pena cenotes bonitos tulum,mix,riviera_maya
52211,alquilar bicicleta decision,mix,riviera_maya
52227,caro bonito realmente caro,mix,riviera_maya
52233,desafortunadamente piramide nohoch mul construida escalera madera arruino impresionante estructura,mix,riviera_maya
52237,mejores chichen iza vale pena,mix,riviera_maya
52244,lugar genial visitar informacion permite subir piramide,mix,riviera_maya
52246,ruinas dejar visitar gente bonitas lugar lleno arboles dejan subir piramide principal escalones vista espectacular cenote cerca refrescarse,mix,riviera_maya
52250,bonita experiencia disfruta renta bicicleta,mix,riviera_maya
52252,aventura divertida consejo contrates guia bicicleta simplemente camina disfrutaras muchisimo,mix,riviera_maya
52253,increible lugar pega ascender piramide,mix,riviera_maya
52303,tour imprescindible tulum reservamos mexico kan tours alundra niko atendieron maravilla,mix,riviera_maya
52308,maravilloso lugar observar animales disfrutar manglares espectacular agua punta allen,mix,riviera_maya
52316,paraiso natural peninsula llevate basurita juntos cuidemos disfrutemos hermoso paraiso natural,mix,riviera_maya
52364,cenote genial centro ciudad pierdas kilometros opinion bonitos personal malhumorado servicial,mix,riviera_maya
52365,agrado cenote centro valladolid practico limpio listo disfrutar agua cristalina fria,mix,riviera_maya
52391,cenote bonito 60 pesos persona chalecos salvavidas divertidisimo domingo gente general,mix,riviera_maya
52407,top 2 cenotes favoritos precio entrada 60 hora chaleco opcional precio incluye chaleco,mix,riviera_maya
52446,bello lugar creado naturaleza descuidado gente administra exige turismo limpieza basura quiera descuidado lastima,mix,riviera_maya
52480,increible principio dudas sorpresa increible merecio totalmente pena visita donacion 5 usd volvere,mix,riviera_maya
52495,esperaba sitio increible casa historia impresiona decoracion impresiona belleza estancias decoracion reflejo historia reciente mexico vale pena,mix,riviera_maya
52556,increible coleccion arte popular mexicano entrada gratuita solicita donativo visita,mix,riviera_maya
52567,descuidado convento lastima cobran subir area velas dinero patrimonio mexico,mix,riviera_maya
52568,devota siento interesante personas seguro gusta,mix,riviera_maya
52583,convento amarillo iglesia bonito,mix,riviera_maya
52587,lugar religioso definitivamente necesita mantenerse limpio atraer turismo,mix,riviera_maya
52600,bonita arquitectura faltan servicios lugar visita turista,mix,riviera_maya
52629,belleza lugar toco poquito lluvia convento veia super bonito,mix,riviera_maya
52630,tour incluia chichen itza llama tours colibri chica sabia lugar persona culta enseno datos llevo piramide recomendable,mix,riviera_maya
52647,situado piramide historia lugar conserva energia encanto visitar isamal,mix,riviera_maya
52661,destruida vale pena verla,mix,riviera_maya
52665,empleado maleducado dejo entrar faltaban minutos ultima entrada 4 30 p m,mix,riviera_maya
52666,sencilla ruinas arqueologicas,mix,riviera_maya
52667,lindo olvidado descuidado recomienda x lejano,mix,riviera_maya
52674,piramide pueblo magico,mix,riviera_maya
52676,absolutamente informacion descripcion gratis gratis,mix,riviera_maya
52678,sorpresa encontrar piramide,mix,riviera_maya
52693,excelente lugar observar peligroso subir cima vale pena,mix,riviera_maya
52694,lugar bello gratuito facil acceso historia tremenda,mix,riviera_maya
52703,visita agradable 10 15 minutos gratuita subida empinada vale pena,mix,riviera_maya
52705,divertido subir cima bonita vista pueblo,mix,riviera_maya
52714,piramide cuadras plaza subir entradas ve panorama bonito exconvento selva,mix,riviera_maya
52718,gustan piramides llegar cima hermosa vista izamal,mix,riviera_maya
52728,tercer piramide region ek balam chchien itza entrada gratuita,mix,riviera_maya
52733,piramide restaurada impresionante acceso gratuito aglomeraciones merece pena,mix,riviera_maya
52828,rico precios accesibles lugar hermoso atencion cordial personal amable definitivamente regresamos,mix,riviera_maya
52870,comida mala sabor servicio meseros pedi pescado provoco vomito diarrea regreso mundo personas 800 pesos comida excesivo malo cuidado,mix,riviera_maya
52964,padres pidieron pizza pudieramos compartirla vomitando hermano comio pizza experiencia mala,mix,riviera_maya
52969,esperamos 10 minutos camarero aparecio,mix,riviera_maya
52974,servicio producto pagas,mix,riviera_maya
52981,servicio lentisimo esperamos 50 minutos comida comprensible lleno 30 aforo pedimos pizza cubierta queso francamente necesitaria granja lechera queso pizza sirve disfrute comida personal amable compensa comida,mix,riviera_maya
52983,comida comestible carne fria volveria comer,mix,riviera_maya
52986,comida tema propina meseros siguen exigiendo pagara patron,mix,riviera_maya
52992,lugar lleno barato normalito mundo,mix,riviera_maya
52995,ok comida normal agrego cargo servicio factura devolvieron cambio pago cogi propina,mix,riviera_maya
52998,caro ofrecen comida,mix,riviera_maya
52999,precios gringos caro,mix,riviera_maya
53015,ceviche,mix,riviera_maya
53020,lugar comi puerto aventuras ceviche delicia baguettes mejores micheladas puerto aventuras duda,mix,riviera_maya
53021,ido restaurante vacaciones personal comida geniales tacos pollo chuparse dedos,mix,riviera_maya
53023,comida fantastica gente increible bebidas enormes parada pensilvania,mix,riviera_maya
53039,chuleton delicioso servicio problematico ojo cargo servicio 15 propina di visita,mix,riviera_maya
53058,sargazo limpiado agua turbia,mix,riviera_maya
53062,playa llena sargazo sucia 4 vengais,mix,riviera_maya
53063,gusto playa volveria,mix,riviera_maya
53064,sargazo asquesos olor mosquitos,mix,riviera_maya
53065,vendedores senti acapulco,mix,riviera_maya
53066,visitantes general acatan recomendaciones sanitarias,mix,riviera_maya
53069,agua marron turbia apta nadar completamente abandonada vadeando sargazos,mix,riviera_maya
53073,playa fea agua gris azul zafiro entramos curiosidad salimos corriendo inmediato fea recomiendo,mix,riviera_maya
53075,corto sobreexplotado,mix,riviera_maya
53079,playa bonita basura gente pone bocina volumen alto,mix,riviera_maya
53081,bonita playa rocas hicimos snorkel olas rompen arrecife barco snorkel,mix,riviera_maya
53085,toco visitar sargazo agradable pasar rato,mix,riviera_maya
53088,pueblito playa sucia mar,mix,riviera_maya
53090,fe limpiando playa,mix,riviera_maya
53097,playa bonita lastima ahorita sargazo c vayan caminar sentir brisa mar lindo noche,mix,riviera_maya
53162,caro vale pena,mix,riviera_maya
53191,vi monos lejos vi animales disfrute paseo selva,mix,riviera_maya
53194,puente colgante cerrado mosquitos,mix,riviera_maya
53267,maravilloso lugar disfrutar amanecer atardecer,mix,riviera_maya
53284,anos volvi semana note pavimentada gustaba verde,mix,riviera_maya
53286,hermoso lugar disfrutar relajarse,mix,riviera_maya
53328,puestos comida realidad aspecto sucio area provoca antoje comer,mix,riviera_maya
53331,pena limpien sargaso imposible disfrutar playas,mix,riviera_maya
53333,playa sargazo parese aguas negras orilla,mix,riviera_maya
53336,horribleeeee semana gente inconveniente,mix,riviera_maya
53337,pesimo lleno vendedores ambulantes percibe inseguridad,mix,riviera_maya
53341,gusto plaza vieja gente,mix,riviera_maya
53352,lugar encantado completamente recomiendo 100 gustan actividades favorito duda toboganxote sientes adrenalina bebidas bufet maravilla comida calidad staff super atento actividad,mix,riviera_maya
53463,show increible volveria repetir mesero victor amable servicial conoci karla pamela agradables volveria,mix,riviera_maya
53483,excelente lugar disfrutar perder,mix,riviera_maya
53497,show implementado colocar miles mesas pista baile forma bailar disfrutar mesa entrada tenes reservar mesa pagando 130 dolares adicionales obligatorio mesa permanentemente adentro insisten compres coincido gente recomienda,mix,riviera_maya
53511,fatal rato mesero empujaba escucha mesero demas personas pagamos mesa entrada vale 80 dolares mereciamos tratados dignidad,mix,riviera_maya
53527,show pista pagas 100usd entrada seguridad empujan empieza show hagas lugar realmente merece trato pagas entrada pedirte permiso decirte consciente jamas volveria lugar,mix,riviera_maya
53562,ricardo excelente tour guia parque padre fauna agua fria regresario nuevamente duda,mix,riviera_maya
53570,tour trati cordial nuy divertido costo accesible,mix,riviera_maya
53594,lugar increible disfrutar sumergirte aguas dulces,mix,riviera_maya
53616,lugar hermoso barato excelente servicio,mix,riviera_maya
53619,padre lugar cenote agua fria excelente guia,mix,riviera_maya
53640,excelente lugar fascinante isaac guia turistico 100 recomendado,mix,riviera_maya
53641,lugar fascinante unico,mix,riviera_maya
53644,guia muchisimas gracias yessi ayudo muchisimo tomar fotos,mix,riviera_maya
53645,visite museo prima experiencia increible yesi amable hicimos dinamicas super padrisimas,mix,riviera_maya
53655,encanto muchisimo yesi ayudo fotos cordial ralegro gracias,mix,riviera_maya
53694,atendio yesi fotos atencion super recomendable,mix,riviera_maya
53698,yesi amable ayudo sacar fotos guapissimas persona agradable professional,mix,riviera_maya
53719,museo aburrido 15 minutos adentro calor publicidad decia aire acondicionado entrada cara,mix,riviera_maya
53734,tel ves bonito 1400 personas demaciado 1 hora,mix,riviera_maya
53735,vale pena pagar entrada costo seiscientos pesos tomarse fotografias chistosas duda costo entrada excesivo,mix,riviera_maya
53740,museo 3d recorrido 20 min vale pena,mix,riviera_maya
53741,costo usd30 x persona carisimo,mix,riviera_maya
53749,ideal relajarse beber disfrutar vistas mar alberca hamaca mejorado buffet instalaciones,mix,riviera_maya
53796,comida buffet rica bebidas recomiendo ampliamente nachos pinas coladas ame actividades vi mascotas personal amable,mix,riviera_maya
53846,parqueuy divertido pueblo ilusion optica maree revolvio estomago tomen pastilla mareo listo vuelo pajaro momento magico,mix,riviera_maya
53864,encanto parese lugar magia bonito recomiendo economico vale pena,mix,riviera_maya
53899,excelente parque q dejan boca abierta tiempo espera espera reserva recomendada,mix,riviera_maya
53921,excelente programarte cosas rapido limite 2 pm,mix,riviera_maya
53922,diverti muchisimo pase genial recomendable,mix,riviera_maya
53924,parque xcaret recomiendo vas pareja inmediato xensatorium probar agua limon sale arboles,mix,riviera_maya
53975,tematica totalmente cancun estilo grupo xcaret visito semana tiempo espera 1 h reserva recomendada,mix,riviera_maya
53997,padrisima experiencia q ganas disfrutar divertirse excelente anfitrion juan carlos sr q llevaba trajinera tony animador salimos happys alegres excelente servicio,mix,riviera_maya
54039,bonito lugar colorido falla mariachis deberian ponerse traje tipico azul comida recorrido rica compadres mu dinamicos siento falta divertido regresaria,mix,riviera_maya
54104,lindo parque unico malo pagar entrada adentro seguir pagando actividades seguir pagando obtener fotos negocio lados,mix,riviera_maya
54136,amo parque experiencia sorprendente convives naturaleza cultura disfrutas minuto trato maravilloso comida servicio 10 volveria dudarlo,mix,riviera_maya
54151,lugar hermoso agua fria divertiras entrar cenote clavado responsabilidad respetando naturaleza seguridad utilizar chaleco,mix,riviera_maya
54168,llegue cortesia taberna skol desayuno delicioso alberca comoda cenote increible duda volvere,mix,riviera_maya
54177,excelente lugar magico increible clamato tome facil 3 mejores vida volvere duda oportunidad,mix,riviera_maya
54183,increible pasar cenote hermoso comida deliciosa recomiendo lomito valladolid cenote frio alberca,mix,riviera_maya
54184,hermoso lugar comida sabrosa encanto compramos tour incluia entrada bufete sabrosos cenote hermoso,mix,riviera_maya
54185,bonito tour 45 min llegan gente bonito,mix,riviera_maya
54198,cenote favorito cuidado comida buffet deliciosa,mix,riviera_maya
54202,bonito amplio lugar super organizado recomendado googgles,mix,riviera_maya
54204,pude disfrutar ek cenote tantos turistas soga tirar agua fria pileta hamacas opcion buffet,mix,riviera_maya
54213,genial lugar increible vale pena hospedarse,mix,riviera_maya
54219,excelente hermoso cenote hermosa hacienda colonial tranquilidad lugar magnifica recomendada,mix,riviera_maya
54277,simplemente impresionante cambio euro super alto comida 100 pedimos ceviche atun rojo barato increible sitio snorkel precioso gente maja,mix,riviera_maya
54324,bello lugar snorkelear bello paisaje jardines estatuas lindas realmente lugar debes dejar visitar akumal,mix,riviera_maya
54342,fantastico practicamente alexis aseguro visita perfecta quads cenotes snorkel oceano santuario realmente increible,mix,riviera_maya
54346,fantastico visita guiada magnifica informacion interesante presentada forma amena repetiria dudarlo,mix,riviera_maya
54347,excelente personal preocupa animales,mix,riviera_maya
54356,pasamos maravilla miguel divertido sabia muchisimo animales vayan haga calor,mix,riviera_maya
54375,excelente guia rodo explicado marcos,mix,riviera_maya
54378,recorrido informativo marcos guia maravilloso vale pena visitarlo,mix,riviera_maya
54394,excelente lugar cuidan parque animales habitan,mix,riviera_maya
54398,tocar guia apasionado disfrutes experiencia,mix,riviera_maya
54402,contentos haberlo,mix,riviera_maya
54408,tour encanto guia excelente brindo informacion divertido excelente guia marcos,mix,riviera_maya
54414,proposito personal atento experiencia divertida,mix,riviera_maya
54415,interactuar monos imprescindible recorrido horas divertido informativo guia excelente gracias,mix,riviera_maya
54423,marcos guia informativo manuel biologo caricia penelope boa,mix,riviera_maya
54431,marcos increible tour fantastico sabia muchisimo santuario,mix,riviera_maya
54435,guia turistico marcus 10 00 visita inolvidable,mix,riviera_maya
54436,divertido encanto guia turistico marcos divertido recorrido emocionante,mix,riviera_maya
54437,recomiendo tour guia turistico marcos informado divertido,mix,riviera_maya
54438,marcos excelente guia turistico humor viaje divertido,mix,riviera_maya
54444,privada publica sirve estancia pura roca,mix,riviera_maya
54454,accesos gratuitos monopolizado sargazo turistas,mix,riviera_maya
54460,ocupado sobreexplotado,mix,riviera_maya
54476,multitud distribuida disfrute playa realmente hermosa snorkeling playa guia rayas tortugas marinas peces,mix,riviera_maya
54488,playa interesante algas sargazo agua turbia trampa turistas,mix,riviera_maya
54489,naturaleza maxima expresion,mix,riviera_maya
54493,solia gratis venden tours tortugas personas salgan area permitida tortugas,mix,riviera_maya
54508,caro vale pena 140 entrada 640 snorkel,mix,riviera_maya
54529,agua turquesa arena suave excelente lugar nadar,mix,riviera_maya
54536,excelente experiencia nadando tortugas,mix,riviera_maya
54542,cenote super chido increible,mix,riviera_maya
54547,excursion bicicleta montana agradable cueva facil acceso magnifica,mix,riviera_maya
54552,experiencia magica imprescindible,mix,riviera_maya
54562,bonito genial agua calentita cristalina encanto,mix,riviera_maya
54571,precioso tour explicaron grupos privados visito semana,mix,riviera_maya
54578,hermoso lugar selva atractivo divertido economico vale pena,mix,riviera_maya
54585,lindo lugar privado,mix,riviera_maya
54589,increible cristalina agua lugar sencillo natural,mix,riviera_maya
54597,cenote obra maestra madre naturaleza cenote paradita tacos pedimos irlo comer selva moscas taco momento ralle echando vista taco comido dieses,mix,riviera_maya
54600,impresionante fotos filtro belleza pura mexico,mix,riviera_maya
54602,cenote super recomendable personal atento simpatico cenote condiciones agua cristalina zona salto hamacas detalles concurrido gusto gracias,mix,riviera_maya
54603,lugar bonito virgen atencion magica,mix,riviera_maya
54611,absolutamente hermoso agua fria,mix,riviera_maya
54616,magico lugar asisti boda escenario perfecto,mix,riviera_maya
54626,absolutamente increible puedes perder,mix,riviera_maya
54631,hermoso tranquilo cenote ideal tomar fotos 200 pesos persona,mix,riviera_maya
54638,experiencia increible imprescindible,mix,riviera_maya
54643,vi tortugas raya,mix,riviera_maya
54654,febrero 24 nadamos 200 300 metros instructores pudimos tamanos tortugas hermosas,mix,riviera_maya
54663,viaje bonito vimos muchisimas tortugas recomendable,mix,riviera_maya
54665,organizado respeto vida tortugas pudimos nadar verlas habitat natural molestarlas,mix,riviera_maya
54672,interesado deberia favor expectativas altas,mix,riviera_maya
54676,nadar tortugas tulum experiencia,mix,riviera_maya
54681,playa zargazo,mix,riviera_maya
54690,increible experiencia guia majo increible,mix,riviera_maya
54691,demasiada gente agua turbia dificil tortugas agua profunda organizacion grupo seguir guia pesima corrian unica tortuga,mix,riviera_maya
54693,mejores experiencias volveria momento genial vimos 8 tortugas excelente servicio guian tortugas,mix,riviera_maya
54698,preferi agua cristalina arena blanca tulum demasiados turistas vimos tortugas,mix,riviera_maya
54708,experiencia nadar tortugas imperdible pudimos nadar 7 tortugas tour privado 30 minutos unico gusto guia ofrecio fotos,mix,riviera_maya
54721,aventura puramente comercial vimos tortugas raya ningun pez extranar dada multitud grita guiada tarifa perderas,mix,riviera_maya
54725,cynthia increible divertida hermosa,mix,riviera_maya
54727,idea snorkel tortuga disfrutar hermosa playa,mix,riviera_maya
54731,verguenza destrozado ecosistema turista,mix,riviera_maya
